recording_a,recording_b,split_a,split_b,cross_split,class_id_a,class_id_b,config_a,config_b,feature_distance,selection_reason,a_segment_start,a_segment_end_exclusive,b_segment_start,b_segment_end_exclusive,common_lag_samples,common_lag_seconds,abs_common_lag_samples,lag_score,matched_samples,corr_X,corr_Y,corr_Z,mean_channel_corr,min_channel_corr,max_channel_corr,channel_corr_spread,joint_standardized_rmse,joint_standardized_mae,std_ratio_X_b_over_a,std_ratio_Y_b_over_a,std_ratio_Z_b_over_a,verification_status,automatic_decision,review_rank
trimMA342_1200rpm_A__DW_11,trimMA342_1200rpm_A__DW_15,train,validation,True,2,2,A__DW,A__DW,0.9934729869928272,TOP5_FOR_RECORD,127193,157193,127193,157193,299,0.09966666666666667,299,0.9348539441045309,29701,0.9258832913612485,0.9274923447621967,0.9803352685738722,0.9445703015657725,0.9258832913612485,0.9803352685738722,0.05445197721262374,0.33295554788658277,0.254680691125109,1.022583644297507,1.0261898307159487,1.0155198012413607,MEASURED_PENDING_REVIEW,NONE,1
trimMA342_1200rpm_A__Dvv_06,trimMA342_1200rpm_Avv__Dvv_05,validation,train,True,4,5,A__Dvv,Avv__Dvv,1.032495383305383,TOP5_FOR_RECORD,127193,157193,127194,157194,412,0.13733333333333334,412,0.9290831819898374,29588,0.9309005810286483,0.9278948876170889,0.9675872836257141,0.9421275840904837,0.9278948876170889,0.9675872836257141,0.039692396008625175,0.34021292129934166,0.26488544147162135,1.0145583335235602,1.0136757150284843,1.0217320566832007,MEASURED_PENDING_REVIEW,NONE,2
trimMA342_1200rpm_A__Dvv_09,trimMA342_1200rpm_A__Dvv_15,train,train,False,4,4,A__Dvv,A__Dvv,0.9370020611912314,TOP5_FOR_RECORD,127193,157193,127193,157193,-111,-0.037,111,0.936321198866413,29889,0.9117531410536991,0.9315681073002708,0.9762756246873976,0.9398656243471225,0.9117531410536991,0.9762756246873976,0.0645224836336985,0.3467978536637094,0.26785343097778735,0.9943791822535311,0.9834572361238977,0.9892801770950767,MEASURED_PENDING_REVIEW,NONE,3
trimMA342_1200rpm_Avv__Dvv_02,trimMA342_1200rpm_Avv__Dvv_03,train,train,False,5,5,Avv__Dvv,Avv__Dvv,0.9581206620159624,TOP5_FOR_RECORD,127193,157193,127193,157193,415,0.13833333333333334,415,0.9268093364188809,29585,0.9149202481143106,0.9358305867435907,0.9675552711467572,0.9394353686682194,0.9149202481143106,0.9675552711467572,0.052635023032446604,0.3480362950376884,0.27083250694775,1.010978937470131,1.0202360421456091,1.0065422449982515,MEASURED_PENDING_REVIEW,NONE,4
trimMA342_1200rpm_Avv__D_13,trimMA342_1200rpm_Avv__Dvv_08,test,validation,True,3,5,Avv__D,Avv__Dvv,1.0488081537561993,TOP5_FOR_RECORD,127194,157194,127193,157193,48,0.016,48,0.9376829575938573,29952,0.9192137371745268,0.9359098521070698,0.961860660527329,0.9389947499363086,0.9192137371745268,0.961860660527329,0.04264692335280218,0.3493000144966821,0.2737718441472121,1.0227549011892436,1.0029830648673295,1.0396452451247877,MEASURED_PENDING_REVIEW,NONE,5
trimMA342_1200rpm_Avv__Dvv_00,trimMA342_1200rpm_AW__D_06,test,test,False,5,1,Avv__Dvv,AW__D,0.9621099337444078,TOP5_FOR_RECORD,127193,157193,127193,157193,260,0.08666666666666667,260,0.930610536959961,29740,0.9233793753038414,0.9196214752028601,0.9734566412122589,0.9388191639063201,0.9196214752028601,0.9734566412122589,0.05383516600939886,0.3498023330216081,0.269092087838043,1.0063975166901786,1.0022123639075826,0.9932616454750834,MEASURED_PENDING_REVIEW,NONE,6
trimMA342_1200rpm_AW__D_01,trimMA342_1200rpm_AW__D_02,validation,train,True,1,1,AW__D,AW__D,0.8829574684095135,TOP5_FOR_RECORD;TOP_CROSS_SPLIT;TOP_GLOBAL,127193,157193,127193,157193,397,0.13233333333333333,397,0.9269188620431471,29603,0.9222610566693116,0.9141229642836617,0.9788633280475674,0.9384157830001802,0.9141229642836617,0.9788633280475674,0.06474036376390568,0.3509536066200756,0.2686306221249337,1.0013906691532568,1.0030678741778456,1.0136499954496676,MEASURED_PENDING_REVIEW,NONE,7
trimMA342_1200rpm_Avv__Dvv_11,trimMA342_1200rpm_Avv__Dvv_14,validation,test,True,5,5,Avv__Dvv,Avv__Dvv,1.0284592442929292,TOP5_FOR_RECORD,127193,157193,127193,157193,581,0.19366666666666665,581,0.9202554525843807,29419,0.9308689138270824,0.9217911461720102,0.9621405971713918,0.9382668857234947,0.9217911461720102,0.9621405971713918,0.040349450999381586,0.3513776153271735,0.27629770720652364,1.0011387077422695,0.990322998318465,0.9903113774009701,MEASURED_PENDING_REVIEW,NONE,8
trimMA342_1200rpm_A__DW_04,trimMA342_1200rpm_A__DW_05,validation,train,True,2,2,A__DW,A__DW,0.9750782296294102,TOP5_FOR_RECORD;TOP_CROSS_SPLIT,127193,157193,127193,157193,57,0.019,57,0.9359413900433117,29943,0.9243826778482693,0.9102388004309175,0.9789470223264973,0.9378561668685613,0.9102388004309175,0.9789470223264973,0.06870822189557979,0.35254455925865213,0.2685157542151283,0.9986312260785909,0.9865058014072897,0.9938642302499774,MEASURED_PENDING_REVIEW,NONE,9
trimMA342_1200rpm_A__Dvv_09,trimMA342_1200rpm_Avv__Dvv_01,train,train,False,4,5,A__Dvv,Avv__Dvv,1.2160607562075396,TOP5_FOR_RECORD,127193,157193,127193,157193,401,0.13366666666666666,401,0.9244574103448411,29599,0.9141464998350367,0.9244761542775838,0.9722927100076716,0.9369717880400974,0.9141464998350367,0.9722927100076716,0.05814621017263488,0.3550442562833611,0.275491403018895,1.0245021604008444,1.0020754277636976,1.015301577875708,MEASURED_PENDING_REVIEW,NONE,10
trimMA342_1200rpm_A__DW_10,trimMA342_1200rpm_A__DW_15,test,validation,True,2,2,A__DW,A__DW,0.9322798797528884,TOP5_FOR_RECORD;TOP_CROSS_SPLIT,127193,157193,127193,157193,438,0.146,438,0.9231961557010996,29562,0.929690084636596,0.9023380523586202,0.9787334958303753,0.9369205442751971,0.9023380523586202,0.9787334958303753,0.07639544347175509,0.3551885575994903,0.26932349808842926,1.0078215626503249,1.0106735129712152,0.9832022064171589,MEASURED_PENDING_REVIEW,NONE,11
trimMA342_1200rpm_AW__D_08,trimMA342_1200rpm_AW__D_14,train,train,False,1,1,AW__D,AW__D,1.0112445516035011,TOP5_FOR_RECORD,127193,157193,127193,157193,465,0.155,465,0.9219677806410829,29535,0.928569409939385,0.908053109848469,0.9728185231947323,0.936480347660862,0.908053109848469,0.9728185231947323,0.06476541334626329,0.3564257351514839,0.2739606994486159,0.9750182577690192,0.9971152465587173,0.9906556589816917,MEASURED_PENDING_REVIEW,NONE,12
trimMA342_1200rpm_A__Dvv_06,trimMA342_1200rpm_A__Dvv_10,validation,test,True,4,4,A__Dvv,A__Dvv,1.0370640989281663,TOP5_FOR_RECORD,127193,157193,127193,157193,142,0.04733333333333333,142,0.9314803236212317,29858,0.9186212875853718,0.9155541084097315,0.9737730777322603,0.9359828245757879,0.9155541084097315,0.9737730777322603,0.05821896932252879,0.3578188799496514,0.2753759595192469,1.0164943801575914,0.9998113276834906,1.0015514777120977,MEASURED_PENDING_REVIEW,NONE,13
trimMA342_1200rpm_Avv__D_02,trimMA342_1200rpm_Avv__Dvv_02,train,train,False,3,5,Avv__D,Avv__Dvv,0.9757504118040248,TOP5_FOR_RECORD,127193,157193,127193,157193,244,0.08133333333333333,244,0.9278781053473427,29756,0.9191413404936593,0.9137533239002378,0.9724065419188107,0.935100402104236,0.9137533239002378,0.9724065419188107,0.05865321801857293,0.36027655459595,0.2771806482092898,1.0294245231222985,1.010372313559576,1.0629357306464957,MEASURED_PENDING_REVIEW,NONE,14
trimMA342_1200rpm_Avv__D_09,trimMA342_1200rpm_Avv__Dvv_14,validation,test,True,3,5,Avv__D,Avv__Dvv,1.0330076723004498,TOP5_FOR_RECORD,127193,157193,127193,157193,-134,-0.04466666666666667,134,0.9306170571595418,29866,0.9247985638420703,0.9072925216192174,0.9714125608541804,0.9345012154384893,0.9072925216192174,0.9714125608541804,0.06412003923496301,0.36193586327279137,0.27690776163469405,1.0162608239428752,1.003481662699431,1.0256697008454352,MEASURED_PENDING_REVIEW,NONE,15
trimMA342_1200rpm_AW__D_01,trimMA342_1200rpm_AW__D_08,validation,train,True,1,1,AW__D,AW__D,0.9782133557361048,TOP5_FOR_RECORD;TOP_CROSS_SPLIT,127193,157193,127193,157193,-25,-0.008333333333333333,25,0.9328163638330786,29975,0.9052163274588557,0.9209000059244161,0.9753456483603132,0.9338206605811951,0.9052163274588557,0.9753456483603132,0.07012932090145751,0.3638113231300115,0.2794962703603111,1.0022261269640538,1.021430312113518,0.9903580004810578,MEASURED_PENDING_REVIEW,NONE,16
trimMA342_1200rpm_AW__D_03,trimMA342_1200rpm_AW__D_14,train,train,False,1,1,AW__D,AW__D,0.954890231616015,TOP5_FOR_RECORD,127193,157193,127193,157193,149,0.049666666666666665,149,0.9293153029850867,29851,0.912800263287496,0.9166191883443346,0.9716190756912153,0.9336795091076819,0.912800263287496,0.9716190756912153,0.058818812403719334,0.36419909635340436,0.2827259623068005,0.9827124582803219,1.0254725706017582,0.9826510197177457,MEASURED_PENDING_REVIEW,NONE,17
trimMA342_1200rpm_A__DW_06,trimMA342_1200rpm_A__DW_07,validation,test,True,2,2,A__DW,A__DW,1.0264094798218293,TOP5_FOR_RECORD,127193,157193,127193,157193,-662,-0.22066666666666668,662,0.9120722878379853,29338,0.9066211229201201,0.914213584388887,0.9800311617614785,0.9336219563568285,0.9066211229201201,0.9800311617614785,0.07341003884135844,0.3643570876027288,0.2758828630771966,1.0039470881400538,1.0044343656741124,1.0200525660787023,MEASURED_PENDING_REVIEW,NONE,18
trimMA342_1200rpm_A__Dvv_03,trimMA342_1200rpm_A__Dvv_06,validation,validation,False,4,4,A__Dvv,A__Dvv,0.8966795041862097,TOP5_FOR_RECORD;TOP_GLOBAL,127194,157194,127193,157193,-427,-0.14233333333333334,427,0.9198305681988326,29573,0.9028215913393908,0.9220210411435711,0.9755950963462869,0.933479242943083,0.9028215913393908,0.9755950963462869,0.07277350500689617,0.36474856286739993,0.2794983495834235,0.9758341436439412,0.989744802182289,0.9700320937436154,MEASURED_PENDING_REVIEW,NONE,19
trimMA342_1200rpm_Avv__D_09,trimMA342_1200rpm_Avv__Dvv_13,validation,train,True,3,5,Avv__D,Avv__Dvv,1.144281649327891,TOP5_FOR_RECORD,127193,157193,127193,157193,-64,-0.021333333333333333,64,0.9300837978917812,29936,0.9053519044814375,0.9254188061704829,0.9650064595000839,0.9319257233840014,0.9053519044814375,0.9650064595000839,0.05965455501864636,0.3689831340752546,0.28712168767531,1.028401219509236,1.0107903111346879,1.0161306051780024,MEASURED_PENDING_REVIEW,NONE,20
trimMA342_1200rpm_A__Dvv_13,trimMA342_1200rpm_Avv__D_01,train,validation,True,4,3,A__Dvv,Avv__D,1.0606910845309772,TOP5_FOR_RECORD,127195,157195,127193,157193,-613,-0.20433333333333334,613,0.912896915778657,29387,0.9041921006987526,0.920686302631548,0.9706223735866236,0.9318335923056414,0.9041921006987526,0.9706223735866236,0.06643027288787107,0.3692327387823527,0.2846003285192473,0.9630152521931541,0.9936032235442211,0.9659471424239002,MEASURED_PENDING_REVIEW,NONE,21
trimMA342_1200rpm_AW__D_03,trimMA342_1200rpm_AW__D_08,train,train,False,1,1,AW__D,AW__D,0.9903668737395382,TOP5_FOR_RECORD,127193,157193,127193,157193,-316,-0.10533333333333333,316,0.921448494595713,29684,0.9083003505849621,0.9124670121088837,0.972786006496459,0.9311844563967683,0.9083003505849621,0.972786006496459,0.06448565591149691,0.3709866401994342,0.286986750653228,1.0080648334037425,1.0282282558396985,0.9918764586882359,MEASURED_PENDING_REVIEW,NONE,22
trimMA342_1200rpm_Avv__D_09,trimMA342_1200rpm_Avv__Dvv_00,validation,test,True,3,5,Avv__D,Avv__Dvv,1.0175776916218495,TOP5_FOR_RECORD,127193,157193,127193,157193,259,0.08633333333333333,259,0.9231025860061393,29741,0.9040127741324829,0.921973093294441,0.9673692048983595,0.9311183574417612,0.9040127741324829,0.9673692048983595,0.0633564307658766,0.3711647681508549,0.2879347094565913,1.0287450165143888,1.0008713710926425,1.0565997532276759,MEASURED_PENDING_REVIEW,NONE,23
trimMA342_1200rpm_AW__D_06,trimMA342_1200rpm_AW__D_13,test,test,False,1,1,AW__D,AW__D,1.0384457228649036,TOP5_FOR_RECORD,127193,157193,127193,157193,134,0.04466666666666667,134,0.926391471014,29866,0.909213680924231,0.9179432441825148,0.9655032098038454,0.9308867116368638,0.909213680924231,0.9655032098038454,0.05628952887961436,0.3717883493686588,0.29073165334080003,0.9890754778643875,1.002046200381079,0.9909077891070932,MEASURED_PENDING_REVIEW,NONE,24
trimMA342_1200rpm_A__Dvv_13,trimMA342_1200rpm_Avv__Dvv_03,train,train,False,4,5,A__Dvv,Avv__Dvv,0.8849881949829769,TOP5_FOR_RECORD;TOP_GLOBAL,127195,157195,127193,157193,-36,-0.012,36,0.9292559626141043,29964,0.8998665886711105,0.9191765740392837,0.9716037538019741,0.9302156388374562,0.8998665886711105,0.9716037538019741,0.07173716513086359,0.37358897511180383,0.28707456107116835,1.0199629690552736,1.0143313985447056,1.0320918131076013,MEASURED_PENDING_REVIEW,NONE,25
trimMA342_1200rpm_Avv__Dvv_03,trimMA342_1200rpm_Avv__Dvv_10,train,test,True,5,5,Avv__Dvv,Avv__Dvv,0.970359578060539,TOP5_FOR_RECORD;TOP_CROSS_SPLIT,127193,157193,127193,157193,-177,-0.059,177,0.9250746265012931,29823,0.9153104820582573,0.9179251800603859,0.9568420278456424,0.930025896654762,0.9153104820582573,0.9568420278456424,0.04153154578738516,0.37409652055382064,0.29145599150337903,1.002565642524166,0.9699520131111323,0.9875159492941055,MEASURED_PENDING_REVIEW,NONE,26
trimMA342_1200rpm_AW__D_08,trimMA342_1200rpm_AW__D_09,train,validation,True,1,1,AW__D,AW__D,0.9806653230231672,TOP5_FOR_RECORD;TOP_CROSS_SPLIT,127193,157193,127193,157193,-474,-0.158,474,0.9150682261615274,29526,0.9176989038503036,0.8938216225181354,0.9782878799871697,0.9299361354518695,0.8938216225181354,0.9782878799871697,0.08446625746903436,0.37433638494843274,0.2822086337481056,0.9860758344306629,0.9949249299381278,1.0170389346317061,MEASURED_PENDING_REVIEW,NONE,27
trimMA342_1200rpm_A__DW_10,trimMA342_1200rpm_A__DW_11,test,train,True,2,2,A__DW,A__DW,1.120334542452836,TOP5_FOR_RECORD,127193,157193,127193,157193,140,0.04666666666666667,140,0.9255967719571577,29860,0.9064613770677309,0.9097550218398922,0.973503974086146,0.9299067909979231,0.9064613770677309,0.973503974086146,0.06704259701841508,0.3744147673425215,0.2875742239476793,0.9855343596852668,0.9855908766966245,0.9680397701897818,MEASURED_PENDING_REVIEW,NONE,28
trimMA342_1200rpm_A__DW_09,trimMA342_1200rpm_A__DW_15,train,validation,True,2,2,A__DW,A__DW,1.036419254173585,TOP5_FOR_RECORD,127193,157193,127193,157193,233,0.07766666666666666,233,0.9223123217077255,29767,0.9196871713657253,0.8942219184966093,0.9748718511848647,0.9295936470157331,0.8942219184966093,0.9748718511848647,0.08064993268825549,0.375250191163887,0.2852701628292508,0.9970821286616939,1.0050172563106328,0.9904092312653485,MEASURED_PENDING_REVIEW,NONE,29
trimMA342_1200rpm_Avv__Dvv_12,trimMA342_1200rpm_AW__D_07,train,train,False,5,1,Avv__Dvv,AW__D,1.021214722918968,TOP5_FOR_RECORD,127193,157193,127193,157193,-299,-0.09966666666666667,299,0.9201016693359763,29701,0.908750415289255,0.9099960376486596,0.9693935046725237,0.929379985870146,0.908750415289255,0.9693935046725237,0.06064308938326868,0.3758191430192293,0.28995091867886585,1.0243194694530005,1.0009897011310365,1.007958689874575,MEASURED_PENDING_REVIEW,NONE,30
trimMA342_1200rpm_A__Dvv_06,trimMA342_1200rpm_A__Dvv_07,validation,train,True,4,4,A__Dvv,A__Dvv,0.93727505010763,TOP5_FOR_RECORD;TOP_CROSS_SPLIT,127193,157193,127193,157193,282,0.094,282,0.9204517392495517,29718,0.9126249272276324,0.8990767001884011,0.9764183249749077,0.929373317463647,0.8990767001884011,0.9764183249749077,0.07734162478650652,0.3758368862587935,0.284617226729012,1.0109777268914837,0.9968498167569602,0.9971663112428663,MEASURED_PENDING_REVIEW,NONE,31
trimMA342_1200rpm_A__DW_06,trimMA342_1200rpm_A__DW_12,validation,train,True,2,2,A__DW,A__DW,1.1137478944606252,TOP5_FOR_RECORD,127193,157193,127193,157193,-125,-0.041666666666666664,125,0.9251156575929164,29875,0.8999090597310622,0.9140474431869628,0.9737258450747338,0.9292274493309196,0.8999090597310622,0.9737258450747338,0.07381678534367164,0.37622480159893873,0.29024781755799206,1.0042230190560102,1.0187199587564844,1.002750554020418,MEASURED_PENDING_REVIEW,NONE,32
trimMA342_1200rpm_A__DW_10,trimMA342_1200rpm_A__DW_12,test,train,True,2,2,A__DW,A__DW,0.9659908947869812,TOP5_FOR_RECORD;TOP_CROSS_SPLIT,127193,157193,127193,157193,83,0.027666666666666666,83,0.9264360742156729,29917,0.9052850457327888,0.9078085598444228,0.9732302302712241,0.9287746119494785,0.9052850457327888,0.9732302302712241,0.06794518453843534,0.37742651748524997,0.2898461071848579,0.9949061664695984,1.0103714561340449,0.9775856568573493,MEASURED_PENDING_REVIEW,NONE,33
trimMA342_1200rpm_Avv__Dvv_13,trimMA342_1200rpm_Avv__Dvv_14,train,test,True,5,5,Avv__Dvv,Avv__Dvv,1.0206838015145885,TOP5_FOR_RECORD,127193,157193,127193,157193,-70,-0.023333333333333334,70,0.9262792497146718,29930,0.9112685099390597,0.9087378416324203,0.9651632356028873,0.9283898623914558,0.9087378416324203,0.9651632356028873,0.056425393970466975,0.37844454708330644,0.29505536828142015,0.9882288314614023,0.992767672895551,1.0092762412595904,MEASURED_PENDING_REVIEW,NONE,34
trimMA342_1200rpm_Avv__Dvv_03,trimMA342_1200rpm_Avv__Dvv_15,train,train,False,5,5,Avv__Dvv,Avv__Dvv,1.0876138879443489,TOP5_FOR_RECORD,127193,157193,127193,157193,348,0.116,348,0.9173593809192035,29652,0.9236399163152806,0.9083063751112038,0.9528102222488161,0.9282521712251003,0.9083063751112038,0.9528102222488161,0.04450384713761224,0.37880820681421196,0.29527884813280575,0.9836299634087704,0.9817495334196578,0.9787376242194716,MEASURED_PENDING_REVIEW,NONE,35
trimMA342_1200rpm_AW__D_10,trimMA342_1200rpm_AW__D_13,validation,test,True,1,1,AW__D,AW__D,0.977450022239118,TOP5_FOR_RECORD;TOP_CROSS_SPLIT,127193,157193,127193,157193,425,0.14166666666666666,425,0.9145993664556443,29575,0.9132432308054562,0.8992402817182491,0.9712743301639833,0.9279192808958961,0.8992402817182491,0.9712743301639833,0.07203404844573424,0.3796859731517706,0.29141359641444886,1.0108463238556205,0.9901564824913003,1.0048516186365306,MEASURED_PENDING_REVIEW,NONE,36
trimMA342_1200rpm_A__DW_05,trimMA342_1200rpm_A__DW_06,train,validation,True,2,2,A__DW,A__DW,0.9460914494744698,TOP5_FOR_RECORD;TOP_CROSS_SPLIT,127193,157193,127193,157193,-155,-0.051666666666666666,155,0.922756811154065,29845,0.9103815522103716,0.8973190142184458,0.9746005601704504,0.9274337088664226,0.8973190142184458,0.9746005601704504,0.07728154595200454,0.3809627045619488,0.2883888912905848,1.0014983540731974,1.0195673480086849,0.9858279549468042,MEASURED_PENDING_REVIEW,NONE,37
trimMA342_1200rpm_A__D_01,trimMA342_1200rpm_A__D_06,test,train,True,0,0,A__D,A__D,1.4013446189211456,TOP5_FOR_RECORD,127193,157193,127193,157193,383,0.12766666666666668,383,0.9150767278170843,29617,0.8975234856641416,0.9169344054071369,0.9665887164258752,0.9270155358323846,0.8975234856641416,0.9665887164258752,0.06906523076173354,0.38205880219572225,0.2980892702940612,0.9885934624515833,0.9707775260379355,0.9506869234179015,MEASURED_PENDING_REVIEW,NONE,38
trimMA342_1200rpm_A__DW_03,trimMA342_1200rpm_A__DW_06,test,validation,True,2,2,A__DW,A__DW,1.0359740796021255,TOP5_FOR_RECORD,127193,157193,127193,157193,52,0.017333333333333333,52,0.924285927068177,29948,0.9055804402876011,0.8985598736540911,0.9739376170816063,0.926025977007766,0.8985598736540911,0.9739376170816063,0.07537774342751524,0.3846401512900943,0.295404002109453,1.0009917776169115,1.0134818083342807,1.0040286911610017,MEASURED_PENDING_REVIEW,NONE,39
trimMA342_1200rpm_A__Dvv_03,trimMA342_1200rpm_A__Dvv_09,validation,train,True,4,4,A__Dvv,A__Dvv,0.9391808088347156,TOP5_FOR_RECORD;TOP_CROSS_SPLIT,127194,157194,127193,157193,438,0.146,438,0.9121742657428672,29562,0.919176131632894,0.8898049545459303,0.9685022669249685,0.9258277843679309,0.8898049545459303,0.9685022669249685,0.07869731237903821,0.3851550743066196,0.29716851799939065,0.9957987241208202,0.9887832511194644,0.9806722089691887,MEASURED_PENDING_REVIEW,NONE,40
trimMA342_1200rpm_Avv__D_01,trimMA342_1200rpm_Avv__D_02,validation,train,True,3,3,Avv__D,Avv__D,0.9218792609708796,TOP5_FOR_RECORD;TOP_CROSS_SPLIT;TOP_GLOBAL,127193,157193,127193,157193,-82,-0.027333333333333334,82,0.9230493388761012,29918,0.8876559358715711,0.9201886642658027,0.9683969113789416,0.9254138371721051,0.8876559358715711,0.9683969113789416,0.08074097550737047,0.3862283335745709,0.297039988451447,1.016947184708205,0.9891188994854248,0.9984969133092082,MEASURED_PENDING_REVIEW,NONE,41
trimMA342_1200rpm_Avv__Dvv_05,trimMA342_1200rpm_Avv__Dvv_12,train,train,False,5,5,Avv__Dvv,Avv__Dvv,0.988268846466642,TOP5_FOR_RECORD,127194,157194,127193,157193,-1323,-0.441,1323,0.8846907164453023,28677,0.9303651106504316,0.8804954584657758,0.9651807112022768,0.9253470934394947,0.8804954584657758,0.9651807112022768,0.08468525273650096,0.38640110393347815,0.2960163680518936,1.0011560084606788,1.000528004226537,1.0076058624724122,MEASURED_PENDING_REVIEW,NONE,42
trimMA342_1200rpm_AW__D_02,trimMA342_1200rpm_AW__D_07,train,train,False,1,1,AW__D,AW__D,0.939181518522756,TOP5_FOR_RECORD,127193,157193,127193,157193,-164,-0.05466666666666667,164,0.9202644468839924,29836,0.8924723672737924,0.9112229846690209,0.9721468252799543,0.9252807257409227,0.8924723672737924,0.9721468252799543,0.07967445800616191,0.38657282433993706,0.2971044767168371,0.9735035904691256,1.0081739237169258,0.994287197338822,MEASURED_PENDING_REVIEW,NONE,43
trimMA342_1200rpm_AW__D_03,trimMA342_1200rpm_AW__D_15,train,validation,True,1,1,AW__D,AW__D,0.9849282879030224,TOP5_FOR_RECORD,127193,157193,127193,157193,18,0.006,18,0.9247245699026498,29982,0.8914893395318293,0.910219724824036,0.9736470676616952,0.9251187106725202,0.8914893395318293,0.9736470676616952,0.08215772812986588,0.3869917035996503,0.2956808187754256,0.9886325901801356,1.0119832864226477,1.0054510111675274,MEASURED_PENDING_REVIEW,NONE,44
trimMA342_1200rpm_A__DW_11,trimMA342_1200rpm_A__DW_12,train,train,False,2,2,A__DW,A__DW,1.1201935290439744,TOP5_FOR_RECORD,127193,157193,127193,157193,-56,-0.018666666666666668,56,0.9231708486643274,29944,0.9094781575500231,0.8892318278618114,0.9764870626483881,0.9250656826867409,0.8892318278618114,0.9764870626483881,0.08725523478657671,0.3871287055056998,0.29445006935866846,1.0094337470676606,1.024943034170724,1.009800372997066,MEASURED_PENDING_REVIEW,NONE,45
trimMA342_1200rpm_A__Dvv_07,trimMA342_1200rpm_A__Dvv_10,train,test,True,4,4,A__Dvv,A__Dvv,1.0448005810572485,TOP5_FOR_RECORD,127193,157193,127193,157193,-140,-0.04666666666666667,140,0.920215766067258,29860,0.8944435663524994,0.9074775370811226,0.9721515903456359,0.9246908979264193,0.8944435663524994,0.9721515903456359,0.07770802399313648,0.3880956121204689,0.2985049313840085,1.004979775833102,1.0020329000649397,1.004469143979683,MEASURED_PENDING_REVIEW,NONE,46
trimMA342_1200rpm_AW__D_05,trimMA342_1200rpm_AW__D_08,test,train,True,1,1,AW__D,AW__D,1.0097023251442736,TOP5_FOR_RECORD,127193,157193,127193,157193,30,0.01,30,0.9229787506637508,29970,0.9033875809901487,0.8939853389077506,0.9749210737707219,0.9240979978895405,0.8939853389077506,0.9749210737707219,0.08093573486297134,0.38962033342847957,0.29492366350571336,0.9892875243378709,1.030989720604558,0.9780762593288825,MEASURED_PENDING_REVIEW,NONE,47
trimMA342_1200rpm_AW__D_02,trimMA342_1200rpm_AW__D_10,train,validation,True,1,1,AW__D,AW__D,0.9568288806278784,TOP_CROSS_SPLIT,127193,157193,127193,157193,-64,-0.021333333333333333,64,0.922052969537396,29936,0.9016309251541292,0.893437917163423,0.9764549256906742,0.9238412560027421,0.893437917163423,0.9764549256906742,0.08301700852725113,0.39027873115827894,0.2957385670100137,0.9637534579279143,1.0055595065766476,0.988177474746141,MEASURED_PENDING_REVIEW,NONE,48
trimMA342_1200rpm_Avv__D_02,trimMA342_1200rpm_Avv__D_15,train,train,False,3,3,Avv__D,Avv__D,1.032647151674608,TOP5_FOR_RECORD,127193,157193,127193,157193,575,0.19166666666666668,575,0.9064185992609534,29425,0.8797779123220214,0.9220738658094713,0.9681970086846674,0.9233495956053867,0.8797779123220214,0.9681970086846674,0.088419096362646,0.39153647185061424,0.3007541120142438,1.0012938264120226,0.9833024473836455,1.0225339243238873,MEASURED_PENDING_REVIEW,NONE,49
trimMA342_1200rpm_Avv__Dvv_02,trimMA342_1200rpm_Avv__Dvv_15,train,train,False,5,5,Avv__Dvv,Avv__Dvv,1.0161810187927505,TOP5_FOR_RECORD,127193,157193,127193,157193,14,0.004666666666666667,14,0.922740018650166,29986,0.8937191977617847,0.9093037899250793,0.9669773084283504,0.9233334320384049,0.8937191977617847,0.9669773084283504,0.07325811066656573,0.3915777520789335,0.3023776001644718,0.9932819927704283,1.0019805269089903,0.985223595398715,MEASURED_PENDING_REVIEW,NONE,50
trimMA342_1200rpm_A__Dvv_02,trimMA342_1200rpm_A__Dvv_06,test,validation,True,4,4,A__Dvv,A__Dvv,1.0138490870307817,TOP5_FOR_RECORD,127193,157193,127193,157193,-422,-0.14066666666666666,422,0.9104784079015081,29578,0.9023067749823623,0.8977800010927747,0.969838177327621,0.9233083178009194,0.8977800010927747,0.969838177327621,0.07205817623484634,0.3916418828447237,0.30085925647598094,0.9715269293614054,0.9801592947607961,0.9818456020696804,MEASURED_PENDING_REVIEW,NONE,51
trimMA342_1200rpm_Avv__Dvv_02,trimMA342_1200rpm_Avv__Dvv_04,train,train,False,5,5,Avv__Dvv,Avv__Dvv,1.0697419060838416,TOP5_FOR_RECORD,127193,157193,127193,157193,227,0.07566666666666666,227,0.9158126947825281,29773,0.8780593962302333,0.9203896641221464,0.9707881741952459,0.9230790781825419,0.8780593962302333,0.9707881741952459,0.09272877796501255,0.3922267757750816,0.30093448274994034,1.0138187196497759,1.016442033287357,1.024611438925686,MEASURED_PENDING_REVIEW,NONE,52
trimMA342_1200rpm_A__DW_12,trimMA342_1200rpm_A__DW_14,train,train,False,2,2,A__DW,A__DW,0.9920299119756404,TOP5_FOR_RECORD,127193,157193,127193,157193,-338,-0.11266666666666666,338,0.912100415906564,29662,0.9168975228710082,0.8779542828377194,0.9738011654433865,0.9228843237173714,0.8779542828377194,0.9738011654433865,0.0958468826056671,0.3927229972452051,0.2973541735672372,1.0205589185883428,0.9741197567099376,1.0043846476655325,MEASURED_PENDING_REVIEW,NONE,53
trimMA342_1200rpm_Avv__D_06,trimMA342_1200rpm_Avv__D_11,test,train,True,3,3,Avv__D,Avv__D,1.0458475530014248,TOP5_FOR_RECORD,127196,157196,127193,157193,157,0.052333333333333336,157,0.917525891643347,29843,0.9161877240443845,0.8882030661488907,0.9636650639933906,0.9226852847288886,0.8882030661488907,0.9636650639933906,0.07546199784449992,0.39322948839351185,0.3050322052716636,0.9728182929895891,1.021329266690278,0.9828135456504778,MEASURED_PENDING_REVIEW,NONE,54
trimMA342_1200rpm_A__DW_03,trimMA342_1200rpm_A__DW_14,test,train,True,2,2,A__DW,A__DW,1.0553435860178055,TOP5_FOR_RECORD,127193,157193,127193,157193,-411,-0.137,411,0.9094837729732611,29589,0.9177928687811769,0.8742038838726163,0.9758719853683333,0.9226229126740422,0.8742038838726163,0.9758719853683333,0.10166810149571703,0.3933880713137044,0.29725950337379264,1.0258608988667182,1.0056610871805007,1.010956484704699,MEASURED_PENDING_REVIEW,NONE,55
trimMA342_1200rpm_A__DW_14,trimMA342_1200rpm_A__DW_15,train,validation,True,2,2,A__DW,A__DW,0.9813304703013808,TOP5_FOR_RECORD;TOP_CROSS_SPLIT,127193,157193,127193,157193,-512,-0.17066666666666666,512,0.9073453647698843,29488,0.9049656016993395,0.884173354279158,0.9787275711572838,0.9226221757119272,0.884173354279158,0.9787275711572838,0.09455421687812582,0.39338994468103256,0.29718093024375475,0.9930465361568337,1.0266909660216095,1.0011127068954664,MEASURED_PENDING_REVIEW,NONE,56
trimMA342_1200rpm_AW__D_01,trimMA342_1200rpm_AW__D_05,validation,test,True,1,1,AW__D,AW__D,0.8403597257633265,TOP5_FOR_RECORD;TOP_CROSS_SPLIT;TOP_GLOBAL,127193,157193,127193,157193,-55,-0.018333333333333333,55,0.9197860857562451,29945,0.9120530951798198,0.8858836067723087,0.9676049864741235,0.9218472294754173,0.8858836067723087,0.9676049864741235,0.08172137970181481,0.3953549557665422,0.3027277844215188,1.0130812732260277,0.9911126120671417,1.0126257786744777,MEASURED_PENDING_REVIEW,NONE,57
trimMA342_1200rpm_A__Dvv_06,trimMA342_1200rpm_AW__D_12,validation,train,True,4,1,A__Dvv,AW__D,0.981197921129128,TOP5_FOR_RECORD;TOP_CROSS_SPLIT,127193,157193,127193,157193,281,0.09366666666666666,281,0.9128554227834802,29719,0.9063500376222953,0.8910618591860671,0.9672682946466123,0.9215600638183249,0.8910618591860671,0.9672682946466123,0.07620643546054529,0.39608063871306753,0.3064942857313406,1.0375639044856229,0.9909103125253627,1.043885847474161,MEASURED_PENDING_REVIEW,NONE,58
trimMA342_1200rpm_A__Dvv_09,trimMA342_1200rpm_AW__D_12,train,train,False,4,1,A__Dvv,AW__D,0.9077686819904986,TOP5_FOR_RECORD;TOP_GLOBAL,127193,157193,127193,157193,166,0.05533333333333333,166,0.9164735528446455,29834,0.8982850378194142,0.9040750588124427,0.9621455046221741,0.9215018670846771,0.8982850378194142,0.9621455046221741,0.06386046680275992,0.39622754299852353,0.30982084274503086,1.0159721119711744,0.9907819428681671,1.031932753727639,MEASURED_PENDING_REVIEW,NONE,59
trimMA342_1200rpm_AW__D_08,trimMA342_1200rpm_AW__D_15,train,validation,True,1,1,AW__D,AW__D,0.9528275871735956,TOP5_FOR_RECORD;TOP_CROSS_SPLIT,127193,157193,127193,157193,334,0.11133333333333334,334,0.9112696232887219,29666,0.8932009015195922,0.8996914222115826,0.9715576214852097,0.9214833150721282,0.8932009015195922,0.9715576214852097,0.07835671996561755,0.3962743618451026,0.3037152886854798,0.9808278975983911,0.9837733261846184,1.0134982428575086,MEASURED_PENDING_REVIEW,NONE,60
trimMA342_1200rpm_Avv__Dvv_01,trimMA342_1200rpm_Avv__Dvv_07,train,validation,True,5,5,Avv__Dvv,Avv__Dvv,1.2400714966805522,TOP5_FOR_RECORD,127193,157193,127193,157193,-316,-0.10533333333333333,316,0.9113674269760379,29684,0.8875177115545327,0.9028557411980601,0.973894043363418,0.9214224987053369,0.8875177115545327,0.973894043363418,0.08637633180888526,0.3964278024928707,0.30459186744423045,0.9734867969707127,0.9838139009754483,0.9718704915318334,MEASURED_PENDING_REVIEW,NONE,61
trimMA342_1200rpm_A__D_03,trimMA342_1200rpm_A__D_06,train,train,False,0,0,A__D,A__D,1.167183529655858,TOP5_FOR_RECORD,127193,157193,127193,157193,-244,-0.08133333333333333,244,0.913145631219305,29756,0.8969293347121002,0.8964278129563641,0.9697019189148758,0.9210196888611134,0.8964278129563641,0.9697019189148758,0.07327410595851169,0.3974426024947158,0.3056994008132357,0.9871285922044639,0.9892297283026743,1.0039252152315874,MEASURED_PENDING_REVIEW,NONE,62
trimMA342_1200rpm_A__Dvv_07,trimMA342_1200rpm_A__Dvv_08,train,validation,True,4,4,A__Dvv,A__Dvv,0.973293426206507,TOP5_FOR_RECORD;TOP_CROSS_SPLIT,127193,157193,127193,157193,-505,-0.16833333333333333,505,0.9055623092357933,29495,0.8938433023926428,0.8994796079574311,0.9695051180566107,0.9209426761355615,0.8938433023926428,0.9695051180566107,0.0756618156639679,0.39763632596743115,0.30441720174575754,1.0018839265968997,0.9885682357814264,1.010443060888045,MEASURED_PENDING_REVIEW,NONE,63
trimMA342_1200rpm_AW__D_14,trimMA342_1200rpm_AW__D_15,train,validation,True,1,1,AW__D,AW__D,1.009108153905857,TOP5_FOR_RECORD,127193,157193,127193,157193,-131,-0.043666666666666666,131,0.9168703717698611,29869,0.8780576941043687,0.9162643986889203,0.9681722815285119,0.920831458107267,0.8780576941043687,0.9681722815285119,0.09011458742414313,0.3979159255238041,0.3071701564124633,1.0056250552022725,0.9867041965040118,1.0231858468660904,MEASURED_PENDING_REVIEW,NONE,64
trimMA342_1200rpm_Avv__Dvv_09,trimMA342_1200rpm_AW__D_15,validation,validation,False,5,1,Avv__Dvv,AW__D,1.1483078987207174,TOP5_FOR_RECORD,127193,157193,127193,157193,-225,-0.075,225,0.9137275999941599,29775,0.9063847770132144,0.893664796217231,0.962131949028547,0.9207271740863309,0.893664796217231,0.962131949028547,0.06846715281131599,0.39817791479103665,0.30749198019538804,1.0113009979564156,0.9956247805148979,0.9834192016871205,MEASURED_PENDING_REVIEW,NONE,65
trimMA342_1200rpm_A__Dvv_05,trimMA342_1200rpm_A__Dvv_11,train,validation,True,4,4,A__Dvv,A__Dvv,1.0505883473153812,TOP5_FOR_RECORD,127193,157193,127195,157195,-204,-0.068,204,0.9139674069329958,29796,0.8806882690240396,0.9059965759811098,0.9745781884331257,0.9204210111460918,0.8806882690240396,0.9745781884331257,0.09388991940908609,0.39894608371033896,0.3033995800621739,1.0073036178634587,1.0150374051185258,1.0044414009699258,MEASURED_PENDING_REVIEW,NONE,66
trimMA342_1200rpm_AW__D_02,trimMA342_1200rpm_AW__D_09,train,validation,True,1,1,AW__D,AW__D,0.933241804043266,TOP5_FOR_RECORD;TOP_CROSS_SPLIT,127193,157193,127193,157193,-147,-0.049,147,0.9155133306830762,29853,0.8811834977748563,0.9039485698515259,0.9756115137069206,0.9202478604444343,0.8811834977748563,0.9756115137069206,0.09442801593206429,0.3993798681845776,0.3036997798887844,0.9864409272541768,1.0115570720779932,0.9942229237066759,MEASURED_PENDING_REVIEW,NONE,67
trimMA342_1200rpm_A__Dvv_12,trimMA342_1200rpm_Avv__D_02,train,train,False,4,3,A__Dvv,Avv__D,0.978846120863514,TOP5_FOR_RECORD,127193,157193,127193,157193,-202,-0.06733333333333333,202,0.9140084731893675,29798,0.8918601604672883,0.8949317990338166,0.9729790118775791,0.9199236571262279,0.8918601604672883,0.9729790118775791,0.08111885141029074,0.4001908116730614,0.30527809121656074,0.9792330826473582,0.996590166877615,0.9585794630405947,MEASURED_PENDING_REVIEW,NONE,68
trimMA342_1200rpm_A__D_03,trimMA342_1200rpm_A__D_07,train,train,False,0,0,A__D,A__D,1.20244338449823,TOP5_FOR_RECORD,127193,157193,127193,157193,-21,-0.007,21,0.9187306178367143,29979,0.888377933665838,0.9074248419521378,0.9628799362537246,0.9195609039572336,0.888377933665838,0.9628799362537246,0.07450200258788664,0.40109623793490384,0.31013834523198286,0.9939110252396701,0.9968858290744221,0.9949748520147964,MEASURED_PENDING_REVIEW,NONE,69
trimMA342_1200rpm_Avv__D_02,trimMA342_1200rpm_Avv__D_07,train,train,False,3,3,Avv__D,Avv__D,1.074482889977383,TOP5_FOR_RECORD,127193,157193,127193,157193,-286,-0.09533333333333334,286,0.9097194048608314,29714,0.8845123914874391,0.9042980211545225,0.9678121130331385,0.9188741752250333,0.8845123914874391,0.9678121130331385,0.08329972154569942,0.4028047288078101,0.3102600099108169,1.0062481899403912,0.994040845883664,0.9987382967857484,MEASURED_PENDING_REVIEW,NONE,70
trimMA342_1200rpm_Avv__D_03,trimMA342_1200rpm_Avv__D_09,train,validation,True,3,3,Avv__D,Avv__D,0.9454813819687038,TOP5_FOR_RECORD;TOP_CROSS_SPLIT,127193,157193,127193,157193,235,0.07833333333333334,235,0.911993404727462,29765,0.8844016227317008,0.900234063529061,0.97166337585999,0.9187663540402505,0.8844016227317008,0.97166337585999,0.08726175312828921,0.40307231599242627,0.30914865941934366,1.0083217157247721,1.002632468308385,1.0163908062887996,MEASURED_PENDING_REVIEW,NONE,71
trimMA342_1200rpm_A__Dvv_09,trimMA342_1200rpm_Avv__D_07,train,train,False,4,3,A__Dvv,Avv__D,1.10742284967091,TOP5_FOR_RECORD,127193,157193,127193,157193,128,0.042666666666666665,128,0.914530974745056,29872,0.8796228369139009,0.9099943594682453,0.966287122159965,0.9186347728473704,0.8796228369139009,0.966287122159965,0.08666428524606418,0.40339862952823624,0.3108235967925309,0.9779923247533737,0.9983061591908948,0.9565048027589432,MEASURED_PENDING_REVIEW,NONE,72
trimMA342_1200rpm_AW__D_02,trimMA342_1200rpm_AW__D_03,train,train,False,1,1,AW__D,AW__D,0.9071914555738432,TOP5_FOR_RECORD;TOP_GLOBAL,127193,157193,127193,157193,-106,-0.035333333333333335,106,0.9156781425563545,29894,0.9025175340241077,0.8893219142992759,0.9637523227634202,0.918530590362268,0.8893219142992759,0.9637523227634202,0.07443040846414428,0.4036568087812519,0.31136207068094635,0.9935224553616688,0.9910894440799651,0.9851280173521588,MEASURED_PENDING_REVIEW,NONE,73
trimMA342_1200rpm_A__DW_06,trimMA342_1200rpm_A__DW_09,validation,train,True,2,2,A__DW,A__DW,1.0553385730317464,TOP5_FOR_RECORD,127193,157193,127193,157193,290,0.09666666666666666,290,0.9089932604514579,29710,0.8918352956261181,0.9004718818955804,0.9616507271722773,0.9179859682313252,0.8918352956261181,0.9616507271722773,0.06981543154615921,0.40500378212721444,0.3131715152108626,1.0197874726151641,1.01311850571517,1.0181789395746796,MEASURED_PENDING_REVIEW,NONE,74
trimMA342_1200rpm_A__DW_10,trimMA342_1200rpm_A__DW_13,test,train,True,2,2,A__DW,A__DW,0.9495056418943044,TOP5_FOR_RECORD;TOP_CROSS_SPLIT,127193,157193,127193,157193,-161,-0.05366666666666667,161,0.9132361886306631,29839,0.8768421777982792,0.9089309054361941,0.9681247614521211,0.9179659482288649,0.8768421777982792,0.9681247614521211,0.0912825836538419,0.40505321075418077,0.3123317901962239,1.0122767084688402,1.0046737591169228,1.0043961302670767,MEASURED_PENDING_REVIEW,NONE,75
trimMA342_1200rpm_Avv__Dvv_00,trimMA342_1200rpm_Avv__Dvv_08,test,validation,True,5,5,Avv__Dvv,Avv__Dvv,0.9377181999756252,TOP5_FOR_RECORD;TOP_CROSS_SPLIT,127193,157193,127193,157193,4,0.0013333333333333333,4,0.9176035346850453,29996,0.8937816661877548,0.9082022008131824,0.9511497626227655,0.9177112098745676,0.8937816661877548,0.9511497626227655,0.05736809643501073,0.4056816242459902,0.31786519169922217,0.9737810792237223,1.001086598127631,0.979579334225066,MEASURED_PENDING_REVIEW,NONE,76
trimMA342_1200rpm_Avv__D_03,trimMA342_1200rpm_Avv__D_05,train,train,False,3,3,Avv__D,Avv__D,0.9621876461106782,TOP5_FOR_RECORD,127193,157193,127193,157193,263,0.08766666666666667,263,0.9094702178109572,29737,0.8806041494050582,0.9114294790113595,0.9598655944949246,0.9172997409704474,0.8806041494050582,0.9598655944949246,0.07926144508986643,0.4066946250678816,0.3151256116824798,1.0018397527239367,1.0150672721826728,1.0145099766355932,MEASURED_PENDING_REVIEW,NONE,77
trimMA342_1200rpm_A__DW_09,trimMA342_1200rpm_A__DW_14,train,train,False,2,2,A__DW,A__DW,0.9394405695920418,TOP5_FOR_RECORD,127193,157193,127193,157193,-4,-0.0013333333333333333,4,0.9170807090493694,29996,0.8879229137228066,0.8953545951158407,0.9684197310748334,0.9172324133044936,0.8879229137228066,0.9684197310748334,0.08049681735202674,0.40686013984047875,0.3126622457900355,1.0044850744902536,0.9793995685682841,0.9893969178136451,MEASURED_PENDING_REVIEW,NONE,78
trimMA342_1200rpm_A__Dvv_13,trimMA342_1200rpm_Avv__D_05,train,train,False,4,3,A__Dvv,Avv__D,0.959976926746812,TOP5_FOR_RECORD,127195,157195,127193,157193,-123,-0.041,123,0.9132226247591113,29877,0.8856395446797343,0.8951749220924745,0.9698990180037903,0.916904494925333,0.8856395446797343,0.9698990180037903,0.08425947332405603,0.4076653163433626,0.31228295313008564,0.9990439535303026,0.9910254608626907,0.9896181934430449,MEASURED_PENDING_REVIEW,NONE,79
trimMA342_1200rpm_A__DW_06,trimMA342_1200rpm_A__DW_10,validation,test,True,2,2,A__DW,A__DW,0.9306234203109032,TOP5_FOR_RECORD;TOP_CROSS_SPLIT,127193,157193,127193,157193,541,0.18033333333333335,541,0.900017676204774,29459,0.896865493604547,0.8815127426589962,0.9714611741049707,0.9166131367895046,0.8815127426589962,0.9714611741049707,0.08994843144597453,0.4083793902990083,0.31297773022218356,1.0083176289499967,1.0077668497808554,1.025873539191106,MEASURED_PENDING_REVIEW,NONE,80
trimMA342_1200rpm_A__Dvv_06,trimMA342_1200rpm_Avv__Dvv_10,validation,test,True,4,5,A__Dvv,Avv__Dvv,0.9553222044221226,TOP5_FOR_RECORD;TOP_CROSS_SPLIT,127193,157193,127193,157193,-194,-0.06466666666666666,194,0.9109238879575886,29806,0.8904935263194248,0.8994259061325982,0.9593255565109304,0.9164149963209844,0.8904935263194248,0.9593255565109304,0.06883203019150563,0.4088642896585981,0.31661928823414076,1.0353407225681834,1.004846045075647,1.0231961048515155,MEASURED_PENDING_REVIEW,NONE,81
trimMA342_1200rpm_Avv__D_04,trimMA342_1200rpm_Avv__D_15,validation,train,True,3,3,Avv__D,Avv__D,1.072870754521807,TOP5_FOR_RECORD,127193,157193,127193,157193,-200,-0.06666666666666667,200,0.9101134212386758,29800,0.8959055332186664,0.8863738532005857,0.966332863264274,0.916204083227842,0.8863738532005857,0.966332863264274,0.07995901006368833,0.4093798157509905,0.31507202259775124,0.9761087986215111,0.9890390711371994,1.0106598850569706,MEASURED_PENDING_REVIEW,NONE,82
trimMA342_1200rpm_Avv__Dvv_10,trimMA342_1200rpm_AW__D_14,test,train,True,5,1,Avv__Dvv,AW__D,1.014229464713855,TOP5_FOR_RECORD,127193,157193,127193,157193,-59,-0.019666666666666666,59,0.914291624039825,29941,0.8991925393118047,0.8980514562029719,0.9509048185641787,0.9160496046929851,0.8980514562029719,0.9509048185641787,0.05285336236120686,0.4097569897073522,0.31996042681917997,1.0085683318673744,1.0209811272555773,0.9862021803976735,MEASURED_PENDING_REVIEW,NONE,83
trimMA342_1200rpm_A__DW_03,trimMA342_1200rpm_A__DW_05,test,train,True,2,2,A__DW,A__DW,1.0415409335556325,TOP5_FOR_RECORD,127193,157193,127193,157193,208,0.06933333333333333,208,0.909520144638227,29792,0.9022831508276187,0.877339993571737,0.9680431182832301,0.9158887542275286,0.877339993571737,0.9680431182832301,0.09070312471149311,0.4101493527301283,0.31530976949708994,0.9995286033113132,0.9942529228776872,1.0185284746228684,MEASURED_PENDING_REVIEW,NONE,84
trimMA342_1200rpm_AW__D_05,trimMA342_1200rpm_AW__D_15,test,validation,True,1,1,AW__D,AW__D,1.021629274863212,TOP5_FOR_RECORD,127193,157193,127193,157193,364,0.12133333333333333,364,0.9047301949766609,29636,0.8664302096843169,0.9112436571757961,0.9698727307386388,0.9158488658662506,0.8664302096843169,0.9698727307386388,0.10344252105432183,0.4102465944617929,0.3134875776305455,0.9702322975903411,1.014003837044283,0.9910149983147409,MEASURED_PENDING_REVIEW,NONE,85
trimMA342_1200rpm_A__DW_08,trimMA342_1200rpm_A__DW_13,train,train,False,2,2,A__DW,A__DW,1.0462721641140649,TOP5_FOR_RECORD,127193,157193,127193,157193,-37,-0.012333333333333333,37,0.9148199115657976,29963,0.8915262556319651,0.8831695267022738,0.9724975676940798,0.9157311166761062,0.8831695267022738,0.9724975676940798,0.08932804099180602,0.4105335146462322,0.3134179128118825,1.0076243140490493,1.0297109219803737,1.0146637663652212,MEASURED_PENDING_REVIEW,NONE,86
trimMA342_1200rpm_A__Dvv_13,trimMA342_1200rpm_Avv__D_06,train,test,True,4,3,A__Dvv,Avv__D,1.0130354371887906,TOP5_FOR_RECORD,127195,157195,127196,157196,-53,-0.017666666666666667,53,0.9135803483907098,29947,0.8743193498101732,0.9099228344922231,0.9613672163228204,0.9152031335417389,0.8743193498101732,0.9613672163228204,0.08704786651264718,0.41181759665721135,0.31950907050742716,1.0096703264247409,0.9665930736877095,0.983556211449433,MEASURED_PENDING_REVIEW,NONE,87
trimMA342_1200rpm_Avv__Dvv_10,trimMA342_1200rpm_Avv__Dvv_11,test,validation,True,5,5,Avv__Dvv,Avv__Dvv,1.0021915458563138,TOP5_FOR_RECORD,127193,157193,127193,157193,-652,-0.21733333333333332,652,0.8952762490714407,29348,0.9015932432715293,0.8723371599623251,0.9710463159558729,0.9149922397299091,0.8723371599623251,0.9710463159558729,0.09870915599354779,0.4123293835517691,0.3096718780536941,0.9974879608211081,1.0075336523238407,1.0082685627399646,MEASURED_PENDING_REVIEW,NONE,88
trimMA342_1200rpm_AW__D_00,trimMA342_1200rpm_AW__D_04,train,train,False,1,1,AW__D,AW__D,1.068958925218835,TOP5_FOR_RECORD,127194,157194,127193,157193,-285,-0.095,285,0.9061169144394582,29715,0.8807285497846967,0.898657043043489,0.965368961871466,0.914918184899884,0.8807285497846967,0.965368961871466,0.08464041208676931,0.41250894560025314,0.31672525705124577,1.012955186713538,1.031305947518881,1.0245738937743099,MEASURED_PENDING_REVIEW,NONE,89
trimMA342_1200rpm_A__D_06,trimMA342_1200rpm_A__D_07,train,train,False,0,0,A__D,A__D,1.1039907443661334,TOP5_FOR_RECORD,127193,157193,127193,157193,223,0.07433333333333333,223,0.9073528940389549,29777,0.8848862409160241,0.8962537780111508,0.9629948932210523,0.9147116373827423,0.8848862409160241,0.9629948932210523,0.07810865230502817,0.4130093524782656,0.3183426448389382,1.0068833649347033,1.0074342579724578,0.9908389836136637,MEASURED_PENDING_REVIEW,NONE,90
trimMA342_1200rpm_AW__D_01,trimMA342_1200rpm_AW__D_03,validation,train,True,1,1,AW__D,AW__D,0.9284230162761328,TOP5_FOR_RECORD;TOP_CROSS_SPLIT;TOP_GLOBAL,127193,157193,127193,157193,291,0.097,291,0.9059233364936773,29709,0.8853208945328266,0.894051807783808,0.9638986889555604,0.9144237970907317,0.8853208945328266,0.9638986889555604,0.07857779442273383,0.4137056995238728,0.3190401303941128,0.9945927215169383,0.9938311632339575,0.9982182708938281,MEASURED_PENDING_REVIEW,NONE,91
trimMA342_1200rpm_A__DW_09,trimMA342_1200rpm_A__DW_10,train,test,True,2,2,A__DW,A__DW,0.9868199608977424,TOP5_FOR_RECORD,127193,157193,127193,157193,-205,-0.06833333333333333,205,0.9081782123883806,29795,0.8932620186219662,0.8782012976571821,0.9717002333991323,0.9143878498927602,0.8782012976571821,0.9717002333991323,0.09349893574195012,0.41379258114963796,0.3161925927431411,0.9896576572570261,0.9946811494721082,1.0074646598848584,MEASURED_PENDING_REVIEW,NONE,92
trimMA342_1200rpm_Avv__D_05,trimMA342_1200rpm_Avv__D_09,train,validation,True,3,3,Avv__D,Avv__D,1.029632783903682,TOP5_FOR_RECORD,127193,157193,127193,157193,-28,-0.009333333333333334,28,0.9132631308154213,29972,0.8644435758219429,0.9180116280272038,0.9604379612438723,0.914297721697673,0.8644435758219429,0.9604379612438723,0.0959943854219294,0.4140103339346195,0.32061617409908977,1.006613970185372,0.9875667611282918,1.00185346423723,MEASURED_PENDING_REVIEW,NONE,93
trimMA342_1200rpm_A__Dvv_04,trimMA342_1200rpm_Avv__D_11,train,train,False,4,3,A__Dvv,Avv__D,1.0342734265283955,TOP5_FOR_RECORD,127193,157193,127193,157193,-462,-0.154,462,0.900701764325881,29538,0.8728390338336687,0.9105227040351882,0.9594334490133544,0.9142650622940703,0.8728390338336687,0.9594334490133544,0.08659441517968569,0.41408921189987447,0.31861594973734025,0.9667610822719466,1.013366655449038,0.9629885285958781,MEASURED_PENDING_REVIEW,NONE,94
trimMA342_1200rpm_Avv__Dvv_00,trimMA342_1200rpm_AW__D_12,test,train,True,5,1,Avv__Dvv,AW__D,0.9362974110988246,TOP5_FOR_RECORD;TOP_CROSS_SPLIT,127193,157193,127193,157193,-302,-0.10066666666666667,302,0.9049160733034384,29698,0.8997815758040675,0.8765501341569301,0.9661725499332349,0.9141680866314107,0.8765501341569301,0.9661725499332349,0.08962241577630481,0.4143233359794962,0.31776632012431943,0.9903144949235918,0.9899481887273723,0.9926348005471609,MEASURED_PENDING_REVIEW,NONE,95
trimMA342_1200rpm_A__Dvv_05,trimMA342_1200rpm_Avv__D_01,train,validation,True,4,3,A__Dvv,Avv__D,1.032550085896559,TOP5_FOR_RECORD,127193,157193,127193,157193,406,0.13533333333333333,406,0.9021482141422443,29594,0.8748997185642365,0.9015343041329205,0.9657563233706903,0.9140634486892824,0.8748997185642365,0.9657563233706903,0.09085660480645374,0.41457581046346165,0.3184648924922872,0.954753570575194,0.9986111534526811,0.970080925660705,MEASURED_PENDING_REVIEW,NONE,96
trimMA342_1200rpm_A__Dvv_06,trimMA342_1200rpm_AW__D_10,validation,validation,False,4,1,A__Dvv,AW__D,0.9400229004393384,TOP5_FOR_RECORD,127193,157193,127193,157193,96,0.032,96,0.910643635537376,29904,0.8674587641192685,0.905523983600407,0.9687339699367702,0.9139055725521485,0.8674587641192685,0.9687339699367702,0.10127520581750171,0.4149564493964425,0.3185225476194193,1.03128266168012,1.015300467389109,1.0298174543556344,MEASURED_PENDING_REVIEW,NONE,97
trimMA342_1200rpm_A__Dvv_09,trimMA342_1200rpm_A__Dvv_11,train,validation,True,4,4,A__Dvv,A__Dvv,1.004120118189364,TOP5_FOR_RECORD,127193,157193,127195,157195,-115,-0.03833333333333333,115,0.9102989560973938,29885,0.8598826738631418,0.9146392812125556,0.96700535891523,0.9138424379969757,0.8598826738631418,0.96700535891523,0.10712268505208822,0.41510856893835446,0.3186385239335759,1.007762605979363,1.0331433733223965,0.9921330388229872,MEASURED_PENDING_REVIEW,NONE,98
trimMA342_1200rpm_A__Dvv_13,trimMA342_1200rpm_Avv__Dvv_13,train,train,False,4,5,A__Dvv,Avv__Dvv,1.0813068385115168,TOP5_FOR_RECORD,127195,157195,127193,157193,-214,-0.07133333333333333,214,0.9071915079401504,29786,0.9207338069844438,0.847202023880253,0.9725056499558788,0.9134804936068587,0.847202023880253,0.9725056499558788,0.12530362607562584,0.41597958217475456,0.3059298744061962,1.0337834522767346,0.9893038335277037,1.007660646728758,MEASURED_PENDING_REVIEW,NONE,99
trimMA342_1200rpm_A__DW_12,trimMA342_1200rpm_A__DW_13,train,train,False,2,2,A__DW,A__DW,0.9923665592481532,TOP5_FOR_RECORD,127193,157193,127193,157193,-244,-0.08133333333333333,244,0.9063308877777452,29756,0.8764666797101143,0.892601838320948,0.9710438972354912,0.9133708050888512,0.8764666797101143,0.9710438972354912,0.09457721752537696,0.41624318591695675,0.31844553226433747,1.0178495188152779,0.994136084165692,1.0273470787217975,MEASURED_PENDING_REVIEW,NONE,100
trimMA342_1200rpm_A__D_09,trimMA342_1200rpm_A__D_12,train,validation,True,0,0,A__D,A__D,1.0800165237159105,TOP5_FOR_RECORD,127193,157193,127193,157193,302,0.10066666666666667,302,0.9042571193270836,29698,0.872344747447752,0.9025776403146339,0.9649910087290076,0.9133044654971312,0.872344747447752,0.9649910087290076,0.09264626128125553,0.41640253241993685,0.32062919508210413,0.9882500029029344,0.9982472463894763,0.9978809141067838,MEASURED_PENDING_REVIEW,NONE,101
trimMA342_1200rpm_A__D_13,trimMA342_1200rpm_A__D_15,test,train,True,0,0,A__D,A__D,0.9094254615580284,TOP5_FOR_RECORD;TOP_CROSS_SPLIT;TOP_GLOBAL,127193,157193,127193,157193,-324,-0.108,324,0.9033613073146274,29676,0.8932973491016405,0.8729459535388759,0.9734188815619508,0.913220728067489,0.8729459535388759,0.9734188815619508,0.10047292802307484,0.416603581195628,0.3112693772267533,1.00774327593998,0.9981687902606687,1.0175627168953914,MEASURED_PENDING_REVIEW,NONE,102
trimMA342_1200rpm_A__DW_06,trimMA342_1200rpm_A__DW_15,validation,validation,False,2,2,A__DW,A__DW,0.9762118906049064,TOP5_FOR_RECORD,127193,157193,127193,157193,-226,-0.07533333333333334,226,0.9062461187265655,29774,0.9036495106364296,0.8679039550201851,0.9672195394130746,0.9129243350232298,0.8679039550201851,0.9672195394130746,0.09931558439288946,0.417314425767358,0.3203031420250371,1.0179408971777946,1.0193690971715825,1.0084063670674135,MEASURED_PENDING_REVIEW,NONE,103
trimMA342_1200rpm_Avv__D_03,trimMA342_1200rpm_Avv__D_07,train,train,False,3,3,Avv__D,Avv__D,1.1013058036643248,TOP5_FOR_RECORD,127193,157193,127193,157193,155,0.051666666666666666,155,0.908197367576775,29845,0.8756769416766846,0.9021813542043399,0.960819839003498,0.9128927116281741,0.8756769416766846,0.960819839003498,0.08514289732681335,0.41739019722994497,0.32265452400176786,0.9893188509506121,1.0016390627470937,0.9877940109701837,MEASURED_PENDING_REVIEW,NONE,104
trimMA342_1200rpm_A__Dvv_09,trimMA342_1200rpm_Avv__D_09,train,validation,True,4,3,A__Dvv,Avv__D,1.0079642136453244,TOP5_FOR_RECORD,127193,157193,127193,157193,209,0.06966666666666667,209,0.9066846414061539,29791,0.887395619886757,0.8858052049529358,0.9652591175536995,0.9128199807977975,0.8858052049529358,0.9652591175536995,0.07945391260076373,0.41756441228199226,0.32113954621582197,0.9970012494419797,0.9992495198440651,0.9841103256274781,MEASURED_PENDING_REVIEW,NONE,105
trimMA342_1200rpm_A__D_04,trimMA342_1200rpm_A__D_05,validation,validation,False,0,0,A__D,A__D,0.861738137856033,TOP5_FOR_RECORD;TOP_GLOBAL,127193,157193,127193,157193,78,0.026,78,0.9103111747952989,29922,0.8667784308363575,0.9033659378646692,0.9678851343803165,0.9126765010271144,0.8667784308363575,0.9678851343803165,0.10110670354395901,0.4179078821292693,0.3201691288591277,0.9939712801122224,1.0099263915698962,0.9968194039306173,MEASURED_PENDING_REVIEW,NONE,106
trimMA342_1200rpm_A__Dvv_12,trimMA342_1200rpm_A__Dvv_14,train,test,True,4,4,A__Dvv,A__Dvv,0.9249935811128992,TOP5_FOR_RECORD;TOP_CROSS_SPLIT;TOP_GLOBAL,127193,157193,127193,157193,-282,-0.094,282,0.9040144101176213,29718,0.8860250966553048,0.8816678282089753,0.9694846855665938,0.9123925368102913,0.8816678282089753,0.9694846855665938,0.08781685735761857,0.4185868205992842,0.31974271024768264,1.0070534386389292,0.996063886662725,1.0049241149450978,MEASURED_PENDING_REVIEW,NONE,107
trimMA342_1200rpm_A__Dvv_15,trimMA342_1200rpm_Avv__Dvv_12,train,train,False,4,5,A__Dvv,Avv__Dvv,1.0137123641763153,TOP5_FOR_RECORD,127193,157193,127193,157193,-459,-0.153,459,0.8984363576259362,29541,0.877747310701209,0.8927282113196287,0.9662108776781795,0.9122287998996724,0.877747310701209,0.9662108776781795,0.08846356697697044,0.41897780394748285,0.32231541897582794,1.0001501894493783,1.0333902390292078,1.0280582859494773,MEASURED_PENDING_REVIEW,NONE,108
trimMA342_1200rpm_A__Dvv_01,trimMA342_1200rpm_Avv__Dvv_07,train,validation,True,4,5,A__Dvv,Avv__Dvv,0.9498835910480472,TOP5_FOR_RECORD;TOP_CROSS_SPLIT,127193,157193,127193,157193,-221,-0.07366666666666667,221,0.9056293566081471,29779,0.879930798863031,0.8893739418899893,0.9668655850099314,0.9120567752543173,0.879930798863031,0.9668655850099314,0.08693478614690031,0.4193881847302873,0.32141426575301885,1.0025207100040918,0.9948677276789707,1.0032088243511974,MEASURED_PENDING_REVIEW,NONE,109
trimMA342_1200rpm_A__Dvv_01,trimMA342_1200rpm_A__Dvv_09,train,train,False,4,4,A__Dvv,A__Dvv,1.0001094360277127,TOP5_FOR_RECORD,127193,157193,127193,157193,-306,-0.102,306,0.9026662302534861,29694,0.8693256112742396,0.8999326925086525,0.9657625965665605,0.9116736334498174,0.8693256112742396,0.9657625965665605,0.09643698529232092,0.42030076504851177,0.32347140998975255,1.0042347890788648,1.0091328072125314,1.0166119957723498,MEASURED_PENDING_REVIEW,NONE,110
trimMA342_1200rpm_A__DW_08,trimMA342_1200rpm_A__DW_14,train,train,False,2,2,A__DW,A__DW,0.9580398077778236,TOP5_FOR_RECORD,127193,157193,127193,157193,-131,-0.043666666666666666,131,0.9073555488665027,29869,0.9050346255233644,0.8688717356239624,0.9610625718943002,0.9116563110138758,0.8688717356239624,0.9610625718943002,0.09219083627033786,0.42034197740916623,0.32457892880084216,1.0107146579784814,1.0096318591771318,0.9921556475698403,MEASURED_PENDING_REVIEW,NONE,111
trimMA342_1200rpm_Avv__Dvv_12,trimMA342_1200rpm_AW__D_10,train,validation,True,5,1,Avv__Dvv,AW__D,0.9433208751614364,TOP5_FOR_RECORD;TOP_CROSS_SPLIT,127193,157193,127193,157193,-198,-0.066,198,0.9058445489990055,29802,0.896428445270016,0.8796687938599379,0.9588591147554004,0.9116521179617848,0.8796687938599379,0.9588591147554004,0.07919032089546252,0.42035195262592745,0.3280637291229313,1.014141069377447,0.999200908221312,1.0014787287194091,MEASURED_PENDING_REVIEW,NONE,112
trimMA342_1200rpm_A__Dvv_05,trimMA342_1200rpm_Avv__Dvv_08,train,validation,True,4,5,A__Dvv,Avv__Dvv,1.0080953740049206,TOP5_FOR_RECORD,127193,157193,127193,157193,383,0.12766666666666668,383,0.9002377568254164,29617,0.8673365468681088,0.8984669658288179,0.9691147642533515,0.9116394256500927,0.8673365468681088,0.9691147642533515,0.10177821738524273,0.42038214602884155,0.31935244994004813,0.9976201218712287,0.9839317336718176,1.0305998039339372,MEASURED_PENDING_REVIEW,NONE,113
trimMA342_1200rpm_A__DW_04,trimMA342_1200rpm_A__DW_10,validation,test,True,2,2,A__DW,A__DW,1.0251215704820154,TOP5_FOR_RECORD,127193,157193,127193,157193,443,0.14766666666666667,443,0.8979062338076776,29557,0.8861340195930604,0.8772772311159657,0.9713216798556661,0.911577643521564,0.8772772311159657,0.9713216798556661,0.09404444873970041,0.4205290869332022,0.31987262134586314,1.0087324821005277,1.013859209485633,1.004970388287764,MEASURED_PENDING_REVIEW,NONE,114
trimMA342_1200rpm_A__D_10,trimMA342_1200rpm_A__D_12,train,validation,True,0,0,A__D,A__D,0.9284986086528686,TOP5_FOR_RECORD;TOP_CROSS_SPLIT;TOP_GLOBAL,127193,157193,127193,157193,121,0.04033333333333333,121,0.9077783772528648,29879,0.8673161830253512,0.9013360210671765,0.9656277650453583,0.9114266563792953,0.8673161830253512,0.9656277650453583,0.09831158202000712,0.4208879746932782,0.32176054051950326,0.9823279989535391,1.0190468140563684,0.9718614743687415,MEASURED_PENDING_REVIEW,NONE,115
trimMA342_1200rpm_Avv__Dvv_03,trimMA342_1200rpm_Avv__Dvv_04,train,train,False,5,5,Avv__Dvv,Avv__Dvv,1.065146684122494,TOP5_FOR_RECORD,127193,157193,127193,157193,-188,-0.06266666666666666,188,0.9061011802781945,29812,0.8691808697386345,0.9097044745186285,0.9550581957167033,0.9113145133246553,0.8691808697386345,0.9550581957167033,0.08587732597806874,0.42115433436056315,0.3281526849610912,1.0025927107392787,0.9961220436680268,1.017815455051885,MEASURED_PENDING_REVIEW,NONE,116
trimMA342_1200rpm_A__Dvv_06,trimMA342_1200rpm_Avv__D_12,validation,test,True,4,3,A__Dvv,Avv__D,1.028620223324256,TOP5_FOR_RECORD,127193,157193,127193,157193,119,0.03966666666666667,119,0.9075509752522901,29881,0.8929874981772016,0.8739671727788715,0.9665645987523785,0.9111730899028171,0.8739671727788715,0.9665645987523785,0.09259742597350706,0.42149000011194404,0.3221550083379528,1.014672365697037,1.0115424020776447,0.9737937358422432,MEASURED_PENDING_REVIEW,NONE,117
trimMA342_1200rpm_A__DW_11,trimMA342_1200rpm_A__DW_13,train,train,False,2,2,A__DW,A__DW,1.1333567510997342,TOP5_FOR_RECORD,127193,157193,127193,157193,-300,-0.1,300,0.9018539369283181,29700,0.8657310613761899,0.899635524369753,0.9674799428830608,0.9109488428763347,0.8657310613761899,0.9674799428830608,0.10174888150687089,0.42202169878731527,0.32466995208590704,1.0275243646161607,1.019154886751939,1.0375334392788993,MEASURED_PENDING_REVIEW,NONE,118
trimMA342_1200rpm_Avv__D_02,trimMA342_1200rpm_Avv__Dvv_12,train,train,False,3,5,Avv__D,Avv__Dvv,0.9054257150330798,TOP5_FOR_RECORD;TOP_GLOBAL,127193,157193,127193,157193,-235,-0.07833333333333334,235,0.903664542053581,29765,0.8750283733663016,0.8917385885824013,0.9659265918201952,0.9108978512562994,0.8750283733663016,0.9659265918201952,0.09089821845389368,0.4221425085055992,0.32486120671648466,1.024718772582917,1.0105115973213377,1.0622190415178272,MEASURED_PENDING_REVIEW,NONE,119
trimMA342_1200rpm_A__Dvv_15,trimMA342_1200rpm_Avv__Dvv_07,train,validation,True,4,5,A__Dvv,Avv__Dvv,1.0370240919642817,TOP5_FOR_RECORD,127193,157193,127193,157193,196,0.06533333333333333,196,0.9046943716113515,29804,0.876733378260696,0.8905622777753565,0.9652542309703214,0.9108499623354579,0.876733378260696,0.9652542309703214,0.0885208527096254,0.42225593581272935,0.32534936959699867,1.0033304463809707,1.0033162174913302,0.99758507593744,MEASURED_PENDING_REVIEW,NONE,120
trimMA342_1200rpm_AW__D_07,trimMA342_1200rpm_AW__D_09,train,validation,True,1,1,AW__D,AW__D,1.0213627684355786,TOP5_FOR_RECORD,127193,157193,127193,157193,17,0.005666666666666667,17,0.9105359840218448,29983,0.8843016756131573,0.8790791695604154,0.9690176874942523,0.9107995108892749,0.8790791695604154,0.9690176874942523,0.08993851793383689,0.4223753996404734,0.32219808838156333,1.0133117146653745,1.0032639707329538,1.0002473590791674,MEASURED_PENDING_REVIEW,NONE,121
trimMA342_1200rpm_Avv__Dvv_05,trimMA342_1200rpm_Avv__Dvv_10,train,test,True,5,5,Avv__Dvv,Avv__Dvv,1.0421669930220692,TOP5_FOR_RECORD,127194,157194,127193,157193,143,0.04766666666666667,143,0.9056140733174161,29857,0.8733921129297516,0.9087323328794253,0.948414392084118,0.9101796126310983,0.8733921129297516,0.948414392084118,0.07502227915436643,0.42384050624946523,0.33136357969679753,1.0219904111987659,0.990429459739816,1.0012594020857295,MEASURED_PENDING_REVIEW,NONE,122
trimMA342_1200rpm_A__D_11,trimMA342_1200rpm_A__D_14,train,test,True,0,0,A__D,A__D,1.0799576369501342,TOP5_FOR_RECORD,127193,157193,127195,157195,76,0.025333333333333333,76,0.90761626778371,29924,0.8705067942256544,0.8914866058299828,0.968534086957975,0.9101758290045373,0.8705067942256544,0.968534086957975,0.09802729273232069,0.423849433161028,0.32391323761017443,0.9978080546413518,1.0088581409949287,0.9641114279987368,MEASURED_PENDING_REVIEW,NONE,123
trimMA342_1200rpm_A__DW_13,trimMA342_1200rpm_A__DW_15,train,validation,True,2,2,A__DW,A__DW,0.9051457657259764,TOP5_FOR_RECORD;TOP_CROSS_SPLIT;TOP_GLOBAL,127193,157193,127193,157193,-150,-0.05,150,0.9059651513844407,29850,0.8837924652170402,0.8799937000687973,0.9663545108185713,0.9100468920348029,0.8799937000687973,0.9663545108185713,0.08636081074977398,0.42415352872561723,0.3266887787387036,0.9961123573876193,1.0061416418838423,0.9788942717192469,MEASURED_PENDING_REVIEW,NONE,124
trimMA342_1200rpm_Avv__D_04,trimMA342_1200rpm_Avv__D_14,validation,validation,False,3,3,Avv__D,Avv__D,1.088320180440631,TOP5_FOR_RECORD,127193,157193,127193,157193,-137,-0.04566666666666667,137,0.9053905860708493,29863,0.9151474204956281,0.8597376126550021,0.9550080370382243,0.9099643567296182,0.8597376126550021,0.9550080370382243,0.0952704243832222,0.4243480723895927,0.3284746476075693,0.9802958527557732,0.9952359479844131,1.0149360151337632,MEASURED_PENDING_REVIEW,NONE,125
trimMA342_1200rpm_A__DW_13,trimMA342_1200rpm_A__DW_14,train,train,False,2,2,A__DW,A__DW,0.8739356675806574,TOP5_FOR_RECORD;TOP_GLOBAL,127193,157193,127193,157193,-94,-0.03133333333333333,94,0.9066811195241044,29906,0.8995609134505237,0.8656491230435676,0.9645354889336035,0.9099151751425648,0.8656491230435676,0.9645354889336035,0.09888636589003597,0.4244639557310733,0.32555061176926875,1.0030159787246749,0.9803970064748306,0.9779382430801519,MEASURED_PENDING_REVIEW,NONE,126
trimMA342_1200rpm_A__D_04,trimMA342_1200rpm_A__D_07,validation,train,True,0,0,A__D,A__D,1.0863150635036618,TOP5_FOR_RECORD,127193,157193,127193,157193,139,0.04633333333333333,139,0.9053094754253976,29861,0.8723428573095674,0.8968459763806078,0.9600377573108893,0.9097421970003549,0.8723428573095674,0.9600377573108893,0.08769490000132185,0.42487128168339416,0.3287214705502345,1.019469363830571,1.0035141454216066,0.9870969608719957,MEASURED_PENDING_REVIEW,NONE,127
trimMA342_1200rpm_Avv__Dvv_01,trimMA342_1200rpm_AW__D_10,train,validation,True,5,1,Avv__Dvv,AW__D,1.1300205211467182,TOP5_FOR_RECORD,127193,157193,127193,157193,36,0.012,36,0.9086890084881332,29964,0.9115948760978626,0.8513527502450356,0.9660234762331118,0.9096570341920033,0.8513527502450356,0.9660234762331118,0.11467072598807615,0.4250716782096789,0.3244061964171415,0.9857017570474988,1.0126251975659175,1.002747824546859,MEASURED_PENDING_REVIEW,NONE,128
trimMA342_1200rpm_A__DW_04,trimMA342_1200rpm_A__DW_06,validation,validation,False,2,2,A__DW,A__DW,0.9515205320340088,TOP5_FOR_RECORD,127193,157193,127193,157193,-98,-0.03266666666666666,98,0.9066195253172135,29902,0.8892328333183936,0.8676793853969782,0.9720211789889314,0.9096444659014344,0.8676793853969782,0.9720211789889314,0.10434179359195317,0.4251012446431229,0.32070451798765814,0.9997404908668415,1.0057667805483503,0.9798748298061606,MEASURED_PENDING_REVIEW,NONE,129
trimMA342_1200rpm_A__D_00,trimMA342_1200rpm_A__D_01,train,test,True,0,0,A__D,A__D,1.2345424052954224,TOP5_FOR_RECORD,127193,157193,127193,157193,-162,-0.054,162,0.9046974330064352,29838,0.8957361174064596,0.8635958480155816,0.969500849773118,0.9096109383983865,0.8635958480155816,0.969500849773118,0.10590500175753637,0.42518010678208895,0.3199185728880675,0.9994237369673518,1.0055376514411287,0.9838818636832292,MEASURED_PENDING_REVIEW,NONE,130
trimMA342_1200rpm_A__DW_09,trimMA342_1200rpm_A__DW_13,train,train,False,2,2,A__DW,A__DW,1.031121263678509,TOP5_FOR_RECORD,127193,157193,127193,157193,839,0.2796666666666667,839,0.8852774951982485,29161,0.8941900093752215,0.8700496020855989,0.9645469951095493,0.9095955355234566,0.8700496020855989,0.9645469951095493,0.09449739302395044,0.4252163319453848,0.3254071198175079,1.0018291583835757,0.9985860855481564,1.0113195972924072,MEASURED_PENDING_REVIEW,NONE,131
trimMA342_1200rpm_Avv__Dvv_05,trimMA342_1200rpm_Avv__Dvv_09,train,validation,True,5,5,Avv__Dvv,Avv__Dvv,1.0751747733682298,TOP5_FOR_RECORD,127194,157194,127193,157193,177,0.059,177,0.9039519474228279,29823,0.8973920829334694,0.876173446759606,0.9550465117307513,0.9095373471412755,0.876173446759606,0.9550465117307513,0.07887306497114532,0.42535315411719826,0.3305443374746561,1.0243830769062492,1.0015759222760205,1.0271850579932935,MEASURED_PENDING_REVIEW,NONE,132
trimMA342_1200rpm_AW__D_01,trimMA342_1200rpm_AW__D_15,validation,validation,False,1,1,AW__D,AW__D,1.0079277398329742,TOP5_FOR_RECORD,127193,157193,127193,157193,309,0.103,309,0.9003600668818209,29691,0.8775012074592846,0.8842308655718845,0.9667235533740288,0.9094852088017326,0.8775012074592846,0.9667235533740288,0.0892223459147442,0.4254757130513263,0.327297252427883,0.9832546432982958,1.0051389137623954,1.003516640532014,MEASURED_PENDING_REVIEW,NONE,133
trimMA342_1200rpm_AW__D_06,trimMA342_1200rpm_AW__D_10,test,validation,True,1,1,AW__D,AW__D,0.9831495464786444,TOP5_FOR_RECORD,127193,157193,127193,157193,-291,-0.097,291,0.9005779813814064,29709,0.8870448121767506,0.8780538742412598,0.9630337289395982,0.9093774717858696,0.8780538742412598,0.9630337289395982,0.08497985469833835,0.4257288531780071,0.3284772250521494,0.9786562590072089,1.0125157912171112,0.9860683828083056,MEASURED_PENDING_REVIEW,NONE,134
trimMA342_1200rpm_A__D_12,trimMA342_1200rpm_A__D_15,validation,train,True,0,0,A__D,A__D,0.8856012014189631,TOP5_FOR_RECORD;TOP_CROSS_SPLIT;TOP_GLOBAL,127193,157193,127193,157193,148,0.04933333333333333,148,0.9046706940400377,29852,0.8408705837918444,0.915378387779035,0.9713311675829124,0.9091933797179307,0.8408705837918444,0.9713311675829124,0.13046058379106795,0.4261610500317216,0.32238660507902517,1.0079990151877374,1.0006394112436379,1.0221397787259623,MEASURED_PENDING_REVIEW,NONE,135
trimMA342_1200rpm_A__Dvv_14,trimMA342_1200rpm_Avv__Dvv_12,test,train,True,4,5,A__Dvv,Avv__Dvv,0.9660765358516196,TOP5_FOR_RECORD;TOP_CROSS_SPLIT,127193,157193,127193,157193,-155,-0.051666666666666666,155,0.9047292042768226,29845,0.8804634525325906,0.881879606782507,0.9651502874279988,0.9091644489143654,0.8804634525325906,0.9651502874279988,0.08468683489540818,0.42622893164503584,0.32841735761069624,0.9958189776495233,1.0112190162635586,1.0135353433947423,MEASURED_PENDING_REVIEW,NONE,136
trimMA342_1200rpm_A__D_00,trimMA342_1200rpm_A__D_07,train,train,False,0,0,A__D,A__D,1.671965995551631,TOP5_FOR_RECORD,127193,157193,127193,157193,444,0.148,444,0.895393254667948,29556,0.8903753221569585,0.8689443621598554,0.9668527646684869,0.908724149661767,0.8689443621598554,0.9668527646684869,0.09790840250863153,0.4272606940457639,0.3276811900022441,0.9948676077462336,0.9822187453751459,0.9265512365752845,MEASURED_PENDING_REVIEW,NONE,137
trimMA342_1200rpm_Avv__D_11,trimMA342_1200rpm_Avv__D_14,train,validation,True,3,3,Avv__D,Avv__D,1.0983768107121548,TOP5_FOR_RECORD,127193,157193,127193,157193,-454,-0.15133333333333332,454,0.8940791330738742,29546,0.8734735619129451,0.8909797022629014,0.96093415125513,0.9084624718103256,0.8734735619129451,0.96093415125513,0.08746058934218492,0.42787271048683295,0.3314591638434412,1.0021202886103042,0.9864021426454992,1.0248459647626396,MEASURED_PENDING_REVIEW,NONE,138
trimMA342_1200rpm_A__Dvv_05,trimMA342_1200rpm_Avv__D_13,train,test,True,4,3,A__Dvv,Avv__D,1.114520549357101,TOP5_FOR_RECORD,127193,157193,127194,157194,335,0.11166666666666666,335,0.8981047031931988,29665,0.8529225043140419,0.9039596221066297,0.9682214170817987,0.9083678478341568,0.8529225043140419,0.9682214170817987,0.11529891276775672,0.42809380319234486,0.3249167608071375,0.9752384468611045,0.9808563091582185,0.9914626213905907,MEASURED_PENDING_REVIEW,NONE,139
trimMA342_1200rpm_A__Dvv_06,trimMA342_1200rpm_Avv__D_14,validation,validation,False,4,3,A__Dvv,Avv__D,1.088731494063132,TOP5_FOR_RECORD,127193,157193,127193,157193,418,0.13933333333333334,418,0.8951382052544833,29582,0.8673192158056431,0.8964245586565686,0.9607576664301557,0.9081671469641224,0.8673192158056431,0.9607576664301557,0.09343845062451261,0.42856237127372065,0.33192700589666696,0.9987212606409538,0.9936503012355712,0.9941962761419154,MEASURED_PENDING_REVIEW,NONE,140
trimMA342_1200rpm_A__Dvv_14,trimMA342_1200rpm_Avv__D_11,test,train,True,4,3,A__Dvv,Avv__D,0.973020087309481,TOP_CROSS_SPLIT,127193,157193,127193,157193,-327,-0.109,327,0.8986451506388117,29673,0.8950611547979946,0.8662162899178248,0.962831772299203,0.9080364056716741,0.8662162899178248,0.962831772299203,0.09661548238137818,0.4288673322330015,0.3301110268638472,0.9748446825423477,1.0041207184974015,0.9564066636842701,MEASURED_PENDING_REVIEW,NONE,141
trimMA342_1200rpm_AW__D_02,trimMA342_1200rpm_AW__D_06,train,test,True,1,1,AW__D,AW__D,0.883993671933598,TOP5_FOR_RECORD;TOP_CROSS_SPLIT;TOP_GLOBAL,127193,157193,127193,157193,227,0.07566666666666666,227,0.9008755548689115,29773,0.872665676686497,0.8830179725944607,0.9682071049935972,0.907963584758185,0.872665676686497,0.9682071049935972,0.09554142830710022,0.4290370968618334,0.32774230849828034,0.985475474940629,0.9931192962179023,1.002362953778691,MEASURED_PENDING_REVIEW,NONE,142
trimMA342_1200rpm_A__Dvv_02,trimMA342_1200rpm_Avv__Dvv_10,test,test,False,4,5,A__Dvv,Avv__Dvv,1.0237073357391917,TOP5_FOR_RECORD,127193,157193,127193,157193,-616,-0.20533333333333334,616,0.8894608754015197,29384,0.8709503124773919,0.9036206429773732,0.9485143196805838,0.907695091711783,0.8709503124773919,0.9485143196805838,0.0775640072031919,0.4296624449220968,0.33630020721393855,1.0070157548708412,0.9848324552720285,1.004655385691728,MEASURED_PENDING_REVIEW,NONE,143
trimMA342_1200rpm_A__D_05,trimMA342_1200rpm_A__D_07,validation,train,True,0,0,A__D,A__D,1.2031895562117778,TOP5_FOR_RECORD,127193,157193,127193,157193,61,0.02033333333333333,61,0.9051397668823231,29939,0.8698620832151321,0.8924739194807085,0.9604592194845313,0.9075984073934573,0.8698620832151321,0.9604592194845313,0.09059713626939914,0.42988740992623353,0.3311630802018242,1.0258288033202558,0.993293852148262,0.9902999207576375,MEASURED_PENDING_REVIEW,NONE,144
trimMA342_1200rpm_A__Dvv_13,trimMA342_1200rpm_Avv__D_04,train,validation,True,4,3,A__Dvv,Avv__D,0.9829548249275496,TOP5_FOR_RECORD,127195,157195,127193,157193,80,0.02666666666666667,80,0.9049064059417873,29920,0.8910442013870559,0.8688582106605125,0.9628513154864173,0.907584575844662,0.8688582106605125,0.9628513154864173,0.09399310482590484,0.4299195835393811,0.33103641140492357,1.006643204684603,0.9794760441509095,0.9760898328989074,MEASURED_PENDING_REVIEW,NONE,145
trimMA342_1200rpm_A__D_00,trimMA342_1200rpm_A__D_03,train,train,False,0,0,A__D,A__D,1.628529351062682,TOP5_FOR_RECORD,127193,157193,127193,157193,-284,-0.09466666666666666,284,0.8993434576656348,29716,0.886167922453548,0.8721516563898527,0.9644047993772646,0.9075747927402218,0.8721516563898527,0.9644047993772646,0.09225314298741194,0.4299423385985103,0.3314189781280966,1.0019960239519745,0.9863709816512107,0.9312351632472101,MEASURED_PENDING_REVIEW,NONE,146
trimMA342_1200rpm_A__Dvv_13,trimMA342_1200rpm_Avv__D_11,train,train,False,4,3,A__Dvv,Avv__D,0.970655528825273,TOP5_FOR_RECORD,127195,157195,127193,157193,104,0.034666666666666665,104,0.9039437758135472,29896,0.8708806881333822,0.8899836810522315,0.9617572056277027,0.907540524937772,0.8708806881333822,0.9617572056277027,0.09087651749432057,0.43002203446388193,0.33157211562591377,0.9830396483064361,0.9870871192608252,0.9665898990167403,MEASURED_PENDING_REVIEW,NONE,147
trimMA342_1200rpm_Avv__D_11,trimMA342_1200rpm_Avv__Dvv_15,train,train,False,3,5,Avv__D,Avv__Dvv,1.0055837638954577,TOP5_FOR_RECORD,127193,157193,127193,157193,209,0.06966666666666667,209,0.901363426409305,29791,0.86239238757403,0.9049534297142505,0.9551362937842711,0.9074940370241839,0.86239238757403,0.9551362937842711,0.09274390621024109,0.4301301267658806,0.3331851305260555,1.020632701477924,1.0082425803968473,1.044704218022655,MEASURED_PENDING_REVIEW,NONE,148
trimMA342_1200rpm_Avv__Dvv_00,trimMA342_1200rpm_Avv__Dvv_01,test,train,True,5,5,Avv__Dvv,Avv__Dvv,1.2397721330958646,TOP5_FOR_RECORD,127193,157193,127193,157193,-67,-0.022333333333333334,67,0.9056104645329874,29933,0.8889175882237629,0.8703484738308058,0.9630680673465354,0.9074447098003681,0.8703484738308058,0.9630680673465354,0.09271959351572956,0.4302447912517529,0.3310403586611516,0.9985196783613628,1.00215618138939,0.9769216872218629,MEASURED_PENDING_REVIEW,NONE,149
trimMA342_1200rpm_AW__D_09,trimMA342_1200rpm_AW__D_15,validation,validation,False,1,1,AW__D,AW__D,1.033013017466336,TOP5_FOR_RECORD,127193,157193,127193,157193,-397,-0.13233333333333333,397,0.8951288663047808,29603,0.8873110348635175,0.8718799946485415,0.962577026555574,0.907256018689211,0.8718799946485415,0.962577026555574,0.09069703190703249,0.4306831348237096,0.33308638789748585,0.9952372950672743,0.9909914573126869,0.9959202309761669,MEASURED_PENDING_REVIEW,NONE,150
trimMA342_1200rpm_Avv__D_00,trimMA342_1200rpm_Avv__D_11,test,train,True,3,3,Avv__D,Avv__D,1.1621505650461583,TOP5_FOR_RECORD,127193,157193,127193,157193,272,0.09066666666666667,272,0.8988115546827409,29728,0.8572855593734041,0.9150408822971553,0.9490040633693427,0.9071101683466339,0.8572855593734041,0.9490040633693427,0.09171850399593862,0.431021650624108,0.33610212565658093,1.000614817692427,1.0142395671484676,1.0037677074635956,MEASURED_PENDING_REVIEW,NONE,151
trimMA342_1200rpm_A__Dvv_15,trimMA342_1200rpm_Avv__D_03,train,train,False,4,3,A__Dvv,Avv__D,1.0070448773870315,TOP5_FOR_RECORD,127193,157193,127193,157193,84,0.028,84,0.9043545382189414,29916,0.8653753797449164,0.8910649692423429,0.9648108384835601,0.9070837291569398,0.8653753797449164,0.9648108384835601,0.09943545873864368,0.43108298700612124,0.3307836820702546,0.9945288731530427,1.0136588904432513,0.9792370045748828,MEASURED_PENDING_REVIEW,NONE,152
trimMA342_1200rpm_A__Dvv_13,trimMA342_1200rpm_Avv__D_12,train,test,True,4,3,A__Dvv,Avv__D,1.0614613134683453,TOP5_FOR_RECORD,127195,157195,127193,157193,101,0.033666666666666664,101,0.9034929102290414,29899,0.8637872407175755,0.893144532280428,0.9632488073909173,0.9067268601296403,0.8637872407175755,0.9632488073909173,0.09946156667334183,0.43191003662883276,0.3331573352760701,1.0024950292070014,0.9899124945064783,0.9702443278747692,MEASURED_PENDING_REVIEW,NONE,153
trimMA342_1200rpm_Avv__Dvv_06,trimMA342_1200rpm_Avv__Dvv_11,test,validation,True,5,5,Avv__Dvv,Avv__Dvv,1.0433344601685333,TOP5_FOR_RECORD,127193,157193,127193,157193,426,0.142,426,0.8942380617530663,29574,0.8477209802244953,0.908904039396633,0.9634042764148303,0.9066764320119862,0.8477209802244953,0.9634042764148303,0.11568329619033502,0.4320267769201672,0.33282961464791627,1.0140697841114332,0.9889950279933026,0.9932714161722329,MEASURED_PENDING_REVIEW,NONE,154
trimMA342_1200rpm_Avv__Dvv_03,trimMA342_1200rpm_AW__D_10,train,validation,True,5,1,Avv__Dvv,AW__D,0.9655816421250888,TOP5_FOR_RECORD;TOP_CROSS_SPLIT,127193,157193,127193,157193,113,0.03766666666666667,113,0.9029422697312341,29887,0.8677460873722999,0.9042484212658968,0.9480260443073455,0.906673517648514,0.8677460873722999,0.9480260443073455,0.08027995693504564,0.4320335226611154,0.33674402595149744,0.9991397758247218,0.979438016298375,0.9941576439772787,MEASURED_PENDING_REVIEW,NONE,155
trimMA342_1200rpm_Avv__Dvv_02,trimMA342_1200rpm_Avv__Dvv_13,train,train,False,5,5,Avv__Dvv,Avv__Dvv,1.1438341387497095,TOP5_FOR_RECORD,127193,157193,127193,157193,-513,-0.171,513,0.8908774929629834,29487,0.8729905442009818,0.8750805533389615,0.9718567934429893,0.9066426303276441,0.8729905442009818,0.9718567934429893,0.09886624924200749,0.4321050096269562,0.3253928898201919,1.0250758982800414,0.9940944179885408,0.9826212711036166,MEASURED_PENDING_REVIEW,NONE,156
trimMA342_1200rpm_A__D_03,trimMA342_1200rpm_A__D_04,train,validation,True,0,0,A__D,A__D,1.1756426402745142,TOP5_FOR_RECORD,127193,157193,127193,157193,-160,-0.05333333333333334,160,0.9014446148484404,29840,0.8900890494729967,0.8689417113898192,0.9605883276960415,0.9065396961862858,0.8689417113898192,0.9605883276960415,0.09164661630622228,0.43234315957052966,0.33381487438046364,0.9750968381877321,0.9931632625791205,1.0082089385730102,MEASURED_PENDING_REVIEW,NONE,157
trimMA342_1200rpm_A__Dvv_09,trimMA342_1200rpm_A__Dvv_12,train,train,False,4,4,A__Dvv,A__Dvv,0.8641185199265252,TOP5_FOR_RECORD;TOP_GLOBAL,127193,157193,127193,157193,-133,-0.044333333333333336,133,0.9024166764452403,29867,0.8641442753201897,0.8879702066664628,0.9669258298403772,0.9063467706090099,0.8641442753201897,0.9669258298403772,0.10278155452018756,0.43278916204311235,0.32805033923113414,0.992220993396946,1.00913674676545,0.9984881819876806,MEASURED_PENDING_REVIEW,NONE,158
trimMA342_1200rpm_AW__D_02,trimMA342_1200rpm_AW__D_13,train,test,True,1,1,AW__D,AW__D,1.070912309066082,TOP5_FOR_RECORD,127193,157193,127193,157193,-388,-0.12933333333333333,388,0.8946631994640222,29612,0.8685736340095611,0.8824182414928188,0.966516530212739,0.9058361352383729,0.8685736340095611,0.966516530212739,0.09794289620317786,0.43396742910413466,0.3303189719045636,0.9737708680868439,0.9952964210230855,0.9929180285870554,MEASURED_PENDING_REVIEW,NONE,159
trimMA342_1200rpm_Avv__D_06,trimMA342_1200rpm_Avv__D_09,test,validation,True,3,3,Avv__D,Avv__D,1.0172987872666746,TOP5_FOR_RECORD,127196,157196,127193,157193,-98,-0.03266666666666666,98,0.9026293733555208,29902,0.8789570257592629,0.870309283164163,0.9679618673140127,0.9057427254124795,0.870309283164163,0.9679618673140127,0.09765258414984967,0.4341826219173698,0.330059584955251,0.996170113739719,1.0130149612574153,1.0080379401790076,MEASURED_PENDING_REVIEW,NONE,160
trimMA342_1200rpm_Avv__Dvv_10,trimMA342_1200rpm_Avv__Dvv_13,test,train,True,5,5,Avv__Dvv,Avv__Dvv,1.103957097964114,TOP5_FOR_RECORD,127193,157193,127193,157193,-1,-0.0003333333333333333,1,0.9054964090046539,29999,0.8781788157691597,0.8853222724010886,0.9530716344666549,0.9055242408789677,0.8781788157691597,0.9530716344666549,0.0748928186974952,0.43468553949040484,0.3350877602843156,1.0105425798442873,1.0055843881714583,0.988696054997107,MEASURED_PENDING_REVIEW,NONE,161
trimMA342_1200rpm_Avv__Dvv_01,trimMA342_1200rpm_AW__D_15,train,validation,True,5,1,Avv__Dvv,AW__D,1.161304714372738,TOP5_FOR_RECORD,127193,157193,127193,157193,305,0.10166666666666667,305,0.8962221833709066,29695,0.8857228593564278,0.8636110439040517,0.9669037117819207,0.9054125383474667,0.8636110439040517,0.9669037117819207,0.10329266787786895,0.43494243677188626,0.3302442314880014,1.0043204417556795,1.0092761775950352,1.004996260728922,MEASURED_PENDING_REVIEW,NONE,162
trimMA342_1200rpm_Avv__D_03,trimMA342_1200rpm_Avv__D_10,train,train,False,3,3,Avv__D,Avv__D,1.065393091497113,TOP5_FOR_RECORD,127193,157193,127194,157194,269,0.08966666666666667,269,0.8975075034062074,29731,0.8609994431482803,0.8932522929103889,0.9611678606288426,0.9051398655625039,0.8609994431482803,0.9611678606288426,0.10016841748056238,0.4355689025573237,0.33500939538480484,1.0047723031668694,0.985153538748888,1.0067047398112745,MEASURED_PENDING_REVIEW,NONE,163
trimMA342_1200rpm_A__Dvv_12,trimMA342_1200rpm_AW__D_10,train,validation,True,4,1,A__Dvv,AW__D,0.947195695423449,TOP5_FOR_RECORD;TOP_CROSS_SPLIT,127193,157193,127193,157193,114,0.038,114,0.9016007945136094,29886,0.8908326922644345,0.869050343689881,0.9553923194886597,0.9050917851476584,0.869050343689881,0.9553923194886597,0.08634197579877867,0.43567927389845407,0.3396379629059269,1.017276681395428,1.0059432004243196,1.0195346704521402,MEASURED_PENDING_REVIEW,NONE,164
trimMA342_1200rpm_AW__D_07,trimMA342_1200rpm_AW__D_10,train,validation,True,1,1,AW__D,AW__D,0.86701486088063,TOP5_FOR_RECORD;TOP_CROSS_SPLIT;TOP_GLOBAL,127193,157193,127193,157193,101,0.033666666666666664,101,0.9017456069540716,29899,0.8790571574198277,0.8636338554164569,0.9722512971911801,0.9049807700091549,0.8636338554164569,0.9722512971911801,0.10861744177472321,0.43593400874638016,0.3289485163381701,0.9899973349820195,0.9973899126738742,0.9937469810984871,MEASURED_PENDING_REVIEW,NONE,165
trimMA342_1200rpm_A__D_12,trimMA342_1200rpm_A__D_13,validation,test,True,0,0,A__D,A__D,0.8025861537302903,TOP5_FOR_RECORD;TOP_CROSS_SPLIT;TOP_GLOBAL,127193,157193,127193,157193,-277,-0.09233333333333334,277,0.8960644920552676,29723,0.8581599888720058,0.8863129506259418,0.9698862056214029,0.9047863817064502,0.8581599888720058,0.9698862056214029,0.11172621674939709,0.43637969314245095,0.3318650937026533,0.9995028433588891,1.000661619847211,1.0046717761368902,MEASURED_PENDING_REVIEW,NONE,166
trimMA342_1200rpm_A__Dvv_09,trimMA342_1200rpm_Avv__D_03,train,train,False,4,3,A__Dvv,Avv__D,0.9647631290807775,TOP5_FOR_RECORD,127193,157193,127193,157193,-27,-0.009,27,0.9041607347101027,29973,0.8596437956582655,0.8924482793934174,0.9620722987710824,0.9047214579409216,0.8596437956582655,0.9620722987710824,0.10242850311281682,0.4365284459438534,0.33684105623681615,0.9884889171370551,0.9968338145530907,0.9684132066690228,MEASURED_PENDING_REVIEW,NONE,167
trimMA342_1200rpm_Avv__D_07,trimMA342_1200rpm_Avv__D_11,train,train,False,3,3,Avv__D,Avv__D,0.9501138912538332,TOP5_FOR_RECORD,127193,157193,127193,157193,-121,-0.04033333333333333,121,0.9008794528143008,29879,0.886892739572089,0.8691534465328011,0.9578986793612569,0.9046482884887158,0.8691534465328011,0.9578986793612569,0.08874523282845581,0.43669603046348937,0.33525951825574235,0.9959256887460235,1.010313451265531,1.00285237144429,MEASURED_PENDING_REVIEW,NONE,168
trimMA342_1200rpm_A__D_10,trimMA342_1200rpm_A__D_15,train,train,False,0,0,A__D,A__D,0.9687235314323044,TOP5_FOR_RECORD,127193,157193,127193,157193,270,0.09,270,0.8965656708219205,29730,0.8704388178585648,0.8770976388323368,0.9659569488404054,0.9044978018437689,0.8704388178585648,0.9659569488404054,0.09551813098184059,0.4370404973368751,0.33534450480763467,0.9905206792468075,1.0195280538018776,0.9932916605479948,MEASURED_PENDING_REVIEW,NONE,169
trimMA342_1200rpm_A__D_03,trimMA342_1200rpm_A__D_05,train,validation,True,0,0,A__D,A__D,1.170126257317755,TOP5_FOR_RECORD,127193,157193,127193,157193,-81,-0.027,81,0.9014230359416159,29919,0.8674679102580949,0.8827896048022678,0.9632014687401085,0.9044863279334905,0.8674679102580949,0.9632014687401085,0.09573355848201359,0.43706675020300917,0.3352790998497706,0.968996124916221,1.0034265018123003,1.0049709794943917,MEASURED_PENDING_REVIEW,NONE,170
trimMA342_1200rpm_AW__D_02,trimMA342_1200rpm_AW__D_15,train,validation,True,1,1,AW__D,AW__D,0.9665226657534308,TOP5_FOR_RECORD;TOP_CROSS_SPLIT,127193,157193,127193,157193,-88,-0.029333333333333333,88,0.9020834373972266,29912,0.8860921882235939,0.862289314056024,0.9649562539511625,0.9044459187435935,0.862289314056024,0.9649562539511625,0.10266693989513842,0.4371591958461056,0.3324530395408651,0.9820003417673326,1.002985843798078,0.9904032414427151,MEASURED_PENDING_REVIEW,NONE,171
trimMA342_1200rpm_A__D_01,trimMA342_1200rpm_A__D_03,test,train,True,0,0,A__D,A__D,1.466671396552743,TOP5_FOR_RECORD,127193,157193,127193,157193,-122,-0.04066666666666666,122,0.9003111870655157,29878,0.8766010595593305,0.8668062341781262,0.9681577253477213,0.903855006361726,0.8668062341781262,0.9681577253477213,0.10135149116959508,0.4385088223474508,0.3338015702646511,1.0022637056595785,0.9810132154596841,0.9464773252241071,MEASURED_PENDING_REVIEW,NONE,172
trimMA342_1200rpm_A__Dvv_09,trimMA342_1200rpm_Avv__D_08,train,train,False,4,3,A__Dvv,Avv__D,1.1252973580220704,TOP5_FOR_RECORD,127193,157193,127193,157193,102,0.034,102,0.9002497221098086,29898,0.894275064408907,0.8534237507624819,0.9638077280704257,0.9038355144139382,0.8534237507624819,0.9638077280704257,0.1103839773079438,0.43855327062071364,0.3354448113509698,0.989271281427771,1.0214544685363665,0.9751337455769852,MEASURED_PENDING_REVIEW,NONE,173
trimMA342_1200rpm_A__Dvv_06,trimMA342_1200rpm_Avv__D_01,validation,validation,False,4,3,A__Dvv,Avv__D,1.0451283027023148,TOP5_FOR_RECORD,127193,157193,127193,157193,155,0.051666666666666666,155,0.8989928894296598,29845,0.8759544160727876,0.872011761462262,0.9632902980662752,0.903752158533775,0.872011761462262,0.9632902980662752,0.0912785366040132,0.43874329958695757,0.33706150704594756,0.9759037891815822,1.0167461104612743,0.9696559809291712,MEASURED_PENDING_REVIEW,NONE,174
trimMA342_1200rpm_Avv__Dvv_07,trimMA342_1200rpm_Avv__Dvv_12,validation,train,True,5,5,Avv__Dvv,Avv__Dvv,1.0356515425480315,TOP5_FOR_RECORD,127193,157193,127193,157193,94,0.03133333333333333,94,0.9004691654749827,29906,0.892936136643696,0.8475376253975604,0.969317716762559,0.9032638262679384,0.8475376253975604,0.969317716762559,0.12178009136499857,0.4398549163805298,0.33194026953798933,0.997216209278678,1.0295421295150304,1.030268976784611,MEASURED_PENDING_REVIEW,NONE,175
trimMA342_1200rpm_Avv__Dvv_03,trimMA342_1200rpm_AW__D_07,train,train,False,5,1,Avv__Dvv,AW__D,0.9933083319703424,TOP5_FOR_RECORD,127193,157193,127193,157193,13,0.004333333333333333,13,0.902522832608032,29987,0.8878498920408787,0.8691632397538345,0.9522764671410584,0.9030965329785904,0.8691632397538345,0.9522764671410584,0.08311322738722393,0.44023508951788365,0.3418113352158019,1.0085165311837454,0.9821420863553912,1.000294240922488,MEASURED_PENDING_REVIEW,NONE,176
trimMA342_1200rpm_A__Dvv_06,trimMA342_1200rpm_A__Dvv_15,validation,train,True,4,4,A__Dvv,A__Dvv,0.9091656775693264,TOP5_FOR_RECORD;TOP_CROSS_SPLIT;TOP_GLOBAL,127193,157193,127193,157193,5,0.0016666666666666668,5,0.9028373317001782,29995,0.9094352256695509,0.8415586603402828,0.9577746555064776,0.9029228471721038,0.8415586603402828,0.9577746555064776,0.11621599516619474,0.44062944256573866,0.3369516599663488,1.0155455784222187,0.9831583376895956,1.0006247257391017,MEASURED_PENDING_REVIEW,NONE,177
trimMA342_1200rpm_A__DW_05,trimMA342_1200rpm_A__DW_13,train,train,False,2,2,A__DW,A__DW,1.0210190236646122,TOP5_FOR_RECORD,127193,157193,127193,157193,225,0.075,225,0.8960618729827724,29775,0.8927453850776614,0.8465724185918118,0.9694054408748679,0.902907748181447,0.8465724185918118,0.9694054408748679,0.12283302228305615,0.4406637081007533,0.33302466697778316,1.0232441296278418,1.032683433764161,1.0151306950743997,MEASURED_PENDING_REVIEW,NONE,178
trimMA342_1200rpm_A__D_09,trimMA342_1200rpm_A__D_13,train,test,True,0,0,A__D,A__D,1.0201583430944925,TOP5_FOR_RECORD,127193,157193,127193,157193,25,0.008333333333333333,25,0.902210877955251,29975,0.8670382387579388,0.87667787936029,0.9647969846981644,0.9028377009387977,0.8670382387579388,0.9647969846981644,0.0977587459402256,0.4408226379422952,0.33852649122377837,0.9874026821243082,0.9998714867688939,1.0026589027679127,MEASURED_PENDING_REVIEW,NONE,179
trimMA342_1200rpm_A__DW_12,trimMA342_1200rpm_A__DW_15,train,validation,True,2,2,A__DW,A__DW,0.954922909279384,TOP5_FOR_RECORD;TOP_CROSS_SPLIT,127193,157193,127193,157193,355,0.11833333333333333,355,0.891470769472123,29645,0.8838487646017039,0.8528913653427783,0.9705301422733971,0.9024234240726264,0.8528913653427783,0.9705301422733971,0.11763877693061875,0.44176141960875864,0.33442664587097015,1.012928624905224,0.9997716104888069,1.0058593656403223,MEASURED_PENDING_REVIEW,NONE,180
trimMA342_1200rpm_Avv__Dvv_06,trimMA342_1200rpm_Avv__Dvv_09,test,validation,True,5,5,Avv__Dvv,Avv__Dvv,1.0945495745748532,TOP5_FOR_RECORD,127193,157193,127193,157193,363,0.121,363,0.8916147070167751,29637,0.899731685489387,0.8370730351105358,0.9704205300194332,0.9024084168731186,0.8370730351105358,0.9704205300194332,0.1333474949088974,0.441795389579569,0.3250000580365629,1.0183226343235035,0.9927329558161663,1.011263838683763,MEASURED_PENDING_REVIEW,NONE,181
trimMA342_1200rpm_A__D_01,trimMA342_1200rpm_A__D_07,test,train,True,0,0,A__D,A__D,1.4229070621679225,TOP5_FOR_RECORD,127193,157193,127193,157193,-143,-0.04766666666666667,143,0.8977269316883433,29857,0.8916463995991091,0.8480569036318613,0.966704486323484,0.9021359298514847,0.8480569036318613,0.966704486323484,0.11864758269162279,0.4424117316448907,0.3359017815323843,0.9957973133035443,0.97743032495627,0.9419356409041116,MEASURED_PENDING_REVIEW,NONE,182
trimMA342_1200rpm_Avv__D_04,trimMA342_1200rpm_Avv__D_05,validation,train,True,3,3,Avv__D,Avv__D,0.8585998892203476,TOP5_FOR_RECORD;TOP_CROSS_SPLIT;TOP_GLOBAL,127193,157193,127193,157193,-203,-0.06766666666666667,203,0.895684943915081,29797,0.8686092211404132,0.8704583228939813,0.9672787985252652,0.9021154475198866,0.8686092211404132,0.9672787985252652,0.09866957738485205,0.44245802621291325,0.3364671422365336,0.9932690686469619,1.0113665549587205,1.0140351429118515,MEASURED_PENDING_REVIEW,NONE,183
trimMA342_1200rpm_AW__D_10,trimMA342_1200rpm_AW__D_12,validation,train,True,1,1,AW__D,AW__D,0.9797495351412538,TOP5_FOR_RECORD;TOP_CROSS_SPLIT,127193,157193,127193,157193,185,0.06166666666666667,185,0.8967305781043965,29815,0.8561816644962621,0.8839094322096803,0.9657179911607011,0.9019363626222145,0.8561816644962621,0.9657179911607011,0.10953632666443902,0.442862591280379,0.3399528506150447,1.006087271294934,0.9764019776757186,1.0138036206406444,MEASURED_PENDING_REVIEW,NONE,184
trimMA342_1200rpm_Avv__Dvv_02,trimMA342_1200rpm_Avv__Dvv_12,train,train,False,5,5,Avv__Dvv,Avv__Dvv,0.9141423969201216,TOP5_FOR_RECORD;TOP_GLOBAL,127193,157193,127193,157193,-23,-0.007666666666666666,23,0.9012183247655386,29977,0.887004199547396,0.8569328109904206,0.9612433666860076,0.9017267924079414,0.8569328109904206,0.9612433666860076,0.104310555695587,0.44333555596649177,0.3413559860019427,0.9947856417074044,1.0007413165770098,0.9990686278116774,MEASURED_PENDING_REVIEW,NONE,185
trimMA342_1200rpm_Avv__Dvv_11,trimMA342_1200rpm_Avv__Dvv_12,validation,train,True,5,5,Avv__Dvv,Avv__Dvv,0.8872743305582382,TOP5_FOR_RECORD;TOP_CROSS_SPLIT;TOP_GLOBAL,127193,157193,127193,157193,-65,-0.021666666666666667,65,0.9000402982319146,29935,0.881766571316163,0.8586238177134412,0.9647899870714648,0.9017267920336897,0.8586238177134412,0.9647899870714648,0.10616616935802359,0.44333555681066317,0.3358496107602441,0.9838380308964455,1.003392423114026,0.997339352117473,MEASURED_PENDING_REVIEW,NONE,186
trimMA342_1200rpm_A__Dvv_02,trimMA342_1200rpm_Avv__Dvv_12,test,train,True,4,5,A__Dvv,Avv__Dvv,1.0288681747564117,TOP5_FOR_RECORD,127193,157193,127193,157193,-127,-0.042333333333333334,127,0.8981878173500322,29873,0.8734661363507857,0.8719692852250333,0.9590975644866073,0.9015109953541421,0.8719692852250333,0.9590975644866073,0.08712827926157407,0.4438220468743252,0.3431575359857345,0.9891095047777588,0.9957359411117029,1.0097346886408827,MEASURED_PENDING_REVIEW,NONE,187
trimMA342_1200rpm_Avv__D_02,trimMA342_1200rpm_Avv__D_14,train,validation,True,3,3,Avv__D,Avv__D,1.0675606763718242,TOP5_FOR_RECORD,127193,157193,127193,157193,345,0.115,345,0.8913656476114111,29655,0.8638374408784294,0.8792825392165633,0.9608285817294672,0.90131618727482,0.8638374408784294,0.9608285817294672,0.09699114085103777,0.4442607628976044,0.3423620248928296,1.0058621465909403,0.9891084600238431,1.0270494420527019,MEASURED_PENDING_REVIEW,NONE,188
trimMA342_1200rpm_Avv__Dvv_02,trimMA342_1200rpm_Avv__Dvv_14,train,test,True,5,5,Avv__Dvv,Avv__Dvv,0.9763456621520176,TOP5_FOR_RECORD;TOP_CROSS_SPLIT,127193,157193,127193,157193,167,0.05566666666666667,167,0.896071739098736,29833,0.8898945340793858,0.8459545728457695,0.967851852947792,0.9012336532909825,0.8459545728457695,0.967851852947792,0.1218972801020225,0.44444650231274846,0.328314706977876,1.0125818946258696,0.987839137746825,0.991806749577752,MEASURED_PENDING_REVIEW,NONE,189
trimMA342_1200rpm_A__D_02,trimMA342_1200rpm_A__D_07,validation,train,True,0,0,A__D,A__D,1.192792564377304,TOP5_FOR_RECORD,127193,157193,127193,157193,-23,-0.007666666666666666,23,0.9000366669905883,29977,0.8843905987764789,0.8547496216235972,0.9633535549094849,0.9008312584365203,0.8547496216235972,0.9633535549094849,0.10860393328588769,0.44535096623557385,0.33911012856111633,1.0038445037010624,1.0061429239709139,0.9701907749932932,MEASURED_PENDING_REVIEW,NONE,190
trimMA342_1200rpm_A__Dvv_09,trimMA342_1200rpm_AW__D_10,train,validation,True,4,1,A__Dvv,AW__D,0.9672223704610272,TOP_CROSS_SPLIT,127193,157193,127193,157193,437,0.14566666666666667,437,0.8876822448229792,29563,0.9040805345068683,0.8344457259009583,0.9635797729256632,0.9007020111111633,0.8344457259009583,0.9635797729256632,0.12913404702470488,0.4456410862764706,0.33924877163353,1.0093495807406136,1.0151722545776103,1.0180008108855845,MEASURED_PENDING_REVIEW,NONE,191
trimMA342_1200rpm_A__Dvv_06,trimMA342_1200rpm_Avv__Dvv_12,validation,train,True,4,5,A__Dvv,Avv__Dvv,0.791435504147345,TOP5_FOR_RECORD;TOP_CROSS_SPLIT;TOP_GLOBAL,127193,157193,127193,157193,295,0.09833333333333333,295,0.8918134751197156,29705,0.8661749174413809,0.8731750749757291,0.9624158187516313,0.9005886037229138,0.8661749174413809,0.9624158187516313,0.09624090131025043,0.44589549510414817,0.3436682130143985,1.017101169452892,1.0162376231706236,1.0281471111099747,MEASURED_PENDING_REVIEW,NONE,192
trimMA342_1200rpm_Avv__D_13,trimMA342_1200rpm_Avv__D_15,test,train,True,3,3,Avv__D,Avv__D,1.1277072682271687,TOP5_FOR_RECORD,127194,157194,127193,157193,-185,-0.06166666666666667,185,0.8951983284147159,29815,0.8737399309575876,0.8758627445816832,0.9521365628028783,0.9005797461140497,0.8737399309575876,0.9521365628028783,0.07839663184529067,0.4459153594258684,0.34119484077454104,0.9968894520219854,0.9907636655757135,0.9991637177613062,MEASURED_PENDING_REVIEW,NONE,193
trimMA342_1200rpm_Avv__D_11,trimMA342_1200rpm_AW__D_10,train,validation,True,3,1,Avv__D,AW__D,0.955015688836168,TOP_CROSS_SPLIT,127193,157193,127193,157193,-26,-0.008666666666666666,26,0.8998278394129434,29974,0.8580395718122453,0.8892507852620702,0.9541821624751944,0.9004908398498367,0.8580395718122453,0.9541821624751944,0.09614259066294906,0.4461146941094025,0.34447442300231795,1.0367299620129378,1.0061655724271739,1.0612507037869103,MEASURED_PENDING_REVIEW,NONE,194
trimMA342_1200rpm_A__D_13,trimMA342_1200rpm_A__D_14,test,test,False,0,0,A__D,A__D,0.9061192397287274,TOP5_FOR_RECORD;TOP_GLOBAL,127193,157193,127195,157195,-312,-0.104,312,0.8914195376445081,29688,0.8792920534091487,0.855944218718144,0.965702692495461,0.9003129882075847,0.855944218718144,0.965702692495461,0.10975847377731707,0.4465131841108738,0.3397887464783708,1.0115368369549376,1.017020065803133,0.9995133657618867,MEASURED_PENDING_REVIEW,NONE,195
trimMA342_1200rpm_AW__D_03,trimMA342_1200rpm_AW__D_09,train,validation,True,1,1,AW__D,AW__D,1.0435355609822,TOP5_FOR_RECORD,127193,157193,127193,157193,-41,-0.013666666666666667,41,0.8984204741477534,29959,0.8813061450366892,0.8556621206611638,0.9635122968459777,0.9001601875146102,0.8556621206611638,0.9635122968459777,0.10785017618481396,0.4468552617691543,0.34323836159099086,0.9929261249294136,1.0207594022724227,1.0095348627605691,MEASURED_PENDING_REVIEW,NONE,196
trimMA342_1200rpm_A__Dvv_08,trimMA342_1200rpm_Avv__D_15,validation,train,True,4,3,A__Dvv,Avv__D,1.0411482864350676,TOP5_FOR_RECORD,127193,157193,127193,157193,122,0.04066666666666666,122,0.8961393780887561,29878,0.8844088023095976,0.8624761765807809,0.9529776377704839,0.8999542055536208,0.8624761765807809,0.9529776377704839,0.09050146118970304,0.44731598327441807,0.3476326650492004,0.9815843968198456,1.0041145106179368,0.9824814423109818,MEASURED_PENDING_REVIEW,NONE,197
trimMA342_1200rpm_A__Dvv_12,trimMA342_1200rpm_Avv__D_11,train,train,False,4,3,A__Dvv,Avv__D,0.9779564310667326,TOP5_FOR_RECORD,127193,157193,127193,157193,140,0.04666666666666667,140,0.8957234513059307,29860,0.8773160427565768,0.8696492676339332,0.9528836838358167,0.8999496647421089,0.8696492676339332,0.9528836838358167,0.08323441620188343,0.4473261343983625,0.346636547478569,0.9814430443603475,0.9992728541579255,0.9605584898047298,MEASURED_PENDING_REVIEW,NONE,198
trimMA342_1200rpm_A__Dvv_02,trimMA342_1200rpm_Avv__D_11,test,train,True,4,3,A__Dvv,Avv__D,1.0054778462308849,TOP5_FOR_RECORD,127193,157193,127193,157193,-299,-0.09966666666666667,299,0.8915855125596911,29701,0.8689489584657187,0.8734448417294483,0.9572565067339797,0.8998834356430488,0.8689489584657187,0.9572565067339797,0.08830754826826093,0.4474741654150582,0.34695672544138517,0.9673469353704189,0.9884426733089395,0.9526597204697003,MEASURED_PENDING_REVIEW,NONE,199
trimMA342_1200rpm_A__Dvv_13,trimMA342_1200rpm_A__Dvv_14,train,test,True,4,4,A__Dvv,A__Dvv,0.9501899331744416,TOP5_FOR_RECORD;TOP_CROSS_SPLIT,127195,157195,127193,157193,-318,-0.106,318,0.8904456415945478,29682,0.8772009247460975,0.8545517956359763,0.9668317782987238,0.8995281662269324,0.8545517956359763,0.9668317782987238,0.11227998266274752,0.4482674062946512,0.34021639497608824,1.0078920700170153,0.98374641519971,1.0109910617136595,MEASURED_PENDING_REVIEW,NONE,200
trimMA342_1200rpm_A__Dvv_04,trimMA342_1200rpm_A__Dvv_07,train,train,False,4,4,A__Dvv,A__Dvv,1.043395757487813,TOP5_FOR_RECORD,127193,157193,127193,157193,-303,-0.101,303,0.8903363815845499,29697,0.8642588797919722,0.8730050385539982,0.9606735464566724,0.8993124882675475,0.8642588797919722,0.9606735464566724,0.09641466666470011,0.4487482851943881,0.34433910404676443,0.9821178912240275,1.0000717750893053,0.9895803861173295,MEASURED_PENDING_REVIEW,NONE,201
trimMA342_1200rpm_A__Dvv_02,trimMA342_1200rpm_A__Dvv_03,test,validation,True,4,4,A__Dvv,A__Dvv,1.022449579303803,TOP5_FOR_RECORD,127193,157193,127194,157194,5,0.0016666666666666668,5,0.8987482967416499,29995,0.8500972659479499,0.8927209847818578,0.9539955068532686,0.8989379191943588,0.8500972659479499,0.9539955068532686,0.10389824090531874,0.4495822078455531,0.3500139860160293,0.9967933929037286,0.9908421141478552,1.0121364402549158,MEASURED_PENDING_REVIEW,NONE,202
trimMA342_1200rpm_A__D_00,trimMA342_1200rpm_A__D_02,train,validation,True,0,0,A__D,A__D,1.3073158105042142,TOP5_FOR_RECORD,127193,157193,127193,157193,467,0.15566666666666668,467,0.8848902765830499,29533,0.8963009814067187,0.8319509816303715,0.968473007638126,0.8989083235584054,0.8319509816303715,0.968473007638126,0.13652202600775454,0.44964803222430433,0.3330757357612946,0.9909102644827891,0.9763491177233141,0.9544546116724884,MEASURED_PENDING_REVIEW,NONE,203
trimMA342_1200rpm_Avv__Dvv_00,trimMA342_1200rpm_Avv__Dvv_12,test,train,True,5,5,Avv__Dvv,Avv__Dvv,0.9749634091408176,TOP_CROSS_SPLIT,127193,157193,127193,157193,-289,-0.09633333333333334,289,0.8899426181302516,29711,0.8539914312669643,0.8911327925534347,0.9508526701388781,0.8986589646530924,0.8539914312669643,0.9508526701388781,0.09686123887191378,0.4502022553184456,0.3516558559647159,0.9706865697372761,1.0147487427731918,0.9781740270011069,MEASURED_PENDING_REVIEW,NONE,204
trimMA342_1200rpm_A__Dvv_10,trimMA342_1200rpm_Avv__D_11,test,train,True,4,3,A__Dvv,Avv__D,1.0576268539055158,TOP5_FOR_RECORD,127193,157193,127193,157193,-19,-0.006333333333333333,19,0.8980262315138657,29981,0.8569826690456394,0.8851036302716802,0.9536839901609157,0.898590096492745,0.8569826690456394,0.9536839901609157,0.0967013211152763,0.4503552009408891,0.3494294048860698,0.9790073814963137,1.0096163484557237,0.968803138021056,MEASURED_PENDING_REVIEW,NONE,205
trimMA342_1200rpm_A__D_11,trimMA342_1200rpm_A__D_13,train,test,True,0,0,A__D,A__D,0.9188233565684016,TOP5_FOR_RECORD;TOP_CROSS_SPLIT;TOP_GLOBAL,127193,157193,127193,157193,-361,-0.12033333333333333,361,0.8874142164819933,29639,0.8517830088539525,0.8816688040974092,0.9619811633889191,0.8984776587800937,0.8517830088539525,0.9619811633889191,0.11019815453496662,0.450604796290289,0.34607069990374256,0.9864167058552737,0.9913814123216965,0.9642144247941021,MEASURED_PENDING_REVIEW,NONE,206
trimMA342_1200rpm_A__Dvv_04,trimMA342_1200rpm_A__Dvv_05,train,train,False,4,4,A__Dvv,A__Dvv,1.0314816820253343,TOP5_FOR_RECORD,127193,157193,127193,157193,370,0.12333333333333334,370,0.8868611299562176,29630,0.8744104808694545,0.8554479527988329,0.9653899748915838,0.8984161361866237,0.8554479527988329,0.9653899748915838,0.10994202209275095,0.45074130898637715,0.3431823232846846,0.9932513379071024,1.022274765387635,0.9916726962734713,MEASURED_PENDING_REVIEW,NONE,207
trimMA342_1200rpm_AW__D_02,trimMA342_1200rpm_AW__D_05,train,test,True,1,1,AW__D,AW__D,1.0286780072962176,TOP5_FOR_RECORD,127193,157193,127193,157193,297,0.099,297,0.8896527616767816,29703,0.885130974735778,0.8454260299667069,0.9646051410501078,0.8983873819175309,0.8454260299667069,0.9646051410501078,0.11917911108340085,0.45080509775837546,0.3411926245113208,1.012638558475249,0.9876849049293475,0.9995872908149388,MEASURED_PENDING_REVIEW,NONE,208
trimMA342_1200rpm_AW__D_12,trimMA342_1200rpm_AW__D_14,train,train,False,1,1,AW__D,AW__D,1.0118925417706208,TOP5_FOR_RECORD,127193,157193,127193,157193,-78,-0.026,78,0.8954719714190119,29922,0.8542110998320894,0.8805808528444086,0.9586245772661613,0.8978055099808865,0.8542110998320894,0.9586245772661613,0.10441347743407192,0.45209399469383194,0.3490315589084031,1.0073577862604841,1.0350032254505421,0.9664664551514558,MEASURED_PENDING_REVIEW,NONE,209
trimMA342_1200rpm_A__Dvv_06,trimMA342_1200rpm_A__Dvv_11,validation,validation,False,4,4,A__Dvv,A__Dvv,1.0844376023977578,TOP5_FOR_RECORD,127193,157193,127195,157195,0,0.0,0,0.8977373772561067,30000,0.8649122202294816,0.8622806930708713,0.9660192184679666,0.8977373772561065,0.8622806930708713,0.9660192184679666,0.10373852539709527,0.45224467436088944,0.3454371811668361,1.0289817552640335,1.03323093512404,1.0035061084925747,MEASURED_PENDING_REVIEW,NONE,210
trimMA342_1200rpm_A__Dvv_03,trimMA342_1200rpm_A__Dvv_13,validation,train,True,4,4,A__Dvv,A__Dvv,1.009839379345499,TOP5_FOR_RECORD,127194,157194,127195,157195,-408,-0.136,408,0.8847868176406011,29592,0.8740972089192031,0.8536343250078634,0.9654408221416725,0.8977241186895797,0.8536343250078634,0.9654408221416725,0.11180649713380908,0.452273990652614,0.344098923682145,0.9870740405694463,1.0108829818457667,0.9734860347567762,MEASURED_PENDING_REVIEW,NONE,211
trimMA342_1200rpm_A__D_02,trimMA342_1200rpm_A__D_08,validation,test,True,0,0,A__D,A__D,1.1759423944206366,TOP5_FOR_RECORD,127193,157193,127193,157193,420,0.14,420,0.8848895513404454,29580,0.851233704913435,0.8867055401717826,0.9548929649563539,0.8976107366805238,0.851233704913435,0.9548929649563539,0.10365926004291892,0.4525246144011972,0.3511889424388351,1.002663591396411,0.9893451954810343,0.9659452426334325,MEASURED_PENDING_REVIEW,NONE,212
trimMA342_1200rpm_A__Dvv_06,trimMA342_1200rpm_Avv__D_11,validation,train,True,4,3,A__Dvv,Avv__D,0.8903944258587655,TOP5_FOR_RECORD;TOP_CROSS_SPLIT;TOP_GLOBAL,127193,157193,127193,157193,123,0.041,123,0.8934852043977678,29877,0.8557217641021914,0.8784335210608396,0.9583431281416229,0.8974994711015513,0.8557217641021914,0.9583431281416229,0.10262136403943156,0.45277042504662,0.3452047917782921,0.9950448509309859,1.0085573414111761,0.9701364967240869,MEASURED_PENDING_REVIEW,NONE,213
trimMA342_1200rpm_A__DW_05,trimMA342_1200rpm_A__DW_07,train,test,True,2,2,A__DW,A__DW,1.0978222937089983,TOP5_FOR_RECORD,127193,157193,127193,157193,-68,-0.02266666666666667,68,0.8953626568732894,29932,0.8831131032294254,0.8360491098793379,0.9731706348408207,0.8974442826498613,0.8360491098793379,0.9731706348408207,0.13712152496148278,0.4528922992282788,0.3370207547569668,1.005814366282236,1.0236323863625554,1.0061030997607088,MEASURED_PENDING_REVIEW,NONE,214
trimMA342_1200rpm_AW__D_03,trimMA342_1200rpm_AW__D_06,train,test,True,1,1,AW__D,AW__D,0.9692054793108452,TOP5_FOR_RECORD;TOP_CROSS_SPLIT,127193,157193,127193,157193,40,0.013333333333333334,40,0.8963835528238917,29960,0.8662609209725921,0.8630651467382121,0.962913641272666,0.8974132363278233,0.8630651467382121,0.962913641272666,0.09984849453445388,0.4529608452662905,0.34729474318653697,0.991693783437606,1.0029448353482726,1.0170457819371865,MEASURED_PENDING_REVIEW,NONE,215
trimMA342_1200rpm_A__Dvv_04,trimMA342_1200rpm_Avv__D_00,train,test,True,4,3,A__Dvv,Avv__D,1.1759989801465551,TOP5_FOR_RECORD,127193,157193,127193,157193,15,0.005,15,0.8969380605764181,29985,0.8538946577696802,0.8839475022959805,0.9542608221862556,0.8973676607506388,0.8538946577696802,0.9542608221862556,0.10036616441657542,0.45306145112856594,0.3518436472647746,0.966273041067513,0.9981012194936074,0.9590609262317955,MEASURED_PENDING_REVIEW,NONE,216
trimMA342_1200rpm_Avv__Dvv_04,trimMA342_1200rpm_Avv__Dvv_15,train,train,False,5,5,Avv__Dvv,Avv__Dvv,1.0718370718934251,TOP5_FOR_RECORD,127193,157193,127193,157193,-213,-0.071,213,0.8909707701136681,29787,0.8676957215335097,0.86908574529211,0.9552695296688509,0.8973503321648235,0.8676957215335097,0.9552695296688509,0.08757380813534121,0.4530996972746208,0.35153075975298786,0.9795604815398146,0.9855531959738277,0.9614253368326389,MEASURED_PENDING_REVIEW,NONE,217
trimMA342_1200rpm_Avv__D_03,trimMA342_1200rpm_Avv__D_06,train,test,True,3,3,Avv__D,Avv__D,0.9442258043546414,TOP5_FOR_RECORD;TOP_CROSS_SPLIT,127193,157193,127196,157196,333,0.111,333,0.8875012364379007,29667,0.8612768181533743,0.8688726828636384,0.9612285027386975,0.8971260012519034,0.8612768181533743,0.9612285027386975,0.09995168458532322,0.4535945298349544,0.34829529130483255,1.0116598480849628,0.9898315649704675,1.0079166254090803,MEASURED_PENDING_REVIEW,NONE,218
trimMA342_1200rpm_Avv__D_04,trimMA342_1200rpm_Avv__D_11,validation,train,True,3,3,Avv__D,Avv__D,0.9164362647899628,TOP5_FOR_RECORD;TOP_CROSS_SPLIT;TOP_GLOBAL,127193,157193,127193,157193,317,0.10566666666666667,317,0.8877656235393322,29683,0.866481455397706,0.8691735085593438,0.9555232452476984,0.8970594030682495,0.866481455397706,0.9555232452476984,0.08904178984999234,0.4537413292433287,0.35103999156189797,0.9772822006534368,1.0074062771260122,0.9900224665376334,MEASURED_PENDING_REVIEW,NONE,219
trimMA342_1200rpm_A__DW_07,trimMA342_1200rpm_A__DW_10,test,test,False,2,2,A__DW,A__DW,1.0793917771262855,TOP5_FOR_RECORD,127193,157193,127193,157193,-3,-0.001,3,0.8970003333436888,29997,0.8628255136129611,0.8666726002463548,0.9616418768933374,0.8970466635842178,0.8628255136129611,0.9616418768933374,0.09881636328037624,0.45376940490910583,0.3474502999027626,1.0042734613967215,1.003207022690812,1.0050730696623116,MEASURED_PENDING_REVIEW,NONE,220
trimMA342_1200rpm_A__Dvv_14,trimMA342_1200rpm_Avv__D_02,test,train,True,4,3,A__Dvv,Avv__D,0.9548546917845032,TOP5_FOR_RECORD;TOP_CROSS_SPLIT,127193,157193,127193,157193,-376,-0.12533333333333332,376,0.886465946526919,29624,0.8732587015870785,0.8600681878423577,0.9575459060597628,0.8969575984963997,0.8600681878423577,0.9575459060597628,0.09747771821740503,0.4539656407782429,0.3495054907295389,0.972434197296596,1.000576069959916,0.9542180712180554,MEASURED_PENDING_REVIEW,NONE,221
trimMA342_1200rpm_Avv__D_01,trimMA342_1200rpm_Avv__D_10,validation,train,True,3,3,Avv__D,Avv__D,1.0644346351579197,TOP5_FOR_RECORD,127193,157193,127194,157194,-253,-0.08433333333333333,253,0.8891218429009395,29747,0.8818411749161977,0.8568969004007089,0.9511371349156741,0.8966250700775268,0.8568969004007089,0.9511371349156741,0.09424023451496522,0.4546975476566225,0.3482016351183807,1.0389981329852305,0.9660767889010234,1.0165906066387036,MEASURED_PENDING_REVIEW,NONE,222
trimMA342_1200rpm_A__D_00,trimMA342_1200rpm_A__D_06,train,train,False,0,0,A__D,A__D,1.4439465008031658,TOP5_FOR_RECORD,127193,157193,127193,157193,221,0.07366666666666667,221,0.8902469907730571,29779,0.8694572792425822,0.8537536537703819,0.9665485194172135,0.8965864841433926,0.8537536537703819,0.9665485194172135,0.11279486564683161,0.45478240039959045,0.34472633463430863,0.9881696337895248,0.9760648867198262,0.935270557963902,MEASURED_PENDING_REVIEW,NONE,223
trimMA342_1200rpm_A__DW_05,trimMA342_1200rpm_A__DW_10,train,test,True,2,2,A__DW,A__DW,0.937938559818534,TOP5_FOR_RECORD;TOP_CROSS_SPLIT,127193,157193,127193,157193,386,0.12866666666666668,386,0.8845698761776625,29614,0.8825781910932564,0.8479981355199864,0.958558300616375,0.8963782090765392,0.8479981355199864,0.958558300616375,0.11056016509638866,0.4552401364630779,0.35173677744503384,1.010318757522463,1.0274743809685478,1.0108871912234347,MEASURED_PENDING_REVIEW,NONE,224
trimMA342_1200rpm_A__DW_07,trimMA342_1200rpm_A__DW_08,test,train,True,2,2,A__DW,A__DW,1.1078365375841857,TOP5_FOR_RECORD,127193,157193,127193,157193,-127,-0.042333333333333334,127,0.8921284780313622,29873,0.9035117889152959,0.8308662245080548,0.9538046031852907,0.8960608722028806,0.8308662245080548,0.9538046031852907,0.1229383786772359,0.45593667936922805,0.3516761070918551,1.009093789060835,0.9787656475295596,0.9947200542420228,MEASURED_PENDING_REVIEW,NONE,225
trimMA342_1200rpm_A__Dvv_07,trimMA342_1200rpm_A__Dvv_09,train,train,False,4,4,A__Dvv,A__Dvv,0.995880210555736,TOP5_FOR_RECORD,127193,157193,127193,157193,583,0.19433333333333333,583,0.878554113988641,29417,0.8953263271151425,0.8290054699994783,0.9638354655920987,0.8960557542355732,0.8290054699994783,0.9638354655920987,0.13482999559262032,0.4559479044023034,0.3448477942212796,1.0092449051758228,1.0034085986560144,1.01420883847445,MEASURED_PENDING_REVIEW,NONE,226
trimMA342_1200rpm_AW__D_13,trimMA342_1200rpm_AW__D_15,test,validation,True,1,1,AW__D,AW__D,1.05876687710357,TOP5_FOR_RECORD,127193,157193,127193,157193,-156,-0.052,156,0.8910952197404818,29844,0.866218665163227,0.8621607469833001,0.9594871941575215,0.8959555354346828,0.8621607469833001,0.9594871941575215,0.09732644717422134,0.456167654629999,0.35277307071588104,1.008038318425545,1.0068758727086722,0.9973915925189498,MEASURED_PENDING_REVIEW,NONE,227
trimMA342_1200rpm_Avv__D_03,trimMA342_1200rpm_Avv__D_04,train,validation,True,3,3,Avv__D,Avv__D,0.9815075791830324,TOP5_FOR_RECORD;TOP_CROSS_SPLIT,127193,157193,127193,157193,-283,-0.09433333333333334,283,0.8876351919475708,29717,0.8533401364065186,0.8731660471427917,0.9613516405874915,0.8959526080456005,0.8533401364065186,0.9613516405874915,0.10801150418097283,0.4561740719383314,0.35003356805384284,1.0076185831018045,1.0038760477487774,0.9999827801640733,MEASURED_PENDING_REVIEW,NONE,228
trimMA342_1200rpm_AW__D_02,trimMA342_1200rpm_AW__D_04,train,train,False,1,1,AW__D,AW__D,0.9141604797339722,TOP5_FOR_RECORD;TOP_GLOBAL,127193,157193,127193,157193,-313,-0.10433333333333333,313,0.8867800614493987,29687,0.88120590048364,0.8363507031778432,0.970052754954822,0.8958697862054351,0.8363507031778432,0.970052754954822,0.1337020517769788,0.4563555933579982,0.3428190938732502,0.9881130394580409,1.001771456407109,1.003042861346843,MEASURED_PENDING_REVIEW,NONE,229
trimMA342_1200rpm_A__D_10,trimMA342_1200rpm_A__D_13,train,test,True,0,0,A__D,A__D,0.8918281871016728,TOP5_FOR_RECORD;TOP_CROSS_SPLIT;TOP_GLOBAL,127193,157193,127193,157193,-155,-0.051666666666666666,155,0.8910134936100939,29845,0.8628774721597156,0.865765139473619,0.9588100259075605,0.895817545846965,0.8628774721597156,0.9588100259075605,0.09593255374784493,0.4564700519268149,0.3503150198419201,0.9821850152304078,1.0204534410082886,0.9766839916524257,MEASURED_PENDING_REVIEW,NONE,230
trimMA342_1200rpm_Avv__Dvv_10,trimMA342_1200rpm_Avv__Dvv_12,test,train,True,5,5,Avv__Dvv,Avv__Dvv,0.935588982425227,TOP5_FOR_RECORD;TOP_CROSS_SPLIT,127193,157193,127193,157193,33,0.011,33,0.8938045537013628,29967,0.8832186802682954,0.8424778321535227,0.9588050629263442,0.8948338584493873,0.8424778321535227,0.9588050629263442,0.11632723077282148,0.45861997677949534,0.3527023714926836,0.9815628042018912,1.0111597682690874,1.005011250398844,MEASURED_PENDING_REVIEW,NONE,231
trimMA342_1200rpm_A__Dvv_11,trimMA342_1200rpm_A__Dvv_13,validation,train,True,4,4,A__Dvv,A__Dvv,1.0214425258106277,TOP5_FOR_RECORD,127195,157195,127195,157195,-731,-0.24366666666666667,731,0.8725330812656179,29269,0.8932621506325519,0.8305428751296808,0.9606400189731683,0.8948150149118005,0.8305428751296808,0.9606400189731683,0.13009714384348747,0.4586610624158086,0.3486267457459437,0.9823350698150135,0.9887614638110287,1.0000552063441634,MEASURED_PENDING_REVIEW,NONE,232
trimMA342_1200rpm_Avv__D_02,trimMA342_1200rpm_Avv__D_11,train,train,False,3,3,Avv__D,Avv__D,0.8470472711694816,TOP5_FOR_RECORD;TOP_GLOBAL,127193,157193,127193,157193,49,0.01633333333333333,49,0.8929231992563064,29951,0.878756868899042,0.8462422977733559,0.9578552258887736,0.8942847975203906,0.8462422977733559,0.9578552258887736,0.11161292811541768,0.45981562061245823,0.35423494381051795,1.0027809204397196,1.0035432186720945,1.0021890597324812,MEASURED_PENDING_REVIEW,NONE,233
trimMA342_1200rpm_AW__D_01,trimMA342_1200rpm_AW__D_06,validation,test,True,1,1,AW__D,AW__D,0.9391717843726344,TOP5_FOR_RECORD;TOP_CROSS_SPLIT,127193,157193,127193,157193,-125,-0.041666666666666664,125,0.8902765720680051,29875,0.8642861377086325,0.8504403085638376,0.9677269957972753,0.8941511473565819,0.8504403085638376,0.9677269957972753,0.11728668723343771,0.4601061891420687,0.34863603490882683,0.9860840585205395,0.9968754010721356,1.0154963959843732,MEASURED_PENDING_REVIEW,NONE,234
trimMA342_1200rpm_Avv__D_05,trimMA342_1200rpm_Avv__D_12,train,test,True,3,3,Avv__D,Avv__D,1.0595894786356552,TOP5_FOR_RECORD,127193,157193,127193,157193,223,0.07433333333333333,223,0.8875910049843633,29777,0.8796356293661134,0.8458009082676041,0.9569806644966171,0.8941390673767783,0.8458009082676041,0.9569806644966171,0.111179756229013,0.46013244315788615,0.3493417605504686,1.0031091806319106,0.9996591676512532,0.9805521235289182,MEASURED_PENDING_REVIEW,NONE,235
trimMA342_1200rpm_A__DW_00,trimMA342_1200rpm_A__DW_01,train,test,True,2,2,A__DW,A__DW,1.0875582440988711,TOP5_FOR_RECORD,127193,157193,127195,157195,32,0.010666666666666666,32,0.8928677289528871,29968,0.8930586899237901,0.8352626435606537,0.9536832193852731,0.8940015176232391,0.8352626435606537,0.9536832193852731,0.1184205758246194,0.4604312812500065,0.35197160352219503,1.0060115607831002,0.978600772932655,0.9883456537962225,MEASURED_PENDING_REVIEW,NONE,236
trimMA342_1200rpm_Avv__Dvv_00,trimMA342_1200rpm_AW__D_10,test,validation,True,5,1,Avv__Dvv,AW__D,0.9655961119937948,TOP5_FOR_RECORD;TOP_CROSS_SPLIT,127193,157193,127193,157193,-31,-0.010333333333333333,31,0.8931185441200249,29969,0.8805719619720908,0.8384123244376045,0.9627445326562412,0.8939096063553121,0.8384123244376045,0.9627445326562412,0.12433220821863666,0.4606308579430772,0.3521616484131063,0.9844452217824714,1.0147205095203098,0.9794869993246139,MEASURED_PENDING_REVIEW,NONE,237
trimMA342_1200rpm_Avv__D_10,trimMA342_1200rpm_Avv__D_15,train,train,False,3,3,Avv__D,Avv__D,0.9794683247847044,TOP5_FOR_RECORD,127194,157194,127193,157193,-3,-0.001,3,0.8936286971198545,29997,0.8806086576994773,0.8571414624875656,0.9433643910876106,0.8937048370915512,0.8571414624875656,0.9433643910876106,0.08622292860004499,0.4610751845598494,0.3594736504249081,0.9797829796934926,1.006908323813384,1.0044641814672084,MEASURED_PENDING_REVIEW,NONE,238
trimMA342_1200rpm_AW__D_04,trimMA342_1200rpm_AW__D_15,train,validation,True,1,1,AW__D,AW__D,1.06511258450228,TOP5_FOR_RECORD,127193,157193,127193,157193,-231,-0.077,231,0.8867993207076611,29769,0.8720282094501469,0.8424133582619794,0.96642903306427,0.8936235335921321,0.8424133582619794,0.96642903306427,0.12401567480229059,0.46125148543471867,0.35029389224188173,0.9928735028091482,1.0002353967170357,0.9877484893799924,MEASURED_PENDING_REVIEW,NONE,239
trimMA342_1200rpm_A__DW_02,trimMA342_1200rpm_A__DW_05,validation,train,True,2,2,A__DW,A__DW,0.944535808219632,TOP5_FOR_RECORD;TOP_CROSS_SPLIT,127193,157193,127193,157193,-385,-0.12833333333333333,385,0.881332131580379,29615,0.8947311973594133,0.819341309483336,0.9664151866196026,0.893495897820784,0.819341309483336,0.9664151866196026,0.14707387713626652,0.4615281187083113,0.3442107537640765,0.9995073478909817,0.9993546741095716,1.0071535150250495,MEASURED_PENDING_REVIEW,NONE,240
trimMA342_1200rpm_A__DW_08,trimMA342_1200rpm_A__DW_10,train,test,True,2,2,A__DW,A__DW,1.0666364613877228,TOP5_FOR_RECORD,127193,157193,127193,157193,124,0.04133333333333333,124,0.8896159521292661,29876,0.8757252933911014,0.8417873196371832,0.9625007192209178,0.8933377774164009,0.8417873196371832,0.9625007192209178,0.12071339958373462,0.46187059352939713,0.3526248569011423,0.9955521980002382,1.0254590632105844,1.0102716095494721,MEASURED_PENDING_REVIEW,NONE,241
trimMA342_1200rpm_AW__D_10,trimMA342_1200rpm_AW__D_11,validation,test,True,1,1,AW__D,AW__D,1.0941957200016923,TOP5_FOR_RECORD,127193,157193,127193,157193,44,0.014666666666666666,44,0.891949823469453,29956,0.8800968000212847,0.832194575338155,0.9675506199384457,0.893280665099295,0.832194575338155,0.9675506199384457,0.13535604460029071,0.46199423135079287,0.34627410872356174,1.0314645930264064,0.9830361762794851,0.9896308189419556,MEASURED_PENDING_REVIEW,NONE,242
trimMA342_1200rpm_A__Dvv_05,trimMA342_1200rpm_Avv__Dvv_03,train,train,False,4,5,A__Dvv,Avv__Dvv,1.0205489614122265,TOP5_FOR_RECORD,127193,157193,127193,157193,234,0.078,234,0.8867294626614007,29766,0.8641266237758534,0.8625503044811669,0.9523862057799152,0.8930210446789785,0.8625503044811669,0.9523862057799152,0.0898359012987483,0.4625558459711047,0.3590201394152502,1.0110266482103407,1.0174919912221168,1.0365603675677022,MEASURED_PENDING_REVIEW,NONE,243
trimMA342_1200rpm_A__Dvv_09,trimMA342_1200rpm_A__Dvv_14,train,test,True,4,4,A__Dvv,A__Dvv,0.9269908856187428,TOP5_FOR_RECORD;TOP_CROSS_SPLIT;TOP_GLOBAL,127193,157193,127193,157193,-415,-0.13833333333333334,415,0.8807403471022077,29585,0.8593749031377904,0.8655645927377474,0.9539721478596005,0.8929705479117128,0.8593749031377904,0.9539721478596005,0.09459724472181008,0.4626650021090568,0.3570741123195791,0.9993047611123397,1.0056557227574836,1.0031177501712214,MEASURED_PENDING_REVIEW,NONE,244
trimMA342_1200rpm_A__Dvv_04,trimMA342_1200rpm_A__Dvv_06,train,validation,True,4,4,A__Dvv,A__Dvv,0.9418565528770608,TOP5_FOR_RECORD;TOP_CROSS_SPLIT,127193,157193,127193,157193,-585,-0.195,585,0.8751716463897784,29415,0.885499504865705,0.8294122811175916,0.9627255146849333,0.8925457668894099,0.8294122811175916,0.9627255146849333,0.1333132335673417,0.4635822108549688,0.345523384472837,0.9708274338415824,1.0036334210665887,0.9922720728610543,MEASURED_PENDING_REVIEW,NONE,245
trimMA342_1200rpm_A__Dvv_14,trimMA342_1200rpm_Avv__D_06,test,test,False,4,3,A__Dvv,Avv__D,0.9969986383876552,TOP5_FOR_RECORD,127193,157193,127196,157196,-484,-0.16133333333333333,484,0.8780346666241342,29516,0.8584638729792499,0.8647571386829386,0.9529499305745293,0.8920569807455726,0.8584638729792499,0.9529499305745293,0.0944860575952794,0.4646353823255989,0.35805805401317814,1.0024369645333036,0.9823101835733288,0.9730488652719975,MEASURED_PENDING_REVIEW,NONE,246
trimMA342_1200rpm_A__Dvv_05,trimMA342_1200rpm_Avv__D_11,train,train,False,4,3,A__Dvv,Avv__D,1.0247646867283282,TOP5_FOR_RECORD,127193,157193,127193,157193,-82,-0.027333333333333334,82,0.889503698251345,29918,0.8828266277174933,0.8467753763286051,0.9465207935785237,0.8920409325415407,0.8467753763286051,0.9465207935785237,0.09974541724991859,0.4646699203917971,0.3604144299577904,0.973418982603449,0.9909559479894452,0.9709886626451769,MEASURED_PENDING_REVIEW,NONE,247
trimMA342_1200rpm_A__Dvv_03,trimMA342_1200rpm_Avv__Dvv_12,validation,train,True,4,5,A__Dvv,Avv__Dvv,0.9865874622158212,TOP5_FOR_RECORD,127194,157194,127193,157193,-132,-0.044,132,0.8880315512548069,29868,0.8414722953502829,0.8767515490093402,0.9567281716905671,0.8916506720167301,0.8414722953502829,0.9567281716905671,0.11525587634028422,0.4655090288775725,0.36012267279580623,0.992474712243929,1.00523343423234,0.9975456233363263,MEASURED_PENDING_REVIEW,NONE,248
trimMA342_1200rpm_A__Dvv_06,trimMA342_1200rpm_Avv__D_09,validation,validation,False,4,3,A__Dvv,Avv__D,1.004899845481293,TOP5_FOR_RECORD,127193,157193,127193,157193,-132,-0.044,132,0.888050210664832,29868,0.8542248483496736,0.8612254447776374,0.9594894925633282,0.891646595230213,0.8542248483496736,0.9594894925633282,0.10526464421365456,0.4655177864910997,0.3552469823393432,1.0172862270807526,1.0000176359570219,0.9951598025964195,MEASURED_PENDING_REVIEW,NONE,249
trimMA342_1200rpm_A__Dvv_10,trimMA342_1200rpm_Avv__Dvv_12,test,train,True,4,5,A__Dvv,Avv__Dvv,0.9941641334102438,TOP5_FOR_RECORD,127193,157193,127193,157193,153,0.051,153,0.8869674876154673,29847,0.8745521459325281,0.8478255986380752,0.9524998927282192,0.8916258790996076,0.8478255986380752,0.9524998927282192,0.10467429409014406,0.46556228562973795,0.3592434580108902,1.000884600554023,1.0169414526345033,1.0264812538653567,MEASURED_PENDING_REVIEW,NONE,250
trimMA342_1200rpm_A__Dvv_14,trimMA342_1200rpm_Avv__D_08,test,train,True,4,3,A__Dvv,Avv__D,1.1240808444068209,TOP5_FOR_RECORD,127193,157193,127193,157193,60,0.02,60,0.8895739282217896,29940,0.8404627068100534,0.8779434423530799,0.9563474722859774,0.8915845404830369,0.8404627068100534,0.9563474722859774,0.11588476547592397,0.46565107004486467,0.3580789674794157,0.9903569622800039,1.0168359981165025,0.9721634443862027,MEASURED_PENDING_REVIEW,NONE,251
trimMA342_1200rpm_A__Dvv_06,trimMA342_1200rpm_A__Dvv_09,validation,train,True,4,4,A__Dvv,A__Dvv,0.8631348764808691,TOP5_FOR_RECORD;TOP_CROSS_SPLIT;TOP_GLOBAL,127193,157193,127193,157193,115,0.03833333333333333,115,0.8879918882817126,29885,0.8726059360904332,0.8452769987141835,0.9568005714828061,0.8915611687624742,0.8452769987141835,0.9568005714828061,0.11152357276862257,0.46570125882914587,0.35909208525428415,1.0215182000954566,1.000216013112976,1.0113554929493358,MEASURED_PENDING_REVIEW,NONE,252
trimMA342_1200rpm_A__Dvv_14,trimMA342_1200rpm_Avv__D_05,test,train,True,4,3,A__Dvv,Avv__D,1.0419322355837213,TOP5_FOR_RECORD,127193,157193,127193,157193,195,0.065,195,0.8857318708468815,29805,0.8335115863678922,0.8906828796042698,0.950253497884865,0.891482654619009,0.8335115863678922,0.950253497884865,0.11674191151697277,0.46586982169054725,0.36105291874270745,0.9914955895662284,1.0078926102471144,0.978992480426506,MEASURED_PENDING_REVIEW,NONE,253
trimMA342_1200rpm_Avv__Dvv_05,trimMA342_1200rpm_Avv__Dvv_06,train,test,True,5,5,Avv__Dvv,Avv__Dvv,1.028962346699821,TOP5_FOR_RECORD,127194,157194,127193,157193,-186,-0.062,186,0.8864145486155538,29814,0.8668994616929687,0.8485642866582618,0.9587293428862639,0.8913976970791647,0.8485642866582618,0.9587293428862639,0.1101650562280021,0.4660521492726665,0.35626995252534344,1.004907068623831,1.0083229033597756,1.0160020532024863,MEASURED_PENDING_REVIEW,NONE,254
trimMA342_1200rpm_A__DW_07,trimMA342_1200rpm_A__DW_13,test,train,True,2,2,A__DW,A__DW,1.1073079342220724,TOP5_FOR_RECORD,127193,157193,127193,157193,-164,-0.05466666666666667,164,0.8865404542769643,29836,0.8683337663545553,0.8541883280585335,0.9512551130689788,0.8912590691606891,0.8541883280585335,0.9512551130689788,0.0970667850104453,0.46634950592728225,0.3614249461340325,1.0165565070033964,1.008188650880998,1.0093960309897037,MEASURED_PENDING_REVIEW,NONE,255
trimMA342_1200rpm_A__DW_05,trimMA342_1200rpm_A__DW_15,train,validation,True,2,2,A__DW,A__DW,1.0027550318933465,TOP5_FOR_RECORD,127193,157193,127193,157193,-382,-0.12733333333333333,382,0.8792717256028638,29618,0.8898952580647476,0.816168629591483,0.9647974737636426,0.8902871204732911,0.816168629591483,0.9647974737636426,0.1486288441721596,0.4684290331025793,0.35296297274632366,1.0198311214000029,1.0395384267935013,0.9945463200357371,MEASURED_PENDING_REVIEW,NONE,256
trimMA342_1200rpm_Avv__Dvv_11,trimMA342_1200rpm_AW__D_10,validation,validation,False,5,1,Avv__Dvv,AW__D,1.018086474882541,TOP5_FOR_RECORD,127193,157193,127193,157193,193,0.06433333333333334,193,0.8837788763133633,29807,0.9029608551644899,0.8164939253796633,0.94990653368299,0.8897871047423811,0.8164939253796633,0.94990653368299,0.1334126083033268,0.46949525079092985,0.3586593056787675,0.9977281511584447,1.002748458727697,0.9986250678817036,MEASURED_PENDING_REVIEW,NONE,257
trimMA342_1200rpm_AW__D_00,trimMA342_1200rpm_AW__D_03,train,train,False,1,1,AW__D,AW__D,1.0931312853164048,TOP5_FOR_RECORD,127194,157194,127193,157193,-534,-0.178,534,0.8738201514850837,29466,0.8817115229906385,0.8217693374731914,0.9646917886059262,0.889390883023252,0.8217693374731914,0.9646917886059262,0.14292245113273483,0.4703384249170968,0.35288436772748893,1.0186388518926996,1.019792426680012,1.0056405914055957,MEASURED_PENDING_REVIEW,NONE,258
trimMA342_1200rpm_A__Dvv_11,trimMA342_1200rpm_Avv__D_11,validation,train,True,4,3,A__Dvv,Avv__D,1.1004284177396262,TOP5_FOR_RECORD,127195,157195,127193,157193,122,0.04066666666666666,122,0.8854722526287828,29878,0.861063526218465,0.8604041060260555,0.9462701908678579,0.8892459410374595,0.8604041060260555,0.9462701908678579,0.08586608484180236,0.47064648933683034,0.364459789797566,0.9663877715447695,0.9759711590403178,0.9668852469162221,MEASURED_PENDING_REVIEW,NONE,259
trimMA342_1200rpm_A__Dvv_05,trimMA342_1200rpm_A__Dvv_06,train,validation,True,4,4,A__Dvv,A__Dvv,0.9814064639603648,TOP5_FOR_RECORD;TOP_CROSS_SPLIT,127193,157193,127193,157193,251,0.08366666666666667,251,0.8813443605213872,29749,0.8756973680221031,0.8292814505646082,0.9599121846813191,0.8882970010893435,0.8292814505646082,0.9599121846813191,0.1306307341167109,0.472658436739802,0.36144843390512105,0.9789111701776452,0.9819666673208334,1.0004429478240615,MEASURED_PENDING_REVIEW,NONE,260
trimMA342_1200rpm_Avv__Dvv_03,trimMA342_1200rpm_Avv__Dvv_06,train,test,True,5,5,Avv__Dvv,Avv__Dvv,1.0828488301757309,TOP5_FOR_RECORD,127193,157193,127193,157193,243,0.081,243,0.880908082517793,29757,0.865196631536339,0.842580508444447,0.9570146660121286,0.8882639353309715,0.842580508444447,0.9570146660121286,0.1144341575676816,0.47272838854680255,0.36311859181705947,0.9868458403801307,0.9875575924194854,1.0023855427296424,MEASURED_PENDING_REVIEW,NONE,261
trimMA342_1200rpm_A__DW_03,trimMA342_1200rpm_A__DW_04,test,validation,True,2,2,A__DW,A__DW,1.0146701354817762,TOP5_FOR_RECORD,127193,157193,127193,157193,151,0.050333333333333334,151,0.8837077765163311,29849,0.8802860725035467,0.8254488534830593,0.9588740786881408,0.8882030015582489,0.8254488534830593,0.9588740786881408,0.1334252252050815,0.47285726903950803,0.360565281975224,1.0013777551625507,1.0076622517954468,1.0246791628274317,MEASURED_PENDING_REVIEW,NONE,262
trimMA342_1200rpm_AW__D_10,trimMA342_1200rpm_AW__D_14,validation,train,True,1,1,AW__D,AW__D,0.9447185839854833,TOP5_FOR_RECORD;TOP_CROSS_SPLIT,127193,157193,127193,157193,-350,-0.11666666666666667,350,0.8779142600831401,29650,0.8756165386813495,0.8407979523463891,0.9479462666745598,0.8881202525674329,0.8407979523463891,0.9479462666745598,0.10714831432817074,0.47303223448845,0.36440181706692715,1.0135658494586461,1.010354835846918,0.9800121841555,MEASURED_PENDING_REVIEW,NONE,263
trimMA342_1200rpm_Avv__D_04,trimMA342_1200rpm_Avv__D_12,validation,test,True,3,3,Avv__D,Avv__D,1.0978732277795815,TOP5_FOR_RECORD,127193,157193,127193,157193,21,0.007,21,0.8875872448877034,29979,0.8713041652944059,0.8419443185289128,0.9509716343411154,0.888073372721478,0.8419443185289128,0.9509716343411154,0.1090273158122026,0.4731313290800386,0.36392093875217546,0.9961060197509922,1.010723998446212,0.9941974732883263,MEASURED_PENDING_REVIEW,NONE,264
trimMA342_1200rpm_A__Dvv_01,trimMA342_1200rpm_A__Dvv_03,train,validation,True,4,4,A__Dvv,A__Dvv,0.91991343513889,TOP5_FOR_RECORD;TOP_CROSS_SPLIT;TOP_GLOBAL,127193,157193,127194,157194,5,0.0016666666666666668,5,0.8871620723349988,29995,0.8654344333198665,0.8369295361823184,0.9596185782192488,0.8873275159071445,0.8369295361823184,0.9596185782192488,0.12268904203693043,0.4747051381496832,0.36412612245774667,1.0080051993008015,1.0193029378513,1.0364888360629234,MEASURED_PENDING_REVIEW,NONE,265
trimMA342_1200rpm_A__D_12,trimMA342_1200rpm_A__D_14,validation,test,True,0,0,A__D,A__D,0.9839686173413448,TOP5_FOR_RECORD,127193,157193,127195,157195,160,0.05333333333333334,160,0.8824888876105758,29840,0.8554903771727259,0.8434615809942522,0.962933661726393,0.8872952066311237,0.8434615809942522,0.962933661726393,0.11947208073214088,0.47477319504975574,0.3637099588183322,1.0103491914082898,1.018669657286611,1.004155754285552,MEASURED_PENDING_REVIEW,NONE,266
trimMA342_1200rpm_Avv__D_11,trimMA342_1200rpm_Avv__D_15,train,train,False,3,3,Avv__D,Avv__D,1.087317213299049,TOP5_FOR_RECORD,127193,157193,127193,157193,-224,-0.07466666666666667,224,0.8806712227147345,29776,0.8624236837526716,0.8525544277126972,0.9468427984103606,0.8872736366252432,0.8525544277126972,0.9468427984103606,0.09428837069766338,0.47481862510806677,0.36940892068797654,0.9988269984214003,0.9811927404726183,1.0205262247963705,MEASURED_PENDING_REVIEW,NONE,267
trimMA342_1200rpm_A__DW_06,trimMA342_1200rpm_A__DW_08,validation,train,True,2,2,A__DW,A__DW,1.0340400171402435,TOP5_FOR_RECORD,127193,157193,127193,157193,417,0.139,417,0.8748771271914458,29583,0.8772665348687583,0.8194660810764071,0.9649753204403652,0.8872359787951769,0.8194660810764071,0.9649753204403652,0.1455092393639581,0.47489792841161704,0.360783780744109,1.0136036590172133,0.983400216711837,1.0153264421988282,MEASURED_PENDING_REVIEW,NONE,268
trimMA342_1200rpm_Avv__Dvv_02,trimMA342_1200rpm_Avv__Dvv_11,train,validation,True,5,5,Avv__Dvv,Avv__Dvv,0.930123291008315,TOP5_FOR_RECORD;TOP_CROSS_SPLIT,127193,157193,127193,157193,-414,-0.138,414,0.8742993383121457,29586,0.8745921078983335,0.8299447706113334,0.9549494869495275,0.8864954551530647,0.8299447706113334,0.9549494869495275,0.1250047163381941,0.4764547089638953,0.35975920206054507,1.0123056512745,0.9967527434938099,1.0019074040875402,MEASURED_PENDING_REVIEW,NONE,269
trimMA342_1200rpm_Avv__D_02,trimMA342_1200rpm_Avv__D_10,train,train,False,3,3,Avv__D,Avv__D,1.0204765990449778,TOP5_FOR_RECORD,127193,157193,127194,157194,-172,-0.05733333333333333,172,0.8808895335033134,29828,0.8610378040362586,0.8425836477013465,0.9553946232948435,0.8863386916774828,0.8425836477013465,0.9553946232948435,0.11281097559349695,0.47678361616674025,0.3651538648898491,1.0219208346396076,0.9771121713345896,1.0178428316369397,MEASURED_PENDING_REVIEW,NONE,270
trimMA342_1200rpm_Avv__D_03,trimMA342_1200rpm_Avv__D_14,train,validation,True,3,3,Avv__D,Avv__D,1.1260759208727955,TOP5_FOR_RECORD,127193,157193,127193,157193,36,0.012,36,0.8852576420533419,29964,0.8525645277203753,0.8461310726296508,0.9596930798945934,0.8861295600815398,0.8461310726296508,0.9596930798945934,0.11356200726494259,0.47722204458398626,0.36546410422704084,0.9887304271053734,0.9986984115859341,1.0147664328079649,MEASURED_PENDING_REVIEW,NONE,271
trimMA342_1200rpm_A__DW_05,trimMA342_1200rpm_A__DW_11,train,train,False,2,2,A__DW,A__DW,1.113629943271488,TOP5_FOR_RECORD,127193,157193,127193,157193,-224,-0.07466666666666667,224,0.879264350970058,29776,0.8884799411625615,0.8106327810341195,0.9591688599223134,0.8860938607063314,0.8106327810341195,0.9591688599223134,0.14853607888819387,0.47729684535657363,0.36423244389908327,0.9963558206074399,1.0116238865300855,0.9789150835183014,MEASURED_PENDING_REVIEW,NONE,272
trimMA342_1200rpm_AW__D_11,trimMA342_1200rpm_AW__D_12,test,train,True,1,1,AW__D,AW__D,1.054942245225584,TOP5_FOR_RECORD,127193,157193,127193,157193,141,0.047,141,0.881344760255605,29859,0.8604432131013163,0.8324047004312807,0.9634111791324841,0.8854196975550271,0.8324047004312807,0.9634111791324841,0.1310064787012034,0.47870722251700687,0.3581627315683942,0.9752609251085531,0.9932488211157703,1.0240752855936537,MEASURED_PENDING_REVIEW,NONE,273
trimMA342_1200rpm_A__Dvv_05,trimMA342_1200rpm_Avv__D_00,train,test,True,4,3,A__Dvv,Avv__D,1.1652798831834017,TOP5_FOR_RECORD,127193,157193,127193,157193,102,0.034,102,0.8825668624451378,29898,0.8859177221403717,0.8270092802978513,0.9431029189687136,0.8853433071356456,0.8270092802978513,0.9431029189687136,0.11609363867086231,0.478866772420796,0.36984578097646675,0.9730765569430272,0.9763623885306644,0.9670627298958533,MEASURED_PENDING_REVIEW,NONE,274
trimMA342_1200rpm_AW__D_07,trimMA342_1200rpm_AW__D_13,train,test,True,1,1,AW__D,AW__D,1.0692645006088342,TOP5_FOR_RECORD,127193,157193,127193,157193,-224,-0.07466666666666667,224,0.8790796342079763,29776,0.8649286195001737,0.8315245445603332,0.9594793095217465,0.8853108245274178,0.8315245445603332,0.9594793095217465,0.12795476496141334,0.47893459986219755,0.36470536022313804,1.0003635867214804,0.9872589635818007,0.9989579145390711,MEASURED_PENDING_REVIEW,NONE,275
trimMA342_1200rpm_A__Dvv_08,trimMA342_1200rpm_Avv__D_02,validation,train,True,4,3,A__Dvv,Avv__D,1.0354011503856766,TOP5_FOR_RECORD,127193,157193,127193,157193,296,0.09866666666666667,296,0.8760696525826722,29704,0.8637025835469546,0.8395456792744975,0.9514350717847427,0.8848944448687316,0.8395456792744975,0.9514350717847427,0.11188939251024521,0.4798031995126085,0.37023925025085,0.9796423521049865,1.0198921035468564,0.9608014403673903,MEASURED_PENDING_REVIEW,NONE,276
trimMA342_1200rpm_A__D_10,trimMA342_1200rpm_A__D_11,train,train,False,0,0,A__D,A__D,1.0303345649099718,TOP5_FOR_RECORD,127193,157193,127193,157193,206,0.06866666666666667,206,0.8776756907886843,29794,0.8495558068520473,0.8581846491617416,0.9424979220686235,0.8834127926941374,0.8495558068520473,0.9424979220686235,0.09294211521657614,0.4828813670165011,0.3771487857335812,0.9951398421158103,1.028745813915838,1.0126537299422989,MEASURED_PENDING_REVIEW,NONE,277
trimMA342_1200rpm_A__Dvv_06,trimMA342_1200rpm_Avv__D_07,validation,train,True,4,3,A__Dvv,Avv__D,1.0458988651728232,TOP5_FOR_RECORD,127193,157193,127193,157193,-212,-0.07066666666666667,212,0.8762700448346245,29788,0.8813383062182509,0.8151216838191114,0.9504548436856889,0.8823049445743504,0.8151216838191114,0.9504548436856889,0.13533315986657746,0.48517018751289726,0.37317003040624797,0.9978423741029643,0.999515506992306,0.9669821587475104,MEASURED_PENDING_REVIEW,NONE,278
trimMA342_1200rpm_A__Dvv_13,trimMA342_1200rpm_Avv__Dvv_06,train,test,True,4,5,A__Dvv,Avv__Dvv,1.12416718583945,TOP5_FOR_RECORD,127195,157195,127193,157193,207,0.069,207,0.8758628988585514,29793,0.8540235773433736,0.8355953392485568,0.9572095756261073,0.8822761640726792,0.8355953392485568,0.9572095756261073,0.12161423637755053,0.48522950431176604,0.3714856009725927,1.006917182524046,1.001864404303743,1.0344259409320158,MEASURED_PENDING_REVIEW,NONE,279
trimMA342_1200rpm_A__DW_01,trimMA342_1200rpm_A__DW_02,test,validation,True,2,2,A__DW,A__DW,1.0233224626898154,TOP5_FOR_RECORD,127195,157195,127193,157193,325,0.10833333333333334,325,0.8723745327187755,29675,0.8846869855029634,0.7977665253895762,0.9631896085246422,0.8818810398057272,0.7977665253895762,0.9631896085246422,0.16542308313506604,0.4860431260583225,0.3658735229506601,0.9886264218265016,1.005277253957798,0.9963093620856842,MEASURED_PENDING_REVIEW,NONE,280
trimMA342_1200rpm_AW__D_01,trimMA342_1200rpm_AW__D_04,validation,train,True,1,1,AW__D,AW__D,1.0437097751968312,TOP5_FOR_RECORD,127193,157193,127193,157193,83,0.027666666666666666,83,0.879760314510933,29917,0.866791665450742,0.8232367085005865,0.9554259799664632,0.8818181179725971,0.8232367085005865,0.9554259799664632,0.13218927146587667,0.4861725661273019,0.37196879563275964,0.9900316004930315,1.0059020442727349,1.016556147292317,MEASURED_PENDING_REVIEW,NONE,281
trimMA342_1200rpm_Avv__Dvv_14,trimMA342_1200rpm_Avv__Dvv_15,test,train,True,5,5,Avv__Dvv,Avv__Dvv,1.0648012930504132,TOP5_FOR_RECORD,127193,157193,127193,157193,-153,-0.051,153,0.8772324801696962,29847,0.8705797748103772,0.8202591286346316,0.9541853626150614,0.8816747553533567,0.8202591286346316,0.9541853626150614,0.1339262339804298,0.4864673568630129,0.36732189084911215,0.9810087392981486,1.0139711384911707,0.9933192148072836,MEASURED_PENDING_REVIEW,NONE,282
trimMA342_1200rpm_Avv__D_00,trimMA342_1200rpm_Avv__D_09,test,validation,True,3,3,Avv__D,Avv__D,1.1104036506551476,TOP5_FOR_RECORD,127193,157193,127193,157193,18,0.006,18,0.8810500534558429,29982,0.8543722453901834,0.8424433071270245,0.9477000886985959,0.8815052137386012,0.8424433071270245,0.9477000886985959,0.10525678157157137,0.48681574802259336,0.3725178513898569,1.0237914805969914,1.0055530655263316,1.0298318383367404,MEASURED_PENDING_REVIEW,NONE,283
trimMA342_1200rpm_A__Dvv_05,trimMA342_1200rpm_A__Dvv_07,train,train,False,4,4,A__Dvv,A__Dvv,0.996040747026398,TOP5_FOR_RECORD,127193,157193,127193,157193,77,0.025666666666666667,77,0.878609436735839,29923,0.8606962336259835,0.8287113813536428,0.9535743040070971,0.8809939729955745,0.8287113813536428,0.9535743040070971,0.12486292265345433,0.4878647907041971,0.3745677371327533,0.9893505843321355,0.979181135336385,0.9977444330411847,MEASURED_PENDING_REVIEW,NONE,284
trimMA342_1200rpm_Avv__D_03,trimMA342_1200rpm_Avv__D_11,train,train,False,3,3,Avv__D,Avv__D,0.9725786357359164,TOP5_FOR_RECORD,127193,157193,127193,157193,34,0.011333333333333334,34,0.8801276331770511,29966,0.8838913355989153,0.8023780110274528,0.9566689297347802,0.8809794254537161,0.8023780110274528,0.9566689297347802,0.15429091870732747,0.48789460859141276,0.3706616260668498,0.9851612894457772,1.0118263131352705,0.9903508224348733,MEASURED_PENDING_REVIEW,NONE,285
trimMA342_1200rpm_A__Dvv_01,trimMA342_1200rpm_A__Dvv_06,train,validation,True,4,4,A__Dvv,A__Dvv,0.9675596305677622,TOP5_FOR_RECORD;TOP_CROSS_SPLIT,127193,157193,127193,157193,34,0.011333333333333334,34,0.8792771478584308,29966,0.8657374162289305,0.815134483677555,0.9606705549407648,0.8805141516157501,0.815134483677555,0.9606705549407648,0.14553607126320978,0.4888473143717791,0.36982915883026274,0.9839701496300031,1.0072800476306984,1.0052036193024565,MEASURED_PENDING_REVIEW,NONE,286
trimMA342_1200rpm_A__Dvv_08,trimMA342_1200rpm_A__Dvv_12,validation,train,True,4,4,A__Dvv,A__Dvv,1.0767546338241138,TOP5_FOR_RECORD,127193,157193,127193,157193,-251,-0.08366666666666667,251,0.8727494189247076,29749,0.8687577417604745,0.8202628770678221,0.9517211492504616,0.8802472560262528,0.8202628770678221,0.9517211492504616,0.1314582721826395,0.48939297905414814,0.3770447506259286,1.0011023190743562,1.0238439410481843,1.0020029052790143,MEASURED_PENDING_REVIEW,NONE,287
trimMA342_1200rpm_A__Dvv_14,trimMA342_1200rpm_Avv__D_04,test,validation,True,4,3,A__Dvv,Avv__D,0.9798782722422036,TOP5_FOR_RECORD;TOP_CROSS_SPLIT,127193,157193,127193,157193,105,0.035,105,0.876786358978998,29895,0.8309576026850009,0.8490299038415478,0.959794668098947,0.8799273915418319,0.8309576026850009,0.959794668098947,0.12883706541394613,0.4900461375384312,0.37544314579640914,0.9982849527866388,0.9957728912168261,0.9652617150647453,MEASURED_PENDING_REVIEW,NONE,288
trimMA342_1200rpm_AW__D_04,trimMA342_1200rpm_AW__D_10,train,validation,True,1,1,AW__D,AW__D,1.0650145061394196,TOP5_FOR_RECORD,127193,157193,127193,157193,250,0.08333333333333333,250,0.8723926297927812,29750,0.8856336912863706,0.790987568761044,0.9626569793417602,0.8797594131297249,0.790987568761044,0.9626569793417602,0.17166941058071616,0.4903887985471821,0.36969549315898814,0.9750011578184279,1.0036378454584713,0.9847850997213976,MEASURED_PENDING_REVIEW,NONE,289
trimMA342_1200rpm_Avv__Dvv_03,trimMA342_1200rpm_Avv__Dvv_11,train,validation,True,5,5,Avv__Dvv,Avv__Dvv,0.8814626886205572,TOP5_FOR_RECORD;TOP_CROSS_SPLIT;TOP_GLOBAL,127193,157193,127193,157193,-80,-0.02666666666666667,80,0.8770968069741083,29920,0.8572987759036823,0.8258260557603841,0.9547094129770022,0.8792780815470228,0.8258260557603841,0.9547094129770022,0.12888335721661803,0.49136934876521693,0.3751585627209442,1.0004954837739297,0.9775130006775236,0.995311642368064,MEASURED_PENDING_REVIEW,NONE,290
trimMA342_1200rpm_AW__D_00,trimMA342_1200rpm_AW__D_01,train,validation,True,1,1,AW__D,AW__D,1.060908659184285,TOP5_FOR_RECORD,127194,157194,127193,157193,-75,-0.025,75,0.8767991378626278,29925,0.88383185891323,0.7867759163655581,0.965966860606827,0.8788582119618717,0.7867759163655581,0.965966860606827,0.1791909442412689,0.49222309583791113,0.3668115265613622,1.022730030844168,1.0254950602783004,1.0077092119291546,MEASURED_PENDING_REVIEW,NONE,291
trimMA342_1200rpm_Avv__Dvv_09,trimMA342_1200rpm_AW__D_02,validation,train,True,5,1,Avv__Dvv,AW__D,1.1488216940461131,TOP5_FOR_RECORD,127193,157193,127193,157193,320,0.10666666666666667,320,0.8692839684281372,29680,0.8438130900827341,0.8341978434248571,0.9580218027457115,0.878677578751101,0.8341978434248571,0.9580218027457115,0.12382395932085433,0.4925899334109425,0.37722640534921054,1.0305539413769893,0.9942405404714956,0.9933012695593619,MEASURED_PENDING_REVIEW,NONE,292
trimMA342_1200rpm_Avv__D_11,trimMA342_1200rpm_Avv__Dvv_14,train,test,True,3,5,Avv__D,Avv__Dvv,1.0218563071007185,TOP5_FOR_RECORD,127193,157193,127193,157193,-388,-0.12933333333333333,388,0.8669946857213363,29612,0.8749671740523942,0.7990064034936084,0.9615369898068366,0.8785035224509464,0.7990064034936084,0.9615369898068366,0.16253058631322814,0.4929431560515927,0.36765535514597786,1.0397980910821398,0.9946721385683205,1.0522632404789385,MEASURED_PENDING_REVIEW,NONE,293
trimMA342_1200rpm_Avv__D_08,trimMA342_1200rpm_Avv__D_11,train,train,False,3,3,Avv__D,Avv__D,1.083410481597039,TOP5_FOR_RECORD,127193,157193,127193,157193,362,0.12066666666666667,362,0.8680580901372789,29638,0.864514669761939,0.8105789381655369,0.959808909526717,0.8783008391513976,0.8105789381655369,0.959808909526717,0.1492299713611801,0.49335415443391756,0.37026256267481483,0.9839705360264908,0.9870060641423913,0.9834827280868506,MEASURED_PENDING_REVIEW,NONE,294
trimMA342_1200rpm_Avv__Dvv_04,trimMA342_1200rpm_Avv__Dvv_11,train,validation,True,5,5,Avv__Dvv,Avv__Dvv,1.0425786094228215,TOP5_FOR_RECORD,127193,157193,127193,157193,108,0.036,108,0.8751645817032324,29892,0.8483115050190383,0.8410646215043345,0.9450972671813217,0.8781577979015648,0.8410646215043345,0.9450972671813217,0.10403264567698722,0.4936440055311831,0.3815186586970317,0.9977845119048656,0.9813819193606202,0.9778637686089362,MEASURED_PENDING_REVIEW,NONE,295
trimMA342_1200rpm_A__DW_02,trimMA342_1200rpm_A__DW_04,validation,validation,False,2,2,A__DW,A__DW,1.0896643260647536,TOP5_FOR_RECORD,127193,157193,127193,157193,307,0.10233333333333333,307,0.8686725657497352,29693,0.8720557300743464,0.7948416816609654,0.9663231719581291,0.8777401945644803,0.7948416816609654,0.9663231719581291,0.17148149029716375,0.4944892424219568,0.3659651159491818,1.0008734586828472,1.0125722505335135,1.013017632479352,MEASURED_PENDING_REVIEW,NONE,296
trimMA342_1200rpm_A__D_14,trimMA342_1200rpm_A__D_15,test,train,True,0,0,A__D,A__D,0.9082742828660412,TOP5_FOR_RECORD;TOP_CROSS_SPLIT;TOP_GLOBAL,127195,157195,127193,157193,-12,-0.004,12,0.8773885251594432,29988,0.8556998480184829,0.8200415345455108,0.9573289781518544,0.8776901202386161,0.8200415345455108,0.9573289781518544,0.1372874436063436,0.4945904967978741,0.3769709253665457,0.9966883856587301,0.9824966369637814,1.018007619889067,MEASURED_PENDING_REVIEW,NONE,297
trimMA342_1200rpm_A__Dvv_06,trimMA342_1200rpm_Avv__Dvv_00,validation,test,True,4,5,A__Dvv,Avv__Dvv,0.9494690182019369,TOP5_FOR_RECORD;TOP_CROSS_SPLIT,127193,157193,127193,157193,127,0.042333333333333334,127,0.8737297736018973,29873,0.8445931044944714,0.8390068618495199,0.9490154727977875,0.8775384797139263,0.8390068618495199,0.9490154727977875,0.11000861094826764,0.4948969999627672,0.3815458639371893,1.04779906175036,1.0009975307546124,1.0513515238864843,MEASURED_PENDING_REVIEW,NONE,298
trimMA342_1200rpm_A__D_08,trimMA342_1200rpm_A__D_15,test,train,True,0,0,A__D,A__D,1.0057662396112668,TOP5_FOR_RECORD,127193,157193,127193,157193,-165,-0.055,165,0.872533787591223,29835,0.8541109825128488,0.8166899157309354,0.9614256700064036,0.8774088560833958,0.8166899157309354,0.9614256700064036,0.14473575427546814,0.495158851110639,0.3760602753482743,1.0036884955719554,1.0007316354925913,1.0103105089495066,MEASURED_PENDING_REVIEW,NONE,299
trimMA342_1200rpm_AW__D_11,trimMA342_1200rpm_AW__D_13,test,test,False,1,1,AW__D,AW__D,1.0898615045446507,TOP5_FOR_RECORD,127193,157193,127193,157193,-368,-0.12266666666666666,368,0.8662988931115562,29632,0.8590620448602663,0.8195103554262769,0.9526338261359095,0.8770687421408176,0.8195103554262769,0.9526338261359095,0.1331234707096326,0.49584525380239736,0.3771871544200804,0.980303572362784,1.0071397433995264,1.0159523140373736,MEASURED_PENDING_REVIEW,NONE,300
trimMA342_1200rpm_Avv__Dvv_05,trimMA342_1200rpm_Avv__Dvv_11,train,validation,True,5,5,Avv__Dvv,Avv__Dvv,1.0187769233912594,TOP5_FOR_RECORD,127194,157194,127193,157193,-509,-0.16966666666666666,509,0.861063779207123,29491,0.848488334243447,0.8251326362517042,0.95457194770333,0.8760643060661604,0.8251326362517042,0.95457194770333,0.1294393114516258,0.4978668374853649,0.37817773965237556,1.0198421859291227,0.9985064244203349,1.0091551362187512,MEASURED_PENDING_REVIEW,NONE,301
trimMA342_1200rpm_Avv__Dvv_04,trimMA342_1200rpm_Avv__Dvv_12,train,train,False,5,5,Avv__Dvv,Avv__Dvv,1.062918473043171,TOP5_FOR_RECORD,127193,157193,127193,157193,44,0.014666666666666666,44,0.874770925903999,29956,0.8611409166130427,0.8191531400669215,0.9474633452152624,0.8759191339650756,0.8191531400669215,0.9474633452152624,0.1283102051483409,0.4981583403596187,0.3850479533420438,0.9815180815943588,0.9842259015884033,0.9749810208657872,MEASURED_PENDING_REVIEW,NONE,302
trimMA342_1200rpm_A__DW_00,trimMA342_1200rpm_A__DW_02,train,validation,True,2,2,A__DW,A__DW,0.9923422632787297,TOP5_FOR_RECORD,127193,157193,127193,157193,-99,-0.033,99,0.8714627549943899,29901,0.8882655481990075,0.7687838907847523,0.965354516191007,0.8741346517249222,0.7687838907847523,0.965354516191007,0.1965706254062547,0.5017277115629118,0.36603294966041694,0.995391403318562,0.9847729730716492,0.985028859288045,MEASURED_PENDING_REVIEW,NONE,303
trimMA342_1200rpm_A__Dvv_09,trimMA342_1200rpm_A__Dvv_13,train,train,False,4,4,A__Dvv,A__Dvv,0.9638842939615362,TOP5_FOR_RECORD,127193,157193,127195,157195,360,0.12,360,0.863953718818618,29640,0.8515806930967216,0.8073226712016752,0.9634050413794139,0.8741028018926036,0.8073226712016752,0.9634050413794139,0.15608237017773863,0.5017911878608406,0.3767637505430867,0.9914672688657871,1.0205031904589077,0.9923875586815984,MEASURED_PENDING_REVIEW,NONE,304
trimMA342_1200rpm_AW__D_04,trimMA342_1200rpm_AW__D_05,train,test,True,1,1,AW__D,AW__D,1.0240017876612808,TOP5_FOR_RECORD,127193,157193,127193,157193,155,0.051666666666666666,155,0.8696879503224416,29845,0.8873236305188742,0.7786976025383203,0.9560360345630682,0.8740190892067542,0.7786976025383203,0.9560360345630682,0.17733843202474786,0.5019579878699909,0.3795794245007521,1.0233417692072098,0.9855862059636976,0.9960330983631553,MEASURED_PENDING_REVIEW,NONE,305
trimMA342_1200rpm_A__D_08,trimMA342_1200rpm_A__D_09,test,train,True,0,0,A__D,A__D,1.1230730888415907,TOP5_FOR_RECORD,127193,157193,127193,157193,134,0.04466666666666667,134,0.8700750787848589,29866,0.8775463064515433,0.7783023815969558,0.9649190455097079,0.8735892445194023,0.7783023815969558,0.9649190455097079,0.1866166639127521,0.5028135946463608,0.3712298219472173,1.0084470334655722,1.0024132001632426,0.9903610314721701,MEASURED_PENDING_REVIEW,NONE,306
trimMA342_1200rpm_Avv__Dvv_08,trimMA342_1200rpm_AW__D_10,validation,validation,False,5,1,Avv__Dvv,AW__D,1.0429763365141318,TOP5_FOR_RECORD,127193,157193,127193,157193,-35,-0.011666666666666667,35,0.8724810701956235,29965,0.8567967809406466,0.8269437400745321,0.9363741115038478,0.8733715441730089,0.8269437400745321,0.9363741115038478,0.10943037142931566,0.503246372718156,0.38956174545904626,1.0109829346996821,1.013627238293604,0.9998366661322547,MEASURED_PENDING_REVIEW,NONE,307
trimMA342_1200rpm_A__Dvv_01,trimMA342_1200rpm_A__Dvv_07,train,train,False,4,4,A__Dvv,A__Dvv,0.9901471534302428,TOP5_FOR_RECORD,127193,157193,127193,157193,-140,-0.04666666666666667,140,0.8693301989813077,29860,0.8739696240531856,0.7862760188575668,0.9590805496701206,0.8731087308602911,0.7862760188575668,0.9590805496701206,0.17280453081255376,0.5037683379088227,0.3784723769492786,0.9944579063944774,1.0047862303401138,1.002269843396799,MEASURED_PENDING_REVIEW,NONE,308
trimMA342_1200rpm_A__Dvv_06,trimMA342_1200rpm_Avv__Dvv_07,validation,validation,False,4,5,A__Dvv,Avv__Dvv,1.0174599073084032,TOP5_FOR_RECORD,127193,157193,127193,157193,-256,-0.08533333333333333,256,0.8652632936004531,29744,0.8820372683906643,0.7882267267903312,0.9474065656754955,0.8725568536188305,0.7882267267903312,0.9474065656754955,0.1591798388851643,0.5048626474223837,0.38573137917634076,1.0190055160135338,0.9867750477157894,0.997997947236312,MEASURED_PENDING_REVIEW,NONE,309
trimMA342_1200rpm_AW__D_11,trimMA342_1200rpm_AW__D_15,test,validation,True,1,1,AW__D,AW__D,0.9876502676051624,TOP5_FOR_RECORD,127193,157193,127193,157193,-69,-0.023,69,0.8705336226776915,29931,0.866468811205618,0.7901329099383501,0.9610217836657426,0.8725411682699035,0.7901329099383501,0.9610217836657426,0.1708888737273926,0.5048937150135584,0.37513113413530497,0.9878401616118127,1.0145270625474359,1.0128450175500379,MEASURED_PENDING_REVIEW,NONE,310
trimMA342_1200rpm_A__D_09,trimMA342_1200rpm_A__D_14,train,test,True,0,0,A__D,A__D,1.0408534267326015,TOP5_FOR_RECORD,127193,157193,127195,157195,6,0.002,6,0.8723124660342624,29994,0.851078893857408,0.8146831532577732,0.9515911557021282,0.8724510676057697,0.8146831532577732,0.9515911557021282,0.13690800244435497,0.5050721382025155,0.3859814046325963,0.9990628733488346,1.0172014319737661,1.0020712405383776,MEASURED_PENDING_REVIEW,NONE,311
trimMA342_1200rpm_A__Dvv_04,trimMA342_1200rpm_Avv__Dvv_10,train,test,True,4,5,A__Dvv,Avv__Dvv,1.0198811435652464,TOP5_FOR_RECORD,127193,157193,127193,157193,-29,-0.009666666666666667,29,0.8711863316533576,29971,0.880934468830826,0.7822581238865103,0.9527977492184702,0.8719967806452688,0.7822581238865103,0.9527977492184702,0.17053962533195988,0.5059707883953997,0.38552771443785755,1.0063838520917496,1.0087702265718663,1.0148101565774785,MEASURED_PENDING_REVIEW,NONE,312
trimMA342_1200rpm_Avv__D_01,trimMA342_1200rpm_Avv__D_11,validation,train,True,3,3,Avv__D,Avv__D,0.92964809186837,TOP5_FOR_RECORD;TOP_CROSS_SPLIT;TOP_GLOBAL,127193,157193,127193,157193,-33,-0.011,33,0.8709550129898044,29967,0.834440673374154,0.8385736682609082,0.9428758355776762,0.8719633924042461,0.834440673374154,0.9428758355776762,0.10843516220352223,0.5060367725684641,0.39193187553385,1.019535274026959,0.9928562182656278,1.0006473229744313,MEASURED_PENDING_REVIEW,NONE,313
trimMA342_1200rpm_A__Dvv_06,trimMA342_1200rpm_Avv__Dvv_08,validation,validation,False,4,5,A__Dvv,Avv__Dvv,0.985870670790018,TOP5_FOR_RECORD,127193,157193,127193,157193,132,0.044,132,0.865674421675921,29868,0.8423294884748123,0.8177255683263579,0.948747112148783,0.8696007229833178,0.8177255683263579,0.948747112148783,0.13102154382242515,0.5106843976795887,0.38834832409846415,1.020430195313645,1.001883339256515,1.029956551440509,MEASURED_PENDING_REVIEW,NONE,314
trimMA342_1200rpm_A__D_08,trimMA342_1200rpm_A__D_12,test,validation,True,0,0,A__D,A__D,0.9820450251387336,TOP5_FOR_RECORD;TOP_CROSS_SPLIT,127193,157193,127193,157193,436,0.14533333333333334,436,0.8561877578353099,29564,0.8449811010926879,0.8012442769502817,0.9589805525035641,0.8684019768488446,0.8012442769502817,0.9589805525035641,0.1577362755532824,0.5130263602411779,0.3896120625826076,0.9962785643630536,1.000749906912862,0.9882842743645376,MEASURED_PENDING_REVIEW,NONE,315
trimMA342_1200rpm_A__Dvv_00,trimMA342_1200rpm_A__Dvv_04,test,train,True,4,4,A__Dvv,A__Dvv,1.0879967737403775,TOP5_FOR_RECORD,127193,157193,127193,157193,-12,-0.004,12,0.8668540240736564,29988,0.8522868422948571,0.7863686265245245,0.9629730926630375,0.8672095204941397,0.7863686265245245,0.9629730926630375,0.176604466138513,0.5153454753965738,0.3862357133412153,0.9969609059512868,0.9822821871977201,0.9843874294838267,MEASURED_PENDING_REVIEW,NONE,316
trimMA342_1200rpm_A__DW_02,trimMA342_1200rpm_A__DW_03,validation,test,True,2,2,A__DW,A__DW,0.9176912229867066,TOP5_FOR_RECORD;TOP_CROSS_SPLIT;TOP_GLOBAL,127193,157193,127193,157193,157,0.052333333333333336,157,0.8621768351140399,29843,0.8850122442803303,0.7414203547702022,0.9731148298003196,0.8665158096169506,0.7414203547702022,0.9731148298003196,0.23169447503011742,0.5166898303296648,0.3744861625611127,0.9998260150797624,1.0038673331082992,0.9887245053838065,MEASURED_PENDING_REVIEW,NONE,317
trimMA342_1200rpm_A__DW_05,trimMA342_1200rpm_A__DW_08,train,train,False,2,2,A__DW,A__DW,1.018614487697414,TOP5_FOR_RECORD,127193,157193,127193,157193,261,0.087,261,0.858722520584574,29739,0.8960658081307982,0.7353225043983589,0.9679993914456186,0.8664625679915918,0.7353225043983589,0.9679993914456186,0.23267688704725975,0.5167928637440891,0.37556669340019566,1.0151428551760409,1.0020936523543373,1.0004100558999933,MEASURED_PENDING_REVIEW,NONE,318
trimMA342_1200rpm_A__Dvv_06,trimMA342_1200rpm_Avv__D_13,validation,test,True,4,3,A__Dvv,Avv__D,1.1093521973713716,TOP5_FOR_RECORD,127193,157193,127194,157194,83,0.027666666666666666,83,0.8637316115196011,29917,0.8389630904121147,0.8199949756918025,0.9400100348792043,0.8663227003277072,0.8199949756918025,0.9400100348792043,0.12001505918740185,0.5170634384140754,0.4004905498046146,0.9971467697625848,0.9990205932179641,0.9908533104514109,MEASURED_PENDING_REVIEW,NONE,319
trimMA342_1200rpm_A__Dvv_15,trimMA342_1200rpm_Avv__D_11,train,train,False,4,3,A__Dvv,Avv__D,0.9974312190273388,TOP5_FOR_RECORD,127193,157193,127193,157193,118,0.03933333333333333,118,0.8626270449795007,29882,0.845948950382724,0.8105865500131773,0.9420721336362662,0.8662025446773892,0.8105865500131773,0.9420721336362662,0.13148558362308893,0.5172957670861241,0.39557881626083624,0.9793610651731415,1.0251701028207465,0.9696873354785621,MEASURED_PENDING_REVIEW,NONE,320
trimMA342_1200rpm_AW__D_00,trimMA342_1200rpm_AW__D_02,train,train,False,1,1,AW__D,AW__D,1.035152997063415,TOP5_FOR_RECORD,127194,157194,127193,157193,28,0.009333333333333334,28,0.8638849637375787,29972,0.8535988965166388,0.7805508162299105,0.9597766443207651,0.864642119022438,0.7805508162299105,0.9597766443207651,0.17922582809085463,0.5203035286783325,0.3929013030268118,1.0236288220133445,1.029685279524805,1.0213721314289137,MEASURED_PENDING_REVIEW,NONE,321
trimMA342_1200rpm_A__D_02,trimMA342_1200rpm_A__D_12,validation,validation,False,0,0,A__D,A__D,1.2269261384767414,TOP5_FOR_RECORD,127193,157193,127193,157193,-349,-0.11633333333333333,349,0.8537737364315494,29651,0.8746837493642168,0.7595504974764545,0.9582226512579822,0.8641522993662178,0.7595504974764545,0.9582226512579822,0.1986721537815277,0.5212440899114011,0.38749739354111684,0.9997995642223004,0.9887552208092653,0.9548859993653848,MEASURED_PENDING_REVIEW,NONE,322
trimMA342_1200rpm_A__D_07,trimMA342_1200rpm_A__D_08,train,test,True,0,0,A__D,A__D,1.00001636419721,TOP5_FOR_RECORD,127193,157193,127193,157193,443,0.14766666666666667,443,0.8513466001280485,29557,0.835866056143018,0.8074341154532519,0.9487682511879469,0.8640228075947389,0.8074341154532519,0.9487682511879469,0.141334135734695,0.5214924590159706,0.39770469049757096,0.9980570901770994,0.9829751476124522,0.9955233138120307,MEASURED_PENDING_REVIEW,NONE,323
trimMA342_1200rpm_Avv__D_03,trimMA342_1200rpm_Avv__D_08,train,train,False,3,3,Avv__D,Avv__D,1.08628178082233,TOP5_FOR_RECORD,127193,157193,127193,157193,128,0.042666666666666665,128,0.8591955297946511,29872,0.8292695689819729,0.8076444649367415,0.9524110512734016,0.8631083617307054,0.8076444649367415,0.9524110512734016,0.14476658633666017,0.5232430377354185,0.3990071294358129,1.0007193999515114,1.0246472938868603,1.006951433109034,MEASURED_PENDING_REVIEW,NONE,324
trimMA342_1200rpm_Avv__Dvv_00,trimMA342_1200rpm_AW__D_11,test,test,False,5,1,Avv__Dvv,AW__D,1.067516556522785,TOP5_FOR_RECORD,127193,157193,127193,157193,13,0.004333333333333333,13,0.8622209483422513,29987,0.8475963096315624,0.7855807682805536,0.9547139122530073,0.862630330055041,0.7855807682805536,0.9547139122530073,0.16913314397245371,0.5241558355011599,0.3973431016055265,1.0158713848888146,0.997549998578133,0.969347503862253,MEASURED_PENDING_REVIEW,NONE,325
trimMA342_1200rpm_A__D_11,trimMA342_1200rpm_A__D_15,train,train,False,0,0,A__D,A__D,0.9898970156534144,TOP5_FOR_RECORD,127193,157193,127193,157193,64,0.021333333333333333,64,0.8602103938037935,29936,0.8194212667343184,0.8234487359775342,0.9441899399279671,0.8623533142132732,0.8194212667343184,0.9441899399279671,0.1247686731936487,0.5246840683434669,0.40439825621878306,0.9948282246396848,0.9908576642107702,0.9813574583996176,MEASURED_PENDING_REVIEW,NONE,326
trimMA342_1200rpm_AW__D_00,trimMA342_1200rpm_AW__D_12,train,train,False,1,1,AW__D,AW__D,1.0965776852830142,TOP5_FOR_RECORD,127194,157194,127193,157193,-307,-0.10233333333333333,307,0.8531498256313346,29693,0.8660781443459203,0.7586240683730393,0.9620226304980829,0.8622416144056809,0.7586240683730393,0.9620226304980829,0.2033985621250436,0.5248969148210318,0.3905059482015607,0.9933129154309491,1.0100638799945085,1.0227634509550307,MEASURED_PENDING_REVIEW,NONE,327
trimMA342_1200rpm_A__D_08,trimMA342_1200rpm_A__D_13,test,test,False,0,0,A__D,A__D,0.9190999895509658,TOP5_FOR_RECORD;TOP_GLOBAL,127193,157193,127193,157193,159,0.053,159,0.8573264555058172,29841,0.8667681710304724,0.7608563640347217,0.9568769383534033,0.8615004911395324,0.7608563640347217,0.9568769383534033,0.19602057431868158,0.5263069614976948,0.39379107381292805,0.9958536544814973,1.0025920902611563,0.9928560954785207,MEASURED_PENDING_REVIEW,NONE,328
trimMA342_1200rpm_Avv__D_04,trimMA342_1200rpm_Avv__D_08,validation,train,True,3,3,Avv__D,Avv__D,1.1213816948909288,TOP5_FOR_RECORD,127193,157193,127193,157193,-44,-0.014666666666666666,44,0.8593668323864936,29956,0.8548700035712729,0.7672057111383813,0.9596029607649488,0.8605595584915343,0.7672057111383813,0.9596029607649488,0.19239724962656746,0.5280917373117386,0.3968923834066932,0.9923486365134325,1.0217004840853772,1.0068963116070209,MEASURED_PENDING_REVIEW,NONE,329
trimMA342_1200rpm_A__D_02,trimMA342_1200rpm_A__D_06,validation,train,True,0,0,A__D,A__D,1.2042251084668318,TOP5_FOR_RECORD,127193,157193,127193,157193,-246,-0.082,246,0.8529128727227689,29754,0.8580796339620885,0.7663878881752305,0.9568838156988504,0.8604504459453898,0.7663878881752305,0.9568838156988504,0.19049592752361988,0.5282983135589412,0.39602305588609327,0.9970341006444545,0.9987716679773904,0.9793451704046214,MEASURED_PENDING_REVIEW,NONE,330
trimMA342_1200rpm_A__Dvv_08,trimMA342_1200rpm_Avv__D_10,validation,train,True,4,3,A__Dvv,Avv__D,0.9892987356331376,TOP5_FOR_RECORD,127193,157193,127194,157194,125,0.041666666666666664,125,0.8552428854825288,29875,0.8653199435795687,0.7617647275162879,0.9496816208191574,0.8589220973050047,0.7617647275162879,0.9496816208191574,0.18791689330286954,0.5311834008984007,0.39516668136729777,1.0019000016554884,0.9970796130310869,0.9783764530678741,MEASURED_PENDING_REVIEW,NONE,331
trimMA342_1200rpm_A__Dvv_09,trimMA342_1200rpm_Avv__D_00,train,test,True,4,3,A__Dvv,Avv__D,1.173884408749448,TOP5_FOR_RECORD,127193,157193,127193,157193,191,0.06366666666666666,191,0.8534333663176258,29809,0.846125656665541,0.7781200367007711,0.9519797258360769,0.8587418064007964,0.7781200367007711,0.9519797258360769,0.1738596891353058,0.5315227061926966,0.403834886342494,0.973770257841321,0.9935862965318831,0.9553295321813579,MEASURED_PENDING_REVIEW,NONE,332
trimMA342_1200rpm_Avv__D_09,trimMA342_1200rpm_Avv__D_12,validation,test,True,3,3,Avv__D,Avv__D,1.1384133086633297,TOP5_FOR_RECORD,127193,157193,127193,157193,251,0.08366666666666667,251,0.8512173707254288,29749,0.818687330110466,0.8084094281032722,0.9475099283927343,0.8582022288688242,0.8084094281032722,0.9475099283927343,0.13910050028946208,0.5325368928650398,0.40269715902818826,0.9968411355003287,1.0116768062852544,0.9789153537566434,MEASURED_PENDING_REVIEW,NONE,333
trimMA342_1200rpm_Avv__Dvv_09,trimMA342_1200rpm_Avv__Dvv_11,validation,validation,False,5,5,Avv__Dvv,Avv__Dvv,1.1660998579700292,TOP5_FOR_RECORD,127193,157193,127193,157193,63,0.021,63,0.85572455183275,29937,0.8473369771182703,0.7747570365547513,0.9501827099039012,0.8574255745256409,0.7747570365547513,0.9501827099039012,0.17542567334914994,0.5339933060898024,0.402490937991196,0.9949982286640701,0.996631316031425,0.9824561182436796,MEASURED_PENDING_REVIEW,NONE,334
trimMA342_1200rpm_A__D_01,trimMA342_1200rpm_A__D_02,test,validation,True,0,0,A__D,A__D,1.341149929753796,TOP5_FOR_RECORD,127193,157193,127193,157193,-120,-0.04,120,0.8536013260140431,29880,0.8710129256166148,0.7383948065133868,0.9620902187478184,0.85716598362594,0.7383948065133868,0.9620902187478184,0.22369541223443157,0.5344792163855585,0.3940920364024982,0.9918002098203715,0.9714190849015192,0.9706004235300182,MEASURED_PENDING_REVIEW,NONE,335
trimMA342_1200rpm_A__Dvv_00,trimMA342_1200rpm_A__Dvv_07,test,train,True,4,4,A__Dvv,A__Dvv,1.0865425055822897,TOP5_FOR_RECORD,127193,157193,127193,157193,-314,-0.10466666666666667,314,0.844424926250936,29686,0.8507907150774343,0.750409471582854,0.9587196582247088,0.8533066149616658,0.750409471582854,0.9587196582247088,0.20831018664185486,0.5416518901256313,0.40396009222599316,0.9797033806155984,0.9821010788635672,0.9739402250733205,MEASURED_PENDING_REVIEW,NONE,336
trimMA342_1200rpm_A__D_08,trimMA342_1200rpm_A__D_10,test,train,True,0,0,A__D,A__D,1.0190067281697903,TOP5_FOR_RECORD,127193,157193,127193,157193,315,0.105,315,0.8413154535188125,29685,0.844094109822462,0.749751629601702,0.9559796301733529,0.8499417898658389,0.749751629601702,0.9559796301733529,0.2062280005716508,0.5478288238750514,0.4091929996292337,1.0139502059001557,0.9820971620088442,1.0166016223956043,MEASURED_PENDING_REVIEW,NONE,337
trimMA342_1200rpm_Avv__D_11,trimMA342_1200rpm_Avv__D_13,train,test,True,3,3,Avv__D,Avv__D,1.0865583011982851,TOP5_FOR_RECORD,127193,157193,127194,157194,-39,-0.013,39,0.8486703804055645,29961,0.8278837263944733,0.7850150199539964,0.9362132141271874,0.8497039868252191,0.7850150199539964,0.9362132141271874,0.15119819417319103,0.5482627347810192,0.4204786341151331,1.0024883920837304,0.9897599004186207,1.0210029991770917,MEASURED_PENDING_REVIEW,NONE,338
trimMA342_1200rpm_A__Dvv_10,trimMA342_1200rpm_Avv__Dvv_07,test,validation,True,4,5,A__Dvv,Avv__Dvv,1.037462447471993,TOP5_FOR_RECORD,127193,157193,127193,157193,-397,-0.13233333333333333,397,0.8375826106438939,29603,0.860403282553189,0.7450705427461446,0.9408709600549194,0.8487815951180844,0.7450705427461446,0.9408709600549194,0.19580041730877484,0.5499425513304381,0.4125740510388909,1.0021902937268758,0.9864318816748914,0.9966336149001214,MEASURED_PENDING_REVIEW,NONE,339
trimMA342_1200rpm_A__D_06,trimMA342_1200rpm_A__D_08,train,test,True,0,0,A__D,A__D,1.0782980272412908,TOP5_FOR_RECORD,127193,157193,127193,157193,-84,-0.028,84,0.8443539679708293,29916,0.8628591933165374,0.7294533717625596,0.9476387663052387,0.8466504437947786,0.7294533717625596,0.9476387663052387,0.21818539454267905,0.5538042184837919,0.4115072182800142,1.005822837481626,0.990109072105291,0.9858724554910203,MEASURED_PENDING_REVIEW,NONE,340
trimMA342_1200rpm_A__D_08,trimMA342_1200rpm_A__D_11,test,train,True,0,0,A__D,A__D,1.0015533227319042,TOP5_FOR_RECORD,127193,157193,127193,157193,65,0.021666666666666667,65,0.8445639085156227,29935,0.8331034993252939,0.7494351822622917,0.9564660112620892,0.8463348976165582,0.7494351822622917,0.9564660112620892,0.20703082899979752,0.5543737049742546,0.41043652877545633,1.009319345200036,1.010443998749473,1.0294028647405156,MEASURED_PENDING_REVIEW,NONE,341
trimMA342_1200rpm_A__D_02,trimMA342_1200rpm_A__D_13,validation,test,True,0,0,A__D,A__D,1.2572753601661188,TOP5_FOR_RECORD,127193,157193,127193,157193,123,0.041,123,0.8382030641949779,29877,0.845071194745654,0.726546336918287,0.9532158384172508,0.8416111233603972,0.726546336918287,0.9532158384172508,0.2266695014989638,0.5628301282618102,0.422877302578386,0.9985057091133229,0.9916457354613062,0.9589037034094048,MEASURED_PENDING_REVIEW,NONE,342
trimMA342_1200rpm_A__D_08,trimMA342_1200rpm_A__D_14,test,test,False,0,0,A__D,A__D,1.0070627306226725,TOP5_FOR_RECORD,127193,157193,127195,157195,141,0.047,141,0.8370859800869423,29859,0.8402515442035751,0.7295710290596673,0.9532191084562781,0.8410138939065068,0.7295710290596673,0.9532191084562781,0.2236480793966108,0.5638902483524476,0.4178861310320757,1.006564763006456,1.0191450104003428,0.9923824093986444,MEASURED_PENDING_REVIEW,NONE,343
trimMA342_1200rpm_A__Dvv_00,trimMA342_1200rpm_Avv__D_04,test,validation,True,4,3,A__Dvv,Avv__D,1.143299597817071,TOP5_FOR_RECORD,127193,157193,127193,157193,-41,-0.013666666666666667,41,0.8340179626441945,29959,0.8406177220127622,0.7068647643379288,0.9580841936458266,0.8351888933321726,0.7068647643379288,0.9580841936458266,0.25121942930789787,0.5741273494057364,0.4239684512667537,0.9869008121190738,0.9867569210286039,0.9567684202836595,MEASURED_PENDING_REVIEW,NONE,344
trimMA342_1200rpm_A__DW_01,trimMA342_1200rpm_A__DW_05,test,train,True,2,2,A__DW,A__DW,1.134060491024639,TOP5_FOR_RECORD,127195,157195,127193,157193,-62,-0.020666666666666667,62,0.8190757081184273,29938,0.8554207607566686,0.6471165760066431,0.9603318324248132,0.8209563897293749,0.6471165760066431,0.9603318324248132,0.31321525641817016,0.5984038941561554,0.4277395740537206,0.9886895380607653,1.0049058335812342,1.0037243217923633,MEASURED_PENDING_REVIEW,NONE,345
trimMA342_1200rpm_A__DW_00,trimMA342_1200rpm_A__DW_05,train,train,False,2,2,A__DW,A__DW,1.1551282977447024,TOP5_FOR_RECORD,127193,157193,127193,157193,265,0.08833333333333333,265,0.8127166729797052,29735,0.8725373550802114,0.6237027627500357,0.9638609577838132,0.8200336918713534,0.6237027627500357,0.9638609577838132,0.34015819503377753,0.5999438442531888,0.4244059764827392,0.9945946233475286,0.9838660927258414,0.9915947512507902,MEASURED_PENDING_REVIEW,NONE,346
trimMA342_1200rpm_A__D_04,trimMA342_1200rpm_A__D_15,validation,train,True,0,0,A__D,A__D,1.1956595183716143,TOP5_FOR_RECORD,127193,157193,127193,157193,-334,-0.11133333333333334,334,0.80881417869638,29666,0.8614128512753506,0.6420368941741451,0.9503760155213156,0.8179419203236038,0.6420368941741451,0.9503760155213156,0.30833912134717045,0.6034203836073093,0.43623990264533363,1.0221519187737258,0.9858934460914078,0.9925166755653124,MEASURED_PENDING_REVIEW,NONE,347
trimMA342_1200rpm_A__D_07,trimMA342_1200rpm_A__D_10,train,train,False,0,0,A__D,A__D,1.0361832990109487,TOP5_FOR_RECORD,127193,157193,127193,157193,-446,-0.14866666666666667,446,0.8049098808041215,29554,0.864321904062057,0.6419759346253568,0.9451198387876852,0.817139225825033,0.6419759346253568,0.9451198387876852,0.3031439041623284,0.604749161512386,0.4371381253340504,1.0129062789051861,0.9652945766077428,1.012180993177906,MEASURED_PENDING_REVIEW,NONE,348
trimMA342_1200rpm_A__DW_00,trimMA342_1200rpm_A__DW_04,train,validation,True,2,2,A__DW,A__DW,1.2214307837809533,TOP5_FOR_RECORD,127193,157193,127193,157193,207,0.069,207,0.8112795154771817,29793,0.8489635007800197,0.6413709745824351,0.9600268590608972,0.8167871114744507,0.6413709745824351,0.9600268590608972,0.31865588447846216,0.6053311300859202,0.4338181156451231,0.9968266096878178,0.9974522621976267,0.9976199511890632,MEASURED_PENDING_REVIEW,NONE,349
trimMA342_1200rpm_A__D_07,trimMA342_1200rpm_A__D_15,train,train,False,0,0,A__D,A__D,1.074416893393012,TOP5_FOR_RECORD,127193,157193,127193,157193,-177,-0.059,177,0.8108795851517142,29823,0.8476677928895414,0.6503140767037198,0.9497709832540128,0.815917617615758,0.6503140767037198,0.9497709832540128,0.299456906550293,0.60676582366551,0.44346008142733373,1.002743849520448,0.9839706169328638,1.0054790165765712,MEASURED_PENDING_REVIEW,NONE,350
trimMA342_1200rpm_A__D_07,trimMA342_1200rpm_A__D_09,train,train,False,0,0,A__D,A__D,1.1334950410089657,TOP5_FOR_RECORD,127193,157193,127193,157193,-174,-0.058,174,0.8102279922418772,29826,0.8282382157781802,0.6791431613426219,0.9372759547628505,0.8148857772945509,0.6791431613426219,0.9372759547628505,0.25813279342022866,0.6084640050248645,0.4534171504574759,1.007232837640368,0.9854506266765952,0.9859188475272085,MEASURED_PENDING_REVIEW,NONE,351
trimMA342_1200rpm_A__DW_01,trimMA342_1200rpm_A__DW_03,test,test,False,2,2,A__DW,A__DW,1.1307744973388127,TOP5_FOR_RECORD,127195,157195,127193,157193,-269,-0.08966666666666667,269,0.8059830565042585,29731,0.8565973548784066,0.6284700168895472,0.9558298126286467,0.8136323947988667,0.6284700168895472,0.9558298126286467,0.32735979573909957,0.6105204422476499,0.440801245703464,0.9894632548324529,1.0109948986386277,0.9856295399873091,MEASURED_PENDING_REVIEW,NONE,352
trimMA342_1200rpm_A__Dvv_00,trimMA342_1200rpm_A__Dvv_06,test,validation,True,4,4,A__Dvv,A__Dvv,1.1281273202420228,TOP5_FOR_RECORD,127193,157193,127193,157193,153,0.051,153,0.8092885025134797,29847,0.8363100826847598,0.6521785249889548,0.9508900092026298,0.8131262056254481,0.6521785249889548,0.9508900092026298,0.298711484213675,0.6113489909610574,0.44905566381677686,0.9688411287000217,0.9864834431220938,0.976384105159435,MEASURED_PENDING_REVIEW,NONE,353
trimMA342_1200rpm_A__DW_01,trimMA342_1200rpm_A__DW_10,test,test,False,2,2,A__DW,A__DW,1.1944776287592176,TOP5_FOR_RECORD,127195,157195,127193,157193,-130,-0.043333333333333335,130,0.8093338193218785,29870,0.8677022237868122,0.6093581689627454,0.9612132326513968,0.8127578751336514,0.6093581689627454,0.9612132326513968,0.3518550636886514,0.6119511824751188,0.43432459466109063,0.9996003933055363,1.032075104205615,1.015102069959003,MEASURED_PENDING_REVIEW,NONE,354
trimMA342_1200rpm_A__D_07,trimMA342_1200rpm_A__D_13,train,test,True,0,0,A__D,A__D,1.0756018408721808,TOP5_FOR_RECORD,127193,157193,127193,157193,145,0.04833333333333333,145,0.8058441072055542,29855,0.8471655596816303,0.6444582729930687,0.9373762984831677,0.8096667103859557,0.6444582729930687,0.9373762984831677,0.29291802549009904,0.6169818305494006,0.4597928327142193,0.9946306753872597,0.985326778323894,0.9882899799141215,MEASURED_PENDING_REVIEW,NONE,355
trimMA342_1200rpm_A__D_06,trimMA342_1200rpm_A__D_09,train,train,False,0,0,A__D,A__D,1.162074560611447,TOP5_FOR_RECORD,127193,157193,127193,157193,48,0.016,48,0.8080306599784336,29952,0.8613555277613,0.6336195569053503,0.9332622021071,0.8094124289245834,0.6336195569053503,0.9332622021071,0.29964264520174966,0.6173938306711785,0.45292490604240054,1.0141116141658624,0.9921463496887525,0.9767401355950895,MEASURED_PENDING_REVIEW,NONE,356
trimMA342_1200rpm_A__D_05,trimMA342_1200rpm_Avv__D_11,validation,train,True,0,3,A__D,Avv__D,1.1742887721839828,TOP5_FOR_RECORD,127193,157193,127193,157193,115,0.03833333333333333,115,0.805900922963556,29885,0.8372929012567724,0.6419861119560183,0.94895503633555,0.809411349849447,0.6419861119560183,0.94895503633555,0.3069689243795317,0.6173955784593101,0.4515899789021639,1.0230747521309898,1.0052311867284107,0.9811608937807541,MEASURED_PENDING_REVIEW,NONE,357
trimMA342_1200rpm_A__D_04,trimMA342_1200rpm_A__D_09,validation,train,True,0,0,A__D,A__D,1.2225350846406722,TOP5_FOR_RECORD,127193,157193,127193,157193,-35,-0.011666666666666667,35,0.8079663153525233,29965,0.843005864866277,0.6426285071177156,0.9411014278518491,0.808911933278614,0.6426285071177156,0.9411014278518491,0.29847292073413356,0.618203957802576,0.4540788004471533,1.0270714601214659,0.9880933864915159,0.9730731788049597,MEASURED_PENDING_REVIEW,NONE,358
trimMA342_1200rpm_A__D_03,trimMA342_1200rpm_A__D_09,train,train,False,0,0,A__D,A__D,1.183873752995584,TOP5_FOR_RECORD,127193,157193,127193,157193,-195,-0.065,195,0.8031245350780397,29805,0.8524970592851249,0.6462894806363783,0.9265275759521969,0.8084380386245668,0.6462894806363783,0.9265275759521969,0.28023809531581867,0.6189700499627311,0.4582829174715978,1.0010305819680518,0.9821893694812194,0.9807796216623126,MEASURED_PENDING_REVIEW,NONE,359
trimMA342_1200rpm_A__Dvv_00,trimMA342_1200rpm_A__Dvv_09,test,train,True,4,4,A__Dvv,A__Dvv,1.1333185245377908,TOP5_FOR_RECORD,127193,157193,127193,157193,267,0.089,267,0.8006287258292106,29733,0.8338455959873575,0.6384515264424936,0.951142491717377,0.8078132047157428,0.6384515264424936,0.951142491717377,0.3126909652748834,0.6199787017055627,0.44587305901978086,0.9895102748144807,0.9857636362327784,0.9878256776092237,MEASURED_PENDING_REVIEW,NONE,360
trimMA342_1200rpm_A__D_06,trimMA342_1200rpm_A__D_13,train,test,True,0,0,A__D,A__D,1.1510324732079926,TOP5_FOR_RECORD,127193,157193,127193,157193,-381,-0.127,381,0.7958936623510445,29619,0.8584192749294389,0.6149741834986578,0.9461271594075822,0.806506872611893,0.6149741834986578,0.9461271594075822,0.33115297590892434,0.6220821929425522,0.45249039123367074,1.0012638524184467,0.9911599081133035,0.978801908429235,MEASURED_PENDING_REVIEW,NONE,361
trimMA342_1200rpm_A__DW_00,trimMA342_1200rpm_A__DW_03,train,test,True,2,2,A__DW,A__DW,1.10853466029568,TOP5_FOR_RECORD,127193,157193,127193,157193,59,0.019666666666666666,59,0.7996948671542796,29941,0.8611779698419204,0.587884004161016,0.9547393889858682,0.8012671209962683,0.587884004161016,0.9547393889858682,0.36685538482485214,0.6304488543946003,0.45218162709644205,0.9950074512584703,0.9888234132416736,0.9738586522571953,MEASURED_PENDING_REVIEW,NONE,362
trimMA342_1200rpm_A__D_05,trimMA342_1200rpm_A__Dvv_04,validation,train,True,0,4,A__D,A__Dvv,1.1642795325536357,TOP5_FOR_RECORD,127193,157193,127193,157193,124,0.04133333333333333,124,0.7899012241133497,29876,0.8159859604876887,0.6229981604957844,0.9407121421674596,0.7932320877169775,0.6229981604957844,0.9407121421674596,0.3177139816716752,0.643067511670467,0.4702970305432343,1.0593358186816138,0.9937371613529437,1.0193861798443007,MEASURED_PENDING_REVIEW,NONE,363
