recording_id,n_samples,s0_X_mean,s0_X_std,s0_X_rms,s0_X_p2p,s0_X_band0_0_50,s0_X_band1_50_100,s0_X_band2_100_250,s0_X_band3_250_500,s0_X_band4_500_1000,s0_X_band5_1000_1500,s0_X_dominant_freq_hz,s0_X_dominant_psd,s0_Y_mean,s0_Y_std,s0_Y_rms,s0_Y_p2p,s0_Y_band0_0_50,s0_Y_band1_50_100,s0_Y_band2_100_250,s0_Y_band3_250_500,s0_Y_band4_500_1000,s0_Y_band5_1000_1500,s0_Y_dominant_freq_hz,s0_Y_dominant_psd,s0_Z_mean,s0_Z_std,s0_Z_rms,s0_Z_p2p,s0_Z_band0_0_50,s0_Z_band1_50_100,s0_Z_band2_100_250,s0_Z_band3_250_500,s0_Z_band4_500_1000,s0_Z_band5_1000_1500,s0_Z_dominant_freq_hz,s0_Z_dominant_psd,s0_corr_XY,s0_corr_XZ,s0_corr_YZ,s0_start_sample,s0_end_exclusive,s1_X_mean,s1_X_std,s1_X_rms,s1_X_p2p,s1_X_band0_0_50,s1_X_band1_50_100,s1_X_band2_100_250,s1_X_band3_250_500,s1_X_band4_500_1000,s1_X_band5_1000_1500,s1_X_dominant_freq_hz,s1_X_dominant_psd,s1_Y_mean,s1_Y_std,s1_Y_rms,s1_Y_p2p,s1_Y_band0_0_50,s1_Y_band1_50_100,s1_Y_band2_100_250,s1_Y_band3_250_500,s1_Y_band4_500_1000,s1_Y_band5_1000_1500,s1_Y_dominant_freq_hz,s1_Y_dominant_psd,s1_Z_mean,s1_Z_std,s1_Z_rms,s1_Z_p2p,s1_Z_band0_0_50,s1_Z_band1_50_100,s1_Z_band2_100_250,s1_Z_band3_250_500,s1_Z_band4_500_1000,s1_Z_band5_1000_1500,s1_Z_dominant_freq_hz,s1_Z_dominant_psd,s1_corr_XY,s1_corr_XZ,s1_corr_YZ,s1_start_sample,s1_end_exclusive,s2_X_mean,s2_X_std,s2_X_rms,s2_X_p2p,s2_X_band0_0_50,s2_X_band1_50_100,s2_X_band2_100_250,s2_X_band3_250_500,s2_X_band4_500_1000,s2_X_band5_1000_1500,s2_X_dominant_freq_hz,s2_X_dominant_psd,s2_Y_mean,s2_Y_std,s2_Y_rms,s2_Y_p2p,s2_Y_band0_0_50,s2_Y_band1_50_100,s2_Y_band2_100_250,s2_Y_band3_250_500,s2_Y_band4_500_1000,s2_Y_band5_1000_1500,s2_Y_dominant_freq_hz,s2_Y_dominant_psd,s2_Z_mean,s2_Z_std,s2_Z_rms,s2_Z_p2p,s2_Z_band0_0_50,s2_Z_band1_50_100,s2_Z_band2_100_250,s2_Z_band3_250_500,s2_Z_band4_500_1000,s2_Z_band5_1000_1500,s2_Z_dominant_freq_hz,s2_Z_dominant_psd,s2_corr_XY,s2_corr_XZ,s2_corr_YZ,s2_start_sample,s2_end_exclusive,s3_X_mean,s3_X_std,s3_X_rms,s3_X_p2p,s3_X_band0_0_50,s3_X_band1_50_100,s3_X_band2_100_250,s3_X_band3_250_500,s3_X_band4_500_1000,s3_X_band5_1000_1500,s3_X_dominant_freq_hz,s3_X_dominant_psd,s3_Y_mean,s3_Y_std,s3_Y_rms,s3_Y_p2p,s3_Y_band0_0_50,s3_Y_band1_50_100,s3_Y_band2_100_250,s3_Y_band3_250_500,s3_Y_band4_500_1000,s3_Y_band5_1000_1500,s3_Y_dominant_freq_hz,s3_Y_dominant_psd,s3_Z_mean,s3_Z_std,s3_Z_rms,s3_Z_p2p,s3_Z_band0_0_50,s3_Z_band1_50_100,s3_Z_band2_100_250,s3_Z_band3_250_500,s3_Z_band4_500_1000,s3_Z_band5_1000_1500,s3_Z_dominant_freq_hz,s3_Z_dominant_psd,s3_corr_XY,s3_corr_XZ,s3_corr_YZ,s3_start_sample,s3_end_exclusive,s4_X_mean,s4_X_std,s4_X_rms,s4_X_p2p,s4_X_band0_0_50,s4_X_band1_50_100,s4_X_band2_100_250,s4_X_band3_250_500,s4_X_band4_500_1000,s4_X_band5_1000_1500,s4_X_dominant_freq_hz,s4_X_dominant_psd,s4_Y_mean,s4_Y_std,s4_Y_rms,s4_Y_p2p,s4_Y_band0_0_50,s4_Y_band1_50_100,s4_Y_band2_100_250,s4_Y_band3_250_500,s4_Y_band4_500_1000,s4_Y_band5_1000_1500,s4_Y_dominant_freq_hz,s4_Y_dominant_psd,s4_Z_mean,s4_Z_std,s4_Z_rms,s4_Z_p2p,s4_Z_band0_0_50,s4_Z_band1_50_100,s4_Z_band2_100_250,s4_Z_band3_250_500,s4_Z_band4_500_1000,s4_Z_band5_1000_1500,s4_Z_dominant_freq_hz,s4_Z_dominant_psd,s4_corr_XY,s4_corr_XZ,s4_corr_YZ,s4_start_sample,s4_end_exclusive
trimMA342_1200rpm_A__D_00,284387,-5.627075869999928e-07,0.0009302792900115947,0.0009302794601969373,0.004441022873,7.067192878820062e-07,7.345746938070428e-08,7.943129456715608e-08,3.2412433967586726e-09,9.475186241574421e-10,1.169432472666334e-10,20.0,4.6031467771347665e-07,1.7428397899999815e-07,0.0008633661710044675,0.0008633661885954422,0.0053591728209999995,3.4161824597694683e-07,1.8810953278847206e-07,9.096932881007433e-08,1.1266324011055068e-07,1.9512202209131155e-09,1.885440069684006e-11,20.0,2.1010864300503264e-07,2.826452223333315e-07,0.0010006601261852237,0.001000660166103033,0.004374504089,8.805814963430024e-07,7.43738084529279e-08,2.8945614121219755e-08,3.5799978499361377e-09,3.6693835195710795e-10,9.574758427245223e-11,20.0,5.856345853920581e-07,-0.5314820633382895,-0.36461630633796865,-0.2809954605000533,0,6000,2.1974254333329696e-08,0.0009203669117765239,0.0009203669120388474,0.004497766495,6.92735357917083e-07,5.992970975568124e-08,8.144918987678143e-08,3.3020652457680738e-09,1.0819984670504288e-09,1.6365906582269153e-10,20.0,4.5181940290563077e-07,8.229017296666625e-07,0.0008697895291985418,0.0008697899184692115,0.005460262298,3.5915853604638827e-07,1.808362283099968e-07,8.58742424196002e-08,1.1695041230723452e-07,1.7072051588188317e-09,2.0741778478146505e-11,20.0,2.2629004726563777e-07,-4.6523412166667053e-07,0.0010153041348339468,0.0010153042414240657,0.004504442215,8.944903116462534e-07,9.048090796779716e-08,3.454439322955261e-08,4.36773299146826e-09,4.1214383117744485e-10,1.0828137110677964e-10,20.0,5.941121583034757e-07,-0.5317501488543798,-0.3197769819407147,-0.2517542501011733,69596,75596,5.830923665000008e-07,0.000892160573568508,0.0008921607641153007,0.0043578147890000005,6.62462947513584e-07,5.126382716240632e-08,7.490961374685079e-08,4.319056735470443e-09,1.2599976569070411e-09,1.5773239797395863e-10,20.0,4.311447352029018e-07,8.96215437999998e-07,0.0008843301705631895,0.0008843306246932937,0.005633354187,3.8747271763322105e-07,1.8557424686012991e-07,8.061260022924534e-08,1.361774482288729e-07,1.8293746272536086e-09,2.5042203215346718e-11,20.0,2.4007289317533737e-07,-3.467003433333266e-07,0.0010236700578752692,0.0010236701165861417,0.004494667053,9.239293712375072e-07,9.516943923243905e-08,2.983654806315117e-08,3.4950047838318917e-09,4.188204499954391e-10,1.1300509033762963e-10,20.0,6.15067465262508e-07,-0.5446862986315768,-0.3494983946022097,-0.28615066674952166,139193,145193,1.0217030798333321e-06,0.0009082454538621187,0.0009082460285288284,0.004414558411,6.563062142714136e-07,6.59541852165871e-08,9.129536276623759e-08,3.814795983744262e-09,1.2188939594654395e-09,1.6786646746004536e-10,20.0,4.2785907975117917e-07,-1.2783209509999964e-06,0.0008682076388276031,0.0008682085799063814,0.005244970322,3.432138120049788e-07,1.9365251562966964e-07,7.918724163237477e-08,1.4147977257741597e-07,2.138105521916022e-09,2.4442731270451223e-11,20.0,2.107024505626972e-07,8.515516956666668e-07,0.0010053195697299858,0.0010053199303815547,0.004323005676,8.738052473834983e-07,9.407148206501896e-08,3.4424056015232705e-08,3.930714191552025e-09,4.455841528983099e-10,1.0577489160785237e-10,20.0,5.819635815315955e-07,-0.5169005085203195,-0.354077575030246,-0.26643736813804286,208790,214790,-9.667873351666712e-07,0.0009039134995479833,0.0009039140165650897,0.004402399063,6.76542744104667e-07,6.993337971876731e-08,5.421854658043003e-08,3.3050438788005127e-09,1.0939450046380559e-09,1.4182286821675007e-10,20.0,4.402164165393377e-07,6.109078688333354e-07,0.0008779196929115999,0.0008779199054642865,0.005605697632000001,3.5041697572781726e-07,1.937794006678438e-07,8.967496732200548e-08,1.4368663521047502e-07,1.834779363351224e-09,2.1928392378947395e-11,20.0,2.202128838819744e-07,2.0356972483332366e-07,0.0010011758853175929,0.0010011759060135732,0.0043523311619999994,8.513252846626146e-07,9.606550050765699e-08,4.3545638425379664e-08,4.222462569841388e-09,4.660263057221507e-10,1.0791718563665814e-10,20.0,5.653976178456487e-07,-0.5417254752911242,-0.35702108358213397,-0.26814268348773623,278387,284387
trimMA342_1200rpm_A__D_01,284387,-1.645088123333321e-07,0.0008969736024880865,0.0008969736175738979,0.004303455353,6.553118606367179e-07,6.59947337948465e-08,6.670720163774407e-08,4.249378269036607e-09,1.2492213930690532e-09,1.5905965578399267e-10,20.0,4.2472113005992983e-07,-1.2928247444999977e-06,0.0008753559247709333,0.000875356879465396,0.005352020264,3.333307538076482e-07,1.8798197385207677e-07,9.032439449910345e-08,1.4176433670823953e-07,1.9780350966311655e-09,2.7019101307868396e-11,20.0,2.051590021707383e-07,8.868773745e-07,0.0010121197950577329,0.0010121201836240518,0.004553556442,8.812856582724605e-07,8.848597819942425e-08,4.106529791047481e-08,4.673297655407488e-09,5.084391832430526e-10,1.2805883943549775e-10,20.0,5.861085051878271e-07,-0.5015596761771668,-0.3296518630512784,-0.2811317045442318,0,6000,-4.463195781666679e-07,0.0009138726992829178,0.0009138728082702823,0.004457473755,6.668866358843738e-07,6.831368905311566e-08,9.295730209189443e-08,4.438075048334213e-09,1.315651978014254e-09,1.5983415513286907e-10,20.0,4.346019634023981e-07,-1.8882752066666856e-07,0.000877048067967952,0.0008770480882951344,0.0054314136499999995,3.5767558725996997e-07,1.7458506864128222e-07,9.004120788581135e-08,1.2872853757727874e-07,2.167287180541321e-09,2.3805176510319424e-11,20.0,2.2470383328334552e-07,-5.313555369999995e-07,0.0009897749385508465,0.000989775081178567,0.00439620018,8.413640361378472e-07,9.170229523618072e-08,3.7968709209643147e-08,4.382802342076311e-09,4.992472027300819e-10,1.3258864667512704e-10,20.0,5.599158997630382e-07,-0.5393536903814595,-0.320890124180045,-0.25905284143467416,69596,75596,-3.875096638333367e-07,0.0008994661470957427,0.0008994662305695527,0.004420995713,6.604696239780172e-07,6.882889377528328e-08,7.205855390922342e-08,3.863386887582419e-09,1.2770803343149365e-09,1.9238186280348012e-10,20.0,4.2816788015926685e-07,5.922714828333342e-07,0.0008871997949514279,0.0008871999926439163,0.006378650666,3.4962101215903403e-07,1.877579595455352e-07,8.688955847555581e-08,1.541953244978923e-07,1.9164430347803464e-09,2.814896296045776e-11,20.0,2.1366409709239113e-07,-9.424686484999968e-07,0.0010057943447523729,0.0010057947863172728,0.004486083984,8.758419316761035e-07,9.000856915015031e-08,3.363009584563601e-08,4.631353157426556e-09,5.213733916402331e-10,1.136036534247612e-10,20.0,5.82409489434996e-07,-0.5199456535646879,-0.30457238781059887,-0.27706237467226763,139193,145193,8.340676866665925e-08,0.0009030542287964363,0.0009030542326481922,0.00445818901,6.434455671008342e-07,6.984638467779929e-08,8.820381241224233e-08,4.913348403916911e-09,1.2388925598520764e-09,1.5126684878721182e-10,20.0,4.2060980736720455e-07,5.039374033333349e-07,0.0008570938499161659,0.0008570939980638189,0.00538110733,3.2399557506768326e-07,1.7920024014755207e-07,9.449630751021739e-08,1.449004955104296e-07,1.9074851081474032e-09,2.3798281854999315e-11,20.0,2.0495628038000964e-07,-1.688003491666657e-07,0.0010168387236220559,0.0010168387376329098,0.004338026047,8.859119295185778e-07,1.0249183991170136e-07,3.8472582724123724e-08,6.1977532413906325e-09,5.115503122311736e-10,1.1697450996188188e-10,20.0,5.901288559689679e-07,-0.5008651729065026,-0.3430492809095663,-0.2588496466827256,208790,214790,1.283089329999915e-07,0.0009079751810286971,0.000907975190094574,0.0046715736390000005,6.505424559776193e-07,8.762401040331952e-08,7.271457780609119e-08,4.848348778769783e-09,1.5493746215089736e-09,1.7857021514890198e-10,20.0,4.2416136590599516e-07,-6.100336750000049e-07,0.0008818415583966846,0.0008818417693988973,0.006158828736,3.3707812780027316e-07,1.8101580527572348e-07,9.24407194484426e-08,1.6412489048765817e-07,2.0582039171171964e-09,2.6116794566981044e-11,20.0,2.1259324048056343e-07,7.025003483333252e-07,0.0009937948632256154,0.0009937951115196527,0.0042359828950000004,8.463860881845749e-07,9.411230173197756e-08,3.5135491498803096e-08,6.451564113055722e-09,5.609535484324467e-10,1.4968582058254277e-10,20.0,5.622347995119e-07,-0.5219670445706428,-0.34433404362721076,-0.2411531924971523,278387,284387
trimMA342_1200rpm_A__D_02,284387,-7.070302901666624e-07,0.0009061227236598498,0.0009061229995009374,0.004242897033,6.631770217315378e-07,6.154757120145818e-08,8.23116822329404e-08,3.711861734282431e-09,9.211952226064582e-10,1.0655227065529645e-10,20.0,4.314934280532541e-07,1.5060107999999178e-08,0.0008474805823898658,0.0008474805825236783,0.0054993629459999995,3.306281439128117e-07,1.6100789956024015e-07,9.170182812251513e-08,1.339855867067383e-07,1.850357860751013e-09,1.2248192289743432e-11,20.0,2.0141450198813008e-07,8.495648849999801e-08,0.0009652407517727008,0.0009652407555114597,0.004162073136,8.061765130257414e-07,8.03706396291904e-08,3.689600100266884e-08,3.414075409272002e-09,3.793556060225228e-10,1.0572527588152184e-10,20.0,5.366393732378235e-07,-0.5008503287246667,-0.33600612567855936,-0.24623664890067645,0,6000,-4.214048351666768e-07,0.0009139372283026525,0.0009139373254548529,0.005424737931,6.540010707097155e-07,8.226715391244536e-08,9.388306565024544e-08,4.190987124150453e-09,1.247619883852667e-09,1.5139947477106347e-10,20.0,4.265720593536399e-07,3.4912426899999573e-07,0.00085193202148142,0.0008519320930174974,0.00536441803,3.348207339144076e-07,1.558058827430664e-07,9.41889972184311e-08,1.4703694217548278e-07,1.830872733624132e-09,1.5793620395757285e-11,20.0,2.1064995823390667e-07,6.258487899999873e-08,0.0009595492077604799,0.0009595492098014733,0.004247426986999999,7.907217243793741e-07,7.584177824500457e-08,4.178614276689765e-08,4.432004020999293e-09,4.0267435261046865e-10,1.1108189295343511e-10,20.0,5.252899885955322e-07,-0.5267238261399955,-0.32067144073174425,-0.2639243951468086,69596,75596,-6.219943353333324e-07,0.0008847334182493426,0.0008847336368897248,0.004571914673,6.183332506599175e-07,8.053717283525367e-08,7.920387737823893e-08,4.141968469829496e-09,1.28602712510018e-09,1.3205409758445339e-10,20.0,4.0359688842289896e-07,3.550052681666682e-07,0.0008633531612466596,0.0008633532342345984,0.005187988281,3.4470730492260415e-07,1.726073636051193e-07,9.810275432157335e-08,1.3275138887867685e-07,2.0657591303046822e-09,2.3824513739881324e-11,20.0,2.1636231550543848e-07,7.1525598333276966e-09,0.0009812710699586954,0.0009812710699847631,0.004431009292,8.277831499339057e-07,7.919070579681126e-08,4.761497488636505e-08,4.819546154054195e-09,5.040306887113009e-10,1.3676787607356807e-10,20.0,5.508566482235875e-07,-0.4871661166803644,-0.2937696726123627,-0.32134770592314266,139193,145193,9.9309285916667e-07,0.0008755428472510432,0.000875543410463405,0.004303455353,6.056436995172937e-07,7.304581514104256e-08,8.263210360122753e-08,4.35705672285918e-09,1.4305373928916963e-09,1.866981605119634e-10,20.0,3.9144858644606834e-07,-1.7054875650000108e-07,0.0008477046056909364,0.0008477046228471945,0.005316257477,3.1809504454122e-07,1.4877042148128687e-07,9.51276238425066e-08,1.42091681153634e-07,1.886105474823777e-09,2.1769500023992624e-11,20.0,1.9822044372983387e-07,-3.7022431750000776e-07,0.0009710637219450586,0.0009710637925202624,0.004439353942999999,8.091956903638281e-07,6.523847177917282e-08,5.807790148523269e-08,4.7485062679104395e-09,5.072732151536205e-10,1.3400750444781678e-10,20.0,5.384020482027258e-07,-0.4792957129013427,-0.3173619246975618,-0.291484515378845,208790,214790,-5.975166961666716e-07,0.0008757468185271223,0.0008757470223680916,0.0042552948,6.181816252102373e-07,7.159426803614383e-08,6.529662772861117e-08,3.7170149323891073e-09,1.3874220074555683e-09,1.9689298129456213e-10,20.0,4.0151956475706986e-07,-8.293390186666659e-07,0.0008584153280687758,0.0008584157286924743,0.0054433345800000005,3.2399506537347025e-07,1.7428130293507277e-07,9.629737478114735e-08,1.4183477207728664e-07,1.8561776713000935e-09,2.2178369656675388e-11,20.0,1.9761793685637127e-07,6.833871101666761e-07,0.0009481208578598742,0.0009481211041459242,0.0042786598209999995,7.744019534844521e-07,7.99949449708e-08,3.1065993932481945e-08,4.3306706032210695e-09,5.120312816466343e-10,1.2878400135478903e-10,20.0,5.155441272866507e-07,-0.47804757179982704,-0.32087536298653024,-0.2904373133079917,278387,284387
trimMA342_1200rpm_A__D_03,284387,1.5342235616666472e-07,0.0009082711478911827,0.0009082711608489976,0.004528045655,6.527704950677047e-07,9.257618366346628e-08,8.52481500136266e-08,4.398928163200667e-09,1.3062931346766593e-09,1.493314235489964e-10,20.0,4.260306954422443e-07,4.188219800000005e-07,0.0008590746888971726,0.0008590747909906477,0.005465269088,3.142599079056141e-07,1.710704742654392e-07,9.329272045562996e-08,1.5931126995966394e-07,2.1563799323183315e-09,2.4559699861351907e-11,20.0,1.970661681084402e-07,-1.804033911666688e-07,0.0009950672139294686,0.0009950672302828278,0.004185438156000001,8.312879915500626e-07,1.179145448825783e-07,4.3818809162521455e-08,4.404476847310306e-09,5.550183815390249e-10,1.3436929258110674e-10,20.0,5.531615900284268e-07,-0.48289585230478094,-0.3099716361678187,-0.24081543104628825,0,6000,8.853276600000991e-08,0.0008948692257794505,0.0008948692301588897,0.0045113563540000005,6.261184778836906e-07,8.316407675051826e-08,7.008603718402917e-08,4.403520641460883e-09,1.2477290127081435e-09,1.930350208672993e-10,20.0,4.0941868204861763e-07,-3.169377703333322e-07,0.00086627432176431,0.0008662743797422187,0.005448818206,3.268760002779424e-07,1.5277052593976035e-07,9.814892695412402e-08,1.603539186631192e-07,2.128752052054722e-09,2.3738829400458797e-11,20.0,2.0111925818852372e-07,8.555252699999141e-08,0.0009657772985992597,0.0009657773023885571,0.003945112229,7.90832558166922e-07,8.724338814802241e-08,4.6825588139689166e-08,4.022702100863239e-09,5.708011379994617e-10,1.321467757722429e-10,20.0,5.261041536047976e-07,-0.4998366990258677,-0.31623007130127684,-0.2770875611710141,69596,75596,-3.0255318283334047e-07,0.000904117261253904,0.0009041173118769977,0.004920959472999999,6.420898416216764e-07,8.752595005388771e-08,8.326145020554305e-08,5.6842671618479525e-09,1.4603308653443223e-09,1.8540384095411612e-10,20.0,4.179742931975985e-07,2.556641875000023e-07,0.0008731407607408442,0.0008731407981713356,0.0057101249690000005,3.1996748302971863e-07,1.6940276974420726e-07,1.0532049510388973e-07,1.6479387408252997e-07,2.0126255725498693e-09,2.6081009727488495e-11,20.0,2.0228677211506658e-07,-2.106027999999871e-09,0.0009547492073446767,0.0009547492073469994,0.004388332367,7.918888648172113e-07,8.075223036606454e-08,2.7265630122226115e-08,6.427186050761449e-09,5.733056565057296e-10,1.611541020281919e-10,20.0,5.266472088689688e-07,-0.4860850263502066,-0.26354192789193376,-0.30644311307531213,139193,145193,-8.6228050666666e-08,0.0008731065192236305,0.0008731065234815741,0.004041433334,6.035603647091776e-07,8.404936528713922e-08,6.552569517435932e-08,5.013578348727359e-09,1.374001566895543e-09,1.8042274159603963e-10,20.0,3.918009807975821e-07,-4.392067554999978e-07,0.0008935236970755017,0.0008935238050203515,0.006030082702,3.4602788650315815e-07,1.6174923478470655e-07,1.0423858994387998e-07,1.8246293822673748e-07,2.3059420730426093e-09,2.627652000313321e-11,20.0,2.0845125292993988e-07,5.73714571833329e-07,0.0009802972360539925,0.0009802974039359214,0.004315137863,8.184874697407652e-07,8.896036424462249e-08,4.617294571292461e-08,4.54123813880814e-09,5.06868819260275e-10,1.4585211206842448e-10,20.0,5.443563753935951e-07,-0.48026112822576317,-0.20954720691461945,-0.3235957596085488,208790,214790,2.0102660116667313e-07,0.00086149109460734,0.0008614911180618447,0.004037618637,5.753517699553224e-07,7.967459716838201e-08,7.60694121131482e-08,4.183892182377274e-09,1.2235220536406106e-09,1.388137472482535e-10,20.0,3.758020412142832e-07,-1.3136864166667008e-07,0.00086482360510835,0.0008648236150859452,0.005804777145,3.066148371901158e-07,1.5925093897105058e-07,9.984597596913793e-08,1.6283204095306244e-07,2.0905332626122577e-09,2.3245447111615124e-11,20.0,1.9315505133516385e-07,-3.1093756499999196e-07,0.0009796378979372948,0.0009796379472831638,0.004234790802,8.259928815284315e-07,7.903773535731744e-08,4.359142677898386e-08,4.4404174068697915e-09,5.249257823287271e-10,1.4128972745343297e-10,20.0,5.486775250591413e-07,-0.46420711347934257,-0.2544880099998149,-0.3198537345476846,278387,284387
trimMA342_1200rpm_A__D_04,284387,-1.1882384680000033e-06,0.0008709185306110042,0.0008709193411977296,0.004299163818,5.886378325010767e-07,9.012648544658026e-08,8.072332414238985e-08,4.008017122244819e-09,1.3747137550415472e-09,1.92848911205502e-10,20.0,3.82844439270276e-07,-3.2337506783333343e-07,0.0008736515443717042,0.0008736516042190378,0.005713462829,3.166989704208601e-07,1.536385844255212e-07,9.423805159905407e-08,1.9460230918132786e-07,2.168873347043735e-09,2.3032069997469295e-11,20.0,1.9319915441368754e-07,3.0386447233333827e-07,0.0009438045966580681,0.00094380464557371,0.003995895386,7.724500445075549e-07,8.640777263093701e-08,2.7020650611179722e-08,3.8440514963075884e-09,5.497840507317531e-10,1.6147547218132284e-10,20.0,5.146968048805859e-07,-0.45381349621968864,-0.272373058568058,-0.29129842302683145,0,6000,-3.889004386666642e-07,0.0008806927421507391,0.0008806928280169764,0.004258871078,6.033262172545705e-07,8.634716948099829e-08,7.861561865657395e-08,4.119606840963686e-09,1.4524530355347787e-09,1.958597151456717e-10,20.0,3.9335535889373344e-07,2.993345220000017e-07,0.0008643810975364082,0.0008643811493660663,0.00583076477,2.8797675554321525e-07,1.6418668498102382e-07,9.750456223642108e-08,1.8584678622971129e-07,2.3895221188491066e-09,2.5584291666737642e-11,20.0,1.7590961518834214e-07,-3.5830339033333297e-07,0.0009496278710621995,0.0009496279386577907,0.003906965255,7.591475493265368e-07,9.882498310149005e-08,3.828002000666742e-08,5.8166195733162424e-09,5.556415309277829e-10,1.5556148114757261e-10,20.0,5.056861832749735e-07,-0.4539166778824635,-0.2546957818626243,-0.29682185342541956,69596,75596,-1.6585985566666452e-07,0.0008873126788242629,0.0008873126943258397,0.004270076752,6.011936299182602e-07,9.064287574897112e-08,7.329579781345071e-08,4.486128416339045e-09,1.5010347117077692e-09,2.0210243761606187e-10,20.0,3.9348632325036405e-07,-9.679794616666328e-08,0.0008707177088463773,0.0008707177142269055,0.005490064621,3.2201017579586174e-07,1.5048538250445833e-07,1.0367553473480035e-07,1.7559013114147652e-07,2.31093239114227e-09,2.5728414327451808e-11,20.0,2.0116163835571696e-07,1.1066595650000588e-07,0.0009656595747671058,0.0009656595811083435,0.004218578339,7.976105972844695e-07,9.403707422407665e-08,3.1256261157780856e-08,5.0475052646897345e-09,5.906859023953036e-10,1.752786324329134e-10,20.0,5.300359704060669e-07,-0.473802543876551,-0.23459557425661934,-0.311483809713212,139193,145193,1.259605092333337e-06,0.0008696897034465788,0.000869690615613384,0.004403352738000001,5.900896583457082e-07,9.11944227335421e-08,7.042742545891552e-08,4.888120557473761e-09,1.5230343868463906e-09,2.1392763089016157e-10,20.0,3.8276573620616504e-07,-4.1397413466666597e-07,0.0008604885014445235,0.0008604886010243399,0.005585908888999999,3.0313400471851365e-07,1.5329742759485476e-07,1.1383250978761372e-07,1.7892249475821237e-07,2.12013929965834e-09,2.3959268333288444e-11,20.0,1.9008456200934044e-07,-9.850660966667415e-08,0.0009642654262500679,0.0009642654312816452,0.004430532455,8.025797793570084e-07,8.039355676484604e-08,4.105163796855334e-08,4.192788635785826e-09,6.39530392078625e-10,1.7318569252098941e-10,20.0,5.344775062295591e-07,-0.5012660455310056,-0.23694811032899254,-0.30734581627918833,208790,214790,-2.6230017349999794e-07,0.000878533516031455,0.0008785335551884014,0.004222393036,5.901987510526907e-07,9.356247511920921e-08,6.828408372171081e-08,4.231690487297833e-09,1.6015550583004614e-09,2.2705540556410323e-10,20.0,3.843027124297707e-07,9.771188783333033e-08,0.0009008820287052614,0.0009008820340042976,0.005599021912,3.3846210811687953e-07,1.56704875279937e-07,1.1357993127652769e-07,1.892053295797088e-07,2.4177572817454e-09,3.029615130614805e-11,20.0,2.0581015400871779e-07,-1.4825661283333208e-07,0.0009513305153019325,0.0009513305268541863,0.00413107872,7.796532745317898e-07,8.054148266498178e-08,3.0766545012133665e-08,5.785223962273398e-09,6.004336315604061e-10,1.557108472472476e-10,20.0,5.193173947089692e-07,-0.46973953551156483,-0.24352225520412293,-0.30320383769002,278387,284387
trimMA342_1200rpm_A__D_05,284387,-3.5127003950000586e-07,0.0008866184891014608,0.0008866185586864272,0.004490375519,6.04958381802193e-07,6.792329700259398e-08,8.925686658433676e-08,4.227746667573966e-09,1.409712174720776e-09,1.751309477255161e-10,20.0,3.9363503420497033e-07,7.988611878333336e-07,0.0008771029178955139,0.0008771032816949335,0.005685329437,3.2404286396749447e-07,1.6040760340928826e-07,1.0067056859668747e-07,1.7468815433221782e-07,2.0013402663456317e-09,2.6919773869154782e-11,20.0,1.9813395974589867e-07,-8.066495216666376e-08,0.0009512143735234606,0.0009512143769437382,0.0041136741640000005,7.765332080112404e-07,8.382829074311286e-08,3.299019624635138e-08,4.339304847126847e-09,5.603687112634982e-10,1.4362804166220073e-10,20.0,5.173791282161278e-07,-0.47606727040367247,-0.24207977772184464,-0.2893640581643389,0,6000,3.94860902000004e-07,0.0008763463112724465,0.0008763464002299295,0.0044665336609999995,5.946044237350705e-07,7.437093378304913e-08,7.261868698304465e-08,3.81307811387761e-09,1.5503984441523108e-09,1.8908664343336064e-10,20.0,3.88004189103186e-07,-3.9478143216666675e-07,0.0008784103302836051,0.0008784104189963432,0.005580186843999999,3.102307423048532e-07,1.6326004658742765e-07,1.0654080722329229e-07,1.8685768975182597e-07,2.3127931506224183e-09,3.2141620556789064e-11,20.0,1.9318621502922802e-07,6.351868340000074e-07,0.0009686987397676599,0.0009686989480172706,0.00422167778,7.948524670519045e-07,9.569585369173762e-08,3.851417094305119e-08,4.279221677502878e-09,6.308340027377945e-10,1.7400902194102155e-10,20.0,5.291896909239058e-07,-0.4719614330750332,-0.24722460476997815,-0.30308254348887603,69596,75596,-3.431240724999958e-07,0.000866910358041885,0.0008669104259463249,0.004107713699,5.796428279908273e-07,8.39731227605782e-08,8.688026151597437e-08,4.72530484912876e-09,1.6080826777172405e-09,2.1837180144255028e-10,20.0,3.7839987162418436e-07,4.7254562916666337e-07,0.0008771890105589327,0.0008771891378401418,0.005708217621,2.9800830151768805e-07,1.6386770047408097e-07,1.1409863707069447e-07,1.9007895710853594e-07,2.3501554112842278e-09,2.4701733384415486e-11,20.0,1.833258262676193e-07,-5.3973992783334e-07,0.0009627646950867725,0.0009627648463797978,0.004150867462,7.946346886377015e-07,9.321820599093651e-08,3.378905018035582e-08,6.12541171255099e-09,6.915599036645811e-10,2.0405657219788448e-10,20.0,5.279008633489729e-07,-0.45558580603970167,-0.25805059308421413,-0.31092803255254897,139193,145193,3.563960341666656e-07,0.0008756972902618068,0.0008756973627857997,0.004142522811999999,5.907267266107837e-07,9.734859154703401e-08,6.739368306910798e-08,4.787924853590589e-09,1.816742597011686e-09,2.160736717263945e-10,20.0,3.828046573009006e-07,1.0299682833333554e-07,0.0008668825756585274,0.000866882581777203,0.005370616913,2.92802195489454e-07,1.463919076357516e-07,1.1072322437944924e-07,1.906812791001718e-07,2.5120533405295005e-09,2.5423299595405053e-11,20.0,1.810196624782558e-07,2.090930923333359e-07,0.0009468649220941723,0.0009468649451808448,0.0042183399199999996,7.662699670911661e-07,8.391198067714524e-08,4.617674039156127e-08,4.0217847197746935e-09,6.141476347009028e-10,1.741935825081841e-10,20.0,5.096879220032538e-07,-0.4342705593098343,-0.2505316733948265,-0.32709954394809165,208790,214790,-6.977717166667049e-08,0.0008811432718943661,0.0008811432746571708,0.004400014876999999,5.961456687811903e-07,8.732448413426284e-08,8.016533290793387e-08,4.7427721879982934e-09,1.5908626572745308e-09,2.133332484847437e-10,20.0,3.8809676329581927e-07,3.802776336666736e-07,0.0008896356048181347,0.0008896356860935868,0.005674600601,3.2176471834116857e-07,1.5350420641485943e-07,1.10414199557582e-07,1.9710103777037235e-07,2.35971349786833e-09,2.8629811461144726e-11,20.0,1.9456269390851665e-07,-2.440214143333309e-07,0.0009410022955838688,0.0009410023272237754,0.004223823547,7.742638000441381e-07,7.594172490630127e-08,2.9778452891872577e-08,4.1405904392949914e-09,5.945801089607644e-10,1.949571984134555e-10,20.0,5.161028351126949e-07,-0.45168077607064955,-0.2284650747847632,-0.31358306494912125,278387,284387
trimMA342_1200rpm_A__D_06,284387,1.207351682666664e-06,0.0009405366470313187,0.0009405374219599138,0.0051951408390000006,6.701879014715063e-07,1.0390319608854869e-07,1.0172414663791214e-07,4.3240279844572765e-09,1.209715050111999e-09,1.6274699476104638e-10,20.0,4.3665155999526766e-07,1.7797946999999954e-07,0.0008530429777800251,0.0008530429963469039,0.005716323852999999,3.2544714497852873e-07,1.6126637318746145e-07,1.0180366572862145e-07,1.242758405818696e-07,1.9581306382028783e-09,1.8524638141676287e-11,20.0,2.0188074392555055e-07,1.1269251766666289e-07,0.0009558372369386622,0.0009558372435818453,0.004200220108,7.842811739548057e-07,7.964560043393374e-08,3.8019122653551673e-08,5.356076353677563e-09,4.790724215284024e-10,1.2400509368385746e-10,20.0,5.214496743639156e-07,-0.5093250945582246,-0.29075058899693174,-0.26146479706848746,0,6000,8.566776913333299e-07,0.0009212871144719463,0.0009212875127715083,0.004467010497999999,6.566210907070983e-07,8.83706384626907e-08,9.13948115360312e-08,4.121563421152131e-09,1.2659731585033874e-09,1.877096424324348e-10,20.0,4.275291142507214e-07,-1.755555498333325e-07,0.0008734227873070578,0.0008734228049501461,0.005468606949,3.4937295168799533e-07,1.5991051569611698e-07,1.0148697573529415e-07,1.5179886783571613e-07,2.2112706349503696e-09,2.1337221462974112e-11,20.0,2.1958061053556003e-07,1.548528655000014e-07,0.0009574064705036479,0.0009574064830267562,0.004304409027,8.160555001589224e-07,6.36696327640712e-08,3.05851406313681e-08,3.3064870694951347e-09,5.089100982969381e-10,1.211749943940378e-10,20.0,5.418130825605564e-07,-0.4840315234944358,-0.3016323783063673,-0.2707460014039047,69596,75596,-5.985101106666715e-07,0.0008895485997494067,0.0008895488010955232,0.004343271256,6.344682403423404e-07,7.005270012336614e-08,7.839613951795694e-08,3.914754960316103e-09,1.2002257812350898e-09,1.8546564170735168e-10,20.0,4.1148026022653316e-07,3.057320941666653e-07,0.0008644474675672413,0.0008644475216318976,0.005272626876999999,3.353206073923221e-07,1.4791157699751428e-07,9.463401045002223e-08,1.5689150353612707e-07,2.1697262431349305e-09,2.4158204788496956e-11,20.0,2.0888160080577e-07,2.046028808333292e-07,0.0009572733027318551,0.0009572733245972609,0.004217147827000001,8.020853017578995e-07,6.472885617035236e-08,4.430646351664616e-08,4.357839989760653e-09,5.465691547273198e-10,1.4765595485985255e-10,20.0,5.339186402876532e-07,-0.4839570495081769,-0.31703141726298206,-0.26563883093097584,139193,145193,7.041295366666649e-08,0.0008801775872933437,0.0008801775901098119,0.004553318024,6.369683803897936e-07,6.473111169612282e-08,6.817423550004743e-08,4.1013079366614714e-09,1.2068338171846115e-09,1.522219567961129e-10,20.0,4.142499788141236e-07,-1.3371307883333512e-07,0.0008856897811720689,0.0008856897912654378,0.005734920500999999,3.462700093719055e-07,1.575154238820739e-07,1.0111337983695967e-07,1.767021094631935e-07,1.871244730457749e-09,2.2465005978391474e-11,20.0,2.1103635282969184e-07,1.5048186183333768e-07,0.0009398471630030687,0.0009398471750501289,0.004295349121,7.654255284454387e-07,6.886705146132582e-08,4.1617191693905775e-08,6.2054878824053845e-09,5.242709009978851e-10,1.2804044803682513e-10,20.0,5.101929794665483e-07,-0.4970528665006346,-0.3090315840206551,-0.26674258716764826,208790,214790,-5.253156116667134e-08,0.0008980789195255508,0.0008980789210619219,0.004560947418,6.336768407374595e-07,7.396386209605641e-08,8.169367395235438e-08,4.446668250036658e-09,1.2184655376128993e-09,1.735205525908261e-10,20.0,4.1452311740011905e-07,8.183717796666686e-07,0.0008894797509065283,0.0008894801273806568,0.0059902668,3.464509581144206e-07,1.61969166143226e-07,9.793252693486778e-08,1.795197206426843e-07,2.1504215287591944e-09,2.473377293738091e-11,20.0,2.1688901531073079e-07,-7.190704329999975e-07,0.0009457687584287194,0.0009457690317842348,0.003970384598,7.689593799120932e-07,7.86481271210951e-08,3.561824924523699e-08,4.422249694656178e-09,5.040654613531646e-10,1.32508822885937e-10,20.0,5.114805839573213e-07,-0.4816458696083111,-0.2835750722125588,-0.28311048608476447,278387,284387
trimMA342_1200rpm_A__D_07,284387,-8.833010963333262e-07,0.0008815918354887941,0.0008815922779955186,0.004596233368,6.068876746152903e-07,9.755219340235809e-08,7.726959732168482e-08,4.81076479838389e-09,1.1282990449315195e-09,1.7266048772706074e-10,20.0,3.9428091789380203e-07,1.98364257666667e-07,0.0008729237325908727,0.0008729237551291408,0.005671977997,3.2743153706917144e-07,1.6359273746345535e-07,1.0944788024349324e-07,1.726240925060764e-07,2.2571224084758386e-09,2.186599420813857e-11,20.0,2.023010617090501e-07,7.37229979666665e-07,0.000965106889306491,0.0009651071708856455,0.004045009613,8.051111225770313e-07,7.38006301267981e-08,3.9004041026979005e-08,5.22846866574689e-09,5.5319783327101e-10,1.3123205893691334e-10,20.0,5.343832736787411e-07,-0.4746102391406088,-0.2971880749349477,-0.28282558212883796,0,6000,-9.520848583333592e-08,0.0008871798877448828,0.0008871798928535738,0.0046715736390000005,6.274040169421044e-07,8.284791963734065e-08,6.944196636169157e-08,3.802184903889823e-09,1.3303994365703974e-09,1.6301098177200413e-10,20.0,4.0796595046435965e-07,6.39518100333334e-07,0.0008767434687998034,0.0008767437020398335,0.005442857742,3.3727696648163666e-07,1.480459428168187e-07,9.930027331979888e-08,1.7514293470659456e-07,2.2526901424301944e-09,2.4852799978412942e-11,20.0,2.1066725874459326e-07,-4.635651938333362e-07,0.0009376317760913431,0.0009376318906846627,0.004154205323,7.764898341645545e-07,6.507542236830868e-08,3.039981200313279e-08,4.260283274732168e-09,5.324134245200767e-10,1.5823708524905463e-10,20.0,5.168082704680826e-07,-0.4642249664069322,-0.3139271896959898,-0.27570937730934936,69596,75596,-1.4777978216666543e-07,0.0008957059413950731,0.0008957059535859399,0.004518747329,6.369122254527783e-07,8.346701099947178e-08,8.435484528627679e-08,4.0958398094252004e-09,1.3511319622238223e-09,1.7258750230610443e-10,20.0,4.14531845075258e-07,3.6652883399999893e-07,0.0008639056293804619,0.0008639057071339663,0.005472183227,3.4180052865154104e-07,1.5397871057219552e-07,9.491974185399748e-08,1.6023439112971766e-07,1.9243555616334346e-09,1.9294512257557394e-11,20.0,2.1148848750510585e-07,3.075600016667207e-08,0.0009496082160710914,0.0009496082165691554,0.003922224044,7.763801401013104e-07,8.565499414865797e-08,2.7582930580842286e-08,4.2668598098307655e-09,5.732876928217644e-10,1.4105698328115044e-10,20.0,5.163697527298308e-07,-0.46419925068998447,-0.2782241984862272,-0.2928222798375825,139193,145193,4.733800911666588e-07,0.0008878337231729488,0.0008878338493726465,0.004718780518,6.096589638502952e-07,8.799730937302602e-08,7.541366896801643e-08,4.484461069932974e-09,1.2589241723139499e-09,1.8207129940874657e-10,20.0,3.967669566298124e-07,7.708470026666677e-07,0.0008582975879520381,0.0008582979341052781,0.0057845115659999995,3.234883576740317e-07,1.4621881277943228e-07,1.1127427997498901e-07,1.5118185787843092e-07,2.1872133219895222e-09,2.885085643757117e-11,20.0,2.04984108438402e-07,-6.1750411883333e-07,0.0009617269602772766,0.000961727158520288,0.004056215286,7.994991471083443e-07,7.992137567708407e-08,4.0139122000625506e-08,3.521198756589579e-09,5.625339396174185e-10,1.4359205351118393e-10,20.0,5.31404624165979e-07,-0.472495287975316,-0.26230595411572083,-0.301283785435086,208790,214790,7.030169125e-07,0.0008965319685931923,0.0008965322442290429,0.005240917206,6.204715556785396e-07,8.14397772669146e-08,7.536978211262826e-08,4.916634439600777e-09,1.5398824476706429e-09,2.1809301033704576e-10,20.0,4.005166391634597e-07,2.4759769366666333e-07,0.0008547485701958713,0.0008547486060570701,0.0052227973940000005,3.2228167933348524e-07,1.4834625044300713e-07,1.0347555242769707e-07,1.5281281676809128e-07,2.207615554867826e-09,2.2493177874211572e-11,20.0,2.0130365119231604e-07,9.326139766666653e-08,0.0009367289978055947,0.0009367290024481798,0.004173278807999999,7.633503109389755e-07,6.500836317825126e-08,3.332475980002066e-08,4.71432468554331e-09,5.666750062894217e-10,1.3897034549977312e-10,20.0,5.066486091950279e-07,-0.48690468943037696,-0.3094693662642529,-0.27646585129649104,278387,284387
trimMA342_1200rpm_A__D_08,284387,6.403923069999949e-07,0.0008954012552149353,0.0008954014842196703,0.004739046097,6.289139244939961e-07,7.270102584573141e-08,9.251558981259446e-08,4.244508558583873e-09,1.4706969325353215e-09,1.5042384101304652e-10,20.0,4.0932603390764655e-07,-1.3852119233333238e-07,0.0008580221860769226,0.0008580221972585219,0.005174875259,3.4844400305001314e-07,1.4492349477406233e-07,9.610301731336112e-08,1.3373138455457358e-07,1.8920472019895475e-09,1.7793068299401362e-11,20.0,2.145324434963744e-07,-2.1596750216666394e-07,0.0009492230798336848,0.000949223104402178,0.004102945328,7.867594498550502e-07,6.58440699375469e-08,4.499728192568305e-08,4.585965571576303e-09,4.886893930964618e-10,1.4059868291517478e-10,20.0,5.221388576515477e-07,-0.5040829858998347,-0.2888186602319408,-0.2886739795482201,0,6000,-1.3315677649999395e-07,0.0008961357122222613,0.0008961357221151418,0.004239559173,6.151061050437906e-07,8.026180003418343e-08,8.681541158492866e-08,4.507069129279773e-09,1.300692097156593e-09,1.93335512253045e-10,20.0,4.0035660318196637e-07,5.331834176666624e-07,0.0008514761750999155,0.0008514763420361947,0.005551815033,3.3823886319247166e-07,1.3252354611259508e-07,9.779256713758656e-08,1.4122801512026288e-07,2.3748819527756304e-09,2.0389060865610106e-11,20.0,2.117828546884704e-07,-3.221829704999994e-07,0.0009593156991773858,0.000959315753279421,0.004163503647,7.978195995396611e-07,7.285936509737195e-08,3.521392814080633e-08,3.3697566886068154e-09,4.572903366286586e-10,1.403070464246067e-10,20.0,5.314469491011955e-07,-0.47400928712786344,-0.279519792934374,-0.28198368829681264,69596,75596,-4.3447812583333884e-07,0.0008921540936315396,0.0008921541994267335,0.004775047302999999,6.014207021835237e-07,9.452090191574511e-08,7.962622579610415e-08,4.3483111046198444e-09,1.5441883932005755e-09,1.9476307371344193e-10,20.0,3.9170554698329804e-07,6.031990038333386e-07,0.000851315470855633,0.0008513156845537304,0.005491256714,3.3208298484382033e-07,1.3581327024135648e-07,9.662872610194594e-08,1.4487968778444893e-07,2.050113107866709e-09,1.840236802038486e-11,20.0,2.0534692423489728e-07,-5.13792033500008e-07,0.0009475765552054559,0.0009475766944988105,0.004010438919,7.759488544157967e-07,7.520905758629559e-08,3.910580305370729e-08,3.5089999576217912e-09,5.232876433710354e-10,1.4198956664666327e-10,20.0,5.160184404057683e-07,-0.45455293309668837,-0.28424875938616684,-0.2906458797196605,139193,145193,-6.133715318333381e-07,0.0008899873688531444,0.0008899875802182743,0.004878044129,6.158036790159135e-07,7.770392214678147e-08,9.307434852918257e-08,4.9205348351711055e-09,1.4231049006118524e-09,2.2192865592135074e-10,20.0,4.019732515552142e-07,2.705653561666643e-07,0.0008481480454801111,0.0008481480886362618,0.005639076232999999,3.2322167566001077e-07,1.482642293052188e-07,9.305667879019388e-08,1.4928028614935367e-07,1.6422557966188748e-09,1.8721471032020844e-11,20.0,2.017059681508432e-07,-1.2199083816665997e-07,0.0009385112224697107,0.0009385112303980999,0.003992557525,7.704869611630217e-07,7.41087324770506e-08,3.132342898657856e-08,4.602123295345401e-09,5.094027289124203e-10,1.4983527875627241e-10,20.0,5.126598135190101e-07,-0.4691958105330132,-0.2870295050030269,-0.2988039387069514,208790,214790,-7.023413931666681e-07,0.0008997703633981969,0.0008997706375144478,0.004460573197,6.179416525303025e-07,8.476360717301341e-08,1.0801946624023897e-07,4.230852834809306e-09,1.575430264989464e-09,2.1490562841647271e-10,20.0,4.0202369212276053e-07,2.171595853333377e-07,0.0008644305853136736,0.0008644306125907539,0.005736112594,3.480039007260196e-07,1.473739401463589e-07,1.0213935259052225e-07,1.5686359762968558e-07,2.081804572075731e-09,2.1006226350345317e-11,20.0,2.1633756520816843e-07,1.5568733549999972e-07,0.0009536769529051228,0.0009536769656130666,0.0041604042059999995,7.869955306755356e-07,6.476806093090246e-08,4.837004597599429e-08,3.7588639016641e-09,5.081957114947004e-10,1.3539112846015563e-10,20.0,5.230776838310568e-07,-0.4784468857561264,-0.27796241577279596,-0.28780789365553344,278387,284387
trimMA342_1200rpm_A__D_09,284387,-8.598168658333332e-07,0.0008958137804615498,0.0008958141930946711,0.004811525344,6.088204100119185e-07,7.289852180947686e-08,1.0565156930858894e-07,4.304944977172268e-09,1.3934753418755774e-09,2.1750988735383362e-10,20.0,3.953582910442667e-07,4.912614861666692e-07,0.0008580647615289493,0.0008580649021580947,0.005425214768,3.048794434782322e-07,1.4863849110877572e-07,9.363909322944635e-08,1.7030351056510815e-07,2.059110631512675e-09,2.118366847210733e-11,20.0,1.8470555595137432e-07,1.5628339100000795e-07,0.0009535474573792132,0.0009535474701863882,0.004207611084,7.816287198511692e-07,7.116360147797145e-08,5.222370069520371e-08,5.118280940953878e-09,5.133206651580459e-10,1.6818156825466625e-10,20.0,5.195606460634586e-07,-0.4548162276005438,-0.29123216284614145,-0.28977550165197774,0,6000,-9.727477599999248e-08,0.0009093511155389373,0.0009093511207417584,0.004556894302,6.288774540092113e-07,8.108962824226592e-08,1.0199748399042439e-07,5.327397908223649e-09,1.3348672864841003e-09,1.708111637042868e-10,20.0,4.105475632332978e-07,-4.819631593333285e-07,0.0008532694168510662,0.0008532695529677861,0.005424261093,3.2671345131780667e-07,1.4163630299186118e-07,9.569688585769217e-08,1.55049551133111e-07,2.048086489272028e-09,2.092377982899864e-11,20.0,2.0223331732732479e-07,8.03073208333257e-08,0.0009317729586189704,0.00093177296207972,0.004288673401,7.522573378860055e-07,7.245821571816511e-08,3.113018204621656e-08,6.638708716579386e-09,5.358409056001506e-10,1.401186834617006e-10,20.0,5.012818066508357e-07,-0.4515404587314022,-0.28951644868736265,-0.2665927142563972,69596,75596,-1.529852530000019e-07,0.0008910529643534126,0.0008910529774864632,0.004371404648,6.393378121164531e-07,8.10325879540274e-08,7.290579558414072e-08,4.493014088800762e-09,1.5387678596134935e-09,1.9026321606859837e-10,20.0,4.1558047440326195e-07,-1.2489159633334002e-07,0.0008689865537425561,0.0008689865627173271,0.005612611771,3.4022252054381643e-07,1.3616901087125416e-07,1.0415379507958747e-07,1.679277187484616e-07,2.2718944509866063e-09,1.8827254308534025e-11,20.0,2.1298857438880352e-07,1.4770031299999458e-07,0.0009445081293096678,0.0009445081408582093,0.004232406616,7.559258662566646e-07,8.206256572876634e-08,4.534598026096469e-08,3.884578437071427e-09,5.105129969254785e-10,1.547177987262177e-10,20.0,5.035945510549581e-07,-0.5135588798788241,-0.2663004721922702,-0.27514372457937736,139193,145193,9.024143233333481e-08,0.000897814848340206,0.0008978148528753926,0.004691123962,6.188215723156793e-07,1.1194832803386601e-07,8.617205791860091e-08,5.042568306078854e-09,1.4449309655511262e-09,1.8433551376317136e-10,20.0,4.0077744148723305e-07,-1.2796322498333373e-06,0.0008870131033254749,0.0008870140263433179,0.0052125453950000004,3.6973157548269116e-07,1.3786518950818265e-07,1.1200983819411793e-07,1.6841462153099288e-07,2.1819247463994227e-09,2.1875902157426794e-11,20.0,2.3013089344920115e-07,5.177656366666649e-08,0.0009657994953502187,0.0009657994967380908,0.004197597503,8.016380163292485e-07,9.232550881390486e-08,3.630317085966239e-08,4.617224238078371e-09,5.375394029433095e-10,1.3376043517844117e-10,20.0,5.334651666420587e-07,-0.5001440132082756,-0.24428442587614072,-0.29429021843761793,208790,214790,4.30862107999995e-07,0.0008748221811586379,0.0008748222872614257,0.004385709761999999,5.814364388681573e-07,5.967653475770557e-08,1.0989031915846143e-07,4.695520429218546e-09,1.233147392675472e-09,1.5720112240085568e-10,20.0,3.7915146984565153e-07,1.8223126599999894e-07,0.0008841949709691939,0.00088419498974799,0.005245685577,3.5965898285740465e-07,1.474871060606947e-07,9.930725414145567e-08,1.6933994358577555e-07,1.935308509296368e-09,2.1351942888604585e-11,20.0,2.2260561347886087e-07,6.079682500000072e-09,0.000960011543134377,0.0009600115431536282,0.004274606705,8.043841156069154e-07,6.261913215048415e-08,4.271988455741963e-08,4.492475593553902e-09,5.276683979096393e-10,1.3978040128578514e-10,20.0,5.348817961366892e-07,-0.46370912168977557,-0.27542222290568436,-0.31421322152833486,278387,284387
trimMA342_1200rpm_A__D_10,284387,-7.157723131666708e-07,0.0008944328196096455,0.0008944331060089765,0.00437116623,6.147583644402935e-07,9.255153829135002e-08,8.779782818564787e-08,4.863377398554748e-09,1.3219067374199405e-09,1.748063149705173e-10,20.0,3.950156542829243e-07,4.0487448066666337e-07,0.000826801346626109,0.0008268014457571372,0.005093574524,3.076756184120442e-07,1.2797322920053978e-07,1.0120555703818767e-07,1.5025314905879592e-07,2.084068184551002e-09,2.1968704632200078e-11,20.0,1.8982207877513394e-07,-4.5661132133333117e-07,0.000922138363624472,0.0009221384766736056,0.004134654998,7.38471106313767e-07,6.62853361384046e-08,4.2002932553655066e-08,4.143451588064935e-09,4.974279942583452e-10,1.4210711545157233e-10,20.0,4.914890807083326e-07,-0.44682833872382416,-0.2939616126957249,-0.29750685852184555,0,6000,-1.2452205005000054e-06,0.0008993902459178062,0.0008993911079314643,0.004730939866,6.27669244331147e-07,7.490715488847983e-08,9.379818344993894e-08,4.677878820440585e-09,1.3882879722781078e-09,1.9887986023823172e-10,20.0,4.0563712511329407e-07,5.3922335999993104e-08,0.0008577533783961636,0.0008577533800910671,0.005470514298,3.269662042924488e-07,1.435707427261557e-07,9.869022590059985e-08,1.6043558867837615e-07,2.1375446390979844e-09,1.7828551525471536e-11,20.0,1.9723749113253065e-07,6.320873928333254e-07,0.0009315658059272917,0.0009315660203696981,0.004219293595,7.566943279808053e-07,6.410135125862505e-08,3.809688587892565e-08,3.5341358116394903e-09,4.861321442813746e-10,1.5773276676867158e-10,20.0,5.031014089302279e-07,-0.45881072370224885,-0.273174151145953,-0.3000019671754751,69596,75596,-1.021226050000254e-08,0.0009006231347922631,0.0009006231348501621,0.005085229874,6.180915535315463e-07,8.79053564329722e-08,1.0468078765660995e-07,3.7999304910423944e-09,1.3241353841076549e-09,2.0845979340698798e-10,20.0,4.034453912095725e-07,2.948840491666602e-07,0.000842525977096422,0.0008425260287011215,0.0054523944849999995,3.0950812178538005e-07,1.2920155866908417e-07,9.727313542782865e-08,1.5426505018076883e-07,1.8675094525440015e-09,2.080115468922853e-11,20.0,1.933740015736714e-07,-3.252029478333293e-07,0.0009614400130289884,0.0009614400680282359,0.004330158234,7.9411991284923e-07,8.630761404308728e-08,3.779133276123383e-08,3.780089854123532e-09,4.5416879102618407e-10,1.1078682565547561e-10,20.0,5.284916429650923e-07,-0.46562186484550294,-0.2585444490255765,-0.28215155912521683,139193,145193,-3.537336939999913e-07,0.0008921551063480289,0.0008921551764745799,0.004754304886,6.189354336620478e-07,1.0909441629907932e-07,7.771436590628782e-08,4.347211104809141e-09,1.375653739633959e-09,1.7393264635008365e-10,20.0,4.0384388354146465e-07,9.620189649999957e-07,0.0008556238294496091,0.0008556243702715011,0.005434751511,3.224858428136531e-07,1.481737595346763e-07,9.6242960588803e-08,1.6075893495009316e-07,2.067727189104811e-09,2.566903109391e-11,20.0,1.9864239222715725e-07,-1.981258298333367e-07,0.0009508831584130018,0.0009508831790537312,0.00417137146,7.822723567025557e-07,7.661763213497692e-08,3.885129513127547e-08,4.637025772232494e-09,4.942742966716943e-10,1.5004913479966643e-10,20.0,5.202401482952837e-07,-0.4775616479239876,-0.2768076606208614,-0.27781371915293146,208790,214790,-3.26116879166669e-07,0.0009088537518116906,0.0009088538103206724,0.005213737487000001,6.199877963705163e-07,9.619289407843774e-08,9.451006508110416e-08,4.569367250219094e-09,1.2579022345213293e-09,1.6741261312600336e-10,20.0,4.010280539617592e-07,-4.327297050000083e-08,0.0008395796930653027,0.0008395796941804738,0.005160808563,3.061097630112899e-07,1.339837123108117e-07,1.023863984820143e-07,1.7307243789988804e-07,1.8099138523751114e-09,1.9888281551869616e-11,20.0,1.8946913295135595e-07,1.911322216666666e-07,0.0009482141005895785,0.0009482141198529104,0.004234075546,7.917222548139546e-07,6.921837680000403e-08,3.226677742056036e-08,5.6279252914370265e-09,5.643891237688389e-10,1.4218570312875796e-10,20.0,5.264638546011515e-07,-0.46909014435214047,-0.2782941797991426,-0.28552509967682677,278387,284387
trimMA342_1200rpm_A__D_11,284387,2.40564344833333e-07,0.0009099410705058212,0.0009099411023052446,0.004649400711,6.247206501351114e-07,6.887368034207346e-08,1.1969238620857817e-07,4.078094532549167e-09,1.3816349101911474e-09,1.6220213455931453e-10,20.0,4.0845576785393054e-07,-3.894173166669896e-09,0.0008612035968708925,0.0008612035968796968,0.005548238754,3.3268603059744595e-07,1.2543411614724898e-07,1.0785748352699948e-07,1.6059461405478836e-07,2.1318623577018465e-09,1.8773540123111305e-11,20.0,2.0374723293313999e-07,-2.6770432583333194e-07,0.0009398450519008793,0.0009398450900271664,0.004341125487999999,7.676089957077682e-07,6.158496605187796e-08,4.677647685453838e-08,4.099302607532259e-09,4.93847816870213e-10,1.4375792559674452e-10,20.0,5.111381160172859e-07,-0.46887890483312095,-0.24275945651613928,-0.275016545159536,0,6000,1.00890792166673e-07,0.0008963302891309509,0.0008963302948090765,0.005011320114,6.016481758197547e-07,1.0979347953841027e-07,9.062216138062798e-08,4.7437212647370885e-09,1.6128527286338577e-09,2.4770696161854303e-10,20.0,3.877923764473642e-07,-3.166596114999969e-07,0.0008418575413036361,0.0008418576008584308,0.005572557448999999,3.133168825090761e-07,1.2904821052820337e-07,1.0411679384986952e-07,1.6428468942763366e-07,2.032913908500698e-09,2.186675036021214e-11,20.0,1.8985001399178137e-07,1.1809667516666834e-07,0.0009599707242349361,0.0009599707314991287,0.004336118698,7.967494186826904e-07,7.708885578056246e-08,3.744341812284584e-08,4.8590840351332104e-09,5.830820294846859e-10,1.6207345072093888e-10,20.0,5.303982102984749e-07,-0.42854272027517026,-0.2572394505747429,-0.31530271701994006,69596,75596,7.160107326666693e-07,0.0009078379336092896,0.0009078382159676658,0.004670619964,6.560342684110415e-07,7.147855958408305e-08,9.134189587542244e-08,4.9120302462784906e-09,1.4530445500756895e-09,1.9662726262508662e-10,20.0,4.2664708675717465e-07,5.756616668333355e-07,0.0008604110188781664,0.0008604112114525932,0.005467891694000001,3.202956264954649e-07,1.570757106169512e-07,9.681693884634132e-08,1.648451364178977e-07,2.2711013733292326e-09,2.3095635044393188e-11,20.0,1.9349472831868635e-07,-3.207921953333326e-07,0.0009836104242785125,0.0009836104765896852,0.004415273667,8.110890897747577e-07,1.1501357542031902e-07,3.990442587792339e-08,3.801362299034466e-09,5.039821067364784e-10,1.3630804216998025e-10,20.0,5.405720374831799e-07,-0.4764638548408655,-0.2817798372391817,-0.287640462475102,139193,145193,7.794300733333364e-07,0.0008866846973910054,0.0008866850399654987,0.004706382752000001,6.178490946389628e-07,7.507388867819229e-08,8.033527580371612e-08,3.952893414968858e-09,1.3961074580538408e-09,1.822135132571548e-10,20.0,4.0165536034903725e-07,3.243287443333275e-07,0.0008573503358962705,0.0008573503972417475,0.005089759826,3.0608976857078926e-07,1.3865485444566042e-07,1.0560432306510634e-07,1.7706044808262892e-07,2.191600385932115e-09,2.1358368254547885e-11,20.0,1.8678408846681237e-07,1.6200542700000631e-07,0.0009263060061203227,0.0009263060202872168,0.0039741992949999996,7.591582525882419e-07,6.464751985774569e-08,2.8977355920253654e-08,3.3738267867956864e-09,5.260941398871145e-10,1.549497067658395e-10,20.0,5.055893269061696e-07,-0.46370893010536246,-0.2745572852911822,-0.29830224009026,208790,214790,-1.092751821333326e-06,0.0009055262619872619,0.0009055269213309819,0.004714488983,6.153316858290672e-07,7.838691694344144e-08,1.1603161333456157e-07,4.103820206942945e-09,1.2562240579242946e-09,1.6292832990583066e-10,20.0,3.985167677014189e-07,1.798073496666608e-07,0.0008629288420292995,0.0008629288607624099,0.005429983139,3.2688505573094157e-07,1.3773886160515063e-07,1.08028536805958e-07,1.5003961902854012e-07,2.1962772482098944e-09,1.9757000809745288e-11,20.0,1.9993915634967422e-07,-2.710819246666696e-07,0.0009478730569145147,0.0009478730956778321,0.0041899681090000005,7.73863710281289e-07,6.846156123665558e-08,4.805656265261425e-08,3.5782096666233852e-09,5.491128035880807e-10,1.4306820676862012e-10,20.0,5.147112814268388e-07,-0.47332852129478603,-0.2765892525490415,-0.3000550377828259,278387,284387
trimMA342_1200rpm_A__D_12,284387,2.2240479399999956e-07,0.0009122140546954704,0.0009122140818074686,0.005193948746,6.109455787176598e-07,8.598499282586411e-08,1.4023311285831865e-07,3.6640621561525914e-09,1.2503016527139118e-09,1.7802948581537055e-10,20.0,3.9619613962467127e-07,1.5421707850000268e-07,0.0008433340299632973,0.0008433340440638235,0.0052065849309999995,3.1878055418757227e-07,1.2706167233528166e-07,1.0223234752443009e-07,1.5478430716021596e-07,1.9336400323508464e-09,1.888309331355999e-11,20.0,1.9594359095214414e-07,-1.856088568333349e-07,0.0009339397004196604,0.0009339397188633819,0.004088163376,7.778256764747691e-07,5.493914129469017e-08,3.394004934049783e-08,3.6639049236959196e-09,4.493024888383163e-10,1.407355109166155e-10,20.0,5.176402277462774e-07,-0.4303179701382069,-0.28051209370798164,-0.2829137042957803,0,6000,-5.825360634999968e-07,0.0008916667160235621,0.0008916669063122782,0.004846811293999999,6.123588389284238e-07,7.811783333432021e-08,8.971875552218028e-08,4.754794588348912e-09,1.2788830163354532e-09,1.6033853703167855e-10,20.0,3.9817154084765313e-07,9.775162133333383e-08,0.00084988056472365,0.0008498805703452514,0.005533456802,3.159937865562814e-07,1.2401346996878707e-07,1.0059224686964563e-07,1.7114903184017145e-07,1.9453276511450033e-09,2.0672699067187204e-11,20.0,1.9600648943182096e-07,1.1237462950000726e-07,0.0009230494133214579,0.0009230494201618594,0.004204750061,7.513690031374447e-07,5.957739016042867e-08,3.2855528919668724e-08,5.806524952290413e-09,4.693749551924052e-10,1.475425076957583e-10,20.0,5.004734671698534e-07,-0.4725720076214434,-0.2685822750704798,-0.27763681507892524,69596,75596,-6.366173420000038e-07,0.0008839091973867056,0.0008839094266419214,0.004833936691,6.15612034027279e-07,7.173532556645637e-08,9.285030530451075e-08,4.350178160866192e-09,1.4277005130865274e-09,1.7259327521903945e-10,20.0,3.9934771209050594e-07,6.151199306666631e-07,0.0008504822337944226,0.0008504824562402682,0.005271911621,3.316103825818711e-07,1.2980813528853347e-07,1.0496324227775501e-07,1.6462514811808737e-07,1.907230341997063e-09,1.798549333731882e-11,20.0,2.0432145558208896e-07,5.475679516666933e-08,0.0009330602727925349,0.0009330602743992407,0.004050254821,7.638347439039431e-07,7.041872929307422e-08,2.892140984715306e-08,3.892650372701034e-09,5.251556435938605e-10,1.6248439913603394e-10,20.0,5.082356535253997e-07,-0.49387457867974816,-0.26551318002890234,-0.2916178527759255,139193,145193,-1.8072128366667175e-07,0.0008939750644205945,0.0008939750826874251,0.004822969437,5.983758192567525e-07,6.37233488648132e-08,1.2408952896207204e-07,4.4911148216396715e-09,1.2580814240046568e-09,1.691486811172124e-10,20.0,3.8788402318096185e-07,4.5295556683333633e-07,0.0008429999922222732,0.0008430001139119129,0.005315780639,3.297270835405088e-07,1.2583291527837663e-07,1.0159404417618756e-07,1.5139299350445938e-07,2.1276486240995454e-09,1.92646826320183e-11,20.0,2.0452461052812764e-07,-3.009637243333319e-07,0.0009538563249880022,0.000953856372468508,0.004177093506,7.880566841012745e-07,7.090685492123487e-08,4.3953928084080184e-08,4.426727328017717e-09,4.976605531519653e-10,1.3375733291191208e-10,20.0,5.248707395366056e-07,-0.4535302818239123,-0.2644813985311293,-0.28789593980529476,208790,214790,9.560584978333427e-07,0.0008784856029249651,0.0008784861231654662,0.004599809646,5.950057562681345e-07,8.707920462378462e-08,8.445050928443685e-08,5.022583888434696e-09,1.3019976105407794e-09,1.822440285938227e-10,20.0,3.8631345424164596e-07,-4.0038426433332737e-07,0.0008567692874745894,0.0008567693810281007,0.005675315857000001,3.1502289154227873e-07,1.3758636224432887e-07,1.0710772188637305e-07,1.7332019651958035e-07,1.9919667633140885e-09,2.0066078787557562e-11,20.0,1.89677414954835e-07,5.635023106666642e-07,0.000936137280034971,0.0009361374496334007,0.004059076309,7.575046258764698e-07,7.309664837899522e-08,3.291087350041249e-08,4.157670863474559e-09,4.751545866284297e-10,1.5069622542056418e-10,20.0,5.053646059841196e-07,-0.44660277905744444,-0.2709098244548767,-0.2945577649085203,278387,284387
trimMA342_1200rpm_A__D_13,284387,-2.2256374800000423e-07,0.0009094033489763117,0.0009094033762109934,0.005093097687,6.332246860683489e-07,7.993325412300807e-08,1.1760016763891389e-07,4.218042434301123e-09,1.3126579003713787e-09,1.4745981993147336e-10,20.0,4.1147359797168575e-07,4.338026084999974e-07,0.000842495759000579,0.0008424958706834502,0.004923343658,3.240617919883407e-07,1.3645454133516119e-07,1.051350768359625e-07,1.4572218600817347e-07,2.1068899163689426e-09,2.0701325945206134e-11,20.0,1.9896036436839816e-07,-3.7419796416666694e-07,0.0009511078248352129,0.0009511078984462733,0.004124641419,7.924518044924676e-07,6.632947308866728e-08,3.721353610661774e-08,4.185445228200526e-09,4.810537830069679e-10,1.4253150130858028e-10,20.0,5.276439878381792e-07,-0.498622093988229,-0.2575793317937752,-0.29738433011745025,0,6000,-5.683898929999959e-07,0.000908810453485527,0.0009088106312272319,0.004526615143,6.093244609461763e-07,8.727129676878211e-08,1.28298402537384e-07,4.7005045477035186e-09,1.3583271049457213e-09,1.5759805375887143e-10,20.0,3.960100067599736e-07,1.0244051533333497e-07,0.0008482952901013199,0.000848295296286701,0.0053029060359999994,3.0479644848528774e-07,1.4208709829914385e-07,9.275835618122427e-08,1.8168494586766594e-07,2.202436119084073e-09,1.8562345925567098e-11,20.0,1.8207595016879937e-07,6.477037999999315e-08,0.0009470328165206639,0.000947032818735583,0.004236221312999999,8.006693570397698e-07,5.8688215720359946e-08,3.607435666002536e-08,5.313508938864343e-09,5.134848740233481e-10,1.4449639576869063e-10,20.0,5.331102541693054e-07,-0.4328572145884121,-0.276096975764088,-0.291723501993933,69596,75596,6.663799866666806e-08,0.0008924266552517094,0.0008924266577396578,0.004567146301,6.346972069065118e-07,6.876622366865111e-08,8.740194802328811e-08,4.538308042607689e-09,1.330976021812779e-09,1.5623726888511316e-10,20.0,4.1277537468847e-07,5.962848701666692e-07,0.0008640645126480386,0.0008640647183940209,0.0053658485409999995,3.182595082629092e-07,1.300706726746e-07,1.0695697731681669e-07,1.8138398542758883e-07,1.981400623633805e-09,1.973746185991244e-11,20.0,1.9438255426668679e-07,-3.973642733333104e-08,0.0009361866053960315,0.0009361866062393375,0.004305124283000001,7.648790090752307e-07,7.014252963701652e-08,3.454585773055585e-08,4.011980708247545e-09,4.916454992911236e-10,1.70284376204666e-10,20.0,5.096054926753717e-07,-0.45853991740475036,-0.29528131062401414,-0.2769340196352265,139193,145193,7.462501499999145e-08,0.0009173582263991235,0.0009173582294344114,0.004627943039,6.433164651769747e-07,7.505770971255155e-08,1.1136018420192596e-07,4.404753086041389e-09,1.3388551293745055e-09,1.7216822486639807e-10,20.0,4.1816488458731837e-07,2.568165489999982e-07,0.0008683982956757729,0.0008683983336507083,0.005522251129,3.32981716810672e-07,1.3796182602885945e-07,9.987430037792063e-08,1.78562695864394e-07,2.037052541881685e-09,1.9430813013081227e-11,20.0,2.029787134426268e-07,1.0093053500000576e-07,0.0009349680652376579,0.000934968070685423,0.004171133041000001,7.616742568117175e-07,7.145932089479929e-08,3.943743618722482e-08,3.5332902548018e-09,5.334599195356828e-10,1.5287376343589515e-10,20.0,5.071683302408354e-07,-0.4716141492282176,-0.26231555938518875,-0.27516154258857445,208790,214790,-6.646315243333337e-07,0.0009083517571451147,0.0009083520002970658,0.004838705063,6.165097120101944e-07,8.545192855129793e-08,1.2810093834691982e-07,4.460044327508942e-09,1.4025652119284624e-09,1.5227239311132917e-10,20.0,4.014118633518528e-07,-4.7604237333329197e-08,0.0008481863063465691,0.0008481863076824569,0.00525712967,3.203026202533351e-07,1.3674975399086746e-07,1.0334074255496553e-07,1.603143623592861e-07,2.4510964135327576e-09,1.9905455716749628e-11,20.0,1.9908238959877838e-07,-2.506971350000019e-07,0.0009432988751602286,0.0009432989084736641,0.004129886627,7.797211880839066e-07,6.441387294359389e-08,3.4794629201956926e-08,3.4234860454009925e-09,5.322291670992019e-10,1.4660607636547655e-10,20.0,5.190394787979912e-07,-0.47035609403403983,-0.26552559364483846,-0.2843686111377859,278387,284387
trimMA342_1200rpm_A__D_14,284390,1.7619132533333582e-07,0.000886001525452832,0.0008860015429716409,0.00443482399,6.084066102034561e-07,7.410430728729486e-08,1.0920871231564277e-07,4.7357388181666536e-09,1.5254723928779733e-09,1.9791609071634514e-10,20.0,3.938789033837193e-07,5.629460041666641e-07,0.0008812909203750884,0.0008812911001727942,0.005743026734,3.3324624460575416e-07,1.4392230129810598e-07,1.182588915996417e-07,1.7721150985151664e-07,2.0965644680981595e-09,1.8048031573354576e-11,20.0,1.9741599550939366e-07,-3.241300606666754e-07,0.000943407639339792,0.0009434076950210737,0.004067897797,7.757434576726189e-07,6.726423007383983e-08,3.953771526346117e-08,3.4269031585492107e-09,5.077344479803405e-10,1.421603549676537e-10,20.0,5.166160265430897e-07,-0.44391571275508834,-0.2886636154036767,-0.3066527374239572,0,6000,2.502202965000017e-07,0.0009106416084964418,0.0009106416428734101,0.004309415818,6.354523822543212e-07,5.878643345800454e-08,1.2851850141566644e-07,4.318287873174376e-09,1.354259938569088e-09,1.9348653807908692e-10,20.0,4.121103273869768e-07,1.1074543583333938e-07,0.0008662296828137648,0.0008662296898930371,0.00532245636,3.2050659571415824e-07,1.3015286964554587e-07,1.1210235445240296e-07,1.7185044769876044e-07,2.1328285491042026e-09,1.5726305850425677e-11,20.0,1.944109105769449e-07,-5.685091064999998e-07,0.0009298681159623338,0.0009298682897518037,0.004089355468,7.621336707093362e-07,5.4348153116024466e-08,3.8524343563975826e-08,3.983407940720429e-09,4.948946493013161e-10,1.4436980894695412e-10,20.0,5.078910779726232e-07,-0.4489431677687539,-0.26430520789049816,-0.28781315530481444,69597,75597,-9.759266916665778e-08,0.0008918896416369972,0.0008918896469764072,0.005042552948,6.282602430006284e-07,7.998375208306627e-08,7.7832160419488e-08,4.6162839048437506e-09,1.3138393048734778e-09,1.8618848581206097e-10,20.0,4.10333101162977e-07,-5.493561400000009e-07,0.0008799813314177708,0.0008799815028942148,0.005344629287,3.46075328562133e-07,1.29307280326823e-07,1.0824403774321374e-07,1.7963714092246572e-07,2.0772058050979005e-09,2.005185362377289e-11,20.0,2.1096126028496038e-07,2.844333683333372e-07,0.000940829924556608,0.0009408299675518068,0.004330158233,7.764645082676374e-07,6.53112755946488e-08,3.602841201660501e-08,4.727929151648606e-09,5.265159807534514e-10,1.7673794393088899e-10,20.0,5.167548136077987e-07,-0.47239683083092243,-0.24194695889307619,-0.29668393039238233,139195,145195,4.984140400000047e-07,0.0009032885343850348,0.000903288671891782,0.004778385162,6.211836953870366e-07,9.455016466677512e-08,1.0883670583336723e-07,4.724408920390044e-09,1.364839708191084e-09,1.6805952361718882e-10,20.0,4.044341063916347e-07,-1.9121170100000241e-07,0.0008562800594080058,0.0008562800807572791,0.005218744278000001,3.269605526964506e-07,1.3074905120135723e-07,1.0563210621817987e-07,1.6322668891606453e-07,1.998882671841497e-09,1.8072143121140563e-11,20.0,2.0351028470410143e-07,-1.3422966283333123e-07,0.0009588511540316578,0.0009588511634270693,0.004066228866999999,8.073338249735333e-07,7.536218255853245e-08,2.9649115777293168e-08,4.862726475745406e-09,5.684598757663453e-10,1.486343217255058e-10,20.0,5.380802272894041e-07,-0.4467326353739536,-0.25495644075069646,-0.2921616039159491,208792,214792,2.1386146783333842e-07,0.0009083354047752677,0.0009083354299513902,0.004251241684,6.196793336838667e-07,6.310268150132536e-08,1.2760150410683283e-07,4.153494409348107e-09,1.4374257767564307e-09,1.7166964043397417e-10,20.0,4.0183505586065124e-07,3.6231676650000953e-07,0.0008509280651849215,0.0008509281423203685,0.005331277847,3.096371874342883e-07,1.2412018459513973e-07,1.0637332041183575e-07,1.6866171077728165e-07,2.067921571506309e-09,1.9471083077216034e-11,20.0,1.86328135966951e-07,8.324781733332932e-08,0.0009479082770126917,0.0009479082806682136,0.004095554350999999,7.751824771514936e-07,6.94944775179274e-08,4.652201706847971e-08,3.869690034390723e-09,5.952402404576059e-10,1.4487465981292898e-10,20.0,5.164090972527154e-07,-0.4470350207966774,-0.2865876139683764,-0.2863394559222668,278390,284390
trimMA342_1200rpm_A__D_15,284387,-9.707610133333269e-08,0.000892089972081489,0.000892089977363338,0.004521131516000001,6.262898509162885e-07,6.910938951119843e-08,8.565932711840759e-08,4.598007021419515e-09,1.4702103191073429e-09,1.9339574769755643e-10,20.0,4.067388857414986e-07,-1.523892040000008e-07,0.0008527970614187015,0.0008527970750341735,0.005639791489,3.2091640042143813e-07,1.302359539640257e-07,1.0025260893880012e-07,1.77034877284751e-07,2.118604528158834e-09,1.9136259724349668e-11,20.0,1.9603656932465367e-07,4.5120716616666005e-07,0.0009296283128963201,0.0009296284223959404,0.004183769226,7.6341808392803e-07,6.059816331917655e-08,3.249311182912885e-08,4.6783586936207e-09,5.528117101875378e-10,1.6496769484353105e-10,20.0,5.083225940510978e-07,-0.4480740528788269,-0.27677114771876593,-0.3072660654145306,0,6000,3.5055478216667e-07,0.0008855854795680276,0.000885585548950743,0.0043222904199999995,6.264156991557498e-07,8.785159030657913e-08,7.878660444809649e-08,4.960868789824511e-09,1.4120605817744363e-09,1.8727108936459962e-10,20.0,4.063382858185802e-07,1.2079870999993105e-08,0.000851154735379683,0.0008511547354654039,0.0053660869600000004,3.145713191926347e-07,1.3319059367811655e-07,1.1342075355835293e-07,1.70463728568964e-07,2.019865340321472e-09,2.0061238399586843e-11,20.0,1.8661119567311675e-07,-2.654790888333286e-07,0.0009423716312058122,0.0009423716686003723,0.004305839539,7.850731853690906e-07,6.201270503161564e-08,3.3213606674232855e-08,3.965596470591e-09,5.126362609292717e-10,1.8870128686544654e-10,20.0,5.226141722224496e-07,-0.4571834116527094,-0.2504222034584851,-0.2995817487897143,69596,75596,-1.4289220223333346e-06,0.0009041308338715104,0.0009041319630315802,0.004837989807,6.189653683823913e-07,5.3294631775641755e-08,1.2492149963773872e-07,4.691774804305582e-09,1.464253378312004e-09,1.7176375017041874e-10,20.0,4.015504286068001e-07,7.220109349999395e-08,0.0008615486260111591,0.0008615486290365239,0.005411148071,3.0959820082809213e-07,1.2591361380377603e-07,1.1579227355185174e-07,1.826785159975191e-07,2.0862036239142303e-09,2.280106903003941e-11,20.0,1.894423202150329e-07,2.3305416516666266e-07,0.0009550406473241902,0.0009550406757597564,0.0042250156399999995,8.032740378730447e-07,6.338656568451637e-08,3.410718917296601e-08,4.506233377830351e-09,5.324610171713745e-10,1.7892995689853163e-10,20.0,5.353975066149065e-07,-0.4443889820387384,-0.27127393542325373,-0.29039286112818,139193,145193,2.5741260000000136e-07,0.0008932288787758292,0.000893228915866684,0.004292488098,6.137016371074416e-07,7.728220606003728e-08,9.596080177509739e-08,4.549944275581587e-09,1.4572872596310103e-09,1.7996026111652142e-10,20.0,3.9999783020277217e-07,3.1193097650000313e-07,0.0008374674329862039,0.0008374674910785708,0.005042791366000001,3.104592533026568e-07,1.3011343874647322e-07,9.757905038966943e-08,1.5181259492680147e-07,2.0143913657374413e-09,1.9049341213324916e-11,20.0,1.870999979419003e-07,1.6089280433333996e-07,0.0009461944692184313,0.0009461944828976986,0.0040757656100000005,7.733986549921238e-07,7.356006955694743e-08,4.196533935995688e-08,3.830447197897022e-09,5.043320242082621e-10,1.5421996904954503e-10,20.0,5.156155211257706e-07,-0.4312823248252104,-0.2623711726325483,-0.2933568794578938,208790,214790,1.2087821900000178e-07,0.0009081361875415673,0.000908136195586365,0.004870414734,6.369832532806693e-07,8.876938108483499e-08,1.035651884792677e-07,4.4816470896817946e-09,1.4989456773246368e-09,1.9196944887772546e-10,20.0,4.1341540560132834e-07,9.802976999999611e-08,0.0008649472823346296,0.0008649472878897865,0.005300045013,3.1359251872535875e-07,1.405886436903672e-07,1.0477876162675006e-07,1.9854434656926082e-07,1.944671545198417e-09,1.6571708912487844e-11,20.0,1.9069467201270581e-07,-2.2220611349999842e-07,0.0009318693643341933,0.0009318693908269391,0.004146337509,7.575969790026637e-07,7.142126158151371e-08,3.256955976331804e-08,4.654389599138146e-09,5.721213226562252e-10,1.6880119589200296e-10,20.0,5.047354020384936e-07,-0.45758764295262067,-0.27470328671014926,-0.2970611867981432,278387,284387
trimMA342_1200rpm_A__Dvv_00,284387,-9.075800566666602e-08,0.0009450488165870275,0.0009450488209450116,0.005005598068,6.533876823680545e-07,1.0296164313844193e-07,1.3544539747491643e-07,5.210528503295982e-09,1.4291739227101088e-09,1.3553578048199338e-10,20.0,4.2422536284543056e-07,5.932648583333149e-08,0.0008510640000229566,0.00085106400209074,0.005424499512000001,2.881875498443995e-07,1.4014025916029346e-07,9.96677805688874e-08,1.8955957376153344e-07,1.7049247068479872e-09,1.2407780034805439e-11,20.0,1.727720963644687e-07,-1.9518534383333384e-07,0.0009606362873025899,0.0009606363071318002,0.004134893417,8.108406988288689e-07,6.986008964183577e-08,3.153828967812329e-08,5.607918896143235e-09,5.063359559550929e-10,1.6975865786196887e-10,20.0,5.399674781141307e-07,-0.42335861814326503,-0.23697812721913586,-0.3226238150483243,0,6000,4.1166940650000143e-07,0.0009206438994223331,0.0009206439914620957,0.00487947464,6.456136269371295e-07,7.579331766134847e-08,9.815774206173328e-08,4.958126080679686e-09,1.475873669763814e-09,1.5927176313873184e-10,20.0,4.225772945705065e-07,2.912680716666884e-08,0.0008441924419927948,0.0008441924424952696,0.005274057388,3.127640099939173e-07,1.1654140370358837e-07,1.0964922759689645e-07,1.6758579294187694e-07,1.9888895104945968e-09,1.744502526894884e-11,20.0,1.894966848378637e-07,-2.4851163733333415e-07,0.000977636793022072,0.0009776368246074386,0.0043299198149999996,8.382454039304621e-07,8.065899603410457e-08,2.607084986644642e-08,4.420050665826118e-09,5.634353489816098e-10,1.401408440206248e-10,20.0,5.581347909894856e-07,-0.4274232155308334,-0.22748622023413262,-0.3182481322804295,69596,75596,-2.6305516183334e-07,0.0009266329927196856,0.0009266330300581019,0.004728794098,6.347563279528162e-07,8.309782144196285e-08,1.2265638062091487e-07,4.438599884142577e-09,1.3175659085741369e-09,1.6211394656141747e-10,20.0,4.107712160604869e-07,2.1346409833333224e-07,0.0008939177200261811,0.0008939177455133816,0.005699396134,3.221812463565432e-07,1.2850234739167403e-07,1.1584474310759981e-07,2.1817126557202756e-07,2.1066089589026787e-09,2.1131551581751242e-11,20.0,1.9653390829529092e-07,4.559755218333268e-07,0.000997747652783051,0.0009977477569745592,0.004345178604,8.593428405234033e-07,8.337102727039129e-08,4.409034914848533e-08,6.730796885986699e-09,5.353914651859124e-10,1.573077238816322e-10,20.0,5.718427179240715e-07,-0.44005646697983464,-0.2062710990353109,-0.31990956035662427,139193,145193,-1.5458265891666763e-06,0.0008951891673410362,0.00089519050201875,0.004671812056999999,6.214024733562609e-07,8.607510947337178e-08,9.527318844289985e-08,5.0892510020204605e-09,1.6298042609073022e-09,1.7703128687490184e-10,20.0,4.035729161848771e-07,-3.0346710866667115e-07,0.0008725958303621828,0.0008725958831313344,0.005201339722,3.0320813716830914e-07,1.2995252185288463e-07,1.1975142647519092e-07,2.0597653503981658e-07,2.2680566633676547e-09,2.4969881317589577e-11,20.0,1.8504828837316867e-07,3.4455458716666407e-07,0.0009897194437664908,0.0009897195037420026,0.004143714905,8.513571165576074e-07,8.506912144671679e-08,3.1183836482687096e-08,5.146628977696854e-09,6.118229818812419e-10,1.7731854414415465e-10,20.0,5.664522167151311e-07,-0.42998554580678244,-0.2741316727354899,-0.30837138332787445,208790,214790,1.0999044166666814e-07,0.0009043636937818618,0.0009043637004704857,0.004696130752,6.346245134665102e-07,6.349853729374821e-08,9.690741570448862e-08,4.596854063546163e-09,1.5711117994903735e-09,1.5891499343942324e-10,20.0,4.1689497780472283e-07,3.571112923333337e-07,0.0008904849058569293,0.0008904849774631232,0.005715847015,3.2226213174279467e-07,1.2617268096657154e-07,1.1868202532583075e-07,2.1749259925558634e-07,2.263717637121258e-09,2.4869927247173607e-11,20.0,1.9558536139242364e-07,3.027518664999937e-07,0.0009744627872377692,0.0009744628342681389,0.004286050796,8.275409092945329e-07,7.240133522416473e-08,3.803761465529283e-08,4.775815743402135e-09,6.529425870202913e-10,2.0384455856301976e-10,20.0,5.511719760254387e-07,-0.43118032515905386,-0.26109671454461253,-0.3106475849873604,278387,284387
trimMA342_1200rpm_A__Dvv_01,284387,-1.4702481666578846e-09,0.0009178127578814888,0.0009178127578826664,0.005033254623,6.466308896853577e-07,8.061637394328801e-08,1.0192100032324034e-07,4.475444414846156e-09,1.4775842206090634e-09,1.7695254526062283e-10,20.0,4.2051203658282635e-07,-1.3788542666666921e-08,0.0008728025430902397,0.0008728025431991554,0.005301475524,3.1336776748376133e-07,1.3352809972159038e-07,1.1532309730525894e-07,1.933882831286073e-07,2.181423717371639e-09,2.434743378403008e-11,20.0,1.8824138864755762e-07,-2.23080320000005e-07,0.0010023440073146138,0.00100234403213884,0.004356622696,8.748089180281993e-07,7.970274387930847e-08,3.784038503744436e-08,4.0203991726270356e-09,5.929978499717651e-10,1.9969995729112796e-10,20.0,5.817721916633514e-07,-0.4267475138887588,-0.2442030052286673,-0.32706413784456684,0,6000,6.814400440000006e-07,0.0008987247580958563,0.0008987250164399503,0.0051429271700000005,6.290616835706574e-07,6.69478072488555e-08,1.0254756421826237e-07,5.174331505727885e-09,1.6855548516146426e-09,1.846095415146661e-10,20.0,4.105498238857812e-07,3.962119456666647e-07,0.0008735891043472625,0.0008735891941972257,0.005107164383000001,2.970880056772343e-07,1.4237656808447126e-07,1.3564282850515934e-07,1.8260910143521234e-07,2.6827908278247286e-09,2.124429083159592e-11,20.0,1.8138033406030935e-07,2.4636616666739998e-09,0.0009809832151024373,0.000980983215105531,0.004220247269,8.394531574444898e-07,7.548533466917057e-08,3.7680390710013505e-08,4.825611516602413e-09,6.32046076068632e-10,2.0093959508149242e-10,20.0,5.59341665416786e-07,-0.423673796940834,-0.2714577009394705,-0.3315802779851326,69596,75596,-5.12838362166664e-07,0.0009210377361874317,0.0009210378789628877,0.0047895908349999995,6.588917040549509e-07,8.58516298709387e-08,1.0546001299687388e-07,5.907317179493094e-09,1.696709083447315e-09,1.9214250446648723e-10,20.0,4.284195062765199e-07,2.9472509850000127e-07,0.0008629062908724032,0.0008629063412039872,0.005208015442000001,3.0530068584483337e-07,1.2483862894065685e-07,1.194213218434892e-07,1.9208301137448716e-07,2.5374329314490947e-09,2.4484159902016915e-11,20.0,1.8975234838683183e-07,-5.797545136666688e-07,0.0009676932976748923,0.0009676934713431747,0.004546880721999999,8.115995474522941e-07,7.168500151298115e-08,4.72009843254901e-08,6.121050293625956e-09,6.276942448533188e-10,1.9975847213331395e-10,20.0,5.404771181961032e-07,-0.4612993105804917,-0.25861355310085077,-0.28507760313264324,139193,145193,-6.947517396666662e-07,0.0009301140481583712,0.0009301143076318806,0.004803657532,6.558920908880685e-07,7.179207456489779e-08,1.1794872656289505e-07,4.666241603664021e-09,1.5075158405726872e-09,2.1960586563447024e-10,20.0,4.2704017749418893e-07,5.96801442666667e-07,0.0008816411794866901,0.0008816413814803864,0.0049290657040000005,3.154259260779868e-07,1.2422731965819395e-07,1.2037942934785313e-07,2.1280781406079372e-07,2.4735391822662385e-09,2.1105961564055655e-11,20.0,1.9060354590977363e-07,7.021427083333624e-08,0.0009731754733758176,0.0009731754759087852,0.004179954529,8.243440182324884e-07,7.852204327331007e-08,3.516702380198648e-08,3.5385671561854387e-09,6.88100195130047e-10,2.3050326613235925e-10,20.0,5.488442265949172e-07,-0.43158070436482276,-0.22110407481621347,-0.3012435369880159,208790,214790,-2.548694639999983e-07,0.0009249276398158134,0.000924927674931232,0.005255937576,6.43024198742763e-07,9.656925389886471e-08,1.112881757255082e-07,5.089198237702206e-09,1.6282349834400435e-09,1.446236827898945e-10,20.0,4.19853205740765e-07,-1.5298525133333857e-07,0.0008922293032101224,0.000892229316325858,0.005849838257000001,3.210664720332644e-07,1.2886874651832685e-07,1.312740408508967e-07,2.0516456218368457e-07,2.153303366528089e-09,2.3059650697201604e-11,20.0,1.9722668425201434e-07,-2.534389508333327e-07,0.0010000283250632329,0.0010000283571779734,0.004279613495,8.638688572018368e-07,7.694158719740731e-08,4.741597065827526e-08,5.044141333435083e-09,5.877063947633209e-10,2.1252135057148396e-10,20.0,5.760613388465198e-07,-0.4364676486611887,-0.2286840628919251,-0.31019649987415976,278387,284387
trimMA342_1200rpm_A__Dvv_02,284387,-5.596876096666618e-07,0.0009246542683009658,0.0009246544376887047,0.004580259323,6.593724841484235e-07,1.0150200368548913e-07,7.82851910876313e-08,5.168305509001542e-09,1.7439831265999474e-09,1.8730870595725719e-10,20.0,4.3164445727755627e-07,6.357831666669797e-09,0.0008925629109513239,0.0008925629109739677,0.005665779114,3.154398758236689e-07,1.2647979617675786e-07,1.2616029002337875e-07,2.3155142854417608e-07,2.1698077652694113e-09,2.2411063162973906e-11,20.0,1.9518150861010192e-07,-5.845229533333121e-08,0.0009886599323856275,0.0009886599341135578,0.004083395004,8.652496685285604e-07,8.130118628599183e-08,2.3631619181884196e-08,4.7199929497368495e-09,6.349788740906217e-10,1.9474965862484166e-10,20.0,5.758214001814383e-07,-0.40662840505599496,-0.24440991124128467,-0.3029006584079755,0,6000,5.774895356666603e-07,0.0009506751258037407,0.00095067530120232,0.00497674942,6.647716071933599e-07,1.1694734220099924e-07,1.1001482902850244e-07,6.2698067676270415e-09,1.6742482309887204e-09,1.8309564313582731e-10,20.0,4.28440148518192e-07,3.3418337716666486e-07,0.0008976092214767695,0.0008976092836856478,0.005678415299,3.1622179031787266e-07,1.264491762412637e-07,1.2552568006545578e-07,2.369482883826147e-07,2.483527781125168e-09,2.408891793957731e-11,20.0,1.9198164426661655e-07,-3.587802260000064e-07,0.0009883832778148616,0.0009883833429329433,0.004522562027,8.562707929273563e-07,7.239725927119206e-08,3.875536200675037e-08,4.7054425644643914e-09,6.178199732094498e-10,1.9440261020816064e-10,20.0,5.688433181665283e-07,-0.42980127281537056,-0.22152521182218457,-0.28784247221614395,69596,75596,-1.2078285226666662e-06,0.000923733520089583,0.0009237343097378337,0.0048267841330000005,6.523393288489866e-07,1.0317516045772608e-07,8.897052883007682e-08,4.349147479365451e-09,1.6724986902017377e-09,2.2431137785459137e-10,20.0,4.224501121746039e-07,6.488958909999995e-07,0.0008974211402934381,0.000897421374891111,0.005566358566,3.117504585309546e-07,1.490845362551455e-07,1.136279764354665e-07,2.1906056740789403e-07,2.569700352947932e-09,2.3615389200737544e-11,20.0,1.8934879895639575e-07,-5.584955158333289e-07,0.0009874195334012355,0.0009874196913468734,0.0044028759,8.439424782366042e-07,8.063372989599478e-08,4.359391487927312e-08,4.384238318071819e-09,6.443754619284679e-10,2.280678651057273e-10,20.0,5.601459310747764e-07,-0.42257940972768726,-0.24330883775353135,-0.30316614418040827,139193,145193,8.353392333333304e-07,0.0009164567225470608,0.0009164571032477926,0.0048081874850000005,6.511195266120894e-07,1.1604857799692976e-07,8.485063411789041e-08,4.987098442835402e-09,1.6046212922387603e-09,2.0857229146607067e-10,20.0,4.2747483644583205e-07,6.636778503333295e-07,0.0008994119863333302,0.0008994122311978838,0.005672216416,3.2378581066379856e-07,1.3818556317275096e-07,1.1440392984704364e-07,2.233133096338374e-07,2.5964901139291086e-09,2.2432197777938427e-11,20.0,1.9683980444364755e-07,-2.504587239999997e-07,0.0009829651036684832,0.0009829651355768242,0.004078626633,8.25208323115828e-07,9.340974773772386e-08,3.6066418953356805e-08,5.570767940497753e-09,6.704684740450235e-10,1.9743625495655224e-10,20.0,5.496161279132352e-07,-0.40135660592411165,-0.25336780529359193,-0.28910428733937543,208790,214790,-9.441375266666547e-08,0.0009269268373954945,0.0009269268422038334,0.004704475402999999,6.472304364317044e-07,9.884331086278787e-08,9.99011521858082e-08,5.00341213769407e-09,1.6538042521933558e-09,1.4841171221143288e-10,20.0,4.206428909804495e-07,9.75529326666715e-08,0.0008988583319771013,0.0008988583372708023,0.005169153214,3.2615779355068316e-07,1.2589379463495387e-07,1.25941716178105e-07,2.211334307701878e-07,2.62863009016543e-09,2.2248107176802172e-11,20.0,1.9931551555896689e-07,-2.205769276666739e-07,0.0009756237252809254,0.0009756237502158357,0.004398345947000001,8.396071017148114e-07,7.357705328600617e-08,2.9960128530123914e-08,4.768550938151184e-09,6.330179365189927e-10,2.1138261944150048e-10,20.0,5.591966047558354e-07,-0.4096542520731705,-0.2240597423839839,-0.32486947664120636,278387,284387
trimMA342_1200rpm_A__Dvv_03,284389,6.28074012333342e-07,0.0009283883806965197,0.0009283885931490493,0.0049824714659999995,6.67888151440801e-07,9.626931446466172e-08,7.416329409821853e-08,4.714885060096554e-09,1.5213606643926436e-09,1.8682012531238755e-10,20.0,4.345946772343059e-07,-6.858905114999995e-07,0.0008659955360228437,0.0008659958076441745,0.00547504425,2.9610762122094253e-07,1.1550186251405581e-07,1.220124877725879e-07,2.010663534339558e-07,2.703537603518612e-09,2.6869957728692147e-11,20.0,1.8035297427046923e-07,1.951456029999979e-07,0.0009914845076728356,0.000991484526877274,0.004363298416,8.288408812848809e-07,1.021710698850236e-07,3.8738311768089234e-08,4.206050679854625e-09,5.838245332673991e-10,1.881471054088444e-10,20.0,5.521835881324925e-07,-0.4312923402453207,-0.2419899997402266,-0.31876275250081565,0,6000,3.4018358283333975e-07,0.0009182882320930698,0.0009182882951042583,0.005406141281,6.656924036949304e-07,9.212527553911766e-08,7.982212999393451e-08,5.0903710499236475e-09,1.6506552014055932e-09,2.0675133598290937e-10,20.0,4.318984430012941e-07,4.04278441166669e-07,0.0008874178532532937,0.0008874179453412819,0.005384206771999999,3.0755756743029125e-07,1.4327359928534263e-07,1.1568811769101607e-07,2.2230319830806986e-07,2.152004217543719e-09,2.3109343907841718e-11,20.0,1.834140312115797e-07,-3.395875256666676e-07,0.000996549549435255,0.0009965496072947386,0.004255771637,8.665674407573568e-07,8.733835721895814e-08,2.9714351623696442e-08,4.519004311716099e-09,6.647609077527543e-10,2.1217511525205063e-10,20.0,5.777329622082587e-07,-0.4461550799616244,-0.2463188115965236,-0.3305861577865039,69597,75597,-8.748372390000088e-07,0.00092501794092194,0.0009250183546112263,0.005072116851,6.539209774347301e-07,9.952670809189402e-08,1.0031992662643356e-07,5.24462962759719e-09,1.4804869911865552e-09,1.5988949875266773e-10,20.0,4.2835151114038875e-07,4.3157736033333506e-07,0.0008752115399920778,0.0008752116464000706,0.005488157273,3.0899554965227157e-07,1.2546528394610815e-07,1.275798359975526e-07,2.0574903808928757e-07,2.3487909225579916e-09,2.08122690256811e-11,20.0,1.8961280564193826e-07,8.8612193333328e-09,0.0010039635292533136,0.0010039635292924192,0.0043199062350000005,8.650326680030125e-07,8.608558471281675e-08,4.4758722080884375e-08,5.723888702644595e-09,6.203089098790509e-10,2.0850760244266972e-10,20.0,5.757507517636192e-07,-0.4441439625807938,-0.2506220381829173,-0.2900958467614351,139194,145194,2.369483343333291e-07,0.0009148242672163538,0.0009148242979023086,0.0050380229950000004,6.430523250134314e-07,7.887257997497991e-08,8.95868880156955e-08,5.041471590038079e-09,1.5309562769785936e-09,1.7136085204413569e-10,20.0,4.199133629057431e-07,9.050766590000027e-07,0.0008960256551300356,0.0008960261122394639,0.005763292312,3.21610594050659e-07,1.2150389714415301e-07,1.2155602817519807e-07,2.2807104359175223e-07,2.3835147838931524e-09,2.5664378777772403e-11,20.0,1.949807512824535e-07,-5.424420013333339e-07,0.000975636280023003,0.0009756364308185957,0.00424194336,8.402982021632814e-07,7.506077243894058e-08,2.9499510725918428e-08,4.672785003487544e-09,6.266587314729384e-10,2.1260344414916446e-10,20.0,5.594123375183545e-07,-0.4300509928290601,-0.26275263713606817,-0.2914332013927042,208791,214791,-1.6665458316666067e-07,0.0009105340258523605,0.0009105340411037124,0.004847764969,6.510023268878654e-07,8.46686155661681e-08,9.725919493799043e-08,4.971499734189077e-09,1.6325013288139852e-09,1.865686851552753e-10,20.0,4.2435052108279207e-07,-1.1694431450000031e-07,0.0008932457652208085,0.0008932457728760212,0.005793333053,3.148550433948912e-07,1.387349011943006e-07,1.2721506540984945e-07,2.1968310870082155e-07,2.147702023769386e-09,2.131510210061944e-11,20.0,1.9045204264246929e-07,-3.7515162516667024e-07,0.0009924562811768857,0.0009924563520811358,0.003997087479,8.287242808904642e-07,1.0171203895631193e-07,4.2585383738720965e-08,5.8237942220411476e-09,6.836598887093464e-10,2.1912032855083278e-10,20.0,5.523450876748702e-07,-0.43934381597942745,-0.25079953719785225,-0.30893826561905097,278389,284389
trimMA342_1200rpm_A__Dvv_04,284387,-2.801418318333244e-07,0.000914310518309887,0.0009143105612271686,0.004782676696,6.45462697248026e-07,8.4250156287485e-08,1.1413768267541605e-07,4.602799238901974e-09,1.637363838872339e-09,1.73411398194584e-10,20.0,4.2172118564855534e-07,4.900296491666689e-07,0.000868709100969109,0.0008687092391793785,0.005493879318,3.2265982428295866e-07,1.272246272617026e-07,1.1112753393397737e-07,1.9731076565100687e-07,2.2256989880515444e-09,1.7652935417937938e-11,20.0,1.9500884726513796e-07,-1.7086684999950927e-09,0.0009793147734850757,0.0009793147734865663,0.004242658615,8.434227135279623e-07,7.335615779375342e-08,3.0701273376864787e-08,5.698384439533228e-09,5.961725513101166e-10,1.78039602250695e-10,20.0,5.614195402123123e-07,-0.44415425708892864,-0.25966783261740783,-0.3111346981841164,0,6000,-9.469190800000248e-08,0.0009119991109993599,0.0009119991159152404,0.004764080047,6.424897273414248e-07,1.0150522402277118e-07,7.479177459669634e-08,5.170487064593724e-09,1.4814649232913336e-09,1.861255378324113e-10,20.0,4.1707422269157035e-07,5.225340550000085e-08,0.0008609201161942934,0.0008609201177800494,0.005469799042,3.092576672429494e-07,1.4443803976721007e-07,1.1194416996488918e-07,1.7964083790082828e-07,2.221656623336016e-09,2.599507046926138e-11,20.0,1.899975732098529e-07,-1.484950428333378e-07,0.001005361666158909,0.0010053616771254987,0.004064321518,8.589519195795861e-07,1.0706064876642851e-07,3.9082795029010294e-08,5.602650260804057e-09,5.339780955736735e-10,1.763872547359448e-10,20.0,5.714273679677289e-07,-0.4264607440928204,-0.2392977470276085,-0.31840008066133874,69596,75596,6.231069543333294e-07,0.0009268887092249422,0.0009268889186687669,0.005120992661000001,6.44353965144367e-07,1.243823817796407e-07,9.154348883393584e-08,4.946651194327858e-09,1.6607550699624424e-09,1.7018715465257693e-10,20.0,4.201718660136352e-07,4.421075113333322e-07,0.0008728434857169094,0.000872843597683741,0.0057368278509999995,2.904917189451488e-07,1.249217965201211e-07,1.2718033362874874e-07,2.0528253763063317e-07,2.1152172542138582e-09,2.4095437300401185e-11,20.0,1.7627716018848207e-07,-6.177822773333335e-07,0.0009780674109275537,0.0009780676060341994,0.004258871079,8.358959546186186e-07,8.248459806639319e-08,2.6565047638025948e-08,4.6368087487810905e-09,6.177087032147328e-10,1.846294925071008e-10,20.0,5.568037248636575e-07,-0.3953031025660607,-0.2552127683479412,-0.3034584897578768,139193,145193,-9.338458379999938e-07,0.0009111103724082662,0.0009111108509824579,0.004346609116,6.512566223866219e-07,8.142664224108689e-08,8.619092938924906e-08,4.523443893246909e-09,1.704278217883022e-09,1.7933470658388457e-10,20.0,4.2509979334825395e-07,1.790920864999969e-07,0.0008874065932395865,0.0008874066113113336,0.005282402038,3.1210682673828136e-07,1.4121893024297789e-07,1.2259873272417863e-07,2.0889289334104495e-07,2.3298167522751718e-09,2.1516481736423562e-11,20.0,1.8868711675539568e-07,-1.3399124449999488e-07,0.0009610400697310159,0.0009610400790717573,0.00433588028,8.164898109967624e-07,7.470784802818096e-08,2.53890671485231e-08,4.55405881175035e-09,6.443490014248741e-10,2.0548049432457912e-10,20.0,5.435691426780786e-07,-0.4254969753048281,-0.23593807285727195,-0.3116796054507034,208790,214790,9.57051914666667e-07,0.0009101530356572157,0.0009101535388407894,0.0047669410709999995,6.572467461996511e-07,9.180752117077109e-08,6.258317582656453e-08,5.353724573255869e-09,1.5929210861537477e-09,1.7749307768737852e-10,20.0,4.2775777025338347e-07,1.196066549999988e-07,0.0008755570139924041,0.0008755570221619189,0.00534939766,3.28884190338752e-07,1.2186279972625944e-07,1.2217794557604102e-07,1.933871907865473e-07,2.595011219099171e-09,2.3633243368092136e-11,20.0,1.9786312888916692e-07,-7.899602198333383e-07,0.000980423468306753,0.0009804237865554833,0.004289150238,8.54220718640127e-07,7.82503906927108e-08,2.378415319105862e-08,4.347217844910283e-09,6.100686971960428e-10,1.9733500962360009e-10,20.0,5.691067183208968e-07,-0.45526620214183355,-0.2288719374156749,-0.3219113862364055,278387,284387
trimMA342_1200rpm_A__Dvv_05,284387,-1.1348724033333433e-07,0.0009100454312395426,0.0009100454383157573,0.005018472671,6.401065527243461e-07,8.289677073026933e-08,9.726470202943442e-08,4.93108661428769e-09,1.6370686154239079e-09,1.6313734110885294e-10,20.0,4.1760246973839106e-07,-1.5974045283333068e-07,0.0008807493954396639,0.0008807494099256301,0.005609750748000001,3.2160445408208546e-07,1.3964818119586504e-07,1.0180905737377915e-07,2.211871390999696e-07,2.047330372896247e-09,2.2450320986544807e-11,20.0,1.9586936263802715e-07,-2.354780864999966e-07,0.0009917525011822383,0.0009917525291377658,0.004268407822,8.641520409060526e-07,7.352991016933492e-08,3.932201582169285e-08,4.099772184226777e-09,5.721669496954488e-10,1.8048243669206156e-10,20.0,5.754349193261302e-07,-0.4376024443847415,-0.22478046105571547,-0.32104120739923925,0,6000,-3.2858053999999454e-07,0.0009047759871677588,0.0009047760468317913,0.004494905471,6.434483630848618e-07,7.856937772668535e-08,9.066520693486541e-08,4.909629354787193e-09,1.5745856049621433e-09,1.6287605768717887e-10,20.0,4.2111017120846844e-07,-8.3367023833332e-08,0.0008626792104855239,0.0008626792145137075,0.005373001097999999,2.9865944480499417e-07,1.297028170661496e-07,1.143558337133029e-07,2.119908306258404e-07,2.2756197606020454e-09,2.4943598735512986e-11,20.0,1.7737611843447493e-07,-3.4546852416666186e-07,0.0009676647172317498,0.0009676647789000608,0.004170179366999999,8.29263460492796e-07,7.335638891570277e-08,2.5934989218756092e-08,5.5703652876759306e-09,6.746888202781147e-10,1.8470180877443878e-10,20.0,5.527909812098999e-07,-0.43362633046148685,-0.25469956313413256,-0.30208117706539966,69596,75596,-3.3211708383333245e-07,0.0009236292979731835,0.0009236293576842353,0.004634141922,6.561212216248545e-07,9.450239189384295e-08,8.873490207263341e-08,4.947922302138959e-09,1.611080609447762e-09,1.7705372311403148e-10,20.0,4.2902227496725673e-07,-3.0171871166666714e-07,0.0008893927115786133,0.0008893927627563311,0.005682945251,3.1367705862978764e-07,1.3122808453589456e-07,1.301050969799321e-07,2.1613234904289368e-07,2.416245890804031e-09,2.4493861570476138e-11,20.0,1.8857328541335185e-07,2.956787778333354e-07,0.0009729777707674535,0.00097297781569445,0.003873348236,8.170463701880751e-07,9.075434142761515e-08,3.028460152959429e-08,4.327618539084012e-09,6.304300347396769e-10,2.0322216835897284e-10,20.0,5.444619378874322e-07,-0.43146706136240437,-0.21250284844468886,-0.3046513955346957,139193,145193,7.439454379999921e-07,0.0009136156795324584,0.000913615982424985,0.004465103149,6.573927935416284e-07,1.0159198404505516e-07,8.11749389156628e-08,4.368774177703583e-09,1.489695475568311e-09,1.4108453461040564e-10,20.0,4.274662816320533e-07,-8.853276816666392e-08,0.000883192858937877,0.0008831928633752153,0.005601644516,3.0863724274711137e-07,1.232738212677052e-07,1.1676319811045114e-07,2.2677300075552823e-07,2.5334772897477975e-09,2.1457788759353326e-11,20.0,1.8682274736089254e-07,-1.0967254700000363e-07,0.0009743462877718044,0.0009743462939441826,0.003993988037,8.505248389953171e-07,6.662723766870692e-08,2.2361272587753037e-08,5.270892841634236e-09,5.852437809651872e-10,1.88203065510694e-10,20.0,5.664009125013856e-07,-0.43324145932451896,-0.22336658934476933,-0.3002304866005469,208790,214790,4.358291619999966e-07,0.0009187997569518512,0.0009187998603187961,0.00459074974,6.348545564186842e-07,1.038834293033759e-07,1.0797307936576103e-07,4.87957281683612e-09,1.8242185319773227e-09,1.9483473468085494e-10,20.0,4.1717196138734657e-07,1.376867346666646e-07,0.0008642750398087761,0.0008642750507761393,0.00527882576,2.728227597992543e-07,1.269563102242444e-07,1.3508519351456913e-07,2.1330304455454987e-07,2.474332537728725e-09,2.560871393713957e-11,20.0,1.6230085707929216e-07,-1.0697046533333284e-07,0.001003033178255052,0.0010030331839590908,0.004457712173,8.70005810878943e-07,8.090893663370585e-08,4.075671785994946e-08,6.992099604637892e-09,6.221040663366003e-10,1.8337843820922697e-10,20.0,5.788663746389733e-07,-0.40724344182950556,-0.2198267361091479,-0.28817859557646797,278387,284387
trimMA342_1200rpm_A__Dvv_06,284387,-9.898344550000187e-08,0.0009035242452075042,0.0009035242506294519,0.004707813263,6.499535669264144e-07,9.144638147677096e-08,7.594509664809453e-08,4.843748440132855e-09,1.6970135039644579e-09,1.521404706646098e-10,20.0,4.203962608313504e-07,1.4249484100000512e-07,0.0008729986773069101,0.0008729986889362402,0.005304574967,3.0295399404453697e-07,1.2620196434267955e-07,1.239820289237312e-07,1.9976426878606572e-07,2.026952748657317e-09,2.5269442924688842e-11,20.0,1.8602872635509722e-07,-2.4712085633333175e-07,0.0009832903189081086,0.0009832903499613567,0.004325151444,8.522123960205303e-07,7.585964721257236e-08,3.1225612577716995e-08,4.6945137607714745e-09,6.848410981245032e-10,1.783740515933604e-10,20.0,5.675509287042428e-07,-0.4387598467456189,-0.2492798725292097,-0.2961492395734331,0,6000,2.559026095000002e-07,0.0009025721639654371,0.0009025722002429487,0.004937887191999999,6.292178582968609e-07,9.010818306819193e-08,7.981790722762297e-08,4.9781969891355856e-09,1.5269457091629566e-09,1.505803886171507e-10,20.0,4.0997434680056615e-07,8.01602996499999e-07,0.0008756870439023339,0.0008756874107955258,0.0054240226740000005,3.080652378332145e-07,1.2492664185865007e-07,1.2170999840182734e-07,2.0984428263142508e-07,2.208558349135859e-09,2.358923395721342e-11,20.0,1.8500350546686218e-07,-8.979241048333413e-07,0.0009879151284357232,0.0009879155365009043,0.004025697709,8.534571553721951e-07,8.548134034354754e-08,3.0630460880825556e-08,4.700380263259759e-09,6.090213223731943e-10,1.8710526416788398e-10,20.0,5.680740670906475e-07,-0.42220475106028593,-0.2532386779079138,-0.32231386709224275,69596,75596,2.5828661666578895e-09,0.0009038486138381558,0.0009038486138418463,0.004667520523,6.226719982342499e-07,9.133045065613491e-08,9.289923019404102e-08,4.9218463100234454e-09,1.7871966188757472e-09,1.800246939609438e-10,20.0,4.0807439319274905e-07,5.669196480000016e-07,0.0008774233977675735,0.0008774235809162418,0.005417585373,2.9150385423874935e-07,1.2424546207011283e-07,1.2206416574185919e-07,2.1905321635437615e-07,2.4313348411758345e-09,2.622929666078225e-11,20.0,1.7511862197614792e-07,-3.6426385433333103e-07,0.0009708033514030739,0.0009708034197424295,0.004305839539,8.192948777758448e-07,7.553055005361206e-08,3.331353627411206e-08,4.37577838077368e-09,7.089522522325545e-10,2.0438326437210267e-10,20.0,5.462782854313737e-07,-0.4038363392906626,-0.26574097223777665,-0.2986721423536824,139193,145193,5.035003086666668e-07,0.0009234874867380499,0.0009234876239962942,0.005224466324,6.658878844516082e-07,8.586475614520727e-08,1.0680922414478953e-07,5.747282386285109e-09,1.7377523238525674e-09,1.9436028073294426e-10,20.0,4.3101439722146524e-07,3.616017666669899e-09,0.0008746094463320469,0.0008746094463395218,0.005367279052000001,3.03843566823025e-07,1.1895545184801085e-07,1.251207709042798e-07,2.14104466868959e-07,2.2252760514181743e-09,2.6854587184138206e-11,20.0,1.8395440985128226e-07,-5.08705773166669e-07,0.0009640941703537941,0.0009640943045634768,0.004337549209,8.134593650834055e-07,7.029234361912095e-08,3.42376764584792e-08,5.970717872478522e-09,7.125878136533612e-10,1.9952950572231567e-10,20.0,5.417548381054745e-07,-0.4276598589536414,-0.2545980992077015,-0.29670856757231334,208790,214790,-8.801618916666823e-08,0.000924280736633751,0.0009242807408244959,0.004681825637,6.58432941906302e-07,6.853217587675631e-08,1.190704485698358e-07,4.974736828977645e-09,1.6218046706503497e-09,2.195515265197207e-10,20.0,4.2766229202435787e-07,-5.0862681666713714e-09,0.0008705996818056158,0.0008705996818204735,0.005450248719,3.0119989104189997e-07,1.2182348158093147e-07,1.2444120073731273e-07,2.1149657877398153e-07,2.2926145180751266e-09,2.3690763996787075e-11,20.0,1.800716733931601e-07,-1.0895728766666401e-07,0.000989761379957618,0.0009897613859548666,0.004120826721,8.372055115534482e-07,9.186597200452263e-08,4.1469756213648386e-08,5.20332186466077e-09,6.832564811702362e-10,2.2444308087795722e-10,20.0,5.574370249394735e-07,-0.43757186932441083,-0.22904469451630102,-0.3089296532909466,278387,284387
trimMA342_1200rpm_A__Dvv_07,284387,-4.661083216666572e-07,0.0009058642963037669,0.0009058644162207093,0.004877090454,6.485450033011576e-07,6.985218690109288e-08,7.709422330391458e-08,4.800596533943595e-09,1.4371273195529838e-09,1.8127522874533714e-10,20.0,4.2351113319898894e-07,-6.214777466666266e-08,0.0008660210698262632,0.0008660210720562008,0.005363464355,3.174121463773538e-07,1.2197162347713753e-07,1.094600713467968e-07,1.9458726874234408e-07,2.1343480018165647e-09,1.9394227855888417e-11,20.0,1.9616033222661034e-07,7.263819333333533e-08,0.0009968597361551931,0.0009968597388016571,0.004174470902,8.795046871655428e-07,7.663444416317159e-08,3.1689164394380545e-08,3.5879868076656117e-09,5.250750664941875e-10,1.5667760409089098e-10,20.0,5.858677009349327e-07,-0.4425706796270102,-0.24232876970100234,-0.3225323011753836,0,6000,-1.466552414833328e-06,0.00091916452260996,0.0009191656925716826,0.004826307296999999,6.342289588931969e-07,7.463746771635778e-08,1.1932455582475825e-07,4.832346849408225e-09,1.59812713268314e-09,1.4959635024669615e-10,20.0,4.1073216308526296e-07,-1.430114121666696e-07,0.0008689911280640925,0.0008689911398319134,0.005203008651,3.076097192580326e-07,1.1684105526420639e-07,1.1871864305621016e-07,2.0777754271485407e-07,2.308716264373365e-09,2.3711040423023972e-11,20.0,1.8139487551714063e-07,6.790558525000019e-07,0.0009854618817529395,0.0009854621157126717,0.004227399826,8.611124779864521e-07,7.33127569954017e-08,3.0714991085140735e-08,4.075686534728522e-09,6.270828119969419e-10,1.6646599334235287e-10,20.0,5.737482129821976e-07,-0.3858250601219177,-0.24448148914505952,-0.31960581717329145,69596,75596,6.235043266666687e-07,0.0009043832082171427,0.0009043834231468293,0.004909992218,6.430737397961827e-07,8.55225123768966e-08,9.367666219371506e-08,4.655497274875459e-09,1.653643501575728e-09,1.9658286579414374e-10,20.0,4.207079715645405e-07,1.368125335000052e-07,0.0008650655563214719,0.0008650655671401139,0.005328178406,2.9626945694595594e-07,1.273253260364891e-07,1.1618691998610539e-07,2.0982352886407133e-07,2.6892186542581628e-09,2.1482276878762495e-11,20.0,1.7879644658652054e-07,6.222724633333139e-08,0.0009701900587566723,0.0009701900607522762,0.004378318787,8.284914255777376e-07,7.384931576306658e-08,2.942706975698769e-08,4.800639511332544e-09,6.188602892799169e-10,2.0300261350575803e-10,20.0,5.518674987130978e-07,-0.44480132425758195,-0.25560180153051376,-0.29760884418654776,139193,145193,5.936622575000022e-07,0.0009081873467551302,0.0009081875407871433,0.004426717759,6.565247208791787e-07,6.36358473295039e-08,8.348908600227217e-08,5.014958353296988e-09,1.638971650490082e-09,1.554257301257091e-10,20.0,4.265459035475859e-07,1.0120868416666797e-07,0.0008710755250191218,0.0008710755308987485,0.005742549896,3.2679990691901843e-07,1.1092812853518435e-07,1.1843103368746865e-07,1.9717433569081197e-07,2.3290943445347656e-09,2.6394773789001514e-11,20.0,1.9706975515981613e-07,4.909435901666708e-07,0.000974597436174422,0.0009745975598283454,0.004279613495,8.28900306776888e-07,7.556679816776632e-08,4.2147314956723755e-08,5.898628449004189e-09,6.789810298711638e-10,2.441341967307053e-10,20.0,5.51557356717228e-07,-0.46394536573583556,-0.22897743605937662,-0.3082101020625143,208790,214790,6.049474104999955e-07,0.0009083632430382692,0.0009083634444782392,0.004903316497,6.46843368886693e-07,7.801468183737366e-08,9.584890483146149e-08,4.99079997296086e-09,1.5891646836615047e-09,1.8419938119905137e-10,20.0,4.214503603003369e-07,1.4066696566666231e-07,0.0008905637485523537,0.0008905637596617184,0.0057284832,3.1783720014331326e-07,1.3935103465117795e-07,1.2039978654785425e-07,2.2228441726190278e-07,2.179350220016126e-09,2.6240121871750804e-11,20.0,1.96840090342782e-07,2.396504076666705e-07,0.0009960164599987181,0.0009960164888297262,0.0043568611140000005,8.666682924363546e-07,8.137895863393761e-08,3.532908301288401e-08,5.494227076289214e-09,6.623797454875197e-10,2.1822674641472502e-10,20.0,5.770892308354171e-07,-0.44793338515968156,-0.23037838567793487,-0.32266547528506173,278387,284387
trimMA342_1200rpm_A__Dvv_08,284387,2.42431953333336e-07,0.000916762897213707,0.0009167629292684788,0.00456237793,6.52560056278931e-07,6.229991651698288e-08,1.1762073282689757e-07,4.8304113737483336e-09,1.5552378662315228e-09,1.7217589489582884e-10,20.0,4.2371952930408e-07,1.96496648e-07,0.0008801213033240401,0.0008801213252590461,0.0055499076840000005,3.326582176557315e-07,1.2400697281937413e-07,1.1565353054914373e-07,1.890136102531833e-07,2.0806756280423886e-09,2.1657071818066357e-11,20.0,1.9981252986893624e-07,-1.3271967666666472e-07,0.0009635942027804271,0.0009635942119204326,0.004194736481,8.166659380662588e-07,7.132698493307569e-08,3.468671395146007e-08,3.887660790579373e-09,6.223354524210455e-10,2.1122256833237935e-10,20.0,5.440379337673484e-07,-0.4444370183473763,-0.25945184492062606,-0.3258459412068362,0,6000,-2.653996120000034e-07,0.0009321703248798122,0.0009321703626609723,0.005175828934,6.45529129723606e-07,7.756608984774273e-08,1.2867566640829726e-07,5.634491510186758e-09,1.5205416039554111e-09,1.8904797291084812e-10,20.0,4.1759787517683766e-07,-5.355278673333357e-07,0.0008627123856714057,0.0008627125518855888,0.0054039955140000005,3.1691588351584783e-07,1.1719806123127524e-07,1.1932826727086765e-07,1.8307178947892086e-07,2.269032594759719e-09,2.0229478531359968e-11,20.0,1.9041654822613056e-07,5.115668043333318e-07,0.0009733719941764984,0.000973372128606387,0.004311084748,8.295889679567467e-07,6.682533068438203e-08,4.343013462328284e-08,5.167193605095031e-09,6.265742792431222e-10,1.9718246521160092e-10,20.0,5.529427205116055e-07,-0.4298320639015362,-0.22783848628507114,-0.33666253949221503,69596,75596,1.063505813333334e-06,0.0009067164393835406,0.0009067170630869262,0.0047991275780000005,6.399643499087057e-07,9.943565538116682e-08,8.893263734035091e-08,4.782646095583354e-09,1.687581932722886e-09,2.0668402999444095e-10,20.0,4.149763401521481e-07,7.081031399999947e-08,0.0008642319554303776,0.0008642319583312774,0.005246639252,2.812552088309456e-07,1.386007526162869e-07,1.1388155246584638e-07,2.2459439009422822e-07,2.1477983896087444e-09,2.6792966340784426e-11,20.0,1.7139313285350699e-07,6.188551616666618e-07,0.0009770570912070078,0.0009770572871943644,0.003995656968,8.360963772120946e-07,8.277407621336722e-08,2.395790814864411e-08,5.091738049000563e-09,5.880077021999747e-10,2.279177625165292e-10,20.0,5.551171573014488e-07,-0.4038949012683087,-0.24551353382500707,-0.3273845496661083,139193,145193,1.2166897446666628e-06,0.0009218926223172265,0.000921893425194511,0.005135297775,6.471691331646608e-07,9.063750460916231e-08,9.13786429119404e-08,4.657221992578292e-09,1.6661520207541449e-09,1.7354737930626145e-10,20.0,4.2484270015384277e-07,1.0593732083333338e-07,0.0008489080352999048,0.0008489080419099941,0.005070686341,2.785724960465323e-07,1.0728773897896352e-07,1.1645918199153651e-07,2.1237117164911457e-07,2.4461294752911146e-09,2.8712800268059727e-11,20.0,1.696321110854583e-07,4.10159422333334e-07,0.0009657523473189177,0.0009657524344172015,0.004111766815,8.316276262090406e-07,6.898526666601214e-08,2.7192451535907503e-08,4.468975915484976e-09,6.541988268251791e-10,2.0834467345637768e-10,20.0,5.534235239291389e-07,-0.4067139396989237,-0.25112980323082745,-0.2868438713289397,208790,214790,4.680554083333286e-07,0.0009237811882027724,0.0009237813067783907,0.005124092102,6.59906372642699e-07,1.2193144741639175e-07,8.306046250076671e-08,4.891682320885029e-09,1.7754178572988494e-09,1.9251385914687796e-10,20.0,4.307126976463502e-07,-1.001357699999724e-08,0.000895106872655144,0.000895106872711155,0.005471229553,3.2476001712461815e-07,1.3440571845754425e-07,1.1657429683724738e-07,2.2757363506451093e-07,2.2195448536973748e-09,2.4182797287317318e-11,20.0,1.973742082584953e-07,1.5985966366666623e-07,0.0009638724266423932,0.0009638724398988736,0.004063367843,8.181419048171897e-07,7.997996530843771e-08,1.994375031178073e-08,4.939287540498746e-09,7.38655093317223e-10,2.2060563217676468e-10,20.0,5.454113240259804e-07,-0.44335996046568427,-0.22740758753647977,-0.3136337839135496,278387,284387
trimMA342_1200rpm_A__Dvv_09,284387,-3.950595976666618e-07,0.0008938552052355562,0.0008938552925383302,0.004910707474,6.18986328931943e-07,8.515158689079873e-08,7.633660577933781e-08,5.698963684625616e-09,1.6825474357515498e-09,1.6024895380657986e-10,20.0,4.0312843930166103e-07,-3.035862700000227e-08,0.0008669215395860983,0.0008669215401176611,0.005322217941000001,2.9821627476323906e-07,1.236675418021704e-07,1.227115930675891e-07,1.921465671781991e-07,2.335611770152536e-09,2.2982433627808782e-11,20.0,1.7651799397321605e-07,2.950827214999949e-07,0.0009600670670269021,0.000960067112374677,0.004041433334,8.033637458411302e-07,7.589657382477683e-08,3.506345427050042e-08,4.581592666455194e-09,6.711957772306693e-10,2.264536303522721e-10,20.0,5.351294944255053e-07,-0.4327124659135604,-0.24731752356146497,-0.31296369423750037,0,6000,4.28835549333337e-07,0.0009200650382560768,0.0009200651381946197,0.004896402359,6.52767943804953e-07,9.967211671452013e-08,1.0496703128556808e-07,5.761804203606316e-09,1.6355623775699826e-09,2.1282759122162915e-10,20.0,4.225270286237762e-07,1.1034806750000008e-07,0.0008941286980735681,0.0008941287048828205,0.005691289901,3.1242609119985277e-07,1.2585733032089075e-07,1.3297992806221922e-07,2.470010437135355e-07,2.3240107499742854e-09,1.945405318352342e-11,20.0,1.8811930260015292e-07,-2.3758412049999905e-07,0.0009556038101081381,0.0009556038396424559,0.004381895066,7.996245394404794e-07,7.784373538984261e-08,2.6331463170313402e-08,5.6772294053128575e-09,6.399781014914603e-10,2.34854806196884e-10,20.0,5.318856180633066e-07,-0.4210468456865501,-0.23498515765122993,-0.3133409770315116,69596,75596,-2.404054033333658e-08,0.0009213060725828935,0.0009213060728965501,0.005141019821,6.532412134136762e-07,7.181056179086961e-08,1.1089732652339057e-07,5.033777191088731e-09,1.6911811409103191e-09,1.8743994108054354e-10,20.0,4.260933372951621e-07,4.544655436666701e-07,0.0008640356809618093,0.0008640358004817091,0.005500555039,3.0979858545945967e-07,1.0801929005097095e-07,1.26910894364001e-07,1.9764472682346206e-07,2.474989547978733e-09,2.3623672774635513e-11,20.0,1.8599299722968855e-07,2.2685527866666647e-07,0.0009826208572702088,0.0009826208834569708,0.004232168197,8.442737787814466e-07,7.479773860723488e-08,3.5552743460784204e-08,5.5622324174594866e-09,7.163957944668003e-10,2.2790630223999497e-10,20.0,5.625375527454115e-07,-0.46301379370512563,-0.2160855007849844,-0.31058587376271596,139193,145193,7.078250225000035e-07,0.0009141818288382807,0.0009141821028626441,0.004770517349,6.436799894748725e-07,6.412124724532563e-08,1.0921274152706617e-07,4.936503054644252e-09,1.5971178268370733e-09,1.772163726619162e-10,20.0,4.2029498345907315e-07,-5.185604061666692e-07,0.0008853223439306761,0.0008853224957990173,0.0055012702940000005,3.012025451458565e-07,1.2066816981564057e-07,1.326242964259888e-07,2.0791913174929262e-07,2.1567221409804216e-09,2.3006273136383456e-11,20.0,1.8606393173414215e-07,1.47064522166671e-07,0.000991210783490237,0.0009912107944001131,0.004265785217000001,8.60180998866204e-07,8.174534186856521e-08,3.3132844910070886e-08,5.0397448387170675e-09,6.599919461687294e-10,2.2756333227696832e-10,20.0,5.722319397597329e-07,-0.42484845449986325,-0.24843932923445294,-0.3082638563095,208790,214790,-4.3960412066667254e-07,0.0009072728155753525,0.0009072729220768194,0.0044834613799999996,6.392149394080943e-07,7.067143957460378e-08,1.0623475144501029e-07,4.974174775651084e-09,1.505621677573967e-09,1.710853999401219e-10,20.0,4.14752651576766e-07,-1.3911723849999746e-07,0.0008640938694643289,0.0008640938806631157,0.005535840988,2.9750688472453594e-07,1.225032446084768e-07,1.1902115530626395e-07,2.108473473453949e-07,2.625813568976659e-09,2.2717830531853518e-11,20.0,1.7978021590032688e-07,5.89688624000007e-07,0.0009800679939088069,0.0009800681713111117,0.004280805588,8.378466991355104e-07,7.440136821736565e-08,3.811602021366467e-08,5.349331422044357e-09,7.113392679402882e-10,2.1649761644733713e-10,20.0,5.589640533104113e-07,-0.4287009672158993,-0.23847331461685906,-0.2983613678416695,278387,284387
trimMA342_1200rpm_A__Dvv_10,284387,5.849997259999977e-07,0.0009212759389829325,0.0009212761247169946,0.004636526108,6.490145204238226e-07,7.560003249118616e-08,1.0635728321369615e-07,4.570693269662443e-09,1.5424065148472772e-09,1.6237777009805105e-10,20.0,4.2239659886965346e-07,-7.388194341666661e-07,0.0009013774970358068,0.0009013777998246309,0.005686283111,3.237735907706805e-07,1.1802142495444329e-07,1.3585971809283548e-07,2.1980360116033488e-07,2.380966539059581e-09,3.0952276218932655e-11,20.0,1.9786985963634968e-07,2.876520151666711e-07,0.0009834093461577494,0.0009834093882275551,0.0043540000909999994,8.662154652511484e-07,6.690147983026068e-08,2.586965471008766e-08,5.211122510569814e-09,6.568611916315046e-10,2.1883697229521021e-10,20.0,5.765846518253859e-07,-0.41505042323710734,-0.24638675376904737,-0.31655559796737576,0,6000,-3.947814331666753e-07,0.0009103638181963404,0.0009103639037952898,0.004607439041,6.417144069625414e-07,9.149734723713867e-08,9.395178619667483e-08,5.1099358756265634e-09,1.5191483989189212e-09,1.9768560225021275e-10,20.0,4.1660940887682203e-07,-8.034706173333373e-07,0.0008580258418862226,0.0008580262180782088,0.0054030418390000005,2.9947396769621366e-07,1.1629036564857701e-07,1.258487432306829e-07,1.841560154192114e-07,2.5031094091630985e-09,2.5349652022519677e-11,20.0,1.830457828612899e-07,4.732608266666549e-08,0.0009834447346398897,0.0009834447357786207,0.004261016846,8.622262331309115e-07,6.40931566978109e-08,3.386865680437832e-08,4.15967881394365e-09,6.927046771318075e-10,2.2588455231197959e-10,20.0,5.740234682110326e-07,-0.4253081027750964,-0.27071414059298826,-0.31325182257174006,69596,75596,-4.278024085000026e-07,0.000911045692373904,0.0009110457928161169,0.005016088486,6.493501936845797e-07,7.472730414792938e-08,7.67675869065065e-08,5.8904750602303045e-09,1.8424047681350054e-09,2.2838552914511392e-10,20.0,4.222852256287406e-07,-7.861852648333271e-07,0.0008746460196068442,0.0008746463729424405,0.005426883698,2.7954884503941343e-07,1.2512009668125852e-07,1.2750930346387812e-07,2.2511909617924262e-07,2.592392155832669e-09,2.0465192372358492e-11,20.0,1.6499520379175716e-07,-1.4666716349999326e-07,0.0009737329440583307,0.0009737329551040989,0.00438451767,8.225477008439155e-07,9.066750310625384e-08,2.598384013113755e-08,4.709620168871011e-09,7.587154147607711e-10,2.230269061302522e-10,20.0,5.473881550547891e-07,-0.4080342087560623,-0.2641896722045591,-0.30738244588269453,139193,145193,-9.320179628333267e-07,0.0009327384059798444,0.0009327388716287662,0.00498700142,6.69564194127727e-07,8.939499289451262e-08,1.0135292324406941e-07,5.804867991296224e-09,1.595410842462908e-09,1.563036727911669e-10,20.0,4.341064741264878e-07,-5.60005503166668e-07,0.0008765416549639216,0.0008765418338522437,0.005535125733,3.001707661459685e-07,1.2084200047712057e-07,1.2473856202561315e-07,2.149964979469461e-07,2.2443195631348545e-09,1.8904378918359634e-11,20.0,1.8371802489384273e-07,-6.993617499995858e-09,0.0009736490562423689,0.0009736490562674863,0.0040481090550000005,8.176848451300473e-07,8.64811157398276e-08,3.366281768840089e-08,6.451384450439544e-09,7.118679653303821e-10,2.818579291094707e-10,20.0,5.43893056257474e-07,-0.424596681896169,-0.24459430944706917,-0.28564443514311916,208790,214790,-6.018082333333399e-07,0.0009157791940634895,0.0009157793918039017,0.004726171493,6.557030492615014e-07,6.630807534075698e-08,9.853353645568547e-08,4.235256201410714e-09,1.5121075081210298e-09,1.3756012481202874e-10,20.0,4.2762477120945013e-07,7.196267416666758e-08,0.0008991946094380833,0.0008991946123176748,0.005556106567,3.245561981042981e-07,1.1764622613029026e-07,1.3408714883736415e-07,2.3478487363166101e-07,2.4609839779216072e-09,2.684989119152685e-11,20.0,1.9894379549838144e-07,1.232226676666729e-07,0.0009916671094678986,0.0009916671171236056,0.004421472549,8.662724478719538e-07,7.465125088650528e-08,3.4019001536492516e-08,4.875441224759939e-09,7.052659246708782e-10,2.157355128216312e-10,20.0,5.774594392160412e-07,-0.4430889298462441,-0.22210074596383284,-0.32739541397379596,278387,284387
trimMA342_1200rpm_A__Dvv_11,284391,-8.862018574999989e-07,0.0009148256888467805,0.000914826118083496,0.004631519318,6.504057417470063e-07,8.200670530172408e-08,1.0786709113078767e-07,5.139674007375394e-09,1.4071837401260005e-09,1.8562153017365077e-10,20.0,4.235995269128635e-07,-6.818770900000592e-08,0.000879439330079791,0.0008794393327232727,0.0055088996890000005,2.944869741557533e-07,1.2677102087820734e-07,1.274024089274157e-07,2.2607428558187293e-07,2.2465488654816616e-09,2.538446996230366e-11,20.0,1.8014118518021738e-07,2.1235148216666953e-07,0.0009996067800996152,0.0009996068026550601,0.00428891182,8.818647679552904e-07,6.392308778283698e-08,4.158675147636733e-08,5.2913209894371755e-09,6.916565703162413e-10,2.1296230299484374e-10,20.0,5.87516625765173e-07,-0.4149951849917952,-0.2733445126996921,-0.2905638955033689,0,6000,-1.094023394166678e-06,0.0009163370225373617,0.0009163376756195417,0.004404306412,6.56633032970091e-07,5.836960232212754e-08,1.0023790645862294e-07,5.3720097425135356e-09,1.6852395252754994e-09,1.7990793802363598e-10,20.0,4.28478057348242e-07,9.299914035000046e-07,0.0008894465475471415,0.0008894470337392442,0.005578041076,3.1410502112579407e-07,1.2167675831660938e-07,1.2597396516899868e-07,2.2637322734621486e-07,2.7304884276296883e-09,2.4562773987945315e-11,20.0,1.8978967695592409e-07,-5.157788233333543e-08,0.0009702741772734277,0.0009702741786443176,0.004392623901,8.333703559850874e-07,6.052643453682772e-08,3.477588302816282e-08,5.050045269716725e-09,7.309563256478735e-10,2.3179034592000446e-10,20.0,5.55165880450318e-07,-0.4284715606931012,-0.26111512468361076,-0.29067180769340295,69597,75597,-5.214214354999948e-07,0.0009176130440021882,0.0009176131921475821,0.004434347151999999,6.77080056870161e-07,7.03637455102428e-08,9.658200024552078e-08,5.071319274672202e-09,1.4566721004876967e-09,2.0031969006620038e-10,20.0,4.4064970201051623e-07,5.410512281666617e-07,0.0008966319861885748,0.000896632149430802,0.005978345871,3.4232643304435816e-07,1.1992218880621446e-07,1.3968418893438988e-07,2.0413514094562753e-07,2.417942451025986e-09,2.231192688735217e-11,20.0,2.070817477141744e-07,-1.1270443589999924e-06,0.000980872787718051,0.0009808734352171884,0.004200696945,8.384984188741564e-07,7.225323781763035e-08,3.9694586355933686e-08,4.364965952118395e-09,7.019620593526118e-10,2.2125281879606107e-10,20.0,5.57832129113931e-07,-0.45936582033379664,-0.2294892923712113,-0.31329976735837806,139195,145195,2.60512037499989e-07,0.0009225870272514303,0.0009225870640319823,0.00491809845,6.548392731153553e-07,8.120401708690461e-08,9.804593017571169e-08,4.76762311193014e-09,1.5479382710129138e-09,1.7767836118319582e-10,20.0,4.247881904926067e-07,5.288918733333097e-08,0.0008944456638269172,0.0008944456653906042,0.005869865417000001,3.115837205230261e-07,1.1402790932868451e-07,1.299722220609729e-07,2.249406874688945e-07,2.1240767454142283e-09,2.4826228672234365e-11,20.0,1.88509990404663e-07,-7.303555855000057e-07,0.0009996036114245988,0.0009996038782399664,0.004264831543,8.75348457492632e-07,7.272317350397676e-08,4.034212268111252e-08,4.920620532107758e-09,6.550717526030691e-10,2.055008903594387e-10,20.0,5.826362294641649e-07,-0.3987464014319622,-0.23888849970044376,-0.3267475458522686,208793,214793,1.1448065599999868e-07,0.0009122241478907792,0.0009122241550742222,0.004545927046999999,6.463486592913079e-07,9.488938490083293e-08,9.178511907958815e-08,5.775952979655724e-09,1.6302161610665078e-09,2.0642975293053452e-10,20.0,4.209080110169409e-07,-1.5139579683333345e-07,0.0008830859662893731,0.0008830859792669811,0.005666971207,2.774872021306352e-07,1.290407212172245e-07,1.299494025927236e-07,2.549404701809053e-07,2.124677031828216e-09,2.449308183692921e-11,20.0,1.641969350084757e-07,-5.475679449999891e-08,0.000987624542199892,0.0009876245437178304,0.00431728363,8.638481831202659e-07,6.995737944263337e-08,3.275895777798099e-08,7.205160767689651e-09,7.827989786947045e-10,2.225827747806033e-10,20.0,5.748385361157836e-07,-0.37041867638671744,-0.25305009699552306,-0.30982032185557606,278391,284391
trimMA342_1200rpm_A__Dvv_12,284387,-2.5391578433333536e-07,0.0009161659520811754,0.0009161659872676087,0.004778623581,6.648735363313505e-07,6.896065316332442e-08,8.12303355700585e-08,5.334034725082448e-09,1.6565659845531967e-09,1.914668542281403e-10,20.0,4.339826354556089e-07,2.0265580333332528e-08,0.0008883401362606534,0.0008883401364918114,0.00530743599,3.208153483407507e-07,1.2228544915252004e-07,1.1752599079423922e-07,2.3023483079692985e-07,2.5775122897037273e-09,2.3557927835451106e-11,20.0,1.912944744765947e-07,2.988179616667206e-08,0.00097138325388268,0.0009713832543422935,0.004225969315,8.468365549167061e-07,6.975512137371849e-08,2.2298527752300873e-08,5.3848652205866965e-09,7.277739827128135e-10,2.4192386370630915e-10,20.0,5.636843709536539e-07,-0.44682466200388904,-0.2202985512785039,-0.3020554466208337,0,6000,4.2291482716667306e-07,0.0009122572088321279,0.0009122573068620144,0.005233764648,6.470400322287856e-07,9.285185653269705e-08,1.0532570954345062e-07,6.0861631776268495e-09,1.4892645126327665e-09,1.6837588375548254e-10,20.0,4.224604363993862e-07,-5.205472323333305e-07,0.0008981288863785152,0.0008981290372306937,0.00597691536,3.1041230493500757e-07,1.3294681748427029e-07,1.3241008792890297e-07,2.2218698500550164e-07,2.576981015708797e-09,2.5362504161597043e-11,20.0,1.925254948672769e-07,1.3017654183332914e-07,0.0009997520303571593,0.0009997520388322267,0.004336118698,8.786749205398555e-07,6.822502844399405e-08,4.1908440554458604e-08,7.035953508070926e-09,6.599098303638415e-10,2.2669769251818175e-10,20.0,5.845574673080828e-07,-0.4262855011047917,-0.24693209746367992,-0.29652956482007403,69596,75596,1.0424057683333353e-06,0.0009152035276629561,0.0009152041213065559,0.005246400833,6.478696761248261e-07,7.682765802644718e-08,8.80219165475172e-08,5.245492911621609e-09,1.4186031294187784e-09,1.6992144681644287e-10,20.0,4.228999258115762e-07,-4.786650385000009e-07,0.0008684937959843688,0.0008684939278910116,0.005474328995,3.0218648656942975e-07,1.1958963838608435e-07,1.2718293774105895e-07,1.9155380926484499e-07,2.414087568032414e-09,2.599807135400582e-11,20.0,1.825548349683915e-07,5.636612558333372e-07,0.000978851634125854,0.0009788517964149967,0.004108667373999999,8.572396641761139e-07,6.172595514789496e-08,3.1474731291798985e-08,4.949744012147541e-09,6.860012718320603e-10,2.358971993814293e-10,20.0,5.715144927452762e-07,-0.43503030419402966,-0.2618693721834028,-0.30322969011699974,139193,145193,-2.251863511666674e-07,0.0009162618702156849,0.0009162618978873001,0.004820108413,6.572201810411477e-07,8.41590815734857e-08,9.828363088993464e-08,5.062863202742959e-09,1.6884656067890414e-09,1.6180604404607225e-10,20.0,4.2905455591482375e-07,-1.8227101266666117e-07,0.0008788925263787411,0.0008788925452790735,0.005548477172999999,3.1177567965663524e-07,1.3712227450790535e-07,1.2928893457185313e-07,1.9519796232630202e-07,2.2428591708422093e-09,2.4855496540939482e-11,20.0,1.9015629904221948e-07,5.001624369999936e-07,0.0009659771283171669,0.0009659772578039009,0.004232168198,8.285160149616625e-07,6.515607647184209e-08,3.2573635379069204e-08,4.841274634554174e-09,7.40201212284099e-10,2.483410471810709e-10,20.0,5.524359530940772e-07,-0.4348798000090608,-0.24514470637499305,-0.31101483378234795,208790,214790,-2.017815881666755e-07,0.0009270158495984079,0.0009270158715590943,0.005075216293,6.630959460022574e-07,8.528873885200055e-08,9.23135754847942e-08,6.046513730717896e-09,1.558014768220027e-09,1.8773249390459029e-10,20.0,4.315586170144253e-07,-6.053050341666682e-07,0.0008814815492837965,0.0008814817571123901,0.005615472794,3.2228807941752597e-07,1.0665708849705078e-07,1.27280852047492e-07,2.0618188870990488e-07,2.8576258601099107e-09,2.3665064199467093e-11,20.0,1.9482963275827548e-07,6.266435133334599e-08,0.0009707294294774118,0.0009707294315000252,0.0040230751040000005,8.414065271585637e-07,6.484934983756253e-08,2.6134680957715715e-08,6.509747657776931e-09,7.081510236831916e-10,2.385541088167192e-10,20.0,5.604346254560958e-07,-0.4331705666533613,-0.22257546339032128,-0.32201047698702195,278387,284387
trimMA342_1200rpm_A__Dvv_13,284390,1.8652280133333796e-07,0.0009193269175635494,0.0009193269364854118,0.004878044128,6.41140445815654e-07,1.004694166387485e-07,1.1044067448420706e-07,4.839175334149236e-09,1.4435225855098524e-09,1.7140301062169064e-10,20.0,4.1981897157697326e-07,-4.775126768333336e-07,0.000846787834939922,0.0008467879695771527,0.005610466003,2.821365745223554e-07,1.2015386580700793e-07,1.2822073332520316e-07,1.9204094696615625e-07,2.445243376913874e-09,2.759006404187528e-11,20.0,1.6955747619652024e-07,7.07109770666661e-07,0.000981349551658256,0.0009813498064116014,0.004276990891,8.394627607672986e-07,7.784948064002748e-08,3.6555297025553704e-08,4.280269737342047e-09,7.108519559376887e-10,2.3689180176190923e-10,20.0,5.591491476396805e-07,-0.4298199997006737,-0.24408159454257808,-0.27742211510571985,0,6000,9.373823699999548e-08,0.0009230271184035788,0.0009230271231633832,0.005007743835,6.483175102822127e-07,9.277964266795282e-08,8.189627354148671e-08,4.586766801838239e-09,1.629108075874386e-09,1.6896103769257517e-10,20.0,4.2169061778369873e-07,-9.82681934999973e-08,0.0008830700676058738,0.0008830700730735248,0.0057101249690000005,3.055393086556246e-07,1.1990844878893874e-07,1.2260483487915348e-07,2.1945115102666056e-07,2.9029448064279157e-09,2.759734796957378e-11,20.0,1.8511879862547402e-07,-1.7750263099999715e-07,0.0009651959325859542,0.000965195948907606,0.004235267639,8.27035512984063e-07,7.000467860397647e-08,2.7020932211254645e-08,4.708592125770963e-09,6.641896760349339e-10,2.2320904897778835e-10,20.0,5.509452726139892e-07,-0.43859764712542293,-0.20985660212562954,-0.316330047244682,69597,75597,3.355741516666566e-07,0.0009087289692520942,0.0009087290312122667,0.0044732093809999995,6.431410456475476e-07,1.0338221634612562e-07,8.175103786639979e-08,4.90971480403459e-09,1.472386162149378e-09,1.8801531523423543e-10,20.0,4.1954747758743045e-07,-3.2663344783333533e-07,0.0008954941118302265,0.000895494171400359,0.005633115769,3.166463352440771e-07,1.1974747480350783e-07,1.3005315310909555e-07,2.2250501716061616e-07,2.741162946706443e-09,2.4785518803911637e-11,20.0,1.902879419175784e-07,-1.7535686683333694e-07,0.0009744859105607749,0.0009744859263383404,0.004275083542,8.516670595302513e-07,6.158480351063092e-08,2.7522170343971346e-08,4.458781787798744e-09,6.399306431398517e-10,2.3064911180163305e-10,20.0,5.681820345927881e-07,-0.41556121798593093,-0.2151404364671616,-0.30613264486244457,139195,145195,-1.0304053659999976e-06,0.0008996222210886144,0.0008996228111890173,0.004736661911,6.200566438125259e-07,9.744358423286268e-08,8.58468427348986e-08,4.9053728631076765e-09,1.535711236602392e-09,1.6534342327656612e-10,20.0,4.0599842153441103e-07,-3.5238265799999946e-07,0.000883149936735071,0.0008831500070365721,0.005597591401,3.1034995587212483e-07,1.1852861565337407e-07,1.1078380608620776e-07,2.2798009634059053e-07,2.8181215434725096e-09,2.6053190707100257e-11,20.0,1.9159582387082394e-07,7.152559333328349e-09,0.0009930951419557567,0.000993095141981514,0.0041873455050000005,8.824497432316591e-07,7.349951937468937e-08,2.4528071227255988e-08,6.3395196240444694e-09,7.017617715655123e-10,1.787535894809166e-10,20.0,5.87410898286049e-07,-0.4005650145055954,-0.22144721465692177,-0.31502433589004647,208792,214792,-4.434585333332822e-08,0.000898684530817878,0.0008986845319120077,0.004838943481,6.213406521617269e-07,8.929665952160161e-08,7.07984288944183e-08,5.739141785811579e-09,1.497102950959919e-09,1.8733016148968872e-10,20.0,4.0613293146455177e-07,-4.421869919999993e-07,0.0008763979179788878,0.0008763980295317108,0.005572080613,3.006663799338187e-07,1.211080042767108e-07,1.221428120555084e-07,2.1824883266658686e-07,2.465384662468292e-09,2.8172652237175763e-11,20.0,1.8047927117098923e-07,-1.9005933983332981e-07,0.0009668794286193688,0.0009668794472993362,0.004346609116000001,8.236472487304749e-07,7.341632254288634e-08,3.054785815738091e-08,4.277995705504221e-09,6.735395627492851e-10,2.2024030819461226e-10,20.0,5.489915837957827e-07,-0.40960393045872184,-0.2530083575005094,-0.3096435614451673,278390,284390
trimMA342_1200rpm_A__Dvv_14,284387,3.0883153466666644e-07,0.0009139841636718508,0.0009139842158483097,0.00470495224,6.59911315731315e-07,9.578078103584666e-08,7.729364979980553e-08,4.986228270280601e-09,1.8055202786563338e-09,2.084715456262406e-10,20.0,4.288866484795916e-07,-5.770126923333377e-07,0.0008823455830024893,0.0008823457716721092,0.005591630936,3.1163410413553184e-07,1.266015576294122e-07,1.1527252379552696e-07,2.232362793961836e-07,2.4763512634056203e-09,2.504661190134105e-11,20.0,1.887298918282469e-07,-2.5320053066666483e-07,0.0009652264778763535,0.000965226511086439,0.0039808750149999995,8.206074263443442e-07,7.520050269485137e-08,2.3717265614257843e-08,5.276039261022589e-09,6.631016906082224e-10,2.422682844104469e-10,20.0,5.463061111741467e-07,-0.39988608596493147,-0.2677423449305852,-0.3024590757260983,0,6000,2.7108192433334077e-07,0.0009327863623181877,0.0009327864017084548,0.005335330963,6.613514349148077e-07,1.2569471486997103e-07,8.706674200268593e-08,5.1561436717766425e-09,1.706573903414296e-09,1.7187092513852156e-10,20.0,4.3316075999648127e-07,-1.9574164566666582e-07,0.0008804448752880144,0.0008804448970467822,0.005300760268999999,3.089283624170655e-07,1.214098057538151e-07,1.2265927990525306e-07,2.2797419027407464e-07,2.3714210449730567e-09,2.699942161270452e-11,20.0,1.85521586169333e-07,-5.148649218333328e-07,0.0009721127718603828,0.0009721129082056077,0.004225015641,8.350837905071935e-07,6.616334308015892e-08,3.2537688977884254e-08,7.1866891515957764e-09,7.077480023387115e-10,2.1163654221482386e-10,20.0,5.55203694320259e-07,-0.4265141752071551,-0.21770973861250756,-0.29775756630721445,69596,75596,-5.674361600000131e-08,0.0009230388829550607,0.0009230388846992114,0.004658699035,6.478501155767699e-07,9.113503724385924e-08,9.225244649483309e-08,5.987431307382673e-09,1.5940303070510193e-09,1.794990094788534e-10,20.0,4.2204845913529394e-07,9.421507050000044e-08,0.0008837274766431708,0.0008837274816653524,0.005350828171,2.9930361214121046e-07,1.1029040045277217e-07,1.3339037422682228e-07,2.2892290186553297e-07,2.2920490210582857e-09,2.8909159079078104e-11,20.0,1.8576440116996255e-07,3.63270443666674e-07,0.000981724662666036,0.000981724729877045,0.004324913025,8.654161377417512e-07,6.620764441548038e-08,2.735430724417382e-08,5.954785732542084e-09,6.754151457434845e-10,1.9628002437839918e-10,20.0,5.767693859527248e-07,-0.38443654290669754,-0.24163171189055746,-0.28784236223614923,139193,145193,1.5895066666239226e-10,0.0009160323414617717,0.0009160323414617855,0.004728078841999999,6.307627342365711e-07,1.0498874881535783e-07,1.0067361939608797e-07,4.745394433828122e-09,1.7730887980404056e-09,1.9405302917386445e-10,20.0,4.0997715060109604e-07,7.390974333329354e-09,0.000886874667862563,0.00088687466789336,0.005514144897,3.0645851449182504e-07,1.231715255884337e-07,1.223485855880362e-07,2.170806988646113e-07,2.572357170878808e-09,1.9579188363754915e-11,20.0,1.844137734795872e-07,-2.791881546666634e-07,0.0009648970078148338,0.0009648970482056856,0.004186391831000001,8.238609719750503e-07,7.491070037753733e-08,2.8479756628603008e-08,4.839428585956522e-09,6.324070081117186e-10,1.9503875575796316e-10,20.0,5.48636429742662e-07,-0.38287968540781236,-0.23954479859165959,-0.2789381331815146,208790,214790,5.149841166665961e-08,0.0009046503642892952,0.0009046503657551025,0.005172729492,6.292890846953912e-07,9.440827055703636e-08,8.300147117369991e-08,5.407504866747856e-09,1.624914005926314e-09,1.934651899869064e-10,20.0,4.104408831643243e-07,6.94195440000053e-08,0.0008751274904462503,0.0008751274931996051,0.0057704448700000004,3.0534909065519724e-07,1.3369404663640988e-07,1.243438489828921e-07,1.9448466835938477e-07,2.671946018455403e-09,2.9252394696754924e-11,20.0,1.8646213265308826e-07,3.651380620000022e-07,0.0009554444930348307,0.0009554445628064399,0.004166603089,8.137742316978838e-07,6.826442950907424e-08,2.6043359782612845e-08,5.2206908327017045e-09,6.934017023349028e-10,2.3268666033984848e-10,20.0,5.413822910041432e-07,-0.43240796495829736,-0.24793164274656912,-0.3114824351739044,278387,284387
trimMA342_1200rpm_A__Dvv_15,284387,-1.2065966929999926e-06,0.0009196644943635355,0.0009196652858885764,0.004894018173,6.530238254341018e-07,9.351569820457007e-08,8.891369083056346e-08,5.280968224452454e-09,1.4204584438456094e-09,1.273419385706277e-10,20.0,4.25776817488525e-07,1.7714500516666406e-07,0.0008842166984914396,0.0008842167162361579,0.0054106712340000005,3.245209572850777e-07,1.1546641013417829e-07,1.2584946217271149e-07,2.0907045995340658e-07,2.3459941218743865e-09,2.7866904572161466e-11,20.0,1.9735332747017378e-07,-4.2557717500005946e-08,0.0009747383149662263,0.0009747383158952755,0.004124879837,8.522721550937101e-07,6.312087461414295e-08,2.92365363796965e-08,4.883769287601084e-09,6.485335529929361e-10,2.1213543854695162e-10,20.0,5.670394111300781e-07,-0.4406060225924558,-0.24222955755989545,-0.3120623875090956,0,6000,4.1564305699999757e-07,0.0009146069584399214,0.0009146070528843929,0.0051016807559999995,6.458369738977053e-07,7.905730679208553e-08,9.153376663770775e-08,5.599918151238494e-09,1.7520944985819511e-09,2.0615768919743736e-10,20.0,4.1981203922492926e-07,3.7201245583333374e-07,0.0008785439246817948,0.000878544003444653,0.005311250687,2.853281881440768e-07,1.1818395045912926e-07,1.2120679478130576e-07,2.4180058501736016e-07,2.300947139511827e-09,2.1171937781073345e-11,20.0,1.6889691643183415e-07,-4.79936601666667e-07,0.000994078345048617,0.0009940784609042382,0.004179000854,8.559397427601841e-07,8.515362564107707e-08,3.5507349134284584e-08,6.111866752180747e-09,7.498270351795648e-10,2.764949732107895e-10,20.0,5.707202600112856e-07,-0.38920340028403216,-0.2658875128049971,-0.30541455037770915,69596,75596,-1.0136763210000058e-06,0.0009180667558294505,0.0009180673154507221,0.005109071731,6.538840020359286e-07,8.015166759119547e-08,9.483306086803916e-08,4.263851460071949e-09,1.882332927967268e-09,2.026044734059112e-10,20.0,4.279203613603706e-07,6.503661488333363e-07,0.0008603399999963042,0.0008603402458154379,0.005168914795,2.711464541544903e-07,1.20505582800061e-07,1.3173738464092736e-07,2.1517364757396102e-07,2.0985030521105496e-09,2.2185820827539697e-11,20.0,1.6293877213818482e-07,-3.2349427566666484e-07,0.0009769917183692846,0.0009769917719257997,0.004319190979,8.209011816136881e-07,7.461039348909568e-08,4.4332038407188294e-08,4.987052420876335e-09,7.305146639184063e-10,2.8066002849859137e-10,20.0,5.472998712774302e-07,-0.4297223925450649,-0.26367077000671235,-0.2796741979275748,139193,145193,4.4445196833333794e-07,0.0009245953726680686,0.000924595479491846,0.0045733451840000005,6.688753816226725e-07,8.096218493524976e-08,1.0959015662749236e-07,4.9656982813152955e-09,1.6664002364779681e-09,1.4897484456173516e-10,20.0,4.3561896883390425e-07,6.47425655333338e-07,0.0008783499071779526,0.0008783501457844116,0.005414247512,2.843298439345406e-07,1.1638155628145041e-07,1.3699179963072447e-07,2.3649498610317582e-07,2.4259730254725073e-09,2.6600912187428522e-11,20.0,1.761386261707014e-07,-6.541013756666651e-07,0.0009585798862276523,0.0009585801093955728,0.004229784012,8.040491413074237e-07,6.523605420285417e-08,3.454143100601883e-08,4.6691522149708954e-09,7.236457389480673e-10,2.4522167080640995e-10,20.0,5.358678760381798e-07,-0.40881682081571064,-0.2653111006324869,-0.2786077553656744,208790,214790,2.918640816666658e-07,0.000916282429165788,0.0009162824756496217,0.00489115715,6.494335093553839e-07,7.580231714430385e-08,1.1218834805159838e-07,4.7266248941962984e-09,1.6559958781757978e-09,1.6262981781416676e-10,20.0,4.2159640405799343e-07,3.599325829999987e-07,0.0008843106492432159,0.0008843107224931868,0.005530595779,3.10880977662371e-07,1.1370278417175976e-07,1.2132568478447867e-07,2.1890913314159836e-07,2.485615690288787e-09,2.9419652141045455e-11,20.0,1.8647980898640134e-07,-3.574689181666662e-07,0.0009856469723677687,0.000985647037190178,0.00432062149,8.614523172648469e-07,6.61898397673037e-08,3.44221385973943e-08,4.6126839973749645e-09,6.775093996527611e-10,2.067002894222873e-10,20.0,5.725502334026825e-07,-0.41786120523398934,-0.1978487462968111,-0.3016570994761694,278387,284387
trimMA342_1200rpm_A__DW_00,284387,-1.60086154766667e-06,0.0009766802426432598,0.0009766815546161359,0.004854917526,7.571490453863957e-07,7.48090137455286e-08,1.0626941068978405e-07,4.376592025051256e-09,1.410092677666841e-09,1.5969289676814063e-10,20.0,4.965806965773055e-07,6.993611166667031e-08,0.0008454259254779968,0.000845425928370657,0.005443096161,3.297802286225773e-07,1.1902511643806577e-07,1.1052376238368966e-07,1.5379295235015184e-07,1.8613528739941265e-09,1.683440165705102e-11,20.0,2.0142658104998072e-07,-2.2379557750001194e-07,0.0010547712253894893,0.0010547712491313485,0.004473924637,9.936891668050694e-07,6.21551973924645e-08,4.71012833114858e-08,4.403736450479536e-09,4.973185152374689e-10,1.504005416977356e-10,20.0,6.614196105783323e-07,-0.45613182089630366,-0.27053528041674085,-0.3026684220648293,0,6000,1.0717709809999968e-06,0.000998338061752916,0.0009983386370553855,0.00545167923,7.782575712325511e-07,8.057650233864241e-08,1.3658470856840225e-07,4.715517733880642e-09,1.6360205844428088e-09,1.8758481903975542e-10,20.0,5.040051003969124e-07,-3.830591966666868e-08,0.0008442868156859363,0.0008442868165549203,0.004995584488000001,3.2348927545713e-07,1.214388998495324e-07,1.1268429364146611e-07,1.5688878312428242e-07,1.7297078576513156e-09,1.5359277017772055e-11,20.0,2.0109960999103334e-07,2.7179718183333264e-07,0.0010626870960445626,0.0010626871308025395,0.0044941902159999995,1.0147151893804342e-06,6.401244565543872e-08,3.506897045086643e-08,6.399157865068023e-09,5.351426830013368e-10,1.6151241935823554e-10,20.0,6.768797594086724e-07,-0.48082624955387027,-0.308251519013619,-0.28062557076740785,69596,75596,-1.9701321083333162e-07,0.000984331726002099,0.0009843317457181172,0.004756450653,7.655112366343721e-07,8.164604277380721e-08,1.224866088324541e-07,4.9975827142517905e-09,1.5296279954350553e-09,2.1406330703728693e-10,20.0,5.00484656267249e-07,-2.442995733333292e-07,0.0008722744473084805,0.0008722744815192042,0.005244255066,3.3223670627929766e-07,1.489982014345942e-07,9.486971968662123e-08,1.7679442860883506e-07,1.855955066699858e-09,2.0599510293454178e-11,20.0,2.046643560150378e-07,-1.5481312766666446e-07,0.001065394834915207,0.0010653948461631984,0.0042870044699999995,1.007576680714075e-06,7.931556418375524e-08,3.857982428498534e-08,6.2498792886355485e-09,4.989941696426322e-10,1.476105364858708e-10,20.0,6.708220190483667e-07,-0.46778449849737497,-0.29824666207669726,-0.2910626751454126,139193,145193,4.5057137866666836e-07,0.0009785356218255305,0.0009785357255593916,0.004795074462999999,7.660838830373464e-07,9.639743477940799e-08,8.222326172315196e-08,4.8970712275707515e-09,1.3850338436531169e-09,1.7939071849804147e-10,20.0,5.009002178813382e-07,-9.624163099999684e-08,0.0008615868056072143,0.0008615868109824425,0.005217552185,3.346446690140494e-07,1.3397832447670243e-07,1.0608660320601986e-07,1.559273020758773e-07,2.2451167024119825e-09,1.6177221648222802e-11,20.0,2.062095458404785e-07,-9.747345750000501e-08,0.0010554857955905378,0.0010554858000913444,0.004157543183,9.903488241984257e-07,8.377164529155807e-08,3.698934496973961e-08,4.267634866493123e-09,5.118556228920024e-10,1.7029833540018153e-10,20.0,6.589108133933371e-07,-0.4622198527687083,-0.3138606209062544,-0.31273471565518857,208790,214790,8.463860083333188e-08,0.000987893339081635,0.0009878933427073771,0.004653930665,7.647516862721149e-07,6.45487960336625e-08,1.3083533102611175e-07,4.9926156577252196e-09,1.5089056140995576e-09,1.7931587326748643e-10,20.0,5.001049235601332e-07,7.510181666663697e-09,0.0008706488245088161,0.0008706488245412072,0.005251646041999999,3.445668872661856e-07,1.333094356017447e-07,1.0253633439533636e-07,1.711740648621059e-07,2.0959181906949413e-09,1.9145612036650593e-11,20.0,2.0988726897342381e-07,2.3257732466667088e-07,0.0010587979470243394,0.0010587979725685008,0.004651069641,9.963165657740203e-07,6.543742783543693e-08,5.135605471621137e-08,4.045936510278275e-09,4.934699239700416e-10,1.666980679884197e-10,20.0,6.639303390391215e-07,-0.45867440054675607,-0.2712066457073975,-0.325147491128083,278387,284387
trimMA342_1200rpm_A__DW_01,284390,-3.4455458666667164e-07,0.0009783933797848502,0.0009783934404546492,0.004834651947,7.444081093171897e-07,7.955770186900926e-08,1.274317044640514e-07,4.596002637390466e-09,1.5570981296360268e-09,1.9715326460778472e-10,20.0,4.848225465812774e-07,6.652275688333389e-07,0.0008387741254678788,0.0008387743892621682,0.0052158832549999996,3.0289081439834575e-07,1.2805307600028026e-07,1.0212836255471189e-07,1.651024697090649e-07,1.6443593807724763e-09,1.571245561404064e-11,20.0,1.8282855689855874e-07,-7.597604933333331e-08,0.001054835202259632,0.0010548352049957752,0.0045599937440000005,9.979484814062525e-07,6.201583284014428e-08,4.387283624439775e-08,4.1407037424677756e-09,5.031188998972967e-10,1.817507513129064e-10,20.0,6.651805537630655e-07,-0.4129364768686784,-0.3184173539166653,-0.31586295048706864,0,6000,-6.108283983333347e-07,0.0009727637802123175,0.0009727639719912997,0.0048708915709999995,7.625285003878089e-07,6.874686828070452e-08,9.3612568814903e-08,4.182147095440019e-09,1.5815094843993086e-09,1.9115450915902048e-10,20.0,4.959483544413576e-07,-8.36054559999952e-08,0.000855264584539959,0.000855264588626339,0.005691289901,3.0149742342311907e-07,1.5655083406798452e-07,1.1077301711440169e-07,1.7262690549454376e-07,2.0771696668272157e-09,1.8747503682460052e-11,20.0,1.809460896808302e-07,2.0718573849999067e-07,0.0010528774180411488,0.0010528774384262047,0.004407167434,9.646675304660833e-07,9.767598760260982e-08,4.815373795870133e-08,3.9934817014886516e-09,5.280134110443479e-10,1.560743275452148e-10,20.0,6.424462338525833e-07,-0.4681337173810347,-0.3135435593359075,-0.3043667268347367,69597,75597,-7.587671248333352e-07,0.0009819488143342364,0.0009819491074897733,0.004661798477,7.784899283179271e-07,8.978646060543576e-08,9.127922420161176e-08,4.470635866379185e-09,1.4714278053566631e-09,1.7876783905730104e-10,20.0,5.109567825311798e-07,-3.4260749083333057e-07,0.000861983429609647,0.0008619834976967377,0.005566120148,3.137188411610715e-07,1.2767796724461713e-07,1.0515036453971899e-07,1.9736757663151446e-07,2.055532211431647e-09,2.2926937123185454e-11,20.0,1.9342006016772e-07,7.438660033333606e-08,0.0010512534904034308,0.0010512534930352253,0.004327058792,9.712663311687754e-07,8.981443109750747e-08,3.105644517759293e-08,3.50166255476747e-09,4.967081256944524e-10,1.5862483922128477e-10,20.0,6.474826804680032e-07,-0.46247428416859876,-0.28176195029884227,-0.2660984830110458,139195,145195,-5.130767846666673e-07,0.0009758246206881063,0.0009758247555728812,0.005189657211,7.656682989445133e-07,8.200651154351497e-08,8.826525020340863e-08,4.741552519574321e-09,1.4488140867586668e-09,1.8105820181706038e-10,20.0,4.983921837048726e-07,-3.08513638833335e-07,0.0008605474807587383,0.0008605475360611269,0.005522489548,3.4305863894468456e-07,1.2404106214988436e-07,1.0829580920888557e-07,1.6164362698777137e-07,2.212763404372814e-09,1.962725018188905e-11,20.0,2.1040628792888796e-07,6.360212915e-07,0.0010555168395992524,0.0010555170312224606,0.004609107972000001,1.0093077204022397e-06,6.558998989178031e-08,3.118620065380879e-08,4.218105196982793e-09,4.624791462502934e-10,1.479040749945711e-10,20.0,6.71537857521232e-07,-0.47078214990460193,-0.26658650579563103,-0.31314027278438056,208792,214792,-1.1607010499999302e-07,0.0009722014519199797,0.0009722014588487234,0.004749536513999999,7.344898414614332e-07,9.930576197026832e-08,1.087842221756802e-07,4.817572599797109e-09,1.4218764507644104e-09,1.7822455414687074e-10,20.0,4.787120889679205e-07,-7.716815050000728e-08,0.0008702782048794237,0.0008702782083006994,0.00547003746,3.2736777552879497e-07,1.446655455366133e-07,1.0060270437559208e-07,1.7646753141504568e-07,2.244304861921405e-09,1.7773854591873758e-11,20.0,2.0063752590169275e-07,-3.177722281666612e-07,0.001058334836525127,0.0010583348842317613,0.004672288894,1.0095215290853776e-06,6.649953798180511e-08,3.913551071373093e-08,3.855673058582222e-09,5.4652200813566e-10,1.361388786561505e-10,20.0,6.718899113400095e-07,-0.4577583485523177,-0.27688599599206554,-0.302607409281777,278390,284390
trimMA342_1200rpm_A__DW_02,284387,3.153483021666713e-07,0.0009790159158866295,0.000979015966674644,0.004915475846,7.728998691294987e-07,7.905894280337231e-08,8.179062411297517e-08,4.515612074369791e-09,1.391552930574837e-09,1.7021221645891e-10,20.0,5.042279693315541e-07,2.523263301666666e-07,0.0008668196402790579,0.000866819677004446,0.005273580551,3.40146613915157e-07,1.2230933444542253e-07,1.0433054842811264e-07,1.7505236143765246e-07,1.884259710481509e-09,2.0868190343452525e-11,20.0,2.070039446042529e-07,-2.5236606116667166e-07,0.001034432562205525,0.0010344325929898554,0.004094839096,9.571774232222408e-07,7.267625732688853e-08,3.1065727383009536e-08,4.33667815536898e-09,4.883195811434095e-10,1.7520478656542082e-10,20.0,6.3768542937604e-07,-0.46047381731643483,-0.2889829064699506,-0.2992720793047413,0,6000,-1.2540817233332747e-07,0.0010002292069214466,0.0010002292147832496,0.0050692558290000005,7.635004839468101e-07,6.997753898349267e-08,1.51888725251186e-07,4.5767569730307535e-09,1.519123048411672e-09,1.5537761298127893e-10,20.0,4.971838539264374e-07,7.438262256666738e-07,0.0008623137878967405,0.000862314108706496,0.004885911942,3.21142338344947e-07,1.258893093272142e-07,1.1232024006733071e-07,1.725630655404324e-07,2.1325007485071918e-09,1.8990265201889315e-11,20.0,1.9547594063270676e-07,-7.188320166666081e-08,0.0010655849592476243,0.0010655849616722055,0.0043275356300000005,1.0115249968046197e-06,8.051451736738254e-08,3.837111027117669e-08,3.77436098777345e-09,5.489679150819004e-10,1.8094147496279448e-10,20.0,6.730336876888887e-07,-0.4393452073893396,-0.2756798932693369,-0.32613202818263826,69596,75596,2.427895884999966e-07,0.0009743442952830482,0.0009743443255325111,0.0045363903050000005,7.439181551085712e-07,8.559918498886637e-08,1.0456187049075297e-07,4.788319172719103e-09,1.6408546231671696e-09,1.974335815974901e-10,20.0,4.876775005846168e-07,2.452929874999981e-07,0.0008556473787030276,0.0008556474138627499,0.0052132606509999995,3.068815148291515e-07,1.3056697310944596e-07,1.0058413357284404e-07,1.8579508499279124e-07,1.8920208220407586e-09,2.286165095750958e-11,20.0,1.8822181311579296e-07,1.583099346666635e-07,0.001042449374688224,0.0010424493867089686,0.004412651062,9.929490284545298e-07,5.9189528075805814e-08,2.909577545438447e-08,4.377676560790538e-09,5.984458341720613e-10,1.7766324199458632e-10,20.0,6.610918572515436e-07,-0.4370279455722755,-0.2855142411997916,-0.2929551221379438,139193,145193,6.089607861666628e-07,0.0009627266876738498,0.0009627268802691143,0.004832744599000001,7.628334236456545e-07,7.611384039457989e-08,8.994827803209623e-08,4.694705632547862e-09,1.527696833802042e-09,1.479066615290545e-10,20.0,4.964962281334792e-07,-7.681051616666389e-08,0.0008638257299713742,0.0008638257333863313,0.0052285194390000005,3.20850856531e-07,1.2962531441140702e-07,1.1457931470402745e-07,1.8772927327100794e-07,2.1011347489672952e-09,2.1118075647680876e-11,20.0,1.9243637767715372e-07,2.678234516666674e-08,0.0010460853167138392,0.001046085317056686,0.004686117171999999,9.781724707089722e-07,6.742686657665634e-08,3.4782579795220745e-08,4.4593935621263836e-09,5.706835459988463e-10,1.5825899074630218e-10,20.0,6.516120933360734e-07,-0.45111995182884157,-0.2921732564465544,-0.31155057818304427,208790,214790,-2.2272269216667048e-07,0.0009821688818277706,0.000982168907080758,0.004996061325,7.703334233952431e-07,8.458834792601928e-08,1.1814625187518459e-07,4.706035362392926e-09,1.2549455212888586e-09,1.522028305751671e-10,20.0,5.031469814527582e-07,1.5540918016666475e-07,0.0008600033119760517,0.0008600033260178658,0.0054147243500000004,3.1530897706843e-07,1.331370472598946e-07,1.1770149488181876e-07,1.7820336313421223e-07,1.9566104983186777e-09,1.7733856011828983e-11,20.0,1.9327211460988985e-07,3.076394421666721e-07,0.001045991779137559,0.001045991824377888,0.004264831543,9.805050433542558e-07,7.040301183730427e-08,3.627641979882603e-08,4.5790058642107696e-09,5.068470287672206e-10,1.6299594197160238e-10,20.0,6.530308268181438e-07,-0.4348626888104938,-0.2852902358535882,-0.28306133431639313,278387,284387
trimMA342_1200rpm_A__DW_03,284387,-1.3860066516666627e-07,0.0009769552958224022,0.0009769553056540416,0.005330324173000001,7.424424015906071e-07,7.713430213376752e-08,1.1499193460184162e-07,4.229159079813091e-09,1.5640047478714983e-09,1.9395720263850932e-10,20.0,4.867856179884916e-07,-5.969206508333279e-07,0.0008880444775567803,0.0008880446781741098,0.00560426712,3.375001403800337e-07,1.3248983206975572e-07,1.0914813735953249e-07,2.0477495386027927e-07,2.366080991634492e-09,2.220718135796291e-11,20.0,2.0725893165913137e-07,3.275076541666769e-07,0.0010539301451114324,0.0010539301959977562,0.004415988922,1.0135380653404442e-06,6.140772798058256e-08,2.7058281358499988e-08,3.9636635404618286e-09,5.914533362901972e-10,1.8947367155896277e-10,20.0,6.750209706859395e-07,-0.43721388839040654,-0.282987025915709,-0.31305242438728825,0,6000,2.5157133400000957e-07,0.0009631606009225431,0.0009631606337769472,0.004991531372000001,7.458163822934852e-07,7.320702286887294e-08,9.917343352904779e-08,4.649238274106735e-09,1.4265849107272454e-09,1.8553184573678588e-10,20.0,4.866794439184093e-07,8.122126550000445e-08,0.0008680789748422258,0.0008680789786419341,0.005216836928999999,3.125879111147411e-07,1.2770169234393927e-07,1.1632632577843669e-07,1.8834081729137068e-07,2.127240840194689e-09,1.8018838197276948e-11,20.0,1.9187061540423792e-07,-1.3307729933333816e-07,0.0010495047337636706,0.0010495047422007778,0.004673480988,9.980162988208362e-07,6.242996587036613e-08,2.9734804633769144e-08,3.765496277614603e-09,5.288994574254932e-10,1.8569783275024918e-10,20.0,6.649180444671364e-07,-0.4398784424832041,-0.30844942962579935,-0.2967622438633877,69596,75596,-5.2849451333331884e-08,0.0009646996079528214,0.0009646996094004556,0.0047402381890000005,7.650448300557713e-07,6.920909386369888e-08,1.0136288078629159e-07,4.981835549310228e-09,1.4747768590751414e-09,1.9251998150413573e-10,20.0,4.985496879529128e-07,-5.717674843333338e-07,0.0008650112759797972,0.000865011464947288,0.005155324936,3.215404073466696e-07,1.4179580400147708e-07,1.0852390932629075e-07,1.781130728404774e-07,2.0803476447231024e-09,2.3993652204524937e-11,20.0,1.9488930821145412e-07,-6.711482700000095e-08,0.001034865431069351,0.0010348654332456727,0.004370927811,9.698747977895408e-07,6.053313249499387e-08,3.5467575397183514e-08,5.233933893435375e-09,6.043311954609109e-10,1.8675320298850216e-10,20.0,6.461870100935327e-07,-0.4702705744834993,-0.306799914981074,-0.2917139904033602,139193,145193,-3.7654241033332977e-07,0.0009797966820995151,0.0009797967544533943,0.004953145981,7.728619976286921e-07,8.2567216970093e-08,8.2600499488281e-08,4.237254868902547e-09,1.5768969223455692e-09,1.9497921385449883e-10,20.0,5.038589731578786e-07,-2.5550523916666816e-07,0.000851783656117447,0.000851783694438754,0.005232572555,3.107714224680543e-07,1.1695473610700371e-07,1.0623763884638643e-07,1.8443768064017636e-07,2.4553374810764232e-09,2.381983280323801e-11,20.0,1.8517810461580198e-07,1.3868016500009905e-08,0.0010433222351688737,0.0010433222352610417,0.004332304001,9.789748913865078e-07,7.664423905126328e-08,2.7769255287487476e-08,3.3241468245219134e-09,5.242418190945107e-10,1.735691412427313e-10,20.0,6.516641654870638e-07,-0.43529616573866087,-0.2799998019684699,-0.28749152758143925,208790,214790,4.3352437999994465e-08,0.0009559311013511531,0.0009559311023341915,0.00474858284,7.53297892733773e-07,7.26496073867037e-08,9.044795081445801e-08,4.2852447343579355e-09,1.4785415157449353e-09,2.1422021655351843e-10,20.0,4.936506100178287e-07,1.4209747649999877e-07,0.0008667079710512119,0.0008667079826997101,0.005808830261,3.033424771848146e-07,1.4317058200739348e-07,1.1428858056841093e-07,1.9844183211953903e-07,2.1585384764723387e-09,2.3270098159322084e-11,20.0,1.8690654922623114e-07,-3.983974485000074e-07,0.0010645687115818452,0.0010645687861287106,0.004171133042,1.0197201257016954e-06,7.695937028375107e-08,2.9150568433881347e-08,4.8461689410792435e-09,5.156896954596755e-10,1.6608524788657815e-10,20.0,6.790368958506839e-07,-0.44600054325425326,-0.2902983592752004,-0.2828252075160776,278387,284387
trimMA342_1200rpm_A__DW_04,284387,-2.62618062000005e-07,0.0009826472848562904,0.000982647319949373,0.005017518998,7.649394203542503e-07,8.581339244748664e-08,1.1026515942320084e-07,4.014190173173861e-09,1.5224857976486147e-09,1.7505318180175698e-10,20.0,4.988356924227692e-07,-2.1656350666670577e-08,0.0008620822987896724,0.0008620822990616868,0.0051493644709999994,3.118030435278886e-07,1.3656148207069115e-07,1.2131093847295875e-07,1.6953900093157522e-07,2.2525855661595752e-09,2.0396643078911647e-11,20.0,1.8819278760314687e-07,-4.0705997783332945e-07,0.0010389088085646131,0.0010389088883106974,0.004710197449,9.67845586570611e-07,6.04477389149805e-08,3.8043015139997645e-08,6.020540058580543e-09,6.188607122246387e-10,1.5707845036301016e-10,20.0,6.451628137514824e-07,-0.4349774954999455,-0.2826214180358425,-0.29397641326723384,0,6000,-4.5458476333339045e-08,0.0009685691799068461,0.0009685691809736119,0.004723072052,7.611074486929169e-07,7.634830867677968e-08,8.21190279671322e-08,4.723471302812583e-09,1.3986554786358823e-09,1.8395586814770235e-10,20.0,4.990387884882215e-07,2.810160355000028e-07,0.0008806492973611401,0.0008806493421973823,0.005355596541999999,3.33662199871096e-07,1.291055408334292e-07,1.148237849744698e-07,1.888574519175185e-07,2.255165482331497e-09,2.2929826083047966e-11,20.0,2.0102600137007033e-07,1.9399324866666592e-07,0.0010404598020947254,0.001040459820179701,0.004595518113,9.83610779563272e-07,6.677517809239455e-08,2.4292974794686274e-08,4.458711460815652e-09,5.612791064178473e-10,1.8376748389657016e-10,20.0,6.554885835603035e-07,-0.4601312804879008,-0.2592686831056055,-0.2895555530430462,69596,75596,-2.0047028899999816e-07,0.0009697080394354768,0.0009697080601573512,0.005136728287,7.525389259451093e-07,7.94047393015058e-08,1.1334302071484315e-07,4.101071846898253e-09,1.4961437722585257e-09,1.997645371112485e-10,20.0,4.913120583327847e-07,2.7116139300000156e-07,0.0008684503213475837,0.0008684503636807474,0.005144357681,3.2050572868843997e-07,1.2400949152361368e-07,1.1245829085625765e-07,1.907331480319043e-07,1.978807977938344e-09,1.8770161771397468e-11,20.0,2.0139957613037713e-07,-3.205537803333292e-07,0.001060773496998128,0.0010607735454319946,0.004459381102999999,1.0121697612563722e-06,7.430704465457558e-08,3.2090230864103856e-08,4.9215479168849955e-09,5.16696631925416e-10,1.5651848286039216e-10,20.0,6.738800167446108e-07,-0.4565147073240736,-0.28020298955025996,-0.28912008474634576,139193,145193,-8.14716025000001e-07,0.0009549742530239728,0.0009549746005527562,0.004718780517,7.364148099727965e-07,6.179351622416568e-08,9.878209832326146e-08,4.742724924921962e-09,1.7268569736831262e-09,2.2616983725991267e-10,20.0,4.797758207683068e-07,-2.8904279083332945e-07,0.0008689144198913844,0.0008689144679661605,0.006031274796,2.9568997899185737e-07,1.403786556286073e-07,1.2614851238341206e-07,1.8520790564829588e-07,2.153882152129368e-09,2.505177297129603e-11,20.0,1.787928390756236e-07,-1.180966688333294e-07,0.0010632712273809042,0.0010632712339393546,0.004302024841,9.810055849294594e-07,9.957527101714782e-08,3.965359998431456e-08,5.9950990615262236e-09,6.2541163294719e-10,2.3709008947594835e-10,20.0,6.532089117555187e-07,-0.4360818888956894,-0.2936200506052159,-0.312635512630124,208790,214790,2.6822096333331778e-08,0.000977908096378115,0.0009779080967459535,0.005157470703,7.600511624314979e-07,8.346256852716561e-08,8.739462803211565e-08,4.744616664604242e-09,1.4553633311743884e-09,2.1664638795650998e-10,20.0,4.953728870887944e-07,-3.6748250300000273e-07,0.0008661109952993398,0.0008661110732589689,0.005275726318,2.952478570815483e-07,1.2586315135234235e-07,1.1686764891323841e-07,2.0412448649426265e-07,1.9577527193087383e-09,2.1654980731177804e-11,20.0,1.7962314014431864e-07,-2.961953521666792e-07,0.0010368551693578536,0.0010368552116644784,0.004375457764,9.710626249879412e-07,6.083186277362174e-08,3.466976141203615e-08,5.110873012669361e-09,5.251494951372086e-10,1.6184687862530285e-10,20.0,6.467696277057299e-07,-0.396799214935846,-0.30145014248099894,-0.2959536559819132,278387,284387
trimMA342_1200rpm_A__DW_05,284387,-3.199179935000004e-07,0.0009715308671774086,0.0009715309198507323,0.004812002182,7.695500349465968e-07,8.447464252724981e-08,9.100092779987235e-08,4.575972299297686e-09,1.5099072710855859e-09,1.9471274959591373e-10,20.0,5.060312273168965e-07,5.946556750000033e-07,0.0008636518342582481,0.0008636520389792455,0.005374670028,3.0886099017714166e-07,1.2678486080539704e-07,1.1093447178734568e-07,1.993649818788512e-07,2.0869263328716302e-09,2.157704530405847e-11,20.0,1.8832965281282041e-07,-5.178451601666606e-07,0.001044709026771992,0.0010447091551156677,0.004384994507000001,9.898773531916505e-07,6.499834055795922e-08,2.6787893143966455e-08,4.843624757485886e-09,5.394711957707425e-10,1.809367148129492e-10,20.0,6.594830940547695e-07,-0.4564983371162035,-0.2668870725472796,-0.2902985179681751,0,6000,-1.1078516883333718e-07,0.0009769306821524072,0.000976930688433996,0.005090475083,7.63964136879733e-07,8.905110128110172e-08,9.72981250891395e-08,4.390829625286741e-09,1.3439918334227467e-09,1.7482639372374104e-10,20.0,5.003686449903872e-07,1.9470874999983946e-09,0.0008772834507929534,0.0008772834507951141,0.0053408145899999995,3.2873415473492177e-07,1.234483074868664e-07,1.0957667078309555e-07,1.9482219641102008e-07,2.4459257129864688e-09,2.367536422334465e-11,20.0,2.0253066811166662e-07,-6.018082320000059e-07,0.001055964946805836,0.0010559651182950125,0.004314661026,1.0112759933826327e-06,6.618275129506577e-08,2.78123142195598e-08,5.186218625781506e-09,4.965223623488881e-10,1.6858307350115736e-10,20.0,6.744715388970316e-07,-0.43756634825687635,-0.2791556318569263,-0.28595135531130816,69596,75596,-8.63234195833332e-07,0.00096443206414175,0.0009644324504691832,0.004810094833,7.69065833058972e-07,8.126888772285213e-08,8.197104346075151e-08,4.822046710913656e-09,1.5709626622545074e-09,2.1515314510873755e-10,20.0,5.003525581368756e-07,2.2808710833330018e-08,0.0008469412525404674,0.0008469412528475946,0.005291461945,2.909524302226441e-07,1.2321033774436324e-07,1.1754406847684005e-07,1.8537044233496295e-07,2.0530250388018687e-09,2.324418772129919e-11,20.0,1.7456335582047038e-07,3.2210350033332985e-07,0.0010571122971453544,0.0010571123462180321,0.004648208618,9.8722253156662e-07,8.49667744941166e-08,3.4620190258439e-08,4.967697182966636e-09,5.666558103044307e-10,2.032412789675091e-10,20.0,6.568248725799874e-07,-0.44389268921299185,-0.30946167864486374,-0.2828333791899838,139193,145193,1.680851046666707e-07,0.0009803464487938803,0.000980346463203379,0.00480222702,7.745371509071988e-07,6.02760473208227e-08,9.612941940753823e-08,5.406733114312883e-09,1.5249470587950079e-09,1.8488070518598466e-10,20.0,5.065671844309208e-07,-4.1246414783333074e-07,0.000875000551279372,0.0008750006484945471,0.0052621364600000005,3.009094218714105e-07,1.255035843862504e-07,1.1366206809353998e-07,2.2264390346982494e-07,2.052613986246999e-09,2.0217371558051035e-11,20.0,1.8383319065688586e-07,4.655122683333302e-07,0.0010397697811044373,0.0010397698853109958,0.0044014453880000005,9.696805157318506e-07,6.521630717539213e-08,3.8639216022629e-08,4.129873747793128e-09,6.418113592811711e-10,2.237181428612234e-10,20.0,6.457432211458511e-07,-0.44237170752585536,-0.2966203243440378,-0.2851795942225152,208790,214790,-3.0914942150000085e-07,0.0009747767611105,0.0009747768101337054,0.004994630813,7.712872895753327e-07,8.58116086834752e-08,1.0240606151197518e-07,4.853863468879208e-09,1.7095845556670706e-09,1.6457557081028799e-10,20.0,5.037598501460204e-07,-1.9971529733333637e-07,0.0008747415408500046,0.000874741563648853,0.0052895545959999995,3.19972507027196e-07,1.2266692243986218e-07,1.1551554273270787e-07,2.0650084710296499e-07,2.0597654932707584e-09,2.542477950306406e-11,20.0,1.936093772457181e-07,5.719264356666687e-07,0.0010452156647759588,0.0010452158212507583,0.004655838013,9.86908786289491e-07,5.978877118977795e-08,3.996136629855262e-08,4.743634757373582e-09,5.977012150594285e-10,2.1176897231951592e-10,20.0,6.570437083222431e-07,-0.4502505994519751,-0.2688512996090316,-0.28932978525537295,278387,284387
trimMA342_1200rpm_A__DW_06,284387,-5.465348538333341e-07,0.0009685933724009371,0.0009685935265937755,0.005108356475,7.535126801643819e-07,7.890637208588924e-08,9.62636786630822e-08,4.868238978573234e-09,1.5892940194263028e-09,1.917087407330416e-10,20.0,4.92264741769563e-07,-9.638865824999974e-07,0.0008610329914645502,0.0008610335309775897,0.005349397659,3.003710242969518e-07,1.1782816844154535e-07,1.2435079420147792e-07,1.9053071405436765e-07,2.1424530091806298e-09,2.2473253637290994e-11,20.0,1.849913519181616e-07,1.777410486666706e-07,0.0010507749709429436,0.001050774985975601,0.0045323371890000005,1.0076193737809347e-06,5.905608421836378e-08,3.4064708786766845e-08,4.461894512730058e-09,5.391196903410697e-10,1.761226571859858e-10,20.0,6.714943746346109e-07,-0.44135871211819255,-0.2825291381910393,-0.28296293496541547,0,6000,6.278355946666645e-07,0.0009619197479447012,0.0009619199528357499,0.004745721817,7.526155587999516e-07,8.74754079005716e-08,7.131498947782819e-08,4.438674113964611e-09,1.5100417782967296e-09,1.6872605667241297e-10,20.0,4.92209772690996e-07,1.7106532850000416e-07,0.0008733495068671076,0.0008733495236206215,0.0054430961609999995,3.069735391389775e-07,1.3483654179150079e-07,1.0610095827445551e-07,2.0447418486472825e-07,2.2098738051186366e-09,2.5530931217511775e-11,20.0,1.857040207531703e-07,1.4217694916666622e-07,0.0010408260659352621,0.0010408260756459551,0.004236459732,9.83494956123789e-07,6.696018461650429e-08,2.655079565020711e-08,5.421246640157931e-09,5.744743088252916e-10,1.6769148943155645e-10,20.0,6.552197219661754e-07,-0.42585493903379207,-0.29596097891447704,-0.28410395520576975,69596,75596,-4.7651926916667324e-07,0.0009801243426678713,0.000980124458505521,0.00548362732,7.674307568842761e-07,1.1011099388988416e-07,9.82142452691167e-08,4.579858210598531e-09,1.5839179711253373e-09,1.5359925990882516e-10,20.0,5.025304582476395e-07,-2.2530555950000507e-07,0.0008749602868793134,0.0008749603158878268,0.0055472850800000004,3.0484140864495677e-07,1.316389046718968e-07,1.1572173363661009e-07,2.009540530752398e-07,2.365392191556805e-09,2.345021851537662e-11,20.0,1.8585081071562816e-07,5.547205699999123e-08,0.0010394265039672741,0.0010394265054474892,0.004169464111,9.685541174135673e-07,8.136053277312925e-08,2.2620185031941003e-08,5.132914407020958e-09,6.533271115530988e-10,1.6962941028310396e-10,20.0,6.452182186520111e-07,-0.43512252961874265,-0.2812611144945837,-0.29513514753078385,139193,145193,6.326040183332951e-08,0.0009884929860659213,0.0009884929880901534,0.004982948303,7.579980218633185e-07,9.544711804374581e-08,1.12091640371044e-07,5.424154057541745e-09,1.7565801496376163e-09,2.127145063471249e-10,20.0,4.934613641805265e-07,-4.1210651666666783e-07,0.0008830218000197554,0.0008830218961848623,0.005360841751,3.001248585139707e-07,1.4657006789944287e-07,1.220721568480201e-07,1.992878184473736e-07,2.3367136977409816e-09,2.1526017928838583e-11,20.0,1.7703372363927977e-07,6.941954416667234e-08,0.0010568776531007088,0.0010568776553805722,0.004541635513000001,9.945316422714533e-07,7.876499843552876e-08,3.4362958728075046e-08,4.704638640059433e-09,6.244244475829362e-10,1.8157617991373525e-10,20.0,6.619934574031979e-07,-0.37606577683949205,-0.28012398538958005,-0.32310081003263497,208790,214790,-4.4890245366665967e-07,0.0009625215665460358,0.0009625216712259771,0.004989862442,7.494881101043559e-07,8.203119703085449e-08,7.550557535941119e-08,4.967215145113333e-09,1.602717023219447e-09,1.951193683520461e-10,20.0,4.894864928486388e-07,-2.0186106849999785e-07,0.0008521501886058463,0.0008521502125147128,0.005518436432,3.0044761725070376e-07,1.146163906751335e-07,1.2307681027215895e-07,1.7759937658719084e-07,2.1079038086690146e-09,2.6062162851848853e-11,20.0,1.834740220349882e-07,3.112554566666685e-07,0.0010451998806074471,0.001045199926952629,0.004612922669,9.8984226523412e-07,6.143850356223131e-08,3.958506491656366e-08,4.288360479156833e-09,6.233122204005644e-10,1.6745093866533103e-10,20.0,6.590899271364886e-07,-0.45143832072894347,-0.28599478929487593,-0.2864115977457548,278387,284387
trimMA342_1200rpm_A__DW_07,284387,-1.3682842211666668e-06,0.0009640960268164169,0.0009640969977781858,0.0049130916600000005,7.657703012527933e-07,8.586374758191751e-08,7.488260957286334e-08,5.683998713324179e-09,1.7586040636566964e-09,2.2863433028874476e-10,20.0,4.986824893301609e-07,-8.220672604999973e-07,0.0008716798357182333,0.0008716802233573657,0.005295038223000001,2.98801189133637e-07,1.3345101771711506e-07,1.2606204794587446e-07,1.940139109390765e-07,2.1448861120288878e-09,2.2620087044320034e-11,20.0,1.8143444014276342e-07,1.2926259400000232e-07,0.0010351316518781076,0.0010351316599489738,0.004764080048,9.65735605624018e-07,6.619293069477782e-08,2.8312050260216864e-08,5.482957483293298e-09,5.996837293973642e-10,1.8011856917759823e-10,20.0,6.436795617250365e-07,-0.43668096653342425,-0.29793327706977235,-0.28263510078679716,0,6000,4.576444631666625e-07,0.000993414186644628,0.000993414292058083,0.004804372786999999,7.739988035861987e-07,5.7247635282133986e-08,1.3988412490762742e-07,4.401490953387158e-09,1.5540827292706466e-09,1.8269480647578722e-10,20.0,5.04969053349943e-07,1.3442834199999496e-07,0.000861374096712526,0.0008613741072021489,0.005118370056,3.0076453138100063e-07,1.1640057738381784e-07,1.1420668134346541e-07,2.0443401015719206e-07,2.4355651196998673e-09,2.6799138277211705e-11,20.0,1.7947846560531003e-07,-1.0331472133332543e-07,0.0010513296549281225,0.0010513296600045186,0.004185199737,9.70776520934089e-07,8.807363600479495e-08,4.311971951339153e-08,4.126212502400595e-09,6.129993107189094e-10,1.994070919063468e-10,20.0,6.461065194099963e-07,-0.452158234553458,-0.2883662012796403,-0.27927909582868177,69596,75596,4.693269718333328e-07,0.0009871150296628785,0.0009871151412343708,0.005287408829,7.558094191748314e-07,1.1398049061043605e-07,1.1282170331671548e-07,5.0369912906238825e-09,1.554540760635562e-09,1.8675267308519768e-10,20.0,4.963686281017072e-07,-1.8179416883333232e-07,0.0008742408737620877,0.0008742408926636974,0.005321025848,3.227977404235185e-07,1.2670671829264007e-07,1.1515650862695602e-07,2.074207957495955e-07,2.2391554433823174e-09,2.2356332771781105e-11,20.0,1.9863823572581056e-07,-1.7813841666666427e-07,0.0010603845975639037,0.0010603846125270102,0.00452041626,1.0035679145688827e-06,7.493806112186341e-08,3.5083184358648e-08,5.692169269934936e-09,5.844232762831415e-10,1.849775670976129e-10,20.0,6.684866434580789e-07,-0.43396950866006456,-0.2711934134806657,-0.28881279654674347,139193,145193,-4.5887629249999226e-07,0.0009722169321056984,0.0009722170403981139,0.0052552223209999995,7.471764331409642e-07,8.46482083148469e-08,1.0432275591260399e-07,5.125897961001433e-09,1.7359492324487822e-09,1.960226733046175e-10,20.0,4.859668379133814e-07,-2.4044513616666474e-07,0.0008572006231443624,0.0008572006568668426,0.004736661911,3.11514727037384e-07,1.2801451474062047e-07,1.0571458372344114e-07,1.9149734066299275e-07,2.1685030570282313e-09,2.330098870372217e-11,20.0,1.905682222616638e-07,4.3431917799999796e-07,0.0010438819322484984,0.0010438820226002586,0.00470161438,9.79963290553989e-07,6.159610629981772e-08,3.477408068934007e-08,4.4206912250083925e-09,6.65368182924102e-10,2.0357344675581802e-10,20.0,6.528197407117203e-07,-0.4626605613484081,-0.2734295822482592,-0.28734544822119273,208790,214790,1.6129811613333363e-06,0.0009684361801492431,0.0009684375234005981,0.0051805973049999995,7.424096065036836e-07,7.18734253192856e-08,1.1382647684094192e-07,4.204160705217252e-09,1.9114560925421457e-09,2.4574070626756445e-10,20.0,4.867867840245614e-07,7.430712433333502e-08,0.0008736577863446546,0.0008736577895046726,0.00540471077,3.1799747369317545e-07,1.3760025805585507e-07,1.1687219322859482e-07,1.8220941057802187e-07,2.4830791434275895e-09,2.3301715838156282e-11,20.0,1.9456497119084266e-07,-3.959337845000054e-07,0.0010377457602171996,0.0010377458357480097,0.004672288893999999,9.714201800714024e-07,6.11837395753789e-08,3.702420478495348e-08,4.818334479201615e-09,6.74649292892585e-10,2.1978457527843742e-10,20.0,6.464112055625724e-07,-0.45059735940011136,-0.2919617988895825,-0.2877944602633965,278387,284387
trimMA342_1200rpm_A__DW_08,284387,-1.883625983833333e-06,0.0009867760320505748,0.0009867778298463762,0.005054950714,7.719484399054132e-07,8.914512297995081e-08,1.1329171372947335e-07,4.930539466115336e-09,1.6063686556049308e-09,2.0352742821513702e-10,20.0,5.046271081584214e-07,7.56184271666673e-08,0.0008735805250641388,0.0008735805283369603,0.005475044251,3.174358365469681e-07,1.2497147415740322e-07,1.1709570478267887e-07,2.0344394573334844e-07,2.0908399385249363e-09,2.132987843623984e-11,20.0,1.9357265616651046e-07,3.188053826666664e-07,0.0010530583905541098,0.0010530584388120556,0.0043828487400000005,9.89523482116223e-07,6.799962950074612e-08,4.486672723120851e-08,4.614575700095473e-09,6.373153199103243e-10,2.0000700608732965e-10,20.0,6.596132595245752e-07,-0.450923891023321,-0.2850675688147452,-0.3015715846199722,0,6000,2.4123986499999195e-07,0.0009662482475324474,0.0009662482776472091,0.004931211471999999,7.572510538163755e-07,6.496286886016062e-08,9.416375363156783e-08,4.67909369060724e-09,1.6760459887713935e-09,1.967006157082065e-10,20.0,4.937946970471669e-07,-2.483526823333296e-07,0.0008809432987382846,0.0008809433337456759,0.005570411682,2.8425841387949553e-07,1.4015308127487056e-07,1.4313828811844843e-07,1.8830853144753477e-07,2.1506941260144057e-09,2.4584302900580858e-11,20.0,1.735598428758281e-07,4.688898729999999e-07,0.0010730341580717406,0.0010730342605184805,0.004699707031,1.016193742410007e-06,8.742421694810826e-08,3.830435033685777e-08,5.834900844845175e-09,6.440826693577292e-10,2.1210772322542488e-10,20.0,6.761793935786138e-07,-0.42738879589646017,-0.29524709108221103,-0.31523373415386474,69596,75596,4.589557400000328e-08,0.000981399142372872,0.0009813991434460354,0.004778861999,7.770399483232817e-07,7.53930508780278e-08,1.172862178732131e-07,5.000587142854057e-09,1.6239299539650261e-09,2.1635880615460798e-10,20.0,5.069412791512206e-07,-5.031426756666735e-07,0.000851905142757163,0.0008519052913373965,0.005684375763,2.866837696134034e-07,1.2539101890059142e-07,1.166475186942422e-07,2.1507810170934926e-07,2.2601639095771685e-09,2.4256144765860882e-11,20.0,1.7082795780708378e-07,4.663070036666587e-07,0.0010505631261503914,0.0010505632296387995,0.004419088364,9.807167443670058e-07,7.757695776709508e-08,3.884140527553568e-08,5.570684526749758e-09,6.593236178119706e-10,2.06653970955648e-10,20.0,6.529097429191966e-07,-0.432580004700181,-0.29470797231363616,-0.2737750203504984,139193,145193,6.858507808333309e-07,0.0010065355108195074,0.0010065357444879837,0.005430936813,8.04805647114714e-07,1.0354531759827327e-07,1.1114586329411902e-07,4.8378326457111625e-09,1.6247184706545097e-09,2.289056888257365e-10,20.0,5.256017780686128e-07,-5.336999858333377e-07,0.0008721252687144781,0.0008721254320142118,0.005160808563,2.924429284659915e-07,1.2465783992092622e-07,1.1938867109619786e-07,2.153434745089094e-07,2.140347126981982e-09,2.6995579389358733e-11,20.0,1.806937721486303e-07,5.165735666663266e-09,0.0010451328661548814,0.0010451328661676476,0.004244327545,9.63531941587905e-07,8.603265420466012e-08,3.394929379561574e-08,5.001796216290357e-09,6.853666115481064e-10,2.0658097842307244e-10,20.0,6.419296753084813e-07,-0.45632095296591174,-0.29375966330215136,-0.2619678254618876,208790,214790,-2.623399123333261e-07,0.000999948657097081,0.0009999486915099622,0.004887580872,7.872968166734967e-07,8.70369971411818e-08,1.2790499288538462e-07,4.401483303911136e-09,1.6408322098505296e-09,2.421963813346367e-10,20.0,5.159880375522616e-07,-5.75820601833328e-07,0.0008652763825349854,0.0008652765741323384,0.005259513855,3.1417829490994434e-07,1.201799290139272e-07,1.1222454432316814e-07,1.8879346280551038e-07,2.1425716490523485e-09,2.4717167796244335e-11,20.0,1.950769884716139e-07,2.914269804999923e-07,0.0010555524475689244,0.001055552487798893,0.004594802856,1.0172500374932098e-06,6.169977170192009e-08,3.0562299055277203e-08,5.157680308356524e-09,6.342842439933226e-10,2.0560023504106234e-10,20.0,6.762665951377302e-07,-0.4347346789756034,-0.27015832749823365,-0.27325181595884057,278387,284387
trimMA342_1200rpm_A__DW_09,284387,8.29656916833333e-07,0.000998386205318051,0.000998386550039601,0.004776000977000001,7.886231039671366e-07,6.818348229262177e-08,1.3242163149206752e-07,5.703262636099143e-09,1.6547552571733166e-09,1.9197988687110676e-10,20.0,5.146644856693619e-07,-5.578200041666687e-07,0.0008775487321754825,0.0008775489094665628,0.0058970451359999995,3.056659881444444e-07,1.327342481556344e-07,1.1048425918944068e-07,2.3245543784687852e-07,2.0631163803664876e-09,2.3656455158138148e-11,20.0,1.888488643740106e-07,3.60329939666664e-07,0.0010717054314221903,0.0010717054919974463,0.0046124458309999995,1.0313912318313474e-06,6.906434285394556e-08,4.1063955608003285e-08,5.051978983572225e-09,7.048021817500317e-10,1.9005678240097754e-10,20.0,6.865513962701079e-07,-0.45178700586122733,-0.2909896047581169,-0.2824889127154999,0,6000,1.200556748499992e-06,0.0009900944838294155,0.000990095211707411,0.004983663559,7.921975649122694e-07,8.533818492008026e-08,1.0158846881424589e-07,5.175779527052216e-09,1.843338061957361e-09,2.4563966179492173e-10,20.0,5.182404931615585e-07,-2.3555755933332931e-07,0.0008847472755535995,0.0008847473069113468,0.0053431987769999995,3.152729551642083e-07,1.3214677885651933e-07,1.1352473320625707e-07,2.0622440094819867e-07,1.9979282462409375e-09,2.7192659605591953e-11,20.0,1.9378929140860095e-07,1.998345016666758e-07,0.0010455687107406414,0.0010455687298373433,0.004380941391000001,9.922272654106849e-07,6.304064167216077e-08,3.4416221332204604e-08,4.75844932669908e-09,6.425596696882138e-10,2.4859594210681367e-10,20.0,6.614205489173991e-07,-0.4509216180841746,-0.31187455887425986,-0.2636305349003898,69596,75596,-1.6832351166667e-07,0.0009961397583216315,0.0009961397725429314,0.005470514297,7.954437979424556e-07,7.855288602893614e-08,1.0313499070887158e-07,4.440233360549382e-09,1.544085729207953e-09,1.8080979598866052e-10,20.0,5.217350674926922e-07,-1.8846988850000057e-07,0.0008815643597691324,0.000881564379915647,0.00562620163,3.156394282166156e-07,1.3956833681891854e-07,1.1484479347394041e-07,1.9548712516942767e-07,2.575120488521735e-09,2.297397758064008e-11,20.0,1.9149828503698362e-07,-8.145966499998579e-09,0.001059033869699782,0.0010590338697311107,0.004259824753,9.84595500737372e-07,8.023710667378384e-08,4.349388310917058e-08,5.0216778818275865e-09,6.290096464534165e-10,1.941932385909322e-10,20.0,6.558524071424907e-07,-0.44773403212263124,-0.27767049333561866,-0.2838546926149021,139193,145193,1.0177294436666551e-06,0.0010060817470991632,0.0010060822618550259,0.005480527876999999,7.991957029915507e-07,1.1165246541161792e-07,8.256154409317373e-08,5.5244434086830185e-09,1.5167246679590042e-09,1.8244006428423738e-10,20.0,5.245028567777151e-07,-6.5843263166665e-08,0.0008750252478446437,0.0008750252503219066,0.005605936051,3.1477733528081406e-07,1.1775710556573336e-07,1.2049815976089827e-07,2.0657518494532034e-07,2.1131152632900536e-09,2.929401638196929e-11,20.0,1.942161888050395e-07,1.7412503766666907e-07,0.0010673878402496693,0.0010673878544523458,0.004298210144,1.014564291403042e-06,7.67727735574349e-08,3.867119835727119e-08,5.170332284521784e-09,5.769639605657289e-10,1.7807339521233443e-10,20.0,6.761136102983414e-07,-0.4420770998751794,-0.27683817936780014,-0.27858339901255585,208790,214790,3.822644250000076e-08,0.0009830603558232958,0.0009830603565665161,0.005248308182,7.848670847128245e-07,9.830698332913354e-08,7.377218683070854e-08,4.742333511108199e-09,1.5845044311941092e-09,2.1961869630531767e-10,20.0,5.103669903574763e-07,-3.83933383000001e-07,0.0008766797230637239,0.0008766798071336709,0.005390167237,2.8867838080122516e-07,1.512806839524645e-07,1.098411080698311e-07,2.0820519820435883e-07,2.5929024095999575e-09,2.9448653176333933e-11,20.0,1.7077128863563774e-07,4.5835972266667034e-07,0.0010584374543818002,0.001058437553628867,0.004206895828000001,1.011851985323938e-06,7.108091161023088e-08,2.867733623195928e-08,4.967489980687404e-09,6.213730219899347e-10,2.27325469505135e-10,20.0,6.738966104101256e-07,-0.4275049608699901,-0.2988746107755015,-0.28586130768871065,278387,284387
trimMA342_1200rpm_A__DW_10,284387,2.3615360933333547e-07,0.0009890557651665707,0.000989055793359383,0.004794120788,7.910322237421784e-07,8.744675980000248e-08,8.504259265073137e-08,4.50170050311436e-09,1.5522113701930142e-09,1.5941533509967108e-10,20.0,5.205943030077324e-07,1.5910466249999893e-07,0.0008702911464516542,0.0008702911609952317,0.005454778672,2.852303756054747e-07,1.1414944156087925e-07,1.0763193871076888e-07,2.424314852164028e-07,2.184339633356097e-09,2.6142888181869894e-11,20.0,1.7702403598090524e-07,4.316568381666624e-07,0.0010414548885271742,0.0010414549779826177,0.004471540451,9.87441409645041e-07,5.596274538440218e-08,2.8613073635160387e-08,4.669576529644757e-09,6.623660273816404e-10,1.6978584585407444e-10,20.0,6.572051638062093e-07,-0.4262869992449144,-0.29796091737130936,-0.23676043592707627,0,6000,1.270770998333358e-07,0.000978702497481227,0.0009787025057312257,0.00449180603,7.935911109816296e-07,8.309863313880915e-08,7.83976638719806e-08,4.63971981466229e-09,1.5317772787493006e-09,1.712807854513877e-10,20.0,5.190729419535358e-07,6.198888333335505e-09,0.0008807398791065368,0.0008807398791283516,0.005458831787000001,3.162204199962601e-07,1.2779373198775632e-07,1.1737501265578111e-07,2.1019139747999874e-07,2.2732725909732017e-09,2.3229408037447537e-11,20.0,1.9390886775679468e-07,5.943775170000077e-07,0.001046315657775678,0.001046315826598825,0.004365921021,9.852961302347675e-07,7.364151044851906e-08,2.8029007682964563e-08,3.809934957922488e-09,5.874186734993295e-10,2.0766237459896393e-10,20.0,6.565006988797351e-07,-0.46733391141942476,-0.2735217457250005,-0.2732870102925166,69596,75596,-6.921291354999963e-07,0.0009741520706493839,0.0009741523165261284,0.004624843597,7.710548257934363e-07,8.618558667037501e-08,8.463382765706084e-08,5.065057609970411e-09,1.4052068294479642e-09,2.0565796517841735e-10,20.0,5.017615729495939e-07,-8.380412900000264e-08,0.0008839893924230645,0.000883989396395472,0.005724430084,3.210897048366587e-07,1.291135073625484e-07,1.3087189527760414e-07,1.9975756192726036e-07,2.070801781834255e-09,2.2174171744326412e-11,20.0,1.9661728339426468e-07,1.4710426200000362e-07,0.001063376030545521,0.001063376040720503,0.004445075989,1.0212736599735984e-06,6.102449077178637e-08,3.9308018980674354e-08,4.000241225436379e-09,5.966097510509885e-10,1.8407996155003493e-10,20.0,6.800406546779242e-07,-0.4407580822174758,-0.2623515483312293,-0.27042732180919515,139193,145193,2.0190079433333314e-07,0.0009679764322020475,0.0009679764532583094,0.0052382946019999994,7.447494142772134e-07,1.0156859244692211e-07,7.516551535179845e-08,5.1377270610737515e-09,1.7118970043904356e-09,2.0731791844267593e-10,20.0,4.872242757553147e-07,1.549723666669986e-09,0.0008843416227414382,0.0008843416227427962,0.005451202393,3.122794990010029e-07,1.2659801617869074e-07,1.2896320888296467e-07,2.0879864772959398e-07,2.044976953410801e-09,2.3369618271528768e-11,20.0,1.8696226963031806e-07,4.307031606666639e-07,0.0010537353088931373,0.0010537353969158139,0.0043368339540000005,1.0068555933928327e-06,6.505731863043427e-08,2.7583192578401356e-08,4.646552129647634e-09,6.122648259550844e-10,1.6338966721453352e-10,20.0,6.706269008925847e-07,-0.43912506562152404,-0.2890871648695271,-0.2913743956882146,208790,214790,4.520813646666661e-07,0.000979102103629743,0.0009791022079996285,0.004979610443,7.514033292951402e-07,9.404158281358664e-08,1.1464592571535735e-07,5.376726173991557e-09,1.7532245183231144e-09,2.025477407961644e-10,20.0,4.922586621027893e-07,-1.343091833333534e-08,0.0008592247780336874,0.0008592247781386596,0.005254983902,2.960889293211168e-07,1.295711584083321e-07,1.1845054995070965e-07,1.9372844494558194e-07,2.52349391805776e-09,2.567738983623928e-11,20.0,1.807008688991732e-07,2.3365020733332834e-07,0.0010425246728377002,0.0010425246990204949,0.004437446594,9.702946500050783e-07,6.133391592312637e-08,4.60868810152677e-08,5.582954438680415e-09,6.515089241545197e-10,2.002462582535517e-10,20.0,6.454905474239286e-07,-0.43533706941420425,-0.3099662991753213,-0.290978288009957,278387,284387
trimMA342_1200rpm_A__DW_11,284387,1.2052058566666806e-07,0.0009836970588935987,0.0009836970662765686,0.005270719528,7.634115178834073e-07,9.85518340311787e-08,8.672518661462684e-08,4.880735150180466e-09,1.5276199509034294e-09,1.9503725582494387e-10,20.0,4.999239463773977e-07,6.158749325000009e-07,0.0008680334853576589,0.0008680337038410995,0.005475997925,2.9455341934699114e-07,1.2080716534979588e-07,1.1398674265179137e-07,2.082355161938025e-07,2.503431880360641e-09,3.046342034269021e-11,20.0,1.794202189141895e-07,-3.684759180000025e-07,0.0010507035607399387,0.0010507036253511683,0.004380226135,9.899547239280133e-07,7.710772582115663e-08,2.694917064516548e-08,4.270574894682183e-09,6.565558721009073e-10,2.160685701824393e-10,20.0,6.593103412519499e-07,-0.4158515459391619,-0.26266650440840267,-0.29073392269427245,0,6000,8.10146334333318e-07,0.0009655538278554075,0.0009655541677313153,0.005047559739,7.468965349590368e-07,8.62481231565828e-08,8.428832933570969e-08,5.838086195169141e-09,1.5919929263936104e-09,1.7493742463816897e-10,20.0,4.914585355618913e-07,9.328126886666663e-07,0.0008606635396648628,0.0008606640451697533,0.005645990372,2.8679168563837423e-07,1.1559929188633365e-07,1.1531126834389854e-07,2.1072973905361733e-07,2.3460827917639974e-09,2.2073499375927996e-11,20.0,1.7542153529713527e-07,-3.6291281149999793e-07,0.0010543722760686383,0.0010543723385255653,0.004691362381,9.935965093773736e-07,6.700785260389856e-08,4.1953494707797086e-08,8.262220135166095e-09,6.443622957615068e-10,1.9112791020752766e-10,20.0,6.617312653198401e-07,-0.4193399820292162,-0.28743540228349584,-0.2726429713846112,69596,75596,-1.1500914896666718e-06,0.0009616026442254346,0.0009616033319887064,0.004714250565,7.51501252890153e-07,9.634790474195134e-08,8.166243913035067e-08,4.882757371231572e-09,1.5362869266939688e-09,1.861447590392365e-10,20.0,4.905090199303035e-07,8.827050436666633e-07,0.0008840570225905763,0.0008840574632680326,0.00550699234,2.896292633347648e-07,1.401175341489096e-07,1.1866819955018788e-07,2.392121650835158e-07,2.3902410350558454e-09,2.3420355005326962e-11,20.0,1.7668215048752716e-07,-1.0836124849999615e-07,0.0010292965423588782,0.0010292965480628517,0.0043845176690000005,9.725837923883249e-07,5.681711637276254e-08,2.0375566060445185e-08,4.953530582309386e-09,6.37648255773507e-10,2.361393511497505e-10,20.0,6.482300206264936e-07,-0.4135334913036017,-0.2940239445943733,-0.27285676203566855,139193,145193,9.713967606666702e-07,0.0009731688589438137,0.0009731693437576376,0.004882335663,7.622148158786044e-07,8.794310836159039e-08,8.059360648080875e-08,4.8825812673723756e-09,1.5815325939031e-09,1.55984345192663e-10,20.0,4.972238311522236e-07,1.1532704003333333e-06,0.0008834255122786868,0.0008834262650484624,0.005631923675,3.01969933929974e-07,1.2065222142989486e-07,1.2500996047584711e-07,2.3133496797717857e-07,2.2061610236048677e-09,2.3136249328740193e-11,20.0,1.8157149453029612e-07,-5.664030685000031e-07,0.0010378234576652419,0.0010378236122254466,0.004342317581,9.685960265014923e-07,6.356474146228513e-08,3.417474750242795e-08,4.4741514557398075e-09,6.871307762502337e-10,2.0460253729824106e-10,20.0,6.4546975656053e-07,-0.41503497340697776,-0.2734722417849978,-0.28542831414466757,208790,214790,1.5874704149999286e-07,0.0009663600995807213,0.0009663601126196613,0.004869699478,7.455125789444953e-07,9.407062361382788e-08,9.896606045820233e-08,4.715133422938083e-09,1.5488759887606763e-09,2.1402263286200755e-10,20.0,4.892200353767733e-07,1.1284748755000015e-06,0.0008807150370870463,0.0008807157600535953,0.005832910537,3.0969740365236194e-07,1.2444446418386593e-07,1.3237590183505143e-07,2.1270185486026484e-07,2.596539843119976e-09,2.3783665897433663e-11,20.0,1.9163926184647963e-07,-2.434253668333342e-07,0.001057627290414942,0.0010576273184285479,0.004524469376,1.0029873657010862e-06,6.951246229725454e-08,3.442409666322913e-08,4.9860355713147815e-09,6.224164623401001e-10,2.414363168851235e-10,20.0,6.685137747883317e-07,-0.42206619599907724,-0.2878172901673905,-0.296374703967443,278387,284387
trimMA342_1200rpm_A__DW_12,284387,3.2842159583333064e-07,0.000978241575025083,0.0009782416301549939,0.005574941635,7.676190211612499e-07,9.642675785573904e-08,8.754763734451338e-08,5.51148330262978e-09,1.548277450209855e-09,1.9606471282314834e-10,20.0,4.985753947676419e-07,2.7906894699999647e-07,0.0008868204731655464,0.000886820517074927,0.005764245987,2.955477563431069e-07,1.2984925797622e-07,1.1849622776059167e-07,2.4645486706289443e-07,2.488157207741222e-09,2.768424912248793e-11,20.0,1.7514302491784006e-07,6.604989311666566e-07,0.0010470650590339112,0.0010470652673584993,0.004242897034,9.891075570175247e-07,6.662448391734845e-08,2.8049788216605034e-08,5.1752383762692254e-09,6.820925259078461e-10,2.1174166922899894e-10,20.0,6.580109314489899e-07,-0.3929980143891739,-0.3104519831170867,-0.2765733440943425,0,6000,7.771253555000091e-07,0.0009929436483432248,0.0009929439524509788,0.0052714347840000005,7.735429818876137e-07,1.1858572248319083e-07,9.198845026153038e-08,4.37088511437966e-09,1.577757769184358e-09,1.7958308912192033e-10,20.0,5.073126305712589e-07,1.2000396333330884e-08,0.0008670544303095846,0.0008670544303926299,0.005227565765,2.7267768828907287e-07,1.2777517887223716e-07,1.2401208027500622e-07,2.281077413830054e-07,2.2992686964029977e-09,2.318403829027215e-11,20.0,1.6809862011716385e-07,2.4692216866666175e-07,0.001041764932245306,0.0010417649615084127,0.004295110702,9.806281473204278e-07,6.660248889273061e-08,2.8015209979843998e-08,5.094459199077124e-09,6.253266617847805e-10,1.8523448963527824e-10,20.0,6.531468491268038e-07,-0.42363685371709503,-0.28755384279062385,-0.25813194684956264,69596,75596,2.3549397810000016e-06,0.0009815835148593481,0.0009815863397506122,0.004456758498999999,7.794490162328005e-07,8.961749746139412e-08,9.383935328946936e-08,5.1164615653836875e-09,1.5011588802442799e-09,1.7158255980472517e-10,20.0,5.089858254538218e-07,-1.352628044999967e-07,0.0008890404494803182,0.0008890404597700785,0.005270719528,3.286716157922272e-07,1.2011910664296437e-07,1.265396484494061e-07,2.1341584887505975e-07,2.255642032668118e-09,2.6617817237461253e-11,20.0,1.9702022798145853e-07,1.1587143383333619e-07,0.0010403220090624758,0.0010403220155153765,0.004353523254,9.800026026643996e-07,5.7107413765670025e-08,3.482347603757299e-08,5.206771194738996e-09,6.343793884550262e-10,1.9696260785563172e-10,20.0,6.531572088024199e-07,-0.4311436655089169,-0.2766277923443379,-0.2813765320922722,139193,145193,1.1543830254999992e-06,0.000969993285841104,0.0009699939727529194,0.004933595657,7.652854243713092e-07,7.685255274908287e-08,8.559215101046559e-08,5.023193796765867e-09,1.6735420301201541e-09,2.3147773093949784e-10,20.0,4.975788238598121e-07,3.307660391666664e-07,0.0008679453282987437,0.0008679453913246999,0.00515794754,2.9727980356307754e-07,1.2122955943755093e-07,1.2460751541871765e-07,1.956230520895038e-07,2.3742171398693453e-09,2.463566675579495e-11,20.0,1.8222215863311305e-07,2.577702238333336e-07,0.0010636651739750274,0.0010636652052092397,0.004486322403000001,1.0203196388968093e-06,6.641831698071344e-08,3.6367990850867514e-08,5.638192093715013e-09,6.450271402332783e-10,2.363694009914979e-10,20.0,6.801339723843739e-07,-0.43796086777004484,-0.27789173565918696,-0.2797866757174195,208790,214790,-5.654494316666495e-08,0.0009873779277076366,0.0009873779293267384,0.00531578064,7.602329660747991e-07,9.617820387271905e-08,1.1163519145644762e-07,5.1449158472868645e-09,1.6061417428078293e-09,1.8335314401886892e-10,20.0,4.961476862586979e-07,-6.846586933333352e-08,0.0008769256522043259,0.0008769256548770584,0.005785703659,2.889918618853354e-07,1.2418615864893856e-07,1.1577497905834555e-07,2.3493877117370176e-07,2.3723183928156107e-09,2.5190214892536492e-11,20.0,1.703984269400814e-07,2.0901363166664816e-08,0.001071661250374769,0.001071661250578596,0.00427699089,1.0031209293698211e-06,8.413931412684268e-08,5.1517403853408806e-08,5.411190471608314e-09,6.732644903009361e-10,1.983373912631215e-10,20.0,6.680402987760901e-07,-0.416935696802234,-0.2977701183842653,-0.27645914586265335,278387,284387
trimMA342_1200rpm_A__DW_13,284387,-4.831949906666661e-07,0.0009927845209861026,0.0009927846385732427,0.005110025406,7.924789292877642e-07,8.730454008069953e-08,8.405182264524938e-08,5.0183770419084184e-09,1.630982856269128e-09,1.690859038788973e-10,20.0,5.199766941024523e-07,-1.4726321266667352e-07,0.000877210734965525,0.0008772107473265534,0.005357027053999999,2.9899181817896084e-07,1.1428675457852454e-07,1.2070673370535762e-07,2.2505959737370964e-07,2.4627376804396656e-09,2.2447566012650594e-11,20.0,1.8722817847131502e-07,1.1185805366667004e-07,0.0010412953120319992,0.0010412953180400086,0.004222869872999999,9.75146673606044e-07,6.860975568340814e-08,3.507421077205515e-08,4.882976962225287e-09,6.830975643474324e-10,1.8034764702571278e-10,20.0,6.486674352115897e-07,-0.45079112241829805,-0.2893852230160246,-0.2589778685691686,0,6000,1.2098550848333351e-06,0.0009714092499982482,0.0009714100034133299,0.005020141602,7.865125019467308e-07,8.139817523354346e-08,8.090381992593011e-08,5.611717695866547e-09,1.5203797859937308e-09,1.79404040401178e-10,20.0,5.127925627208364e-07,-3.469785036666692e-07,0.000891304882299202,0.0008913049498373027,0.00517654419,3.266488925293774e-07,1.3556999791684403e-07,1.285225640409368e-07,2.0840146088142652e-07,2.554563063658153e-09,2.5908486309542985e-11,20.0,2.0002828828887392e-07,4.60942628333338e-08,0.0010545157908784422,0.0010545157918858624,0.004562854767,1.0086569454837051e-06,6.369227190736347e-08,2.8351267960213095e-08,6.31653442117721e-09,6.36902262117429e-10,2.0265354243981445e-10,20.0,6.71699392794679e-07,-0.4603772910613314,-0.28708090088119903,-0.2871286404954721,69596,75596,8.744796151666651e-07,0.0010036539362237211,0.0010036543171889247,0.004967451095,7.754483281995649e-07,9.049182447707754e-08,1.24543159700726e-07,5.215381921843582e-09,1.6845902935607819e-09,1.9089630021704032e-10,20.0,5.060473682203064e-07,1.6470750516666837e-07,0.0008831787188778707,0.0008831787342363489,0.005331277847,3.294817213745174e-07,1.1991661624758647e-07,1.192875020463451e-07,2.052161274024902e-07,2.25818000284535e-09,2.0455712062464246e-11,20.0,1.992253890297346e-07,1.0347365899999554e-07,0.0010719787404416571,0.0010719787454355986,0.004479408264,1.0247231652229844e-06,6.26326522990252e-08,5.019151032863312e-08,5.5905893155895455e-09,6.773507948866269e-10,2.2082005075848586e-10,20.0,6.822337522523934e-07,-0.4335016427477926,-0.296581640193514,-0.2839770379396393,139193,145193,4.582007793333375e-07,0.0009791581334833517,0.0009791582406917462,0.005255460739,7.850849816108842e-07,7.30440140288011e-08,1.0164108862109145e-07,5.331140706867517e-09,1.565952634872257e-09,1.6603772619733874e-10,20.0,5.143250524992152e-07,6.318092283332545e-08,0.0008779770303117043,0.0008779770325850148,0.005346059799,3.0876122789708505e-07,1.3257933847422698e-07,1.2180701392127514e-07,2.0485072883548104e-07,2.385967285994067e-09,2.9314824879104904e-11,20.0,1.8806192624274916e-07,4.6535332566666545e-07,0.0010509800527628158,0.001050980155787467,0.0044541358940000005,9.911602695027061e-07,6.787308148275922e-08,3.7103279050273395e-08,4.406103919150878e-09,6.878158827161355e-10,2.320276060851342e-10,20.0,6.603092648263813e-07,-0.45906474440539546,-0.3130003594749589,-0.2694298817785664,208790,214790,9.7719828516667e-07,0.000993219637590023,0.0009932201183075909,0.005403757096,8.069183666123611e-07,6.186170122569867e-08,1.0567531084589656e-07,6.065922874915642e-09,1.5359364178267717e-09,1.7156972477180382e-10,20.0,5.252284316864879e-07,-3.8250286950000166e-07,0.0008891180673035109,0.0008891181495807942,0.005568981171,3.1971348144531637e-07,1.1994060236778974e-07,1.2911875018462737e-07,2.218792493279117e-07,2.6731237132599897e-09,2.657712957263227e-11,20.0,1.9440534612283694e-07,1.1030832016666741e-07,0.0010546072372491365,0.0010546072430180737,0.004428863525,9.909619108484926e-07,7.022964918356304e-08,4.394165731922424e-08,4.987549291441507e-09,6.956611123148253e-10,2.2265459134307533e-10,20.0,6.595065930861668e-07,-0.44534878417758045,-0.29725129688013396,-0.2772746059914194,278387,284387
trimMA342_1200rpm_A__DW_14,284387,1.1640389806666627e-06,0.0009903003655198396,0.0009903010496487804,0.005257368088,7.991465458905809e-07,8.870242507408038e-08,9.065442125369492e-08,4.9261165547351835e-09,1.588346392021768e-09,1.8943367429400633e-10,20.0,5.21079396596282e-07,-1.239379285000013e-07,0.0008871928055975716,0.0008871928142544327,0.005916357041000001,3.0144663653684595e-07,1.2748945344617316e-07,1.2346231151173402e-07,2.254611185744527e-07,2.135480780590174e-09,2.3084516878671677e-11,20.0,1.7969180511895482e-07,6.394386331666658e-07,0.0010769454463351133,0.001076945636169116,0.0044591426850000004,1.0284984934950132e-06,7.454439800410231e-08,4.5021838033273247e-08,5.4015081944115435e-09,6.571375494259984e-10,1.956025347937736e-10,20.0,6.851960302848055e-07,-0.4397918108869103,-0.2930075035125937,-0.27475160208096777,0,6000,1.525799434833335e-06,0.0009901506581888786,0.0009901518337991325,0.004861593246,8.020050102410821e-07,7.121770962322679e-08,9.076882210676002e-08,5.259118464122593e-09,1.475303481664145e-09,1.353460483045467e-10,20.0,5.235435000220693e-07,3.961721899999974e-08,0.0008790722911424199,0.0008790722920351358,0.0053734779359999995,2.933586426921151e-07,1.3565971849897318e-07,1.2015422524273841e-07,2.1340238656994993e-07,2.2090275489553232e-09,2.6159833932854775e-11,20.0,1.79251136354264e-07,5.403757049999928e-07,0.0010609855320165618,0.001060985669627243,0.00458908081,1.0157227816444763e-06,6.711469465666604e-08,3.4902396853836446e-08,5.011271597378419e-09,6.606869282133331e-10,1.8357202516132244e-10,20.0,6.765789214824509e-07,-0.42216943359932313,-0.31413624025659426,-0.2613250540109638,69596,75596,3.7769476216666443e-07,0.0010033677682072225,0.0010033678392944814,0.005266904831000001,8.049422617556199e-07,7.964978308978686e-08,1.0458945039471905e-07,4.759139537547068e-09,1.5527650707231068e-09,1.867432222939937e-10,20.0,5.249871135875013e-07,-2.3368994066666656e-07,0.0008620213905071347,0.0008620214221832555,0.004840612412,3.027754618360849e-07,1.2148437133520077e-07,1.1443614110304554e-07,1.9556945479657927e-07,2.0705980783227288e-09,2.1390558003745683e-11,20.0,1.8498693734790022e-07,5.546808293333266e-07,0.001042467792748358,0.0010424679403168503,0.004556179047,9.938458239364265e-07,5.466754973130563e-08,3.3843764761740177e-08,4.864334152454393e-09,7.355449316815229e-10,2.358428111507543e-10,20.0,6.626988053330197e-07,-0.4466638871892461,-0.30585099747348277,-0.27171826930796594,139193,145193,6.278355649999451e-08,0.000995848877924809,0.000995848879903912,0.005504846572,8.04932682090365e-07,9.503699763792899e-08,9.990416409737515e-08,4.974516194743998e-09,1.6256588310866927e-09,1.7199940393364232e-10,20.0,5.265647865329995e-07,-7.572174084999999e-07,0.0008700769591478727,0.0008700772886463664,0.005310058594,3.0557082902581306e-07,1.359805207396788e-07,1.2599362454730996e-07,1.815710403501254e-07,2.668512216246304e-09,2.5662682349946014e-11,20.0,1.8418427544430274e-07,2.2312004233333618e-07,0.001055427091973523,0.0010554271155576026,0.004438638687,9.96549454294919e-07,7.547579540700045e-08,3.515545337501517e-08,4.412403514300393e-09,6.428650994908768e-10,2.1023059427693345e-10,20.0,6.638664032492333e-07,-0.47138564475216027,-0.26809736985550797,-0.2647511242993393,208790,214790,2.415974583333651e-08,0.0009963434332953425,0.0009963434335882601,0.005250692366999999,7.889252382007949e-07,8.725385010185457e-08,1.067239258085933e-07,4.939631030772521e-09,1.6173817877986333e-09,2.1371282800910385e-10,20.0,5.16634105881566e-07,-7.648468078333334e-07,0.0008808938103094391,0.0008808941423531669,0.005497694015,3.16937401309137e-07,1.3451619852279063e-07,1.2538127713289142e-07,1.8824370971506967e-07,2.206191395448664e-09,2.921829487553393e-11,20.0,1.9509587562454324e-07,5.4558113833329024e-08,0.0010660652275603767,0.0010660652289564392,0.004299402237,1.0286133425421126e-06,6.858816110926699e-08,3.222822987750778e-08,4.468174850436993e-09,6.892815577654192e-10,2.1144013628612645e-10,20.0,6.852308098170413e-07,-0.44660327341156003,-0.27133903041967905,-0.2770216662440577,278387,284387
trimMA342_1200rpm_A__DW_15,284387,-1.989603015000024e-07,0.0009840927418863523,0.0009840927619988882,0.005075216293,7.751410408697981e-07,1.0508963078640842e-07,7.839134818914449e-08,5.459425596444425e-09,1.5778340712490806e-09,1.7878895565885666e-10,20.0,5.063288532769091e-07,2.0702680033333336e-07,0.0009002353046151248,0.0009002353284200651,0.005632400513,3.134971808279753e-07,1.2852953760235648e-07,1.2077520525903053e-07,2.445271480494594e-07,2.2957020825463295e-09,2.6548453034566537e-11,20.0,1.8726304859481244e-07,-2.398490901666719e-07,0.0010550903269163534,0.0010550903541782777,0.004215240479,9.966057450588304e-07,7.03407336077002e-08,3.9100662482558083e-08,4.522059119637879e-09,6.289063298091399e-10,2.0303729016738132e-10,20.0,6.628520371343988e-07,-0.41503133788687835,-0.2887410679851124,-0.28106554073297857,0,6000,7.446607350000111e-08,0.0009829788677093306,0.0009829788705299387,0.005371809006,7.970801784884948e-07,9.180073653037881e-08,8.700195588162079e-08,4.882190995695783e-09,1.4513541057834297e-09,1.7788211403572226e-10,20.0,5.209834892046603e-07,9.79105723333349e-08,0.0008865529124864931,0.0008865529178930967,0.00556731224,3.2261225086521966e-07,1.4154193261604953e-07,1.1671056556693167e-07,2.0971611850806577e-07,2.5341532411801447e-09,2.8673116980447847e-11,20.0,1.9406932643296995e-07,-9.011427521666628e-07,0.0010423331563848973,0.0010423335459235506,0.004368782043,9.877503865502022e-07,6.61463701596119e-08,2.396976615407208e-08,5.147659224991984e-09,7.00488896936652e-10,2.1457166028624693e-10,20.0,6.58600251520776e-07,-0.4526891684234954,-0.28958516251169186,-0.2783219105950596,69596,75596,-8.208751724999979e-07,0.0009963315081359934,0.0009963318462944924,0.004929542541,7.94752789193502e-07,9.366905391075076e-08,1.0312255004097186e-07,5.377378868121946e-09,1.6388015732016091e-09,1.692150613375036e-10,20.0,5.199102864134282e-07,-3.71774032000004e-07,0.0008921542194046618,0.0008921542968665634,0.0054507255559999995,3.2024988513679786e-07,1.27041733520081e-07,1.1029391323742033e-07,2.322200147866893e-07,2.316389677370629e-09,2.2351229463731728e-11,20.0,1.939562026106208e-07,-2.752145168333289e-07,0.0010455182094354194,0.0010455182456581404,0.00453543663,9.967542178739728e-07,5.8842296738091534e-08,2.697392346533451e-08,5.506860466244428e-09,7.004856961940716e-10,1.9615735662111917e-10,20.0,6.637975860816292e-07,-0.44387114130646327,-0.26927502473862863,-0.26931727152972423,139193,145193,6.783009566665652e-08,0.000987100374231459,0.0009871003765619829,0.004901647568,7.757408282050623e-07,9.887190922565801e-08,9.723438525698304e-08,5.131949935195618e-09,1.518906162043973e-09,1.9112793374426135e-10,20.0,5.070741038016943e-07,-2.341270483333322e-07,0.0008877959095067761,0.00088779594037844,0.005401849747,3.118400617138256e-07,1.318405976379397e-07,1.2811693725678224e-07,2.1646509371169706e-07,2.4901055250132142e-09,2.4449738565624394e-11,20.0,1.9487063672767375e-07,-3.554820998333275e-07,0.0010633656092874214,0.0010633656687060818,0.004442214965,1.02704242609325e-06,6.800237755389806e-08,2.958548043544987e-08,4.584396118147763e-09,6.932270610696786e-10,1.9666098626620844e-10,20.0,6.831474713359078e-07,-0.41679322112681505,-0.2911288971749572,-0.2807215106170129,208790,214790,-4.2649109716667047e-07,0.0009865418579215032,0.0009865419501095063,0.004688739777,7.748069172897131e-07,9.266296978057177e-08,9.725885440772562e-08,4.632694253666159e-09,1.488100943022112e-09,1.861530414263285e-10,20.0,5.058682854263075e-07,3.277858089999955e-07,0.0008680163941819738,0.0008680164560722407,0.0052361488340000005,2.9897996769646785e-07,1.2102246009004475e-07,1.1842494843118896e-07,2.1330157429461778e-07,2.3566793215408928e-09,2.488079973095395e-11,20.0,1.776731134934487e-07,-1.5370051183333233e-07,0.001058933446174304,0.0010589334573288516,0.004384756088,9.90595748685799e-07,7.75841686363177e-08,4.2855608861946164e-08,4.390292367006951e-09,6.637242795016595e-10,2.1052135078239347e-10,20.0,6.599293918193106e-07,-0.42202064120134375,-0.29434220977570075,-0.28651233485877103,278387,284387
trimMA342_1200rpm_Avv__D_00,284387,-5.196332930000035e-07,0.0008769648795858643,0.0008769650335365765,0.004577636719,5.83580600570662e-07,7.405175016307718e-08,1.1200267997026804e-07,4.904866060139191e-09,1.4143580668258577e-09,1.323737530197258e-10,20.0,3.8261888227166977e-07,2.119938545000049e-07,0.0008637968088806746,0.0008637968348945434,0.00573515892,2.9862033555797026e-07,1.382395708305992e-07,1.2060058179517497e-07,1.8108468617875162e-07,1.921600204020535e-09,2.1878018781855625e-11,20.0,1.7769392715989343e-07,-8.502403920000017e-07,0.0009427397384155901,0.0009427401218239412,0.00397491455,7.656503512710706e-07,8.263409924264417e-08,3.0604264757700735e-08,4.414402129012786e-09,5.531066788871607e-10,2.1196334146800832e-10,20.0,5.078348382083433e-07,-0.41717435464648217,-0.2697283724148368,-0.26788775181982966,0,6000,1.241366001666656e-07,0.0008979812848339513,0.00089798129341425,0.004798650741000001,6.010806730075684e-07,8.859548240459214e-08,8.80079836532206e-08,4.3933364725510865e-09,1.6476882808497899e-09,2.0210820243006743e-10,20.0,3.925994920808552e-07,4.358688993333319e-07,0.0008854200298937002,0.0008854201371770683,0.005798101426000001,2.9996151655350563e-07,1.4387333321707554e-07,1.1414242783732614e-07,2.2263695832479086e-07,2.4136587233838683e-09,2.0538275904790663e-11,20.0,1.8143827940626233e-07,-5.83887100833337e-07,0.0009674452952664748,0.0009674454714646109,0.004346847534,7.572049209048763e-07,1.2340628405907606e-07,4.841518646780217e-08,5.506648238510794e-09,6.030472280792785e-10,2.136875802391048e-10,20.0,5.019144173045422e-07,-0.4344820073727572,-0.21464563736244374,-0.29057443227575663,69596,75596,7.547537405000043e-07,0.0008910287807399007,0.0008910291004002297,0.004655361176,6.114769364780646e-07,8.229979654753035e-08,9.042010004922047e-08,5.018476072610014e-09,1.550572866247372e-09,1.5687233485628492e-10,20.0,3.9578460482583805e-07,-8.602937064999983e-07,0.0008618731816747667,0.0008618736110332226,0.004998207092000001,2.9793723449142856e-07,1.154282321959887e-07,1.1106846082375188e-07,2.0956565347817606e-07,2.283760542342774e-09,1.9470034473716936e-11,20.0,1.8173459495936004e-07,1.4809767283333516e-07,0.0009342015653969968,0.0009342015771358556,0.0039229393009999995,7.728566595832766e-07,7.090393570218192e-08,2.3964840314537117e-08,4.045858317401232e-09,5.662560872223842e-10,2.0790121611467955e-10,20.0,5.146280169647521e-07,-0.4060482972590781,-0.24386585120148976,-0.3074353997794069,139193,145193,-8.858442338333313e-07,0.0008950712120209761,0.0008950716503770554,0.0042712688450000005,6.124244064687117e-07,9.396062563497991e-08,9.091871230092125e-08,4.6234164056865985e-09,1.5399648677533544e-09,1.6244155890996057e-10,20.0,3.9688880465952e-07,-4.5684972733333063e-07,0.0008575481441436398,0.0008575482658345677,0.005439758301,2.894438319141295e-07,1.2329115965122914e-07,1.317447049701009e-07,1.9826071976312027e-07,2.524077160927145e-09,2.44480254204984e-11,20.0,1.7560414961633534e-07,5.700985558333305e-07,0.0009548238117354401,0.0009548239819303652,0.004062414169,7.990864835771743e-07,7.6327722137073e-08,2.4903169470984715e-08,5.041530132831836e-09,5.878668427571017e-10,1.7064480218774354e-10,20.0,5.313294592853798e-07,-0.4152975051912219,-0.2289435773468976,-0.29438779975323154,208790,214790,-3.227790268333306e-07,0.0009178139999020712,0.0009178140566599202,0.005132675171,6.068919029412743e-07,1.193106729470238e-07,9.61385376661191e-08,4.341616616469783e-09,1.6250210118111322e-09,1.7936114208761072e-10,20.0,3.968096463465413e-07,-4.383722988333336e-07,0.0008498221999518065,0.0008498223130167863,0.00524520874,2.751328275663526e-07,1.314700507615073e-07,1.1615955076114816e-07,1.9224892201047938e-07,2.184042947302641e-09,2.3558468009388918e-11,20.0,1.687038336355501e-07,2.1576885166665662e-08,0.0009669777922956341,0.0009669777925363646,0.004591226578000001,7.987274011815076e-07,8.923068456257514e-08,4.624675692404049e-08,4.493622303138478e-09,6.385338234839267e-10,1.895933541457828e-10,20.0,5.294008634512935e-07,-0.46833755043179504,-0.1986274448794616,-0.2952106902859114,278387,284387
trimMA342_1200rpm_Avv__D_01,284387,4.0884812883333505e-07,0.0008994723170716568,0.0008994724099910167,0.0045990943909999995,6.244745634064628e-07,9.27206045385881e-08,9.179220881547666e-08,4.1404662223026785e-09,1.5393455438370208e-09,1.714592984170533e-10,20.0,4.0494980348985383e-07,2.1211306349999567e-07,0.0008799562864115766,0.0008799563119764551,0.005217552185,3.2255631136502896e-07,1.2448701024030923e-07,1.2343679597620051e-07,1.9984557865910382e-07,2.530018913433188e-09,2.8872629471171892e-11,20.0,1.960775791991058e-07,-6.176630628333367e-07,0.0009602808505487114,0.0009602810491924829,0.00443983078,8.204901034361719e-07,6.471251113703697e-08,2.508371219220285e-08,3.950887031068118e-09,6.035554040596476e-10,1.80313706662393e-10,20.0,5.446942902532467e-07,-0.45104175783375694,-0.2168394472677591,-0.2930877391201147,0,6000,5.582571008333354e-07,0.0008837642490979737,0.0008837644254181631,0.0043616294859999995,5.924745242655288e-07,9.624868730239238e-08,8.085332809817696e-08,5.232107921410333e-09,1.712798581584692e-09,1.6961940853494292e-10,20.0,3.8625769382054217e-07,-2.5924046483333354e-07,0.0008832399075113419,0.0008832399455562811,0.0052411556250000005,3.0744245585439035e-07,1.204969984212015e-07,1.321692305826427e-07,2.1945225093930385e-07,2.6308263901384117e-09,2.890876851965111e-11,20.0,1.9145438667049658e-07,-2.6214123149999556e-07,0.0009647937105744875,0.0009647937461872943,0.004331588745,8.217642696705898e-07,7.443254512473862e-08,2.742517748488434e-08,5.895293240963873e-09,6.236591811047561e-10,1.9871035999563663e-10,20.0,5.467946813798676e-07,-0.41327875873990794,-0.25707290318596027,-0.2851648555081553,69596,75596,-6.646315243333383e-07,0.0008835560886746837,0.0008835563386503254,0.00447678566,5.810332365738448e-07,9.092745124969668e-08,9.518305664219844e-08,4.6334401612789895e-09,1.6489283421816025e-09,1.861423314169042e-10,20.0,3.7981349776634273e-07,2.2053718266666372e-07,0.0008881160031900496,0.0008881160305719726,0.005775928497,3.0983342087832603e-07,1.2544350259170494e-07,1.2257144749527475e-07,2.2054232855522008e-07,2.4618527688621418e-09,2.6526630954856448e-11,20.0,1.8535220704597e-07,1.1547407183333178e-07,0.0009379504516295509,0.0009379504587377415,0.004086732864,7.638385698392148e-07,7.23754206292486e-08,3.7747690998396645e-08,4.1834804145264656e-09,6.142643017568562e-10,1.947987847592165e-10,20.0,5.08492489959458e-07,-0.40850977781275166,-0.2550536032267957,-0.27926625213476924,139193,145193,-1.1920928866667249e-07,0.0008700452625242626,0.0008700452706909955,0.004427909851,5.909856635566855e-07,1.0170443927124588e-07,7.064955835388937e-08,4.560027437072459e-09,1.5047144472144654e-09,1.5539404713473196e-10,20.0,3.859336204137714e-07,3.445149133333413e-08,0.0008764402701173107,0.0008764402707944277,0.005549669266,3.0796501249110323e-07,1.2544114568746614e-07,1.279257288693218e-07,2.031809972522157e-07,2.8851401165922747e-09,3.007971779714922e-11,20.0,1.868993612287565e-07,3.72648242333336e-07,0.0009400663491737531,0.0009400664230338095,0.004057407379,7.498756436110613e-07,8.983787821065692e-08,3.0439478436939027e-08,5.037464814148264e-09,6.460966655018062e-10,1.8300916259195365e-10,20.0,4.98830209636048e-07,-0.4188141841378092,-0.26096489919507015,-0.2850657902226676,208790,214790,-2.510150320000048e-07,0.0008901997414978232,0.0008901997768879396,0.004542350769,6.038095433253592e-07,9.370296947284402e-08,9.029060646716712e-08,6.321904991880772e-09,1.9152993384988514e-09,2.033707464873964e-10,20.0,3.9033368420738654e-07,-6.20285671333332e-07,0.0008767107332744888,0.0008767109527050554,0.005170106887,3.1471875794372276e-07,1.1529446561782772e-07,1.2658709051357598e-07,2.0388896576826792e-07,2.5409726906149546e-09,2.7819714469044395e-11,20.0,1.8830793680894148e-07,2.4640559516666295e-07,0.0009330087893470476,0.0009330088218846383,0.004324197769,7.540609251202693e-07,7.449762692634394e-08,3.1462472621120776e-08,5.583259760923252e-09,6.987016907916852e-10,2.0791076280552675e-10,20.0,5.011351436461688e-07,-0.42976200767726797,-0.2249457612771702,-0.3024486467588676,278387,284387
trimMA342_1200rpm_Avv__D_02,284387,1.0112922216666889e-07,0.000913422580007344,0.0009134225856055852,0.005011796951,6.457930614555492e-07,8.877616362070811e-08,7.588604661337964e-08,4.848478068063296e-09,1.5998340171388554e-09,2.0604458148772075e-10,20.0,4.183877511609064e-07,1.4952818516666273e-07,0.0008969669576843742,0.0008969669701478645,0.005390405655,3.179821003082128e-07,1.2619017677550472e-07,1.1584193585448912e-07,2.3304202465645274e-07,2.7171875967703646e-09,2.4619426563062524e-11,20.0,1.9136191080519575e-07,-5.312760533332979e-08,0.0009678151883694534,0.0009678151898276566,0.0043778419490000005,8.312866772698161e-07,6.271985128338359e-08,3.435567152252013e-08,5.831714061654539e-09,6.344776733036943e-10,2.3155495284700056e-10,20.0,5.530538185547165e-07,-0.4475748372367327,-0.20797335159654487,-0.2797298345976246,0,6000,-1.0368426663333307e-06,0.0008907244140467338,0.000890725017511921,0.004821538925,6.152114388962077e-07,9.688709238875735e-08,7.951449049614206e-08,4.6558127884043195e-09,1.550180365703796e-09,1.766457467138874e-10,20.0,4.0383019518333367e-07,-2.895990996666647e-07,0.0008842864911474235,0.0008842865385685009,0.005429983139,3.2510758365778064e-07,1.2484196608261884e-07,1.253389701508673e-07,2.1214433215346255e-07,2.6033140674227785e-09,2.7683647257497457e-11,20.0,2.0457088364802516e-07,-3.136793806666656e-07,0.000980763984128855,0.0009807640342911533,0.004585981369,8.537209355699706e-07,6.71968956857416e-08,3.057475867032681e-08,5.7500578683622975e-09,6.333065201142982e-10,2.0990057105953986e-10,20.0,5.679346158238868e-07,-0.4247803392623652,-0.24162432950988383,-0.27096394633158544,69596,75596,9.206136129999999e-07,0.0008897795731793188,0.0008897800494372727,0.004504203797000001,6.017620641467743e-07,8.038441361825139e-08,9.573732463261049e-08,4.899087535926359e-09,1.6450224090841588e-09,2.09528937225543e-10,20.0,3.936566186429303e-07,-5.106131566666681e-08,0.0008759550777884323,0.0008759550792766695,0.005527257919,2.893592045557858e-07,1.3072713008824678e-07,1.1849331576770028e-07,2.042067056338555e-07,2.723382411227767e-09,2.4282156275871526e-11,20.0,1.7727566157904334e-07,1.1960664166663314e-08,0.0009409858194684886,0.0009409858195445032,0.004088163376,7.802155441374529e-07,6.968574226337236e-08,2.988545872291189e-08,4.175599198559814e-09,6.844332268859003e-10,2.1620024118183957e-10,20.0,5.19179870668045e-07,-0.42483364396490103,-0.24863586125676707,-0.2725613668135298,139193,145193,-3.998279529999991e-07,0.000905749165346869,0.0009057492535955753,0.0048661231990000005,6.231847793497513e-07,1.0162461944166706e-07,9.200505007180721e-08,4.8668232606196364e-09,1.6855360758463306e-09,1.927298748081298e-10,20.0,4.0557808511346657e-07,5.221366733333503e-08,0.0008757836691799118,0.0008757836707363846,0.0055127143859999995,2.8319094418513675e-07,1.3170328725305676e-07,1.2020237419692763e-07,2.3454362378391186e-07,2.743347578549687e-09,2.2650445915191627e-11,20.0,1.7228259545247687e-07,2.0027160483334153e-07,0.000943654888799202,0.0009436549100509942,0.00431227684,7.693550275908076e-07,8.038260335375144e-08,2.7586437508111967e-08,4.194082744268864e-09,6.855870625702111e-10,2.2901400082763324e-10,20.0,5.122738134899061e-07,-0.3714569255163668,-0.2706814241390968,-0.2774587585445442,208790,214790,-6.372133936666674e-07,0.0008923833980973413,0.0008923836256009335,0.004671096802000001,6.240490778527059e-07,1.0645413670637352e-07,7.34621833179679e-08,4.718437974649562e-09,1.6853498400207412e-09,2.14291994333519e-10,20.0,4.0932411318163045e-07,-5.470116936666627e-07,0.0008979832877427714,0.0008979834543504185,0.005795240402,3.0780699825780694e-07,1.3509111471448875e-07,1.1699059481997575e-07,2.5344589577077856e-07,2.571911736803575e-09,2.62600445039643e-11,20.0,1.8443618303350256e-07,1.9558270799999977e-07,0.0009536258165370353,0.0009536258365934319,0.0041527748109999995,7.943355082261564e-07,7.419555997024313e-08,2.691192235919901e-08,4.771910134082456e-09,7.453473746315495e-10,2.445830159247155e-10,20.0,5.292520341910625e-07,-0.4445068900507809,-0.2155432545396348,-0.29723827269127384,278387,284387
trimMA342_1200rpm_Avv__D_03,284387,-8.653799704999981e-07,0.0009235483745274964,0.0009235487799650184,0.004959106446,6.340769586465598e-07,1.0509916865404383e-07,1.2356540219605757e-07,5.162192164677573e-09,1.6078707946892794e-09,1.922103949012182e-10,20.0,4.1115244510818135e-07,-8.122920981666656e-07,0.0008663572233966416,0.0008663576041970147,0.005649566651,3.069152619887532e-07,1.1629684230375977e-07,1.1682677550928245e-07,2.0646773273325305e-07,2.5329160576702034e-09,2.1681455912869977e-11,20.0,1.888376897319678e-07,-8.841354916666831e-08,0.0009534252028550122,0.000953425206954419,0.004165649414,7.955778096812047e-07,6.460724434885523e-08,3.528183949342989e-08,5.071662468052309e-09,6.53396828427604e-10,2.2389182070213022e-10,20.0,5.305815348686798e-07,-0.45891470235718634,-0.24042556500510787,-0.2834867189288142,0,6000,-2.4120012899999863e-07,0.0008940249689812893,0.0008940250015181328,0.004345655441,6.160421270197124e-07,7.978811827642443e-08,9.536047721148934e-08,5.02775473477195e-09,1.4946208725570811e-09,1.7709172763350672e-10,20.0,3.9892103318585985e-07,-1.7245610566666343e-07,0.0008817881052537603,0.0008817881221178504,0.005690813064,2.8433969261891756e-07,1.323709689469269e-07,1.3405408165005392e-07,2.1015408906428384e-07,2.436756959980533e-09,2.305320131935345e-11,20.0,1.6889442004253576e-07,3.1113617499993706e-08,0.0009473698868876662,0.0009473698873985845,0.0042223930359999995,7.915694677751056e-07,6.657412432085331e-08,3.252884397974416e-08,5.24226356308693e-09,6.53321126224182e-10,2.2009162772959574e-10,20.0,5.266868112015288e-07,-0.4061165848494837,-0.2512434726677914,-0.25494760479533923,69596,75596,-2.871751840000022e-07,0.0009100317220561472,0.0009100317673675261,0.005295991897,6.27519921156544e-07,8.110955797290015e-08,9.087596667502639e-08,4.655273898422075e-09,1.653774830525795e-09,1.6400098710104475e-10,20.0,4.0944622890833683e-07,5.862315463333358e-07,0.000865080948234348,0.0008650811468674281,0.0055010318749999995,2.82472320356522e-07,1.2866252085421555e-07,1.3282068994241887e-07,2.000049886604704e-07,2.9410391707985616e-09,2.8130490542566795e-11,20.0,1.728797272414805e-07,-2.085367778333393e-07,0.0009486523194896004,0.0009486523424103197,0.004272222519,7.830647202701067e-07,7.337928253598286e-08,3.588609588593655e-08,3.908488311079826e-09,7.307002257951721e-10,2.244577072537215e-10,20.0,5.213927999952996e-07,-0.44649697166064045,-0.24600355606001004,-0.27409257009181376,139193,145193,-8.279879901666685e-07,0.000926394056666953,0.0009263944266844257,0.004937648773,6.517980890190701e-07,8.925893434749764e-08,1.109972703943515e-07,5.058023383167229e-09,1.5605869561732544e-09,1.5860574884808756e-10,20.0,4.2632641864881343e-07,8.077621481666636e-07,0.000875037595419251,0.0008750379682486884,0.00550699234,3.086540654482415e-07,1.2738374643569408e-07,1.2412712317114458e-07,2.0098259173171412e-07,2.687139136315397e-09,2.7072211104636664e-11,20.0,1.8462560455604838e-07,2.3516019549999628e-07,0.0009533110033346806,0.0009533110323390225,0.0041594505309999995,8.018967858903027e-07,6.563139755033718e-08,3.332426765650891e-08,4.472288342273775e-09,6.148787070890444e-10,2.1443262245879596e-10,20.0,5.338540818322805e-07,-0.4378716633941696,-0.23518481402352165,-0.26118749532712415,208790,214790,3.282229399999397e-08,0.000919680950521118,0.0009196809511068118,0.004903793335,6.292269689408149e-07,1.1093787720310696e-07,9.03407175294498e-08,5.111526968253583e-09,1.5371806169207624e-09,1.506463087685671e-10,20.0,4.1019284963839783e-07,3.0954677999995836e-08,0.0008654627193183752,0.0008654627198719474,0.0054600238799999996,2.9536445590255805e-07,1.0590690423925698e-07,1.4316489477087837e-07,2.0610212988713304e-07,2.8271989265114298e-09,2.5789163602026393e-11,20.0,1.8352812100524214e-07,1.3717015583333593e-07,0.0009729134030790974,0.0009729134127488437,0.004364967346,8.284468317187061e-07,7.660018039614658e-08,3.116472847075874e-08,4.233891009859325e-09,6.492684336024247e-10,2.3099301295720899e-10,20.0,5.524991505596724e-07,-0.4324642681250879,-0.22788850253658544,-0.28129500597070844,278387,284387
trimMA342_1200rpm_Avv__D_04,284387,-5.237261449999991e-07,0.0009146549014187133,0.0009146550513599929,0.004805088043,6.42802850814367e-07,8.205582036145856e-08,8.822886861552938e-08,4.801637280569187e-09,1.421383701616863e-09,1.1137810020368667e-10,20.0,4.1974557996533464e-07,6.107489599999998e-08,0.0008708696249193919,0.0008708696270610115,0.005578994751,2.946931448124827e-07,1.3031012866001696e-07,1.1522720673769233e-07,2.0604236902325585e-07,2.7106544537602573e-09,2.2856166237211627e-11,20.0,1.7580656817790604e-07,3.468990345000001e-07,0.0009649574329850048,0.0009649574953395358,0.0039052963260000004,8.047758868900206e-07,8.673247328652796e-08,3.528326263801186e-08,6.495203000519794e-09,5.991296286234664e-10,1.6510824829647814e-10,20.0,5.365219687585871e-07,-0.4428736972299267,-0.2688461570511406,-0.2640486759003914,0,6000,2.9206276166668028e-08,0.0009139520653239974,0.0009139520657906556,0.005158901214,6.380749900654965e-07,8.911310465790679e-08,9.193539742849545e-08,4.683531529646415e-09,1.5600370787183884e-09,1.6794685268716025e-10,20.0,4.176364450296432e-07,2.3094812666666926e-07,0.0008658825129897669,0.0008658825437890009,0.005586862564,2.830153450188535e-07,1.3072057719201855e-07,1.1993586485201377e-07,1.9941364281279494e-07,2.3871728973693736e-09,2.5219455348508198e-11,20.0,1.744408205853183e-07,-2.566575976666654e-07,0.0009392093643106165,0.0009392093993790068,0.004091024398,7.767658490787316e-07,6.65280552080935e-08,2.9164519908271516e-08,4.804378742859499e-09,6.276549031327384e-10,1.8989650811835862e-10,20.0,5.17780835649076e-07,-0.4208285187519705,-0.24076395179334256,-0.2704737242197772,69596,75596,-6.780624435000031e-07,0.0009194511380766693,0.0009194513881000777,0.005222082138,6.455723461004929e-07,1.1557306092649407e-07,8.668560638020276e-08,5.3622042662971696e-09,1.6498755694218686e-09,1.8941360979559656e-10,20.0,4.2071911272899497e-07,-7.485548673333321e-07,0.000875938994535656,0.0008759393143834369,0.0057060718530000006,3.1375220004506035e-07,1.1717747390426499e-07,1.2287848896719102e-07,2.1349974783559992e-07,2.5367012446167004e-09,3.0785969931807383e-11,20.0,1.9113081823442433e-07,2.637704213333374e-07,0.0009528977652730962,0.0009528978017800732,0.004324436187,8.015993100342229e-07,6.282155081423371e-08,3.13017401674016e-08,5.417101809346894e-09,6.949318220164116e-10,1.8024185046875577e-10,20.0,5.34218188861812e-07,-0.4614671443772087,-0.21989882506118144,-0.2662509628452508,139193,145193,1.4019012616666635e-07,0.0008979620535125932,0.0008979620644558571,0.004799842834,6.201441963449519e-07,9.598924844112718e-08,9.329352119748897e-08,4.6760821995733085e-09,1.5255524016522254e-09,1.8412893373000862e-10,20.0,4.0544492902445844e-07,1.8294652016666417e-07,0.0008896417755451659,0.0008896417943557871,0.005378484726,2.9456610032129316e-07,1.3805829931751848e-07,1.339239170799015e-07,2.214092942974833e-07,2.325656415542239e-09,2.7038373983291662e-11,20.0,1.8128375455548477e-07,3.650983156666618e-07,0.0009664829085333664,0.0009664829774930832,0.004055261612,8.300181350347293e-07,6.932380251724254e-08,2.9547284442653043e-08,4.530463545895473e-09,6.18748813964266e-10,1.9779809458021346e-10,20.0,5.518413190110911e-07,-0.42970215741619494,-0.23429247026566877,-0.2867423595083791,208790,214790,3.243287403333327e-07,0.0009056798784742085,0.0009056799365461226,0.004802465439,6.236800381483637e-07,9.543690681059436e-08,7.93607822800443e-08,4.879279842036289e-09,1.6702019550298912e-09,2.0155875360106223e-10,20.0,4.067688856875982e-07,4.611810060000035e-07,0.0008891108747462545,0.0008891109943533317,0.0057175159449999995,2.933548190598989e-07,1.2350220465039688e-07,1.1941457505391045e-07,2.525060384363034e-07,2.650534766700526e-09,2.9177095013209215e-11,20.0,1.771016166425608e-07,-3.707409216666703e-08,0.0009487087939725468,0.0009487087946969464,0.0039575099950000005,7.893917818050174e-07,7.073728663260233e-08,3.250664788675316e-08,4.771742740896376e-09,6.431359825284268e-10,2.2014679011218912e-10,20.0,5.259494619659332e-07,-0.407226860307029,-0.24901654382811575,-0.26076952849270507,278387,284387
trimMA342_1200rpm_Avv__D_05,284387,-1.7527739099999947e-07,0.0009157140164673165,0.0009157140332422937,0.005009412766,6.536812149399401e-07,9.313953237566169e-08,7.554870408533788e-08,4.304914905488043e-09,1.4891024068745294e-09,1.3945051388277165e-10,20.0,4.239137139952256e-07,-6.373325984999993e-07,0.0008573908320198649,0.0008573910688971266,0.005445241929,2.826774922509716e-07,1.36428347817755e-07,1.1964221709183396e-07,2.014195939402337e-07,2.4441996153742144e-09,2.4172943407676965e-11,20.0,1.6964709427351632e-07,3.3100445833326305e-08,0.0009495622096545272,0.0009495622102314455,0.003908157349,7.745745972002552e-07,8.335315888890084e-08,3.247393586107721e-08,4.866799465031239e-09,6.058738944301439e-10,2.1947270333980542e-10,20.0,5.157003601194923e-07,-0.43602200058441115,-0.262568615406933,-0.2770665850882792,0,6000,5.986293131666678e-07,0.0009206307727376485,0.0009206309673634569,0.004872322083,6.407670657034656e-07,8.150287465649579e-08,1.1301602656898186e-07,4.473186891940762e-09,1.6867185866397079e-09,1.977771130349292e-10,20.0,4.2121298490124895e-07,-9.38534735333336e-07,0.0008582934552818663,0.0008582939684205723,0.0052618980409999995,2.935114841172217e-07,1.1881008225297025e-07,1.190554674456634e-07,1.8738756524412444e-07,2.62729682889523e-09,2.7877388165942363e-11,20.0,1.8032294194487517e-07,4.1349729333332977e-07,0.0009506159654226433,0.0009506160553538089,0.0040507316590000005,7.950508298881729e-07,6.576636170312525e-08,3.289487411419566e-08,4.5461510100431315e-09,7.327884282045163e-10,2.1653577907538894e-10,20.0,5.292144356801551e-07,-0.4442845338095103,-0.23016125531452528,-0.25929634895227854,69596,75596,-6.540616333333462e-08,0.0009098153959853754,0.0009098153983363832,0.005104780197,6.311621255587346e-07,9.709673786761226e-08,9.987104005394822e-08,4.478232740555744e-09,1.6850790620739156e-09,1.8470742913213304e-10,20.0,4.0888326909048413e-07,-4.3396155499999855e-07,0.0008680447233330192,0.0008680448318082017,0.0051782131200000005,3.0416207568256567e-07,1.1907957885303595e-07,1.2403705505976972e-07,2.1182452914026714e-07,2.537066150349753e-09,2.4043708984691405e-11,20.0,1.8505668830305552e-07,3.6299228716665917e-07,0.0009658770601539341,0.0009658771283631303,0.004464387894,8.130316143176727e-07,6.3782190313683e-08,4.228125708802478e-08,4.1886803104094106e-09,6.196658340739603e-10,2.445035781008307e-10,20.0,5.415525011808935e-07,-0.4439396874494803,-0.23788765649361718,-0.24937893159692193,139193,145193,-5.035797788333311e-07,0.0008989973016418009,0.0008989974426837003,0.00510597229,6.162673767480593e-07,8.292334320954112e-08,1.0544624992090942e-07,5.3774255417721824e-09,1.4879430332371802e-09,2.0346406466477164e-10,20.0,4.0242071197344294e-07,5.796750373333361e-07,0.0008943528344458482,0.0008943530223040965,0.005396127701,2.9649152414095226e-07,1.387333202624989e-07,1.3590317543332154e-07,2.4598408499955634e-07,2.677876906610306e-09,2.3547289766378438e-11,20.0,1.8366051689888074e-07,3.635883311666708e-07,0.0009634270705115176,0.0009634271391189263,0.004205703736,8.073036765051571e-07,7.672213171242824e-08,2.9124649962097455e-08,6.632916488284898e-09,6.381233738656873e-10,1.807610933020018e-10,20.0,5.369277484290836e-07,-0.4208587791003348,-0.2374144717785715,-0.27037611208371953,208790,214790,-2.6814142733333256e-07,0.0009092593553282992,0.000909259394865876,0.005202054978,6.172430315293796e-07,8.974926174830592e-08,1.0604074138676511e-07,4.794395036481756e-09,1.7238797702491615e-09,1.6687971029756633e-10,20.0,4.037843788145525e-07,3.8297971549999696e-07,0.0008832497110562513,0.0008832497940868222,0.005554199219,3.023085794696787e-07,1.256337114671887e-07,1.2737220215000747e-07,2.129246023451913e-07,2.9318508002202015e-09,2.4715341251032367e-11,20.0,1.829799297936485e-07,-4.06821562999999e-07,0.0009463516729408027,0.0009463517603838649,0.004144430161,7.866910067858271e-07,7.086526140569379e-08,2.895666182330033e-08,4.258352070411664e-09,6.122555853001942e-10,2.226705053336058e-10,20.0,5.242001669078545e-07,-0.41739993869472025,-0.22897164221110514,-0.2902773403751041,278387,284387
trimMA342_1200rpm_Avv__D_06,284392,8.455117506666673e-07,0.00091380409962553,0.0009138044907870316,0.005004644394,6.310196576602335e-07,1.0203023806462726e-07,1.0492301550061672e-07,4.874611834202122e-09,1.8130791613814922e-09,2.0767442838754385e-10,20.0,4.121707718043454e-07,-5.572636961666712e-07,0.0008817081798169717,0.0008817083559199063,0.0057301521309999996,3.035210027045165e-07,1.2302056544529555e-07,1.2393806344228185e-07,2.2521701809035836e-07,2.9167354519689655e-09,3.418989475970076e-11,20.0,1.8146499047624523e-07,2.5037924433332637e-07,0.0009457366452526813,0.0009457366783960332,0.004311561584,7.900035749113018e-07,6.226222190281345e-08,3.4998606104971187e-08,3.4929224738797658e-09,6.969559018545903e-10,2.1695338437037004e-10,20.0,5.2630698224902e-07,-0.4357340066778315,-0.2253583697937975,-0.2851614923020859,0,6000,-7.76449842999997e-07,0.000907651140228053,0.0009076514723348623,0.004816532135,6.307630318884651e-07,1.0928222856577008e-07,9.030739214639372e-08,4.792959053582154e-09,1.624408812282911e-09,2.1755458382405486e-10,20.0,4.085662119104714e-07,3.6915143166669124e-08,0.0008798053513126367,0.0008798053520870852,0.00563788414,2.8952993601350076e-07,1.2856942344452103e-07,1.3065909912693074e-07,2.3497793692080264e-07,2.180296843851517e-09,2.6409807228293533e-11,20.0,1.756077135836954e-07,1.3550119833330663e-08,0.0009545796690884211,0.0009545796691845921,0.004282474518,7.967266873802364e-07,7.041557886611557e-08,3.442907609448815e-08,4.812504662911212e-09,6.534747262067538e-10,2.32292162944125e-10,20.0,5.30904900409822e-07,-0.40032414469110383,-0.23323435528554678,-0.28221615289098306,69598,75598,2.1537142500005142e-08,0.0009189564553842622,0.00091895645563664,0.005119800568,6.360702489754319e-07,1.0973194753526204e-07,8.898068175189032e-08,4.7497748639738604e-09,1.6613084852824777e-09,1.8126524947576394e-10,20.0,4.159376095611351e-07,1.79251032500001e-07,0.0008690906929002131,0.0008690907113855867,0.005706548691,2.7814130173533104e-07,1.2038739158763543e-07,1.2180348698716503e-07,2.385386976584183e-07,2.5273587065255896e-09,2.6920663674063805e-11,20.0,1.6893378296482635e-07,-9.703635433333408e-08,0.0009600137131862494,0.0009600137180903741,0.004262447357,7.940629294710064e-07,8.03876728350488e-08,3.759852514614615e-08,5.674765657911199e-09,6.458057903606705e-10,1.9981386873084102e-10,20.0,5.272694793073155e-07,-0.42434525369245063,-0.22741216934391834,-0.2722257056133793,139196,145196,-7.083018623333358e-07,0.0009291372001520063,0.0009291374701290641,0.004729509353999999,6.480130782232832e-07,1.1484092791338962e-07,8.906054176658337e-08,4.481807557328952e-09,1.4874880426459055e-09,1.8688302114664344e-10,20.0,4.2556768484554654e-07,3.070433926666682e-07,0.0009031833282312478,0.0009031833804220043,0.005342721939,2.9971646854925337e-07,1.266393636809659e-07,1.2371034829334972e-07,2.750896467726478e-07,2.7714552833786336e-09,2.6608805825393357e-11,20.0,1.8591874596420544e-07,-6.974538194999928e-07,0.0009501208032113391,0.0009501210592007686,0.0041177272800000005,7.856115185097171e-07,7.65986352509965e-08,3.3896445920951204e-08,5.867073973564608e-09,5.719776680720006e-10,2.0319046021124518e-10,20.0,5.2327125823959e-07,-0.3894868611351798,-0.22339780621470967,-0.26093091928138384,208794,214794,7.608731566666662e-07,0.0009287367912959897,0.0009287371029708737,0.005170106888000001,6.635348634447831e-07,1.0894202493753379e-07,7.929351660766212e-08,5.71516456980523e-09,1.5945125871885226e-09,1.6074034847135326e-10,20.0,4.2920780580379906e-07,-3.417335499996769e-09,0.0008788086456169417,0.000878808645623586,0.005700826644,3.19273619761215e-07,1.1563140565375374e-07,1.1893426699209365e-07,2.1950363763677783e-07,2.3181561792313306e-09,2.195902998735734e-11,20.0,1.9158769272054457e-07,-4.597902329999994e-07,0.0009677362593413412,0.0009677363685689559,0.004771232605,8.21719529507052e-07,7.876567217418043e-08,2.548502221986363e-08,5.5294975453209594e-09,6.425014251663591e-10,2.479828926579765e-10,20.0,5.455721724992248e-07,-0.4648140571536618,-0.2066661728768289,-0.27755993007103363,278392,284392
trimMA342_1200rpm_Avv__D_07,284387,-4.0125846983333006e-07,0.0008776888099998121,0.0008776889017227265,0.004885911941,5.824136444951147e-07,9.439694386104232e-08,8.597675798384115e-08,4.732688896134397e-09,1.8047868542660198e-09,2.2903331013861944e-10,20.0,3.8141208354924444e-07,6.340344745000062e-07,0.0008844578161369154,0.0008844580433945957,0.005275011062,3.154477995393992e-07,1.2027835191171086e-07,1.2850041592759668e-07,2.1004705481445898e-07,2.873449924017906e-09,2.6850662747483667e-11,20.0,1.960953051646031e-07,1.2516978833333285e-08,0.0009572814932974931,0.0009572814933793263,0.00454044342,8.156872574581758e-07,6.354651382029648e-08,2.745995019142538e-08,6.871467594575734e-09,6.773531147670348e-10,2.057003053893958e-10,20.0,5.418699596913734e-07,-0.42952514326444363,-0.2685472680367758,-0.2885001304818487,0,6000,-6.40193619833337e-07,0.0008654748959381511,0.0008654751327144092,0.0050940513609999995,5.797082926775292e-07,9.696095597631883e-08,7.411865872386719e-08,4.819555799880562e-09,1.6787165632384253e-09,1.708776500260505e-10,20.0,3.77668485161978e-07,7.530053398333338e-07,0.0008608338344016499,0.0008608341637433362,0.005528450012000001,2.886739153750618e-07,1.3094049757228464e-07,1.232993135957795e-07,1.9508452570247873e-07,2.4867962479273006e-09,2.5864601975625885e-11,20.0,1.7503429009370193e-07,-1.861651881666683e-07,0.0009313421737440599,0.0009313421923502594,0.004129886627,7.627800492374113e-07,6.872510574443705e-08,2.5576986471601376e-08,5.4612062023583015e-09,7.088656991025896e-10,2.3147933093376136e-10,20.0,5.070468478390019e-07,-0.43432313105198866,-0.27457439838070724,-0.293082832021099,69596,75596,9.342829366666647e-07,0.0008839293181667168,0.0008839298119190699,0.004681110382,6.014971643270764e-07,8.694493090095247e-08,7.7704674395307e-08,5.114661839861245e-09,1.7232391970865387e-09,1.5391364641056447e-10,20.0,3.917969300206562e-07,-2.8928117666665586e-08,0.0008615165641830293,0.0008615165646687053,0.005669116973,2.9343296063723235e-07,1.1047639194698805e-07,1.265036275842162e-07,2.081714934035033e-07,2.368366666906266e-09,2.3936305070851522e-11,20.0,1.780551982286599e-07,5.960468333337845e-09,0.0009308100141056655,0.0009308100141247495,0.0040102005,7.41850416129021e-07,8.677815567660391e-08,3.3030359905802837e-08,4.82063963405226e-09,6.501227580126558e-10,2.368094809826853e-10,20.0,4.940624654101017e-07,-0.43425557439009677,-0.24706449025092106,-0.27464200463146937,139193,145193,2.7815505666665848e-08,0.0009118258817327338,0.0009118258821569937,0.004600286484,6.574428444375286e-07,7.446831565645741e-08,7.890033248402806e-08,5.268748629383744e-09,1.764801673260897e-09,2.1399263236977527e-10,20.0,4.2539812484669054e-07,1.5938282049999942e-07,0.0008829071656605665,0.0008829071800464975,0.005481243133,3.004882916388361e-07,1.2987024142810727e-07,1.2812401769929417e-07,2.2144719837932146e-07,2.475047436648368e-09,3.316121644431015e-11,20.0,1.8344699272521144e-07,-9.457272000003291e-09,0.0009571774396746101,0.0009571774397213309,0.004504442215,7.678554231743991e-07,1.0807251816194729e-07,2.8682321929869806e-08,4.5245995469700735e-09,6.503624369391114e-10,2.3726081132014423e-10,20.0,5.106201860811259e-07,-0.4602931262530316,-0.2296763712797813,-0.3035941229633669,208790,214790,-8.622802499996808e-09,0.0009311447762614731,0.0009311447763013987,0.004690408707,6.998679861726357e-07,8.017919344898455e-08,8.030869903318745e-08,4.8775982183929995e-09,1.6122835139645558e-09,1.7957200242747126e-10,20.0,4.567736464203478e-07,-4.6245256866666386e-07,0.0008627012646364264,0.0008627013885856841,0.005521297455,2.816719082372885e-07,1.1794558693211953e-07,1.3315481576066404e-07,1.957268782377711e-07,2.5612244855736378e-09,2.154491428549257e-11,20.0,1.731853370346965e-07,-2.1791458500000292e-07,0.0009689532450398662,0.0009689532695440235,0.004346609115,8.215802034251511e-07,7.194242497511353e-08,3.675401195604502e-08,5.628084254219155e-09,6.142973846844302e-10,2.076292015011978e-10,20.0,5.453158047110538e-07,-0.45425788804529926,-0.27894300497616925,-0.22970460318854066,278387,284387
trimMA342_1200rpm_Avv__D_08,284387,4.7365827166669095e-08,0.000916557310039949,0.0009165573112638341,0.004453659058,6.394946424214475e-07,6.477663001623003e-08,1.2344924172503062e-07,5.110902088540648e-09,1.7296136750081656e-09,2.09428409057063e-10,20.0,4.175884836408959e-07,-1.0841290145000026e-06,0.0008768897636744041,0.0008768904338471667,0.005887269974,3.0073981993400937e-07,1.1312909978441123e-07,1.3236633275062847e-07,2.3154699430389775e-07,2.539319233263624e-09,2.8448153402056745e-11,20.0,1.8247021071950596e-07,1.4114380016666654e-07,0.0009595633320918757,0.0009595633424724162,0.004269123077,8.01731009336953e-07,6.863124916903738e-08,4.135799475359544e-08,4.814367449507618e-09,6.610945781966046e-10,2.2348141570288722e-10,20.0,5.333586652968715e-07,-0.43720499885798497,-0.2731133975364097,-0.2498488804592549,0,6000,-1.058816905999998e-06,0.0008958286844416885,0.000895829310171177,0.004594087601,6.40484427216787e-07,7.126271026950814e-08,9.564011317116518e-08,5.3556885510701675e-09,1.7013133090319992e-09,2.1446903194637967e-10,20.0,4.135392346654415e-07,-6.628036366667101e-08,0.000870974595880917,0.0008709745984028543,0.005316734314,2.9454801401789097e-07,1.1963921197892993e-07,1.2587236345747304e-07,2.2419392635776265e-07,2.332349669190704e-09,2.5938859170653752e-11,20.0,1.8290568597896741e-07,-2.5121370733332804e-07,0.0009363759768591373,0.0009363760105573135,0.003966808319,7.745824290447451e-07,5.9212167768742385e-08,3.2062211115234065e-08,5.073734731443581e-09,6.148778610387245e-10,1.9474148923752457e-10,20.0,5.158811573453066e-07,-0.45894507106202465,-0.2881864252095069,-0.2544958135660538,69596,75596,-2.3547807966666062e-07,0.0009021177382900654,0.0009021177690232628,0.004660367965,6.231519607292487e-07,7.612854376005646e-08,1.058410260030643e-07,4.737524141825106e-09,1.5153805221812054e-09,1.5979107034952024e-10,20.0,4.075141902902966e-07,3.117322953333293e-07,0.0008810229020083596,0.0008810229571584702,0.005570173263,3.1247567019033695e-07,1.2427799675007865e-07,1.247490015861938e-07,2.1438450143683785e-07,2.385327203913562e-09,2.383505665054206e-11,20.0,1.897670215539626e-07,-1.1070569266666217e-07,0.0009566044880730543,0.0009566044944789152,0.004175186157000001,8.071816267591015e-07,5.980090963174161e-08,3.616931552716651e-08,4.6656200132643265e-09,6.604315332123517e-10,2.127263065432557e-10,20.0,5.37686052076561e-07,-0.4578587940671823,-0.24231070383855127,-0.27405872419018595,139193,145193,8.570353143333327e-07,0.0008798104696738844,0.0008798108870986485,0.0043365955349999995,5.947294643340928e-07,6.58633653910119e-08,9.744572631416437e-08,4.666802739371133e-09,1.815428431317098e-09,1.8991788444932996e-10,20.0,3.900278937818568e-07,1.0203917831666694e-06,0.0008777029727218907,0.000877703565860499,0.005645990371,3.0700197852189603e-07,1.2848297232087308e-07,1.1834693601970585e-07,2.1761985583349894e-07,2.471916702735883e-09,2.1966875313813178e-11,20.0,1.8873741121591472e-07,-5.28693201666672e-07,0.0009703034938920858,0.00097030363792768,0.0040335655209999995,8.107546701965489e-07,7.785271845410781e-08,4.391430363245138e-08,5.070221648850627e-09,6.416744256094394e-10,2.046517608906706e-10,20.0,5.393362212343818e-07,-0.4295771935130013,-0.25917691556146977,-0.27887988656882123,208790,214790,1.060963166666512e-08,0.000891117005284745,0.0008911170053479041,0.0051245689390000005,5.951073684844002e-07,6.784020282285384e-08,1.1542640131883031e-07,5.0843908215152075e-09,1.787977393365645e-09,2.0581580263995825e-10,20.0,3.8376437670859577e-07,7.303158455000009e-07,0.0008704798254003302,0.0008704801317607561,0.00624704361,2.9086347007077404e-07,1.1477933080555085e-07,1.3000645699854575e-07,2.2129995803144534e-07,2.589623746337036e-09,2.728500580103241e-11,20.0,1.7526840589997252e-07,2.6714801850000367e-07,0.0009368765674328424,0.0009368766055211376,0.004277467728,7.441037516725457e-07,7.075534533821743e-08,5.15156073177603e-08,6.972469927288333e-09,6.13261981427395e-10,2.1886179306962049e-10,20.0,4.957527244903206e-07,-0.4227273717659679,-0.2811256035949401,-0.280198529368516,278387,284387
trimMA342_1200rpm_Avv__D_09,284387,-1.709858516666674e-07,0.0009090845091975847,0.0009090845252775865,0.004673719406,6.376270808109444e-07,8.652801991985673e-08,1.0354048375773777e-07,5.3695018140108765e-09,1.7138266419549715e-09,2.0472338552267028e-10,20.0,4.1245561612028906e-07,-9.715556633333276e-08,0.0008604581546010846,0.0008604581600860718,0.005621433258,2.7645094847770833e-07,1.3399668511399568e-07,1.138165063803385e-07,2.082874753453003e-07,2.468361334253887e-09,2.6813195565871587e-11,20.0,1.677038398341708e-07,-6.451606774999832e-07,0.0009318519556100463,0.0009318521789460856,0.004414796829,7.623120796334774e-07,6.647685153690108e-08,3.258118643018622e-08,4.192150037143633e-09,6.38266078158598e-10,1.9845272623711712e-10,20.0,5.070777072135281e-07,-0.41477569265887954,-0.26390669848760934,-0.2871875080079323,0,6000,-2.180735318333335e-07,0.0009066421955361047,0.0009066422217625835,0.004483699799,6.454030785585702e-07,8.410356239827411e-08,8.032939901726404e-08,4.578905841821742e-09,1.7873916858696151e-09,1.993549781813796e-10,20.0,4.2110497367702927e-07,-3.331502286666674e-07,0.0008763757150492983,0.0008763757783720655,0.005306005478,2.9374148742258625e-07,1.2389966895613625e-07,1.1774352155163127e-07,2.2386622781421034e-07,2.3690511570644894e-09,2.2054927401299525e-11,20.0,1.7597142348164618e-07,-5.940198891666685e-07,0.0009388427140274786,0.0009388429019501136,0.003977298737,7.513076143047463e-07,9.296929748275463e-08,2.7664799059295756e-08,4.334143246867698e-09,6.256184112758009e-10,2.0740121244710433e-10,20.0,4.995625696210259e-07,-0.42871678218563763,-0.2279516638699741,-0.2706876182840226,69596,75596,-1.3609727616666472e-07,0.0009197309099541542,0.0009197309200236584,0.005177021026,6.427537904950804e-07,8.111045584804017e-08,9.480654736497152e-08,4.756243330497449e-09,1.7948746741012274e-09,2.2304223275064708e-10,20.0,4.1914400038285454e-07,9.99768538333332e-08,0.0008734379294782131,0.0008734379352000687,0.005490541458000001,2.9197055828280614e-07,1.226641591285964e-07,1.3013926663422075e-07,2.1780579820185358e-07,2.5155952127044834e-09,2.346037539774303e-11,20.0,1.7797526233777448e-07,8.157889066666423e-08,0.0009668135751316141,0.0009668135785733922,0.004058599471999999,8.11219810600514e-07,8.267100401593163e-08,3.644274371593748e-08,4.9612701786717185e-09,6.854224337474476e-10,2.111079835290654e-10,20.0,5.390731200493249e-07,-0.4411263904432111,-0.2396904486937351,-0.27855109417293594,139193,145193,3.5464764149999337e-07,0.0009030319309741848,0.0009030320006145488,0.005015134811,6.385892258129938e-07,9.733277633130145e-08,8.118113889187645e-08,5.2736328788115116e-09,1.6473118914132804e-09,1.8895450568776396e-10,20.0,4.1565367209215065e-07,6.41584395166665e-07,0.0008716143456170655,0.0008716145817481495,0.005734920500999999,3.0084454022566794e-07,1.3429853617040377e-07,1.2232477017823282e-07,2.069917031296262e-07,2.7269310035509893e-09,2.5102294430017944e-11,20.0,1.8432560816915495e-07,4.5804182966666687e-07,0.0009528686930934708,0.0009528688031833011,0.004256010055,7.969263858193229e-07,6.807227887045182e-08,3.067893735207164e-08,5.348815493572891e-09,6.070665020327694e-10,1.94413665519105e-10,20.0,5.314378217143932e-07,-0.4647711668728565,-0.25179642601005264,-0.2688803768750523,208790,214790,8.38955243999999e-07,0.0009257599123944766,0.0009257602925393432,0.00465631485,6.723176163493457e-07,1.0245844863857512e-07,7.76016470916883e-08,4.5053813350581275e-09,1.6147251308317383e-09,1.798416591701946e-10,20.0,4.3913947303988386e-07,-3.9525827266666664e-07,0.0008688142154183204,0.0008688143053277,0.005130052567,3.2095566745865266e-07,1.2484677145900286e-07,1.0856705254824463e-07,1.958685788330694e-07,2.228362345504953e-09,2.6906273390999982e-11,20.0,1.9912945050314332e-07,6.565650338333322e-07,0.0009608334889696909,0.000960833713294508,0.004600286484,8.222321006879757e-07,6.469014159716401e-08,2.6093179393000247e-08,4.461642754283734e-09,6.316750316779248e-10,1.992910177952032e-10,20.0,5.472507271346433e-07,-0.48583646664016467,-0.25420224205402997,-0.259198617455429,278387,284387
trimMA342_1200rpm_Avv__D_10,284388,4.88440199000002e-07,0.0008968458459051351,0.0008968459789122798,0.004314899445,6.246057902224288e-07,8.091094192119104e-08,8.355209869686678e-08,4.958956775478133e-09,1.7857427601159688e-09,1.9137490307934314e-10,20.0,4.077721535086712e-07,-2.4314721750000267e-07,0.0008789095679604454,0.0008789096015933528,0.005169153213,3.262824668246095e-07,1.2976748375262867e-07,1.144273917300797e-07,1.967840138113929e-07,2.380100929627458e-09,2.338826071044267e-11,20.0,1.987799767284222e-07,-4.954338163333336e-07,0.0009461320832354009,0.0009461322129501911,0.004013299942,7.801999683557583e-07,7.833619928979103e-08,2.8760928122224153e-08,4.240697361364264e-09,6.59968754108329e-10,2.0852303539342105e-10,20.0,5.205354903380084e-07,-0.460380112029448,-0.22243968716013648,-0.2887430793856363,0,6000,-1.5767018043333376e-06,0.0009001791509063516,0.0009001805317351958,0.004422187805,6.275740202577652e-07,7.267268039837325e-08,8.831300603557205e-08,5.239584400211224e-09,1.6131408824486757e-09,2.0364696902611132e-10,20.0,4.067892040528135e-07,5.954503999999935e-07,0.0008842638531998669,0.0008842640536836577,0.005473852158,3.115602634019335e-07,1.2935372781902085e-07,1.2129012792686462e-07,2.052518376988709e-07,2.5105948696106735e-09,2.7254084778486175e-11,20.0,1.8792459795268348e-07,6.040732076666739e-07,0.0009524981926710266,0.000952498384222258,0.004069805145,7.877093870996235e-07,7.605877543161546e-08,3.3886584280356197e-08,4.8129884018585345e-09,6.716256215266651e-10,1.8867439991567415e-10,20.0,5.247692597473079e-07,-0.4202676190380464,-0.2585942180116628,-0.29160611852647594,69597,75597,-1.911322273333444e-07,0.0009039432796775007,0.0009039432998842597,0.0046334266659999995,6.284247349501285e-07,9.229370280353772e-08,7.387766819994244e-08,5.108950238363128e-09,1.6435668961651954e-09,1.880453168788663e-10,20.0,4.083090058928318e-07,-5.787610991666656e-07,0.0008542346015994054,0.0008542347976605173,0.0053083896630000005,2.7465053049974627e-07,1.1828970512489779e-07,1.1112709996984222e-07,2.1747692110096983e-07,2.344928555138591e-09,2.9418485580853036e-11,20.0,1.6511463037202726e-07,2.505779251666696e-07,0.0009529587879556774,0.0009529588209000693,0.004266500473,7.834121816497043e-07,7.837255458429845e-08,3.4186515821103814e-08,4.980583520728308e-09,6.779388010200518e-10,2.0673056828154598e-10,20.0,5.214863033162007e-07,-0.400747017127841,-0.2543558298251405,-0.2822609366928089,139194,145194,-5.075534115000016e-07,0.0009060995523839349,0.0009060996945374348,0.004568576813,6.503710671696048e-07,9.41997538781108e-08,7.994187033933521e-08,4.332561625347015e-09,1.6476206109760392e-09,1.798720847325398e-10,20.0,4.2424933634738026e-07,-1.3667742448333366e-06,0.0008621089226077292,0.0008621100060384962,0.005088806152999999,2.594875133740746e-07,1.4294099248193624e-07,1.1629517277742095e-07,2.2091065000915122e-07,2.6229828027503665e-09,2.605172618104576e-11,20.0,1.5701528786847478e-07,5.011558508333363e-07,0.0009386980430243202,0.0009386981768038518,0.003996133805,7.714969188095008e-07,7.180936648243455e-08,2.9111839922141213e-08,4.3257301161554116e-09,6.624694703159594e-10,1.9760059138749305e-10,20.0,5.13257621603982e-07,-0.421918185479056,-0.2602793311131096,-0.26062395932142685,208791,214791,1.1838674535000031e-06,0.0009233837956523214,0.0009233845545683747,0.0047249794,6.432642387939863e-07,1.265562206762788e-07,8.970602933812099e-08,5.473690594910603e-09,1.8008575848473085e-09,1.714774001748725e-10,20.0,4.1973965020687623e-07,-1.5556812266667142e-07,0.0008827735903126011,0.0008827736040202159,0.0057713985450000005,3.179193934617815e-07,1.1166382253798348e-07,1.339221762223313e-07,2.0243398760262623e-07,2.357081144726288e-09,2.2903222641022613e-11,20.0,1.9416747889665747e-07,1.1909008583333228e-07,0.0009589770020051031,0.0009589770093996749,0.004102230072,7.93370288827448e-07,8.654939360613704e-08,2.8821346265099397e-08,4.892542761676199e-09,6.484588275161734e-10,2.2895289994783035e-10,20.0,5.282019891081254e-07,-0.43759049056101407,-0.192467777192375,-0.2573405569663374,278388,284388
trimMA342_1200rpm_Avv__D_11,284387,-4.589557433332346e-08,0.0008981747383134842,0.0008981747394860866,0.0049214363090000005,6.234051152511471e-07,9.110504779167954e-08,7.403131196835387e-08,4.661564847364398e-09,1.6139155784789678e-09,1.4887509905329605e-10,20.0,4.0674564933620914e-07,2.0384788399999364e-07,0.0008963118365910921,0.0008963118597716177,0.005767822265,3.2312329508342934e-07,1.1664317595607127e-07,1.286582816615609e-07,2.186239657946545e-07,2.54596169591045e-09,2.612748014345676e-11,20.0,1.9712845566831127e-07,1.0597705883333303e-07,0.0009713190833714835,0.0009713190891528675,0.004107952118,8.383491817293842e-07,7.312371174148314e-08,2.6160966982080318e-08,4.704513641249474e-09,5.922420423107094e-10,1.931165994504685e-10,20.0,5.583844809230179e-07,-0.44500326724988004,-0.21123499126620235,-0.2858170836461333,0,6000,3.1057993050000464e-07,0.0009042339600128248,0.00090423401335073,0.004711389542,6.125760121044294e-07,1.095019725703444e-07,1.0618628656316602e-07,4.832616270464647e-09,1.6393704437859732e-09,1.8314269769909133e-10,20.0,3.996032769796855e-07,5.793174175000015e-07,0.0008834590051038348,0.0008834591950439635,0.005646467208,2.981581958404726e-07,1.385416129077569e-07,1.2219201140422763e-07,2.270684592142169e-07,2.412826820738819e-09,2.4917963334159483e-11,20.0,1.825718042623106e-07,-1.4197826566667016e-07,0.0009785478911125862,0.000978547901412454,0.004287004471,8.305563682709551e-07,6.91796028243862e-08,4.483946906640446e-08,4.335233267071694e-09,6.819155912397209e-10,2.0301923731359945e-10,20.0,5.532385934374085e-07,-0.43324720723542526,-0.23555707986756763,-0.29296850896827425,69596,75596,3.050168274999973e-07,0.000891839511260723,0.0008918395634199181,0.004657030106,6.14455191315462e-07,9.269464864518176e-08,6.89022442928156e-08,4.935243220041974e-09,1.5794263618915622e-09,1.6330552208546034e-10,20.0,4.0139074679728583e-07,-2.0356973099999962e-07,0.0008856295645574359,0.0008856295879535805,0.005955457688,3.031708137964104e-07,1.2070908239569783e-07,1.20310653635115e-07,2.3066049005135016e-07,2.1305344653236448e-09,2.4520050739812494e-11,20.0,1.834730698161249e-07,-4.821618315000014e-07,0.0009387676588523473,0.0009387677826742611,0.00399851799,7.779983520795635e-07,6.92020577961246e-08,2.6965504447287605e-08,4.551590904053685e-09,6.449231854851239e-10,2.462586244752051e-10,20.0,5.183585171829662e-07,-0.4200571244910336,-0.26009517380525077,-0.27969836720961394,139193,145193,-9.46521745000065e-08,0.0009104465827684135,0.000910446587688545,0.004694223403999999,6.587211875864417e-07,7.75095108506121e-08,7.457930709610234e-08,4.990951264505583e-09,1.7752429273973262e-09,1.783808166081789e-10,20.0,4.2755724411440816e-07,3.3974647433333433e-07,0.0008736093061150746,0.0008736093721787381,0.005602836609,2.8819367539150057e-07,1.3151648306064865e-07,1.193929169590805e-07,2.1272723264410338e-07,2.5955796468374368e-09,2.7814017916304413e-11,20.0,1.7656387413207834e-07,1.1408329300000482e-07,0.0009466536728365159,0.0009466536797107288,0.004082679749,7.673007658108701e-07,8.001704779174833e-08,3.483361810032898e-08,5.028012433720125e-09,7.046903862643701e-10,2.3573921551531147e-10,20.0,5.099483509340565e-07,-0.43092625849530314,-0.24435981898219344,-0.2934138626787201,208790,214790,-2.771218650000039e-07,0.0009041341081113638,0.0009041341505810183,0.004603385925,6.330572157430083e-07,8.350218575521123e-08,7.672302076506717e-08,4.5492006922207785e-09,1.5295738711484009e-09,1.9567147929012426e-10,20.0,4.133073837823827e-07,2.3420652183334112e-07,0.0008747178157784753,0.0008747178471329836,0.005677938462,2.9014198201018914e-07,1.2486768982472685e-07,1.1725345917969013e-07,2.2462981005169955e-07,2.6646069838395645e-09,2.879357836167109e-11,20.0,1.7815915622807467e-07,3.492832234999922e-07,0.0009543039692006874,0.0009543040331209738,0.00424528122,8.080453267039918e-07,6.35488024853872e-08,3.093383010512322e-08,5.1318475495207335e-09,6.480721468424951e-10,2.2073380524018354e-10,20.0,5.370726018243726e-07,-0.41094549175198714,-0.23426799174484686,-0.2802679730189902,278387,284387
trimMA342_1200rpm_Avv__D_12,284387,1.6760825800000065e-07,0.0009082622669730225,0.0009082622824380094,0.004658222198,6.170679308687239e-07,8.986656079400919e-08,1.01220273165062e-07,4.309065374677256e-09,1.4335378240845205e-09,1.6369027757512726e-10,20.0,4.0211584786585495e-07,-1.480579388333294e-07,0.0008406477376886611,0.0008406477507269125,0.005216121674,2.5929567999228946e-07,1.2213387169659525e-07,1.2506133393851552e-07,2.0390416626308287e-07,2.180624359392851e-09,2.621739515773097e-11,20.0,1.6107992334634422e-07,-2.5510786666661788e-08,0.0009753282785645127,0.000975328278898144,0.004485845566,8.356978530250004e-07,8.495235114330271e-08,2.7859660088494876e-08,4.3036040062709285e-09,5.707015136322096e-10,1.7892780976474036e-10,20.0,5.536258580143547e-07,-0.3892420007251128,-0.28055194909937625,-0.24688299506189854,0,6000,-1.1046727200000016e-07,0.0009126658611514118,0.0009126658678367818,0.005113601684,6.348700909309729e-07,1.1445753350703047e-07,7.374976026558883e-08,4.618514743404408e-09,1.6786625389518321e-09,1.6138840233177048e-10,20.0,4.1201193974941525e-07,1.3363362433333436e-07,0.0008476434260500839,0.0008476434365839624,0.005436658859,2.7958422412772033e-07,1.2298354605083704e-07,1.2172156264526052e-07,1.8232833216342125e-07,2.4695225657863606e-09,3.0552148773364345e-11,20.0,1.7124772308580272e-07,1.668930058333328e-07,0.0009461760976083772,0.0009461761123272415,0.0039114952090000005,7.690514084036253e-07,9.46430770813214e-08,2.7586886709606217e-08,5.025500770368272e-09,6.392703713137136e-10,1.8095164326776108e-10,20.0,5.109588167433572e-07,-0.4494745757258786,-0.2853454117591179,-0.2584706279370281,69596,75596,7.644097024999987e-07,0.0009063733712275788,0.0009063736935682983,0.004735946655,6.291583098984863e-07,8.183012292037977e-08,1.0381020505453768e-07,4.939542868919853e-09,1.4533826436171468e-09,1.3058200899099282e-10,20.0,4.0962808105197137e-07,8.09828498333365e-08,0.0008961602652820495,0.000896160268941117,0.005745410919,3.0062860218356763e-07,1.3953834313782093e-07,1.1968346588069384e-07,2.4397608809584934e-07,2.3806138063325727e-09,2.3574545671265852e-11,20.0,1.8206420346302426e-07,1.7956893033332459e-07,0.0009428170179861557,0.000942817035086505,0.004245758057000001,7.492804928727075e-07,8.419377113235027e-08,4.18536404569132e-08,4.5086657883098644e-09,5.504691071621743e-10,1.7922738278404212e-10,20.0,4.987451132667162e-07,-0.44004903818053887,-0.23077715203571036,-0.2897308777294856,139193,145193,4.434188208333375e-07,0.0009100792444953825,0.000910079352519074,0.004743814469,6.338125929966502e-07,7.592525084876545e-08,1.069974584529293e-07,4.851921940950562e-09,1.4760036904703518e-09,1.6606525457891795e-10,20.0,4.118456150943991e-07,-1.576741465000008e-07,0.0008604269744076774,0.0008604269888546536,0.005158424377000001,2.8779235251080705e-07,1.012167593620321e-07,1.252572269272718e-07,2.263142616047959e-07,2.569197110907839e-09,2.366171336709267e-11,20.0,1.79823992374496e-07,1.594225558333324e-07,0.0009509588863839654,0.0009509588997470832,0.004422187805,7.880313175616902e-07,7.978210770358188e-08,3.12721896172815e-08,5.66787400431932e-09,6.103513053907636e-10,2.1722181077417953e-10,20.0,5.246889704256245e-07,-0.45481583200598424,-0.23830635924294205,-0.2654800710267121,208790,214790,-5.989869393333349e-07,0.0009093929177485366,0.0009093931150149258,0.004842996598000001,6.21985461291542e-07,8.027212464841842e-08,1.1600413998115814e-07,5.3882589948820746e-09,1.5468126733621116e-09,1.699329373258586e-10,20.0,4.0353987236418694e-07,3.2826264116666766e-07,0.000880138694288606,0.0008801387555041613,0.005448818207,3.01656993174197e-07,1.2617841280437956e-07,1.2364791254167836e-07,2.1557018716787045e-07,2.462067867169866e-09,2.754224276802741e-11,20.0,1.7957452310617794e-07,-2.662343166669768e-09,0.0009707524057259083,0.0009707524057295592,0.003902196885,8.025641590287214e-07,1.0175467484901595e-07,3.0669837188007764e-08,4.184081618730532e-09,6.822687716972844e-10,1.9598298238086082e-10,20.0,5.341399705178002e-07,-0.4272967291927993,-0.2512529157088072,-0.29311453255953707,278387,284387
trimMA342_1200rpm_Avv__D_13,284389,-1.0184844379999974e-06,0.0009052034658310848,0.0009052040388018373,0.004602670669,6.253085235944916e-07,7.964863495033142e-08,1.0860570884278704e-07,4.572976280846573e-09,1.721202587924275e-09,2.0461882452342907e-10,20.0,4.100362435438978e-07,7.27613762166665e-07,0.0008563974737005515,0.0008563977827986675,0.005400419235,2.8267102965132556e-07,1.2164232324811922e-07,1.2126094371934535e-07,2.0672851564405877e-07,2.3442592490007713e-09,2.4537361426784582e-11,20.0,1.7294753296873087e-07,-1.2751420983332997e-07,0.0009638471588319763,0.0009638471672668581,0.004526138305,8.088860647435168e-07,6.944333386362602e-08,3.7920202889692845e-08,4.120054742744825e-09,6.377601833826145e-10,2.0178513493329106e-10,20.0,5.379564443615099e-07,-0.43343619205874295,-0.25126141281797965,-0.2843044185396642,0,6000,4.1484825166664364e-08,0.0009142464077056803,0.0009142464086468874,0.0049557685859999995,6.209120118496869e-07,9.942791002592506e-08,9.985324186431806e-08,5.307763341383023e-09,1.634961189439608e-09,2.151286522694615e-10,20.0,4.0392330358682035e-07,9.213288599999993e-07,0.0008616797640805974,0.0008616802566340152,0.005485773086,2.952790808365169e-07,1.1543145711947773e-07,1.192407295691489e-07,2.0781587721300485e-07,2.2931297577684066e-09,2.3443134180032705e-11,20.0,1.840016713958046e-07,-1.3975302016666981e-07,0.0009632114013758016,0.0009632114115142336,0.004624843598,8.231030614135843e-07,6.93157938876177e-08,3.0273064181775815e-08,5.7742910164019165e-09,6.0517206109995e-10,1.8814267011254641e-10,20.0,5.474646355959434e-07,-0.4359785947306419,-0.2520707708222163,-0.28352509260995923,69597,75597,-9.144941991666595e-07,0.0008912804305836381,0.0008912808997398047,0.004672050476,6.23543128787114e-07,1.0036953674103331e-07,7.171082465018704e-08,4.7698422616224055e-09,1.4115337845433744e-09,1.5039414854306124e-10,20.0,4.0427891911276355e-07,3.5460789800000436e-07,0.0008761326786148246,0.0008761327503772182,0.005510807038,2.772810129611942e-07,1.4096655728470432e-07,1.206334988811702e-07,2.326796454642068e-07,2.203950632595408e-09,2.488130000553313e-11,20.0,1.6755875244078996e-07,-5.805492439999854e-07,0.0009639126387338057,0.0009639128135615756,0.003863334656,7.971916937065946e-07,9.802055376995034e-08,2.545124334954972e-08,5.326974255575906e-09,6.550415705303226e-10,1.6428162879348263e-10,20.0,5.315118879950785e-07,-0.3816996293075901,-0.27574375948466306,-0.2915770020001392,139194,145194,1.3043085694999964e-06,0.0008968868174546279,0.0008968877658574318,0.004601001739,6.248249913715424e-07,8.417963767402244e-08,8.123794237003306e-08,4.523870325393093e-09,1.7654717859032416e-09,2.059265841992091e-10,20.0,4.067214013565565e-07,-7.768471866666614e-08,0.0008663719224951664,0.0008663719259780329,0.005310773849,2.60681609423605e-07,1.3690319131701875e-07,1.1902777583475547e-07,2.3038125372569854e-07,2.718284695064229e-09,2.0451240012027047e-11,20.0,1.5576129169071107e-07,-6.606976210000032e-07,0.0009413893874494698,0.0009413896192989565,0.004086971283,7.71740955816659e-07,7.81271138660171e-08,3.152760192912141e-08,4.8021342827206135e-09,6.331241949141745e-10,1.86873863748126e-10,20.0,5.130512879432155e-07,-0.4055232286140835,-0.2731681748298232,-0.2734774224678325,208791,214791,-2.553860333333417e-07,0.0009439316106390369,0.0009439316451871038,0.005284309388,6.518123564311036e-07,1.1858103063715013e-07,9.640727769234435e-08,4.767335044027488e-09,1.8146616285812759e-09,2.2367566674954562e-10,20.0,4.261288276157227e-07,-5.439917800000027e-08,0.000846221534296064,0.0008462215360445839,0.005127906799,2.6406022659919457e-07,1.1010788782650331e-07,1.229607988064884e-07,2.1892873177565728e-07,2.774368061220917e-09,2.320923776408177e-11,20.0,1.5974463477171856e-07,2.550681403333382e-07,0.0009456500991804069,0.000945650133579893,0.004477977753,7.632481790995727e-07,8.043515279414817e-08,3.710052643692334e-08,5.637251929935367e-09,6.34492731582024e-10,2.156539806048857e-10,20.0,5.088872946156918e-07,-0.4395813170936115,-0.2126743592116958,-0.2607651295267944,278389,284389
trimMA342_1200rpm_Avv__D_14,284387,-8.445183425000018e-07,0.0009144083118725362,0.0009144087018575514,0.00519323349,6.574547244611914e-07,8.076843911564254e-08,8.269393372278819e-08,5.293658471107385e-09,1.7281191639934266e-09,1.6979250022406292e-10,20.0,4.2900298789146673e-07,-1.322825754999958e-07,0.0008639842116325175,0.0008639842217592534,0.005057811737,3.010795747059282e-07,1.3043026377417547e-07,1.2632027695579198e-07,1.7756897531408684e-07,2.433248298184235e-09,2.0530728222013285e-11,20.0,1.8580540330309432e-07,-8.896987199999891e-08,0.0009637509650179658,0.0009637509691246482,0.004280805588,8.036934851614327e-07,8.434251031228817e-08,2.8545344588693714e-08,6.217390783648032e-09,6.869068413096302e-10,2.2150657898972695e-10,20.0,5.351233834696557e-07,-0.5160039293128444,-0.20355151905011992,-0.2794126588973293,0,6000,-2.39769623833333e-07,0.0009035038818335951,0.0009035039136483292,0.004770755768,6.221152783828556e-07,8.335424989144493e-08,9.600402932137749e-08,4.674920530011664e-09,1.5468926359291706e-09,1.440537916508118e-10,20.0,4.0659442230278113e-07,-1.3498465399999598e-07,0.0009014120447230294,0.0009014120548298706,0.005622386932,3.0574743499104936e-07,1.4361230703403734e-07,1.4353154396941349e-07,2.214308275374254e-07,2.5169166008396514e-09,2.3578235482205e-11,20.0,1.8806235575028415e-07,-9.67184708333367e-08,0.0010006235335682774,0.0010006235382425941,0.004241228104,8.621236910277723e-07,8.362789938885547e-08,4.811578026416216e-08,7.326281734626663e-09,6.024750847956624e-10,1.6967708881287525e-10,20.0,5.734365977389785e-07,-0.41612926760336266,-0.2243271548561366,-0.270801644585617,69596,75596,6.760358780000103e-07,0.0009059096040157823,0.0009059098562619461,0.005291461945,6.007469238739916e-07,1.394871741818458e-07,8.464733767751885e-08,5.292433000765755e-09,1.6065383110365088e-09,1.6063568813395145e-10,20.0,3.9042371679281384e-07,5.181630441666636e-07,0.0008633274496963922,0.0008633276051952798,0.005428314209,2.9136045850062755e-07,1.270219098057761e-07,1.2285449066024667e-07,2.0571509424921748e-07,2.3673177402263963e-09,2.7293832859838575e-11,20.0,1.7937380122707478e-07,7.116793866666336e-08,0.0009687163841265983,0.0009687163867408182,0.0043416023259999995,8.181018101982017e-07,8.16460353418755e-08,2.991531460906965e-08,5.366081352019895e-09,6.492114613551567e-10,2.3081602956954905e-10,20.0,5.449845169572912e-07,-0.41813078787001196,-0.23519651192605046,-0.2941157852333,139193,145193,7.363160916666496e-08,0.0008939184734306818,0.0008939184764631808,0.00453543663,6.088572087131264e-07,8.852116611339591e-08,8.046485824193458e-08,4.744021689199961e-09,1.7054287904391764e-09,2.046929007224678e-10,20.0,3.9799606751236464e-07,-1.4273326566666884e-07,0.0008737811392389446,0.0008737811508967752,0.005802631378,2.8714145810847317e-07,1.2188210652775758e-07,1.2086041748919058e-07,2.1908441074141713e-07,2.90601658946687e-09,2.461231425103771e-11,20.0,1.705786789099397e-07,-1.7984708250000486e-07,0.0009372929512905634,0.0009372929685450264,0.004282712936,7.620574770547958e-07,7.789809375438216e-08,2.919124915002251e-08,4.145004053505378e-09,6.091428493509297e-10,1.7492426175653662e-10,20.0,5.076451713131121e-07,-0.3910404264262838,-0.2428293072037793,-0.27838013465266825,208790,214790,4.7103563916666794e-07,0.0008915401707291726,0.0008915402951624652,0.004752159119,6.160181259320031e-07,8.755729490622847e-08,8.225571338753642e-08,4.8883462298700445e-09,1.7883018177519135e-09,2.0789720332391974e-10,20.0,4.038145789532072e-07,6.159146100000064e-08,0.0008663556605339503,0.0008663556627232983,0.005730867386,2.752279851706968e-07,1.4006557387276755e-07,1.140909691112419e-07,2.2163870634036347e-07,2.846184796287352e-09,2.627525728191554e-11,20.0,1.685813213403804e-07,9.80695035000077e-08,0.0009562263362363108,0.0009562263412652601,0.003823757172,7.5597100510985e-07,1.1266590159110195e-07,3.884297863829988e-08,4.460475013276963e-09,6.043404304600071e-10,2.2873806652738367e-10,20.0,5.024129241917847e-07,-0.41708523338128484,-0.23843136915606628,-0.30676234056196844,278387,284387
trimMA342_1200rpm_Avv__D_15,284387,7.81257953500004e-07,0.0009003734143055352,0.0009003737532559447,0.004919052124,6.251072815029786e-07,9.963453172456429e-08,8.243538134317478e-08,5.28748435313265e-09,1.6117604041082657e-09,1.8250877673477496e-10,20.0,4.0658290202958286e-07,2.262194956666712e-07,0.0008663878052329854,0.0008663878347666764,0.005569219589,3.0148245374190036e-07,1.2599689353300964e-07,1.2030076717663929e-07,2.0301967186847683e-07,2.3078266106656143e-09,2.2148149718261237e-11,20.0,1.8268650222834356e-07,-2.6309490266666787e-07,0.0009514187118277678,0.0009514187482044576,0.004147291184,7.926348626103549e-07,6.679929561446205e-08,3.604207758044312e-08,4.9583745127920925e-09,6.259121798476823e-10,1.946009457114432e-10,20.0,5.279621184827869e-07,-0.4511437510649223,-0.2038051991303626,-0.30548747374134577,0,6000,-5.682308166665128e-09,0.0008945263718345011,0.000894526371852549,0.004863262177,6.098719717884097e-07,8.42272234281063e-08,8.508618828391953e-08,4.523497938257193e-09,1.7108656819295054e-09,1.7698229835020954e-10,20.0,3.9611535209340746e-07,-8.021195778333355e-07,0.0008594437161877419,0.0008594440904971149,0.005195379256999999,2.870243599641172e-07,1.1236568309964215e-07,1.235859997909577e-07,2.056177530647484e-07,2.439371620925862e-09,2.37178960131513e-11,20.0,1.78267380833595e-07,7.899204889999951e-07,0.000960417802519929,0.0009604181273651535,0.004333019257,8.146268760320324e-07,7.214865289544832e-08,3.086381750736962e-08,4.704484823285383e-09,6.444677878850164e-10,1.8867334387032338e-10,20.0,5.421777814678436e-07,-0.436878415507439,-0.23643503537498042,-0.2785278681971551,69596,75596,-2.841949408333352e-07,0.0008987410994613908,0.0008987411443946661,0.005238771439,5.994577991941257e-07,8.946318851608246e-08,9.844434784408177e-08,4.914702277990556e-09,1.665702072662972e-09,2.0719954226319597e-10,20.0,3.9294286454941975e-07,-3.190437938333385e-07,0.000863518745556323,0.0008635188044947881,0.005433559417,2.658709788461343e-07,1.3636084899656684e-07,1.1548319987970948e-07,2.3050263632902157e-07,2.336336728464516e-09,2.424515387277509e-11,20.0,1.610372700242873e-07,8.066497333331784e-09,0.0009622390043263195,0.0009622390043601304,0.004329442978,7.967961421554097e-07,8.00203208573204e-08,3.917440541518088e-08,7.059432340818703e-09,6.265561310458794e-10,1.714646705366491e-10,20.0,5.283414281886931e-07,-0.4129652850386421,-0.23935680144370086,-0.2662941386012926,139193,145193,1.1948744599999533e-07,0.0009058780468651189,0.0009058780547454566,0.004855632782,6.149912544153145e-07,1.2291833938115665e-07,7.877986095210487e-08,4.520453233506339e-09,1.8471504397487394e-09,1.8430111952633997e-10,20.0,4.034215769299394e-07,-3.8290023866666944e-07,0.0008493606338142041,0.0008493607201218215,0.005469083786,2.556106485904097e-07,1.1755672169481338e-07,1.1111072649099949e-07,2.348348495910391e-07,2.4516755464607102e-09,2.52069938586263e-11,20.0,1.5992565364186061e-07,6.566445033333306e-07,0.000952643813668362,0.0009526440399764252,0.004150867462,7.697436400705479e-07,8.50947382017349e-08,3.911916503252507e-08,4.242493711548381e-09,6.187244150141858e-10,1.8504341174343235e-10,20.0,5.124479925413416e-07,-0.4070282376409731,-0.2400996296094891,-0.255718382234309,208790,214790,8.114576390000026e-07,0.0008964031499527294,0.0008964035172335477,0.00475025177,6.14945674916955e-07,1.1228292789031747e-07,7.354202381666023e-08,5.7161781529315085e-09,1.674106298597592e-09,1.8738028254186865e-10,20.0,3.9925587466530436e-07,6.724595988333408e-07,0.0008829802735336413,0.0008829805295992976,0.005995988846,2.9173324947387784e-07,1.2989729080684826e-07,1.2145984717537283e-07,2.4202103588055273e-07,2.4241410025164205e-09,2.939846582666104e-11,20.0,1.7758590049887035e-07,-3.4173329466666984e-07,0.0009471405908659028,0.0009471406525154836,0.004470825196,7.664654694880033e-07,8.246890161790308e-08,3.671201783182685e-08,4.542771765945012e-09,6.277229158184301e-10,2.034526133676248e-10,20.0,5.099811139979203e-07,-0.4455818964877985,-0.21118721721802644,-0.3029802855621132,278387,284387
trimMA342_1200rpm_Avv__Dvv_00,284387,1.8380085626666706e-06,0.0009621992816288598,0.0009622010371240359,0.0049195289609999995,7.153335849902445e-07,8.383513871982915e-08,1.1864700975235639e-07,5.230547742841064e-09,1.5340313077518095e-09,1.7609557002554717e-10,20.0,4.6259961862928266e-07,7.498264266666994e-08,0.0008711199412701054,0.0008711199444972136,0.005601406097,2.989840355487729e-07,1.1996752964869763e-07,1.246123935472959e-07,2.1082223179119876e-07,2.143149243529632e-09,2.2217362523042852e-11,20.0,1.8271612274469273e-07,-2.752542505000029e-07,0.000985393763380146,0.0009853938018241182,0.004450082779,8.702485149112037e-07,6.724156243881008e-08,2.746255977483762e-08,5.3713000563059356e-09,6.474927704919795e-10,1.9918293350446117e-10,20.0,5.79940132526196e-07,-0.4464956240832018,-0.26416658512443936,-0.2624164045564275,0,6000,2.247095084999979e-07,0.0009454046518783841,0.0009454046785835427,0.004673004151,6.946527423655323e-07,7.443409927755705e-08,1.166105580073771e-07,4.826966079865962e-09,1.8000882405449203e-09,1.9685544928457074e-10,20.0,4.518809180627712e-07,5.563100158333361e-07,0.0008827695943926469,0.0008827697696823289,0.005513191223,2.9764604664276034e-07,1.213237698352512e-07,1.1946958235055559e-07,2.3135470499351965e-07,2.4095245459325717e-09,2.3798886490012064e-11,20.0,1.803432798945192e-07,-1.3538200916666786e-07,0.0010051993025305148,0.0010051993116472582,0.004264354706,8.911414739781007e-07,7.505523875518872e-08,3.631643059242483e-08,4.715862292207242e-09,5.945921839144627e-10,1.9826840599280312e-10,20.0,5.925283377473698e-07,-0.4215832886610849,-0.2724944306244545,-0.2813661101152772,69596,75596,-6.398757269999931e-07,0.000936510125054598,0.0009365103436538885,0.00477051735,6.819604915319547e-07,9.973093809783865e-08,9.337663298077531e-08,4.386589378971008e-09,1.7499510479116151e-09,1.977044866176616e-10,20.0,4.476952263646206e-07,7.856686981666742e-07,0.0008672838511354535,0.0008672842070023221,0.005140542984,2.9529182065760724e-07,1.1518299263840052e-07,1.1795387454619299e-07,2.098972493882086e-07,2.000190149323204e-09,2.283054326470522e-11,20.0,1.818326159225506e-07,-4.1071574433333815e-07,0.0010199876015014589,0.0010199876841923735,0.00427865982,9.073249040760761e-07,8.100738165028096e-08,4.020479192610614e-08,4.72662193193196e-09,7.043460046535956e-10,2.305591187852659e-10,20.0,6.041444244603713e-07,-0.41308423308224074,-0.26665749203458594,-0.27047414313412776,139193,145193,6.008545589999958e-07,0.0009243688287640216,0.0009243690240465494,0.00511932373,6.68165348307119e-07,9.609483574431976e-08,8.333659598534599e-08,5.383310249785103e-09,1.5891604328912121e-09,1.814602801465204e-10,20.0,4.350210719346731e-07,2.652009330000055e-07,0.0008694414495481181,0.0008694414899945067,0.0054640769959999995,2.920449559464529e-07,1.3509840207134954e-07,1.1780302477256742e-07,2.1670498254614018e-07,2.4800130327977114e-09,2.6645639717157112e-11,20.0,1.7888595684105877e-07,-3.2349427466666325e-07,0.0009909278945583776,0.0009909279473616862,0.004340410233,8.726443313714167e-07,6.976947966999632e-08,2.727750276168091e-08,5.30641544975629e-09,6.498830794146024e-10,2.0124564266497624e-10,20.0,5.809140633491857e-07,-0.42824062953635705,-0.2805156470434258,-0.2928347634787997,208790,214790,5.505084921666667e-07,0.0009396355481911775,0.0009396357094556031,0.004845380784,6.925409714193567e-07,9.714009001363018e-08,7.774326722299278e-08,4.4953036601574685e-09,1.7000847858000568e-09,2.528359704730104e-10,20.0,4.49108306810139e-07,2.3484230516666525e-07,0.0008537996447326376,0.0008537996770299732,0.0053503513330000006,2.9231907955280145e-07,1.0504553462708772e-07,1.1900687824000571e-07,2.0971754880476767e-07,2.4889738354008535e-09,2.2274507559239508e-11,20.0,1.7960282873248925e-07,1.6685327149999357e-07,0.0009778380420633987,0.0009778380562988922,0.004504680634,8.507364919310398e-07,6.616976471720307e-08,3.215110688723192e-08,3.888949084142106e-09,6.633216437083095e-10,1.8862916373683979e-10,20.0,5.662133625018543e-07,-0.42726510184829786,-0.25992506446797464,-0.2729333876543709,278387,284387
trimMA342_1200rpm_Avv__Dvv_01,284387,1.0649364333333485e-08,0.000940106784597547,0.0009401067846578641,0.005004644394,6.715273023738047e-07,9.062293073899944e-08,1.2074669738692873e-07,4.414378324878174e-09,1.5664071608785098e-09,2.190207511033582e-10,20.0,4.3951308098500185e-07,-5.588531473333345e-07,0.0008650182099258201,0.0008650183904519663,0.005177259446,2.955975440509178e-07,1.228060107273302e-07,1.2088097748986775e-07,2.0532764521922238e-07,2.3033134936860992e-09,2.4770458160525557e-11,20.0,1.8532690592518354e-07,4.922548896666746e-07,0.0010202561586829845,0.001020256277434957,0.004194498062,9.014381420433287e-07,8.109594933778984e-08,4.4465368487850644e-08,4.290729747000001e-09,6.735306574366875e-10,1.979532038492817e-10,20.0,6.006985886818176e-07,-0.42669454040957616,-0.23663805763941798,-0.2600126718155513,0,6000,9.348789830000032e-07,0.000986866214050528,0.0009868666568656251,0.005597114563,6.819400294655784e-07,1.3686349806249963e-07,1.359836393753058e-07,5.549516270635665e-09,1.7727343355583472e-09,2.474643948603945e-10,20.0,4.3946551675324273e-07,-1.3993183746666728e-06,0.0008712564540926559,0.000871257577809239,0.005594730377,2.9620792872714404e-07,1.1926776621797726e-07,1.3270424132877223e-07,2.0112427271551107e-07,2.736965608382172e-09,2.1938985880097188e-11,20.0,1.8043376303829627e-07,5.917151799999943e-07,0.0010206929010604705,0.0010206930725747546,0.004938364029,8.847192859377256e-07,1.025692600054872e-07,4.5009721499145926e-08,4.322070922586097e-09,6.989137135624369e-10,2.1511465217225335e-10,20.0,5.890235203312395e-07,-0.4415784742759721,-0.20602649686504607,-0.2781016339782273,69596,75596,-6.976922399999954e-07,0.0009471980499509171,0.0009471983069058357,0.0045478343969999994,6.975093029036383e-07,6.478596467253115e-08,1.2697008731098953e-07,4.565803650962258e-09,1.7551660679533202e-09,2.055504051771486e-10,20.0,4.5595917951481413e-07,-1.126766205833332e-06,0.0008752627711651963,0.0008752634964339946,0.005597352981,2.8977357668471315e-07,1.1737509069614328e-07,1.2252385367933886e-07,2.3274983472250176e-07,2.5632396708291877e-09,3.03744866274719e-11,20.0,1.7487785789704164e-07,-1.826286351666705e-07,0.0009993646280538092,0.0009993646447410208,0.004486322403000001,8.885529496921168e-07,5.935929010915883e-08,4.6000660510040234e-08,4.751812115095042e-09,6.796896736809454e-10,2.804993493370201e-10,20.0,5.911401944494845e-07,-0.4221444877169315,-0.2947522333263418,-0.2606393277617637,139193,145193,-2.7378400616666467e-07,0.0009390612397443719,0.0009390612796553369,0.0045533180240000005,6.960043095440937e-07,7.719555638745944e-08,1.1053243207858587e-07,5.062502676420663e-09,1.6233714407278922e-09,1.7601162845416104e-10,20.0,4.564443964744777e-07,4.167556771666632e-07,0.000872554770324593,0.0008725548698514596,0.00526714325,2.942785117679186e-07,1.1728038686942809e-07,1.311037364961122e-07,2.269837426864616e-07,2.4739961184879288e-09,2.5349941045014377e-11,20.0,1.8178359482580335e-07,-1.2234846716666197e-07,0.0010027875523976396,0.0010027875598614077,0.004330873488999999,8.901791915229108e-07,7.423759621967602e-08,3.3400132214550756e-08,4.978466598558849e-09,6.619643608574238e-10,2.223136022385935e-10,20.0,5.917469146351886e-07,-0.42843821652341674,-0.26909041500404857,-0.2556408671802529,208790,214790,-3.1403700416667015e-07,0.0009261744829458028,0.0009261745361858989,0.004468917847000001,6.7981210243264e-07,7.205447551769878e-08,9.992562469554578e-08,5.590729721152787e-09,1.6433442112938161e-09,1.8414597334174724e-10,20.0,4.423563162740415e-07,7.690191294999986e-07,0.0008816977697254047,0.0008816981050956013,0.005720615387,3.0167239850684365e-07,1.195944845755375e-07,1.343931331743521e-07,2.2186732416655619e-07,2.5999139990742525e-09,2.2595548526812314e-11,20.0,1.8599108267802284e-07,-2.6277700950000024e-07,0.0010053382525489851,0.0010053382868915337,0.004306554794,9.048819744418852e-07,6.526107109404587e-08,3.330500476351621e-08,3.4871173699031697e-09,6.633201183988794e-10,2.1570908263282364e-10,20.0,6.026364486409287e-07,-0.43188391468328646,-0.25985165711817076,-0.2836062629259348,278387,284387
trimMA342_1200rpm_Avv__Dvv_02,284387,7.605552849999919e-08,0.0009471731072008629,0.0009471731102543931,0.004602193831999999,6.981206703596117e-07,8.918444452367315e-08,9.077356452569453e-08,4.805636609244936e-09,1.708048726424177e-09,2.1046402188444186e-10,20.0,4.571136346084724e-07,4.2243798733332855e-07,0.0008840074871790827,0.0008840075881136592,0.005634307861,3.021242376698167e-07,1.198971446589958e-07,1.2622904071132657e-07,2.2560128542739963e-07,2.7423012895480336e-09,2.6336379383527228e-11,20.0,1.8395398487652822e-07,-5.840460420000054e-07,0.0010019476959162628,0.0010019478661395945,0.004385709763,8.837828109429484e-07,8.008151071219218e-08,3.39530045739153e-08,5.465141732880765e-09,6.975250130412162e-10,2.177359466296963e-10,20.0,5.886696667645639e-07,-0.442460370383038,-0.23344769391771825,-0.2692695498750267,0,6000,-5.695025079999969e-07,0.0009230521240301139,0.00092305229971525,0.004499673843,6.800107556165448e-07,1.0536944639435727e-07,6.728859370257464e-08,4.644519401033791e-09,1.541558771698124e-09,1.9767925608635992e-10,20.0,4.447617336900139e-07,4.1242440683333587e-07,0.0008883692745570159,0.0008883693702907873,0.0052685737609999995,3.184655284793457e-07,1.452683226866906e-07,1.2111248827612269e-07,2.146372465756828e-07,2.5475701984323895e-09,2.331868063061705e-11,20.0,1.96508053971674e-07,-2.2053721833333735e-08,0.0010107092754876187,0.0010107092757282252,0.004442214965,9.089851605282566e-07,7.581693482763275e-08,2.576751510381559e-08,4.393147539283525e-09,6.81863144814157e-10,2.1817411737947652e-10,20.0,6.059360544775987e-07,-0.4529631987616667,-0.24156391703856747,-0.2898526823495447,69596,75596,7.424354530000006e-07,0.0009197869565365978,0.0009197872561768069,0.0048842430109999994,6.682419352392365e-07,1.0053708247654284e-07,6.920984090149077e-08,4.941293355272314e-09,1.5030285096473486e-09,1.706888495068303e-10,20.0,4.3642454994743666e-07,1.6049543766666457e-07,0.0008877189275465466,0.0008877189420549594,0.005572319031,3.044466257551528e-07,1.297057250108359e-07,1.2050996065714126e-07,2.4061137523041757e-07,2.4063326098665726e-09,2.553802095830062e-11,20.0,1.8540612015619608e-07,7.569392514999938e-07,0.000995041635000611,0.000995041922906628,0.004053115845,8.906850366205483e-07,7.049047136287412e-08,2.520576790205382e-08,3.957993977961116e-09,6.951157790779531e-10,2.417085475683172e-10,20.0,5.931799086736246e-07,-0.41497566777927286,-0.26561211767371024,-0.2874462516968007,139193,145193,1.2038151411666599e-06,0.0009258452976298343,0.0009258460802499358,0.004584550858000001,6.75505297947157e-07,1.0031499205854627e-07,7.200757138304477e-08,4.221610970780666e-09,1.4782357979905578e-09,1.8009561653608372e-10,20.0,4.4117840881739074e-07,-4.4035912133333557e-07,0.0008834476324379581,0.0008834477421876119,0.005930185318000001,2.894683917284755e-07,1.1730415222581741e-07,1.2391815178788303e-07,2.3747742720687985e-07,2.611727639898707e-09,2.2239896960985594e-11,20.0,1.7727182754549796e-07,6.144841494999931e-07,0.000992830558303357,0.0009928307484620557,0.004365444183,8.809924355490974e-07,7.393597150150654e-08,2.466778923351268e-08,5.909018783921167e-09,6.794559274213963e-10,2.0408013608847775e-10,20.0,5.864733853243153e-07,-0.38784941027233233,-0.2765655664460644,-0.2845359012119634,208790,214790,1.0760624716666354e-07,0.0009391046899244766,0.0009391046960894466,0.004907131195,6.868174753664604e-07,1.1291600739729737e-07,8.120664509033051e-08,5.336213105257914e-09,1.6337589631297213e-09,1.931671897419605e-10,20.0,4.474853770796822e-07,-5.060434358333309e-07,0.0008958672232339379,0.0008958673661568688,0.005741357803000001,2.994810061322602e-07,1.341113791639752e-07,1.3600002975485038e-07,2.4177798704372944e-07,2.9408955689820157e-09,2.593021745599776e-11,20.0,1.8150001779904963e-07,-1.4317035566667006e-07,0.0009981747592006825,0.0009981747694682986,0.004386425019000001,8.846583099777706e-07,6.958529511120204e-08,2.9093776726715005e-08,6.2065168314392206e-09,6.832278415248116e-10,2.3077149185822277e-10,20.0,5.900312154159361e-07,-0.40352693031683584,-0.2390919866525693,-0.30235527997435374,278387,284387
trimMA342_1200rpm_Avv__Dvv_03,284387,-2.1501382466666715e-07,0.0009369091025966418,0.0009369091272686959,0.0048842430109999994,6.943166182899642e-07,9.02823742655144e-08,9.387883729511544e-08,4.68850020586945e-09,1.4442621143771873e-09,1.8213871223179259e-10,20.0,4.5227240491063236e-07,1.894633025000033e-07,0.0008663801897538469,0.000866380210470123,0.00532913208,3.003188888618239e-07,1.2042779860183042e-07,1.1663967505899036e-07,2.2497235919133796e-07,2.6375602124837343e-09,2.4273603156084645e-11,20.0,1.849553883589914e-07,2.8065840849999383e-07,0.000990660143818475,0.0009906601835743595,0.004300355911,8.722936714725131e-07,6.476369712866234e-08,3.065482862958809e-08,5.585815669777589e-09,6.887636846032008e-10,2.2720627314345279e-10,20.0,5.811902091004496e-07,-0.44430572867925155,-0.24876660390376773,-0.25460247324995455,0,6000,1.6180673983333973e-07,0.0009354117871687329,0.0009354118011633293,0.005007982254,6.873104033939073e-07,9.784780969129166e-08,7.381935320141228e-08,4.6704887918154185e-09,1.5413560701266207e-09,1.5877496773387365e-10,20.0,4.4734165334717567e-07,-4.562139499999946e-07,0.0008869108704049714,0.0008869109877398477,0.005467653275,3.049641679780149e-07,1.2349506993320306e-07,1.2636583319121156e-07,2.2391008626586124e-07,2.418569155783346e-09,2.8515596140867972e-11,20.0,1.84996932067277e-07,2.2856393883332697e-07,0.000992468207839638,0.0009924682341586038,0.004120588303,8.781613549038518e-07,7.77601183915825e-08,2.4139696072257263e-08,5.434290481880817e-09,7.105076451041063e-10,2.013482949905471e-10,20.0,5.853535570960585e-07,-0.42107072294030307,-0.2455122257675516,-0.29172669384961136,69596,75596,5.044142431666748e-07,0.0009316623925242224,0.000931662529072457,0.004986763001,6.686054852034333e-07,1.1730821945961655e-07,7.326027517816782e-08,5.459536358810537e-09,1.7283367688435444e-09,1.843520304957596e-10,20.0,4.3747693652475155e-07,-2.61743867666666e-07,0.000917857718249587,0.000917857755570105,0.006016016006,3.340418253642033e-07,1.4003435773943445e-07,1.249128530478511e-07,2.5015339053788256e-07,2.6570440078753014e-09,2.327354338544753e-11,20.0,2.0279742346405818e-07,3.421703983333338e-07,0.0009966522186246065,0.0009966522773615341,0.004267215728,8.871607442359608e-07,7.313147880468771e-08,2.477610722982524e-08,5.0742813802072976e-09,6.667700396660138e-10,2.0664181613188367e-10,20.0,5.913610223227565e-07,-0.43181702748036693,-0.22358468903397358,-0.30750639504246224,139193,145193,-3.194014231666607e-07,0.000924080703063629,0.0009240807582629562,0.004698038101,6.734052903309357e-07,9.454369460119873e-08,8.713832543475685e-08,5.09961438569434e-09,1.5481934737226595e-09,1.7331838025553907e-10,20.0,4.374572220071704e-07,-7.119178751666654e-07,0.0008900763495684504,0.0008900766342782847,0.00555229187,2.914460390911875e-07,1.2895611798621246e-07,1.2238799910683846e-07,2.449093460463293e-07,2.6953813964532285e-09,2.4153152030748296e-11,20.0,1.791212668950292e-07,-3.331502294999962e-07,0.0009992257291201905,0.0009992257846577278,0.004087686538,8.876115627405936e-07,7.419856006459162e-08,2.577623570864773e-08,5.811920121911683e-09,6.801151695559351e-10,2.1928390101584838e-10,20.0,5.913067853002232e-07,-0.40004360427937036,-0.2694986011991382,-0.2839646828928611,208790,214790,-7.592042240000054e-07,0.0009356369775183813,0.0009356372855389987,0.00467300415,6.792414685586423e-07,8.312435713415667e-08,1.009757292955827e-07,4.690224811285166e-09,1.6522987787241092e-09,1.6187545754157998e-10,20.0,4.4661447872229596e-07,6.146828335e-07,0.0008666838719999234,0.0008666840899772912,0.005495786666999999,2.756089877930093e-07,1.188036980835403e-07,1.1201155354670874e-07,2.3700299042087787e-07,2.713101332863965e-09,2.6842161942759708e-11,20.0,1.6763289370571785e-07,-2.2872289433333257e-07,0.0009898129644950896,0.000989812990921376,0.004163742065,8.661976697096354e-07,7.848638929101896e-08,3.070063294910843e-08,4.722612256648981e-09,7.565225650407367e-10,2.1696441873105361e-10,20.0,5.757468879203146e-07,-0.4012360470089455,-0.2674533526785795,-0.26698952828303046,278387,284387
trimMA342_1200rpm_Avv__Dvv_04,284387,9.842713366666385e-08,0.0009540037797293228,0.0009540037848068187,0.00506067276,6.947839442886217e-07,1.3540060418302153e-07,7.511373203000516e-08,4.263916022649733e-09,1.5231560301703436e-09,1.5577519224535792e-10,20.0,4.536036447440237e-07,-2.1497408833338084e-08,0.0008962939129748021,0.0008962939132326073,0.005474567413,2.921141718802749e-07,1.3230439642755264e-07,1.2562124190944888e-07,2.474928015132712e-07,2.7708748058206932e-09,3.1240737694685445e-11,20.0,1.777639699202689e-07,-1.1412302300000422e-07,0.0009699077590019693,0.000969907765716043,0.004132986069,8.337761155337214e-07,7.212851408647073e-08,2.545424798395675e-08,5.349058133758545e-09,6.732448932562411e-10,2.0565096636570137e-10,20.0,5.554319107715801e-07,-0.42859672109107294,-0.23007974151353328,-0.2769169382742194,0,6000,-1.0737180744999907e-06,0.0009283375277942948,0.0009283381487269209,0.004809617996,6.762100170093215e-07,1.0791655942523806e-07,5.6905441535208545e-08,4.332258072380859e-09,1.6256792469105492e-09,1.551113104898764e-10,20.0,4.412954053755417e-07,1.2234847333333041e-07,0.000918242118429914,0.0009182421265808955,0.005724906922000001,3.2189645719935445e-07,1.3137358596165133e-07,1.3813174317853067e-07,2.466320478595457e-07,2.539408980167794e-09,2.6272019463294196e-11,20.0,1.9507261372806758e-07,1.284678801666712e-07,0.0009946921372705096,0.0009946921455665418,0.004495382309,8.895606471621998e-07,7.363699884431759e-08,2.551189977544801e-08,4.1391753140599325e-09,7.132357174344634e-10,2.3773562527457986e-10,20.0,5.92504231617806e-07,-0.4250840848742822,-0.2054305910705889,-0.29201648530079033,69596,75596,-1.7346143766666754e-06,0.0009321005053324889,0.0009321021193668196,0.004461288452999999,6.612115397380192e-07,1.0498208763614496e-07,1.0487251639205214e-07,4.9538471578326304e-09,1.6156482776787166e-09,1.9340245457205933e-10,20.0,4.3323899209461605e-07,4.0964285449999967e-07,0.0008992702547689461,0.0008992703480708534,0.0052638053890000005,3.3544057904657387e-07,1.1770970711069525e-07,1.2501981050653347e-07,2.3722523380023375e-07,2.6892745708536964e-09,2.8203852765257766e-11,20.0,2.0774420961266656e-07,-7.139444383333406e-07,0.0010260346013871134,0.0010260348497786388,0.004180431366,9.421461030213945e-07,7.396650740548579e-08,2.6534054270190307e-08,5.302273264355766e-09,6.521742736197707e-10,2.021303721881764e-10,20.0,6.281994288125019e-07,-0.40447660477025266,-0.2741894816460017,-0.2902560290523488,139193,145193,-4.2434533183333183e-07,0.0009241068208240187,0.000924106918252664,0.004419088364,6.657307148826954e-07,9.253776652016671e-08,8.160939440025026e-08,4.720013256258247e-09,1.427271345770112e-09,1.5249942946525967e-10,20.0,4.3287597892547965e-07,1.613299031666702e-07,0.0008722822923164406,0.0008722823072355428,0.005646705627,2.9038805801663577e-07,1.1916699324888256e-07,1.2122054540410453e-07,2.2470578410188288e-07,2.7266725692194584e-09,2.549622160865813e-11,20.0,1.759880189898243e-07,-7.174412413333345e-07,0.0009883886924307625,0.0009883889528150985,0.004289388657,8.711486541981529e-07,7.043693132819837e-08,3.150247115225291e-08,4.530781066728178e-09,6.903248430949033e-10,2.596308578899212e-10,20.0,5.803707310541338e-07,-0.3805396822980902,-0.3003766494831773,-0.2699577831211828,208790,214790,1.0634660743333268e-06,0.0009412363555226521,0.0009412369563067825,0.004952669144,6.901734801980361e-07,8.7266956065951e-08,8.530441229591825e-08,5.36894460003666e-09,1.7300726563203113e-09,1.8803585208662836e-10,20.0,4.470579143068149e-07,1.2445450266666274e-07,0.0008878708714670763,0.0008878708801895851,0.0056614875790000005,2.691741323528925e-07,1.3206905777437445e-07,1.3708330444206816e-07,2.312246276541693e-07,2.5526015745761057e-09,2.8684951917332924e-11,20.0,1.608287972887553e-07,-2.650419916666591e-08,0.0009685652618361472,0.0009685652621987828,0.004131078721,8.238899359785243e-07,7.320170814454594e-08,3.3268097660028684e-08,5.685083324422612e-09,6.974217700185439e-10,2.3220162982036675e-10,20.0,5.488794107339887e-07,-0.368639420585309,-0.29948612301398053,-0.28953982396865807,278387,284387
trimMA342_1200rpm_Avv__Dvv_05,284389,3.135601649999949e-07,0.0009687479811369543,0.0009687480318828532,0.005186080933,6.914530246299916e-07,9.298129408283863e-08,1.3597574217756957e-07,4.183829213374151e-09,1.5101293048850696e-09,1.4092684380187164e-10,20.0,4.518759617702812e-07,-2.246300363333385e-07,0.0008941812379782824,0.0008941812661932854,0.005098819732,3.184328673988146e-07,1.1869153392890664e-07,1.3553108226069904e-07,2.3012631178633488e-07,2.2756923430975504e-09,2.6054534902551475e-11,20.0,1.978182470812972e-07,-4.6869119183332957e-07,0.000992283481784473,0.0009922835924743238,0.004522323609,8.803901196780325e-07,6.79081352817177e-08,3.0900840051027225e-08,4.713310900152462e-09,5.721758650789255e-10,1.5676978723585549e-10,20.0,5.856223601548027e-07,-0.40918669511276046,-0.22130741284647792,-0.2760592143201702,0,6000,2.715984976666621e-07,0.0009384164772278731,0.0009384165165311804,0.005228042602999999,6.668796017120358e-07,1.0617571742240506e-07,9.818436035596512e-08,5.133902526451272e-09,1.579046966780011e-09,1.6431115978418483e-10,20.0,4.328700950027663e-07,-4.7572453783333544e-07,0.0008887850914029766,0.0008887852187193672,0.005733966827,3.27160447259232e-07,1.2246159654100944e-07,1.2889318650569058e-07,1.9657789009570006e-07,2.360821515257995e-09,2.4629583795556927e-11,20.0,1.9660425397750026e-07,-4.6777724966666723e-07,0.0010144600419538133,0.0010144601498020944,0.004497766495,8.916131218303252e-07,7.664998125161532e-08,4.998305930282069e-08,5.2318379346350024e-09,6.04855545443708e-10,1.7406888738047629e-10,20.0,5.933376086087368e-07,-0.44857659095190244,-0.23830069184777108,-0.3003341514883096,69597,75597,5.356868086666688e-07,0.0009089190820978322,0.0009089192399558515,0.005183935166,6.359349668627109e-07,9.777886765367831e-08,8.726322144008454e-08,4.555672748535418e-09,1.4965206181713965e-09,1.7666081278201179e-10,20.0,4.176238931635394e-07,-6.222724916666739e-08,0.0008947348361325639,0.0008947348382964623,0.005559921265,3.1341881297191937e-07,1.2106537895746392e-07,1.301279866063641e-07,2.3549420854326607e-07,2.4020382839667487e-09,2.2925684688164017e-11,20.0,1.9168112829620961e-07,2.4445852349999285e-07,0.0009888926166524536,0.0009888926468680545,0.004456520081,8.670445824742985e-07,7.529216816511589e-08,2.3714117583350926e-08,4.567619033918251e-09,6.125988788527587e-10,1.6659073695259267e-10,20.0,5.772773199673166e-07,-0.4309828200490068,-0.24737329257093707,-0.31273934934774034,139194,145194,7.859071066666668e-07,0.0009205667465214865,0.0009205670819941017,0.0046858787540000005,6.477234048505895e-07,1.0503456272014261e-07,1.046182112329429e-07,5.327971039087147e-09,1.6664407378585304e-09,1.53750258986095e-10,20.0,4.2063447478175646e-07,2.0281474433333653e-07,0.0008712383668025656,0.0008712383904090903,0.005341529846,2.885336721394666e-07,1.1126737186967415e-07,1.265277121544943e-07,2.2690456263473103e-07,2.5357269549751205e-09,2.340506601536312e-11,20.0,1.7785986110612084e-07,-1.5405814066666672e-07,0.0009986745679683583,0.0009986745798510632,0.0044801235200000004,8.709268342711302e-07,8.724429148170682e-08,2.985089056028112e-08,4.443796385079471e-09,6.054000934843434e-10,1.8127578691721176e-10,20.0,5.796587146902201e-07,-0.3857795299421672,-0.2646722163588897,-0.30283481050977135,208791,214791,2.916256541666626e-07,0.0009329446015633495,0.0009329446471424332,0.005462646485,6.653650495014127e-07,9.052133365538495e-08,9.870686564147213e-08,4.43148911242921e-09,1.5470617517311389e-09,1.5441576158394756e-10,20.0,4.343022433247162e-07,-4.4699510100000215e-07,0.0008597950115371613,0.000859795127730326,0.005482435226,2.69768275028793e-07,1.2080539001485464e-07,1.309880109507177e-07,2.1609066526437413e-07,2.398442868068977e-09,2.7913254756243524e-11,20.0,1.6437078221334405e-07,-9.377796949999855e-08,0.0010107990946035318,0.0010107990989537076,0.004091978073,8.692757005405913e-07,1.0671661946502719e-07,3.922480937513985e-08,5.754242401180518e-09,6.280224857727365e-10,1.8032177116241673e-10,20.0,5.781393267984083e-07,-0.4165776433232771,-0.261606433590322,-0.29789686645061325,278389,284389
trimMA342_1200rpm_Avv__Dvv_06,284387,5.513429629999944e-07,0.0009498901764340999,0.0009498903364415644,0.004956960678,6.930408055771577e-07,1.1811499224813184e-07,8.237881938734252e-08,4.5595741711050235e-09,1.784515134883882e-09,1.9292670581402938e-10,20.0,4.52390593212756e-07,2.49028205000002e-07,0.0008600790505746357,0.0008600790866265809,0.005423307419,3.0697408586723357e-07,1.086881201821315e-07,1.1302991657290867e-07,2.110715481599112e-07,2.908846930271223e-09,2.3740140798647176e-11,20.0,1.8779456286129126e-07,8.289018950000116e-08,0.0009732166923254045,0.0009732166958553397,0.0044484138490000005,8.389104694817783e-07,7.640751725415672e-08,2.527163349497152e-08,5.193828716120212e-09,6.36260117580331e-10,2.1456496903715566e-10,20.0,5.583461318944766e-07,-0.44064076129834123,-0.21358314558384936,-0.2593043200801341,0,6000,-3.492832616666201e-08,0.0009370348630633787,0.000937034863714362,0.004953145981,6.728917274711444e-07,7.901422515104898e-08,9.454854377661959e-08,5.023543815113344e-09,1.8206699289802284e-09,1.790583280664796e-10,20.0,4.3923537336249527e-07,-4.868110061666641e-07,0.0008671729774138859,0.0008671731140561379,0.005550146103,3.174205352569329e-07,1.1762443669337261e-07,1.3029549424975964e-07,1.835602451317035e-07,2.4469844130165608e-09,2.1547000175073044e-11,20.0,1.9403401129127225e-07,8.862415926666664e-07,0.0010031045360281675,0.0010031049275247557,0.003998994827,8.794223902504373e-07,8.094291014022064e-08,3.557941597710168e-08,4.6898186308407966e-09,7.198731136332942e-10,2.1625821113886757e-10,20.0,5.857644888648361e-07,-0.45315428495068116,-0.22958681462888236,-0.2917505420714659,69596,75596,-1.1541446014999961e-06,0.0009183816575134907,0.0009183823827289958,0.005465269088,6.385196850231337e-07,8.494986074816301e-08,1.1282943543856773e-07,4.416943511816264e-09,1.5789884726743582e-09,1.5476253405976656e-10,20.0,4.1778743210646377e-07,-1.5844106714999977e-06,0.0008847289000154451,0.0008847303187297899,0.005210161209,3.147241151074429e-07,1.3676923956909885e-07,1.3689401071247297e-07,1.9137637739099416e-07,2.3979951214503007e-09,2.8184189876582396e-11,20.0,1.9408550485263272e-07,6.122986510000046e-07,0.0010093789054323274,0.0010093790911453444,0.004512310028,9.076060546012169e-07,6.925506847046153e-08,2.8441610083142523e-08,4.526838805798703e-09,6.914779531553598e-10,1.9230875120660662e-10,20.0,6.044462436795892e-07,-0.43148310111084853,-0.24282851765096264,-0.32220574754619274,139193,145193,4.7365827999993244e-08,0.0009276181911720657,0.0009276181923813572,0.005161523819,6.230154066454927e-07,1.002350437138831e-07,1.1350913725649085e-07,5.454744427705407e-09,1.4844465203859126e-09,1.6379902407937067e-10,20.0,4.0389692959631e-07,-5.086262733333535e-08,0.0008702291566715238,0.0008702291581579178,0.005558490753,3.036616277667247e-07,1.0571729658957137e-07,1.2903437502354235e-07,2.0921271743367583e-07,2.7145753753924196e-09,2.6517536158263958e-11,20.0,1.8547476033619613e-07,1.4090538683333177e-07,0.0009921926989692716,0.0009921927089745497,0.0046219825740000005,8.658275020089218e-07,7.562530208181943e-08,3.8163666044934115e-08,4.336834390996263e-09,5.762962879736476e-10,2.0267123754196162e-10,20.0,5.760456786244299e-07,-0.39870059745626907,-0.25481613537662134,-0.30232454967833444,208790,214790,4.0511290183333515e-07,0.0009122668182385595,0.0009122669081883702,0.005311012268,6.499640687684918e-07,8.697777152592546e-08,1.0015308337327409e-07,4.609469473742543e-09,1.5252839184070464e-09,1.648629865125127e-10,20.0,4.248621759245488e-07,2.0114580666666584e-07,0.0008668037446262192,0.0008668037679646248,0.005386114121,2.7040036662309776e-07,1.3450240571204184e-07,1.2660718675654066e-07,2.2370555131774458e-07,2.76992187291317e-09,2.8240658769462385e-11,20.0,1.629427570769814e-07,-1.4305114833331837e-08,0.0009737096684469145,0.0009737096685519952,0.003978729247999999,8.195225927872109e-07,9.231922831580274e-08,2.999416678432691e-08,4.943135233111686e-09,6.40808073768326e-10,1.8557295682315947e-10,20.0,5.455442076409314e-07,-0.38314954151346936,-0.2929016563055211,-0.28938258459123123,278387,284387
trimMA342_1200rpm_Avv__Dvv_07,284387,-9.648004800000276e-08,0.0009386720393082483,0.0009386720442665293,0.0050547122949999995,6.700331711803902e-07,8.433186022299805e-08,1.2560225549326695e-07,4.469633448418164e-09,1.580137138364079e-09,1.7885987811532757e-10,20.0,4.355489458816289e-07,-8.384386499999998e-09,0.0008800809417491525,0.0008800809417890908,0.0058343410500000005,3.1102069212336554e-07,1.2670733086746423e-07,1.335951291213038e-07,2.0953053312220674e-07,2.192012923397327e-09,2.0543163177333104e-11,20.0,1.880434084631457e-07,1.2516974716666208e-07,0.001030530366372079,0.0010305303739737307,0.004583358764,9.145675662922111e-07,8.06495333346585e-08,5.5341190822367725e-08,4.923050048560828e-09,6.24257127527982e-10,1.9218698252928631e-10,20.0,6.096002540564686e-07,-0.4442421880709347,-0.26193246530423653,-0.305438289525942,0,6000,7.266600890000012e-07,0.0009109652282870547,0.0009109655181086554,0.004754304886,6.403161621988921e-07,7.997757772055136e-08,1.1177698708226224e-07,5.132289051389125e-09,1.7364385860138873e-09,1.7472752344136287e-10,20.0,4.197925944500754e-07,-1.184145983333026e-08,0.0008648828859641028,0.0008648828860451658,0.005357027054,2.792690534200859e-07,1.2202280290127895e-07,1.239487220931268e-07,2.2091707657839145e-07,2.4663899469084966e-09,2.2189749575196845e-11,20.0,1.7098503052120968e-07,-3.466208726666635e-07,0.0010026783680624348,0.0010026784279749798,0.004333019256,8.772794040717894e-07,7.664711272849927e-08,3.553068646098863e-08,6.0086043043974285e-09,6.495364940264067e-10,1.814256384851129e-10,20.0,5.835500249669951e-07,-0.40416827296116264,-0.27295978383272385,-0.2821724464029147,69596,75596,2.7851263150000205e-07,0.0009070684630393295,0.0009070685057975597,0.004992723465,6.515695928739544e-07,6.682104772686774e-08,7.736361256872806e-08,5.406281160246945e-09,1.8296388290441221e-09,2.2307271027933397e-10,20.0,4.238601527755078e-07,6.636778491666649e-07,0.0008523871775412607,0.000852387435914587,0.005523681641,2.8608563199545644e-07,1.1051885936224561e-07,1.316489148243641e-07,2.0285921281394557e-07,2.347362138064588e-09,2.323424421625566e-11,20.0,1.7837282690154702e-07,2.667109125000025e-07,0.0009707482841404743,0.0009707483207795858,0.004701137543,8.316554083372234e-07,6.748937929411695e-08,3.4929442417564985e-08,4.495273412141954e-09,6.153591743314255e-10,2.2761260383972756e-10,20.0,5.531462119042308e-07,-0.42856919662981774,-0.29907900259465764,-0.2771168783806773,139193,145193,-2.447764064999955e-07,0.0009378359750460292,0.0009378360069895085,0.0049264431000000004,6.804259292246559e-07,1.1480833015039921e-07,1.0181076597985901e-07,4.978877569960572e-09,1.504346855041569e-09,1.7298384548877944e-10,20.0,4.429345008018711e-07,7.86701839333338e-07,0.0008900478779169774,0.0008900482255947139,0.005700588227,3.043256207538116e-07,1.425714216315888e-07,1.2590010114387228e-07,2.240309343684073e-07,2.29433085263282e-09,1.920805018093567e-11,20.0,1.8638315578301392e-07,6.42538031666665e-08,0.0009735066908864526,0.000973506693006906,0.004299879074,8.162473771245376e-07,8.515907938323677e-08,3.2340163142998464e-08,5.1898775989060275e-09,6.076583456886403e-10,1.8652405410416874e-10,20.0,5.433430199844332e-07,-0.4051615905693076,-0.2495000437345633,-0.28932070391109554,208790,214790,-7.02341398666677e-07,0.0009176727021746847,0.0009176729709433682,0.004860401153,6.760996327229637e-07,9.056640135800891e-08,7.797090857154788e-08,4.759876802877509e-09,1.6163455562643065e-09,1.5091547344844542e-10,20.0,4.432184223185908e-07,-1.9641717183333022e-07,0.0008940006846829526,0.0008940007062599524,0.005590200424,3.146347109009053e-07,1.3573975693189147e-07,1.2426935097901012e-07,2.1192502440315348e-07,2.2323903257186215e-09,2.7471785880426923e-11,20.0,1.920969542024577e-07,8.821486750000088e-08,0.0009961836474583626,0.0009961836513642,0.004168272018,8.691029813747624e-07,8.609937680083161e-08,2.7716835077019342e-08,4.538869796052104e-09,6.14745719682107e-10,1.866761263243022e-10,20.0,5.790832975130189e-07,-0.44397841173438185,-0.2366579262579933,-0.3064666907343443,278387,284387
trimMA342_1200rpm_Avv__Dvv_08,284387,4.3630601166664423e-08,0.000939730043017525,0.0009397300440303848,0.00494480133,6.696554931149683e-07,8.364043045529703e-08,1.1364030808621992e-07,4.662180618479861e-09,1.5479285703934936e-09,1.5618461069293045e-10,20.0,4.3302127609595064e-07,1.8211206183333234e-07,0.0008739548159499265,0.0008739548349239065,0.005787611008,2.9949762020271796e-07,1.2157834163352964e-07,1.2847404909989262e-07,2.2264435949163489e-07,2.342620491102391e-09,2.071857715174641e-11,20.0,1.8005081135461524e-07,-4.2525927333333763e-07,0.0009983735468185742,0.000998373637388603,0.0043787956240000005,8.842645349100106e-07,7.572927826714124e-08,3.012350305507673e-08,5.076078775436973e-09,5.89989348613371e-10,1.762230812947123e-10,20.0,5.886003540755522e-07,-0.3894528782595458,-0.24120777650659028,-0.28857522348724446,0,6000,-8.875926341666655e-07,0.0009172797971954235,0.0009172802266284615,0.0046477317809999995,6.590341989714311e-07,9.475248473276343e-08,9.292048175291428e-08,4.415106402733976e-09,1.5960102782415087e-09,2.0367766889214367e-10,20.0,4.3229690085949037e-07,2.406040838333305e-07,0.0008767533598187578,0.0008767533928327882,0.005411148071,3.1315127501837954e-07,1.221314600625227e-07,1.1848248141168183e-07,2.2002622288955477e-07,2.240428428161967e-09,2.531064816581608e-11,20.0,1.9068588089396554e-07,-7.140636396666654e-07,0.0009934304171358805,0.0009934306737652363,0.004450321197,8.76943340429219e-07,7.204081179692244e-08,2.639208804679619e-08,5.274198591463449e-09,5.969548593813959e-10,2.1604503724159047e-10,20.0,5.842457959305776e-07,-0.4327533443884052,-0.2498783708452355,-0.3073491138612523,69596,75596,-1.2608368816666854e-07,0.0009096931469688382,0.0009096931557064528,0.00455904007,6.522857052929237e-07,8.782180795247634e-08,8.094837898675783e-08,5.89568122668549e-09,1.5958061623756515e-09,1.5608270441906462e-10,20.0,4.235814426556131e-07,-2.462466539999986e-07,0.0008760941669202501,0.0008760942015269257,0.005054235458,2.93979254678455e-07,1.4027053320872514e-07,1.1159291593009884e-07,2.186677377830504e-07,2.5670179053787294e-09,2.8431433578934362e-11,20.0,1.7431246268536958e-07,-4.090865476666644e-07,0.0010034546259417394,0.0010034547093295638,0.004384756088,8.687735869911884e-07,9.475448822357436e-08,3.671037140988972e-08,4.723920122706064e-09,6.101682854763676e-10,1.990591147037629e-10,20.0,5.777653176033099e-07,-0.4242445056622837,-0.2301048760681257,-0.3252309816975435,139193,145193,5.708138141666726e-07,0.0009282397323126113,0.0009282399078213557,0.005175113678,6.774100579169474e-07,7.970080140935312e-08,9.077506416145272e-08,4.884295992573252e-09,1.496849109299324e-09,2.0500524377894722e-10,20.0,4.397147542827565e-07,5.317926443333352e-07,0.0008831187268670315,0.000883118886983323,0.005396127701,2.9022464215885427e-07,1.40937973561098e-07,1.1712352564184304e-07,2.2473088696678367e-07,2.2420694460915e-09,2.5710037902714642e-11,20.0,1.7638858773154624e-07,-3.039439536666628e-07,0.0009997736894887261,0.0009997737356901445,0.004108667373,8.775758814328084e-07,8.661635279597136e-08,2.6340888105839505e-08,3.58629922774107e-09,6.488813702980744e-10,1.932881724253317e-10,20.0,5.848329208072518e-07,-0.42462391051337733,-0.2641868033871051,-0.30893309600835595,208790,214790,-3.305673528333416e-07,0.0009364729096352479,0.0009364729679790454,0.004807710647,6.787969972038268e-07,9.315596584277773e-08,7.895342483183542e-08,4.710442211376485e-09,1.6398557179536122e-09,2.0414527067064122e-10,20.0,4.471664738306645e-07,9.349981883333425e-08,0.0008451816925393494,0.0008451816977111463,0.005088090897,2.7204113742575475e-07,1.0543892227387454e-07,1.0926346527348363e-07,2.258529254761114e-07,2.2205624309015176e-09,2.6864678359764627e-11,20.0,1.6982976664853284e-07,2.1457671516667692e-07,0.0009940734161014108,0.0009940734392602467,0.0046000480659999995,8.712519013609682e-07,6.862714957749892e-08,3.360135812396541e-08,5.898398660242565e-09,6.356183976758787e-10,2.195194199272154e-10,20.0,5.80833879997403e-07,-0.4101562580363943,-0.2740373103655975,-0.25607606696905155,278387,284387
trimMA342_1200rpm_Avv__Dvv_09,284387,-1.0613600883333541e-07,0.0009444768504280781,0.0009444768563916188,0.004827260971,7.133971476196022e-07,8.156714991187065e-08,9.533403111090884e-08,5.1037615752067565e-09,1.5858775218714602e-09,2.2440334427050325e-10,20.0,4.6533575379351133e-07,2.0464260500000175e-08,0.0008840710623489913,0.000884071062585842,0.005458116531,3.0370302130618123e-07,1.3947057883084715e-07,1.1227911439072492e-07,2.2794553055446283e-07,2.256589662868796e-09,1.9444611696778586e-11,20.0,1.8568162512096488e-07,-1.439650901666698e-07,0.0009850866099439394,0.0009850866204637997,0.004173517227,8.658631836660197e-07,6.75632440129789e-08,2.5030316110805258e-08,3.9527598197361616e-09,5.375835899194346e-10,1.927182518469654e-10,20.0,5.764935572292078e-07,-0.4459528612768768,-0.2603016164048896,-0.2680206892199251,0,6000,1.0666449853333355e-06,0.0009542947342247229,0.0009542953303357191,0.0050272941590000005,7.020891822204585e-07,1.0400144235289148e-07,8.591137458535093e-08,4.084476650767081e-09,1.4510039334121643e-09,1.6606965839739705e-10,20.0,4.54527242844301e-07,2.1402040750000013e-07,0.0008780532329445579,0.0008780532590276771,0.005901575089,3.2822942062979783e-07,1.1392396231988485e-07,1.2623851850325697e-07,1.841313124735025e-07,2.1720320973212602e-09,2.0771076598980863e-11,20.0,1.9561777953655576e-07,3.3124288333333713e-07,0.0010061351976747728,0.0010061352522011651,0.0044732093809999995,8.791874951805041e-07,7.987937508953292e-08,4.980731833351531e-08,4.722283969123509e-09,5.882300098027573e-10,1.9591146557933185e-10,20.0,5.850463830270454e-07,-0.44104758513590453,-0.2149380208692537,-0.27160688535942507,69596,75596,-9.635289523333343e-07,0.0009369332236744047,0.0009369337191140865,0.005488157273,6.604826483622169e-07,1.234225214808744e-07,8.417280048477827e-08,4.818288734070787e-09,1.5480554340796693e-09,1.3890843322351388e-10,20.0,4.332876873315107e-07,6.902218000000235e-08,0.0008840245187677231,0.0008840245214622532,0.005364894867,3.3891013196556235e-07,1.1594017242857553e-07,1.2045645743006287e-07,2.0835959984104442e-07,2.046118648172713e-09,2.481599773981472e-11,20.0,2.0883358046018558e-07,-1.7281373666666715e-07,0.0010265512195587116,0.0010265512341047893,0.0042827129369999994,9.227620072402175e-07,9.85239386421754e-08,2.3760255112504353e-08,3.949865686404322e-09,6.304495491344418e-10,1.9559465837369805e-10,20.0,6.151516205644848e-07,-0.4550071458766605,-0.24055196055808603,-0.32085919042771704,139193,145193,-5.391438824999978e-07,0.0009444292627085703,0.0009444294165983924,0.0052359104149999995,6.450407193157212e-07,9.735366958356417e-08,1.2449176696050802e-07,5.583587304967874e-09,1.4514479849306198e-09,1.7959517283211282e-10,20.0,4.1993766478401897e-07,2.9567878066666615e-07,0.000861179852222864,0.0008611799029822603,0.005467653275,3.0271436451698364e-07,1.0590546439267751e-07,1.2796010284942292e-07,2.0017920345821696e-07,2.3146928446351585e-09,2.229204803083462e-11,20.0,1.849901624008826e-07,1.1467933533333927e-07,0.001010623059334913,0.0010106230658414683,0.004648923874,8.898032764538876e-07,7.3323373142415e-08,5.656281105507443e-08,4.203972350765385e-09,6.048677010489607e-10,1.9087689712255878e-10,20.0,5.930417714219618e-07,-0.4110399514194489,-0.279532060692167,-0.2963981570343434,208790,214790,3.6533673616666896e-07,0.0009404117361040116,0.0009404118070681014,0.0049297809599999996,6.6473394944343e-07,6.619246297022101e-08,1.4284340269829675e-07,5.882704538688752e-09,1.7042478678243547e-09,1.5295475256364366e-10,20.0,4.3169886131215544e-07,5.916357023333316e-07,0.0008711494930675975,0.0008711496939704085,0.005446910858,2.7961255940792246e-07,1.3997740173284992e-07,1.2214763532718e-07,2.1502238442181142e-07,2.4447456786266552e-09,2.50710155092627e-11,20.0,1.689272782518492e-07,-6.808042531666655e-07,0.0009863993009746842,0.0009863995359172555,0.004246711731,8.4538238213399e-07,7.630834436272657e-08,3.655185134615951e-08,5.98230572398118e-09,6.839006642142496e-10,1.7929884984149158e-10,20.0,5.631448161890158e-07,-0.3952596010702493,-0.28823605737300273,-0.3061404262239362,278387,284387
trimMA342_1200rpm_Avv__Dvv_10,284387,-1.0831753448333347e-06,0.000952497271070795,0.0009524978869615086,0.004798650742,7.061352180877678e-07,1.095701987298273e-07,8.713599074495313e-08,4.1346607782191885e-09,1.4760843336079525e-09,1.4126100454423878e-10,20.0,4.603032928010385e-07,2.0778179466666874e-07,0.000880099583921767,0.0008800996084492606,0.005086898804,3.108668090303892e-07,1.214237980062599e-07,1.2034784514820187e-07,2.1238379138226437e-07,2.194117921590132e-09,2.2988364167330216e-11,20.0,1.9467588376395052e-07,-4.046758031666722e-07,0.0010216094015280761,0.001021609481677348,0.004298448563000001,9.313249306734186e-07,8.427482805858737e-08,1.937542653571287e-08,4.384296703268053e-09,5.533750055471798e-10,1.661641353536121e-10,20.0,6.205993179711613e-07,-0.42582943657008643,-0.22315218432537356,-0.2733624182430471,0,6000,7.201433228333284e-07,0.0009237012119860419,0.0009237014927079462,0.005062818528,6.664180722245697e-07,9.085509612862953e-08,8.526475856984984e-08,4.869844818196822e-09,1.5365785279589967e-09,1.615945232720074e-10,20.0,4.3585679569512506e-07,-4.1838486649999755e-07,0.0008813145582333958,0.0008813146575429356,0.005274295807,3.1042800184431806e-07,1.2305030584421312e-07,1.2129451428466087e-07,2.097560006292185e-07,2.293315776214388e-09,2.402339858103554e-11,20.0,1.9054616192181745e-07,8.543331816667059e-08,0.0010040030149731432,0.0010040030186080186,0.004228830337,9.097057062527195e-07,7.198666281751521e-08,2.131414552495952e-08,4.801738815445527e-09,6.669064276443868e-10,2.0380979666382702e-10,20.0,6.060437682275628e-07,-0.42260710332113266,-0.25644977698311316,-0.2723280657342398,69596,75596,2.996126666666351e-08,0.0009332707442512569,0.0009332707447321877,0.004956245422000001,6.650000119943241e-07,1.0532482984782974e-07,7.853204630555701e-08,4.219017652317914e-09,1.669789731520285e-09,1.787803430279647e-10,20.0,4.342936990819747e-07,-5.074341266667002e-08,0.0008743832469145196,0.0008743832483869253,0.005943536758,2.8818946460567224e-07,1.2534247969413506e-07,1.1916804918856661e-07,2.2891802260359744e-07,2.4944334926707876e-09,2.4766938748102542e-11,20.0,1.7875693896777956e-07,1.2226900333333947e-07,0.0009880644470609237,0.0009880644546260726,0.004327297211,8.666740711700384e-07,7.853069765790731e-08,2.8017378044993993e-08,3.7234544131069764e-09,6.456985326322159e-10,1.9352468736259627e-10,20.0,5.761825649689764e-07,-0.39473342041291776,-0.2953932880965878,-0.2611347631914234,139193,145193,-4.4194856783332885e-07,0.0009206637098240503,0.0009206638158988978,0.004713535308,6.897725296241336e-07,9.976896615385068e-08,6.991070927052506e-08,5.379381947280347e-09,1.726874564171662e-09,1.8406006742295994e-10,20.0,4.488171888642848e-07,-2.8411539999995707e-08,0.0008904030687326774,0.000890403069185964,0.005648851395,3.2547537236271414e-07,1.227087264653924e-07,1.1339882552947324e-07,2.3823116159128735e-07,2.4049701994274387e-09,2.4006930051680773e-11,20.0,1.9360717829569786e-07,-3.19321953333331e-07,0.0009783789696549648,0.0009783790217648886,0.004067182541,8.520556985061743e-07,6.945704568769753e-08,2.4580314647312207e-08,4.111137886364251e-09,6.353264144567725e-10,1.823231490452369e-10,20.0,5.673940965710638e-07,-0.43480575420175266,-0.26337626564534755,-0.2679870508155334,208790,214790,9.525617013333362e-07,0.0009456772117262023,0.0009456776914742356,0.0047955513,6.842986236089985e-07,9.512009047008905e-08,1.0776138062300921e-07,4.244995812617174e-09,1.5483874148927466e-09,1.9517577939201068e-10,20.0,4.4981310589713613e-07,3.550052643333315e-07,0.0008862442579400971,0.0008862443290428047,0.005668640137,3.031583437188091e-07,1.2852564367166994e-07,1.1583369781580032e-07,2.411344522244442e-07,2.58060546608453e-09,2.1441286885607347e-11,20.0,1.8552566124035074e-07,-6.627241749999913e-07,0.0010044011379110036,0.0010044013565503837,0.004091024399,8.853905855081816e-07,7.941681944596195e-08,3.483528644964535e-08,4.151586978663902e-09,6.694218627542163e-10,2.065284993834053e-10,20.0,5.901718906468585e-07,-0.4247687738120933,-0.24055276056419708,-0.277335662361196,278387,284387
trimMA342_1200rpm_Avv__Dvv_11,284387,6.90062840166666e-07,0.000977932111333098,0.0009779323547992132,0.0048184394840000005,7.137541612489425e-07,1.13676138938823e-07,1.245912244682895e-07,4.852276378953777e-09,1.6375029548653714e-09,1.893664247437326e-10,20.0,4.6299907525945745e-07,7.551511093333331e-07,0.0008967454586486695,0.0008967457766057281,0.005427837372,3.1919952646481677e-07,1.197911284955861e-07,1.2242800562336242e-07,2.442515893636027e-07,2.431324422449795e-09,2.502162187877602e-11,20.0,1.9118080525307818e-07,1.5389918916666802e-07,0.0009893057509783839,0.0009893057629488794,0.0042436122900000005,8.664954190198566e-07,7.978221658827422e-08,2.9875408258912765e-08,4.309455508584676e-09,6.445003923068322e-10,2.4087134091007273e-10,20.0,5.769912148046794e-07,-0.39559830102997456,-0.2339217721062378,-0.2577523934564591,0,6000,3.0068556566666245e-07,0.0009266126069272323,0.0009266126557134275,0.00472831726,6.838893685138558e-07,9.43931913056984e-08,8.066918818541703e-08,4.541265135334232e-09,1.5398275727770924e-09,1.5814673354579712e-10,20.0,4.463622891370582e-07,9.997685721666657e-07,0.000878057127154113,0.0008780576963294223,0.005531311035,3.176582971044604e-07,1.1549760884149846e-07,1.1664976835538243e-07,2.198360939457987e-07,2.8374778909994537e-09,2.993740295322156e-11,20.0,1.930226571197272e-07,1.7472108599999453e-07,0.0010050012331593344,0.0010050012483471058,0.004368066788000001,8.779314619421002e-07,9.414508082151352e-08,2.7490472325216144e-08,4.153410028787584e-09,6.822958536941781e-10,1.9896932143124767e-10,20.0,5.839660499202347e-07,-0.45170519832186384,-0.23478818930682444,-0.28252624659762626,69596,75596,-3.5766760816665495e-07,0.0009314975500948582,0.0009314976187617662,0.0048358440400000004,6.635347827172038e-07,9.641842588265439e-08,8.306219998875097e-08,5.074577601368367e-09,1.7231327554769592e-09,1.748134793298414e-10,20.0,4.318352009866689e-07,-2.0404657383333673e-07,0.0008849536970232412,0.0008849537205470729,0.00567483902,3.163245140256772e-07,1.1895984194671175e-07,1.1975266338623572e-07,2.2842064160730253e-07,2.3747448142286835e-09,2.3781957112976783e-11,20.0,1.9040370188080668e-07,4.026095149999911e-07,0.0009981654469055246,0.000998165528101691,0.004505634308,8.929148399539445e-07,7.275750955980852e-08,2.532846867228705e-08,4.710394461252302e-09,6.893929809156681e-10,1.913051009587068e-10,20.0,5.937886928165337e-07,-0.4250714039110551,-0.22299094629929767,-0.29924061279903763,139193,145193,1.4952818616666604e-07,0.0009099436683454992,0.0009099436806312478,0.004390478134,6.690519971529079e-07,7.684603006191894e-08,8.231947790849683e-08,5.233104831580608e-09,1.34956689112493e-09,1.5895443478670053e-10,20.0,4.364904326233556e-07,-1.4417568819999991e-06,0.0008809146578262893,0.0008809158376576705,0.005608320236,2.9061333111387415e-07,1.2786474599087403e-07,1.33664976767085e-07,2.3238394307520975e-07,2.4533805370283416e-09,2.7127364172279696e-11,20.0,1.8032956804125153e-07,1.2040138466666224e-07,0.0010037829461718311,0.0010037829533927614,0.004309892654,8.930849084589982e-07,7.486413919685451e-08,3.1041670933538544e-08,4.836199795982665e-09,6.631713713401315e-10,1.9976787450155088e-10,20.0,5.94504353599019e-07,-0.4324161287004205,-0.2678219871240916,-0.2928392017914681,208790,214790,7.75337224e-07,0.0009332508535726692,0.0009332511756445456,0.004529714584,6.822121257722214e-07,1.0013885709732731e-07,7.948485373773691e-08,5.147689100258183e-09,1.6490511183382238e-09,1.7735983247472102e-10,20.0,4.4759509902445016e-07,4.787842458333393e-07,0.0008715276920025077,0.0008715278235154469,0.005598783493,2.92296537287766e-07,1.2880750136230263e-07,1.1755526829291338e-07,2.24086653497772e-07,2.3918764939633496e-09,2.710237156193498e-11,20.0,1.7172455090214135e-07,1.6415118716667116e-07,0.0009921864620467417,0.0009921864756256469,0.004099607468,8.568410045591981e-07,8.963699680636283e-08,3.0606635930740294e-08,5.088445402272801e-09,6.856413259248846e-10,2.2236214496795498e-10,20.0,5.709631372503489e-07,-0.39528222042054567,-0.24944981083625578,-0.2766332718124513,278387,284387
trimMA342_1200rpm_Avv__Dvv_12,284387,-4.331269333336662e-09,0.0009459270336206943,0.0009459270336306105,0.0047504901880000006,7.028155873782318e-07,8.741887040643415e-08,9.101783024044685e-08,4.995938645773529e-09,1.7421548982390009e-09,1.84792833369855e-10,20.0,4.5700223268117566e-07,9.675820066667428e-08,0.0008996240288512479,0.0008996240340546156,0.005282640457,3.3303516954531803e-07,1.220204043041948e-07,1.3788692688807118e-07,2.0664824778188559e-07,2.6046604190792824e-09,2.922611535470535e-11,20.0,2.035035856212733e-07,-2.5002161200000697e-07,0.000988020997946439,0.0009880210295807896,0.004500627518000001,8.660104409432412e-07,7.257550575308776e-08,3.107285348276456e-08,5.181563655304077e-09,6.508742894285054e-10,2.2605719053162615e-10,20.0,5.767530798633446e-07,-0.41628311475014895,-0.21976666591171015,-0.2841296047416261,0,6000,-4.2029222183333216e-07,0.0009168382040747538,0.0009168383004088406,0.005134820938999999,6.658630063075997e-07,9.915305967711716e-08,7.925040890635245e-08,4.3864785290625945e-09,1.4091132403442468e-09,1.501851501585598e-10,20.0,4.3263070163837356e-07,4.805326488333366e-07,0.0008797784543200813,0.0008797785855528981,0.005456447602,3.2260324914221945e-07,1.2290757812512403e-07,1.2011810797422694e-07,2.0647289410313482e-07,2.5552938747566387e-09,2.6202088018248765e-11,20.0,1.93721057877476e-07,-5.530516290000002e-07,0.0010085572790047598,0.0010085574306402138,0.004213094711000001,9.092797098357323e-07,6.955108660140114e-08,3.150194415719405e-08,4.453062245606665e-09,6.290165178308273e-10,2.057163817382282e-10,20.0,6.056021581789977e-07,-0.44841790600450043,-0.2388885829470591,-0.31369227456160376,69596,75596,-6.375312804999996e-07,0.0009095967349073582,0.0009095969583283909,0.004879951477000001,6.52027700885157e-07,8.168999314634481e-08,6.771598550191911e-08,4.648342718780446e-09,1.685073589930947e-09,1.790823838138827e-10,20.0,4.246684085777274e-07,6.021658583333321e-07,0.0008719818479136865,0.0008719820558329675,0.0053105354309999995,2.96255227329534e-07,1.2136309261381517e-07,1.2670133829014018e-07,2.0763547933733935e-07,2.6688909810429475e-09,2.5698700864281497e-11,20.0,1.7899863675450037e-07,-1.2938181449999886e-07,0.0009979713389400091,0.00099797134732685,0.004334926605,8.915250788767334e-07,7.022699732064013e-08,3.1576052108288386e-08,4.03178365190214e-09,7.042604118918939e-10,1.9776311234127713e-10,20.0,5.928954430322792e-07,-0.4224516619007373,-0.2663138532515098,-0.2987590536709987,139193,145193,-7.464488299999984e-07,0.0009169960925654978,0.0009169963963758238,0.004811763763,6.603070631614833e-07,9.526918169317913e-08,7.767988912048919e-08,5.7313309455735016e-09,1.6889750350638648e-09,1.5518677308219484e-10,20.0,4.307573620980994e-07,3.5127000499999884e-08,0.0008762677336244445,0.0008762677343285136,0.005703926086,2.996473879184191e-07,1.1885110578073013e-07,1.3017483507781117e-07,2.1237274574410144e-07,2.768594615978289e-09,2.6107066704591218e-11,20.0,1.7748457482305484e-07,-5.156596470000004e-07,0.0009755184993385446,0.0009755186356275299,0.004325151444,8.456994456882853e-07,6.717481734062017e-08,2.85990333368506e-08,5.176291390816825e-09,6.695627339727655e-10,2.1948076501585333e-10,20.0,5.6388572784802e-07,-0.4263521313121567,-0.2691075478553349,-0.2965343334076242,208790,214790,-2.982219053333408e-07,0.000941653975174534,0.0009416540223979859,0.005076885223,6.912300699407301e-07,9.127466452374191e-08,9.472252289760023e-08,5.355647958732504e-09,1.7592601250337411e-09,2.1156606993058188e-10,20.0,4.503269874878248e-07,-4.545848533333424e-08,0.000886489974293278,0.000886489975458815,0.005846023559,3.2038094540512495e-07,1.2425704299056918e-07,1.2525589320306893e-07,2.140961153935151e-07,2.613413489195512e-09,2.4432924039153574e-11,20.0,1.9205860921026642e-07,3.763834653333307e-07,0.0009914328375635456,0.0009914329090078746,0.004144191742,8.544334555117841e-07,8.550636036832486e-08,2.9584319303631233e-08,4.481518240365562e-09,6.721323388833039e-10,2.3868260833016697e-10,20.0,5.692274852348857e-07,-0.4290723264976301,-0.24253195073555656,-0.3119058971813896,278387,284387
trimMA342_1200rpm_Avv__Dvv_13,284387,-1.839002015000049e-07,0.00093048277635986,0.0009304827945328369,0.004613399506,6.719648600546007e-07,1.1353686950276956e-07,7.716777033255672e-08,5.886885153384734e-09,1.5593466923178138e-09,1.9151974833513614e-10,20.0,4.3547618269898186e-07,9.973844000006962e-09,0.0008718221912486,0.0008718221913056514,0.0053055286399999995,2.7626137430255145e-07,1.2446726534382783e-07,1.2952893585896777e-07,2.177674449970217e-07,2.7766628194795284e-09,2.4701169277428916e-11,20.0,1.6680076273004046e-07,2.0130474883333153e-07,0.0009955302005507892,0.000995530220903563,0.004427909851,8.846079670760225e-07,7.768214156558436e-08,2.706641150948038e-08,4.9579231526639525e-09,6.547303728257919e-10,1.7664634239665378e-10,20.0,5.872413143338442e-07,-0.3758410360691612,-0.2513432207847559,-0.30115668761807046,0,6000,-3.3827622799999816e-07,0.0009274236845132678,0.0009274237462061082,0.004839897156,6.913760926614815e-07,7.231579278525194e-08,7.24197848258756e-08,4.651723972819241e-09,1.680780455837051e-09,1.8443681893149618e-10,20.0,4.5065897419820176e-07,-4.595518151666589e-07,0.0008668714422218814,0.0008668715640322477,0.005340099335,2.7395379395287367e-07,1.1851297037144223e-07,1.2228581671928416e-07,2.2525486769616715e-07,2.5536441413199384e-09,2.7291145890381954e-11,20.0,1.6483052225853697e-07,1.959005833332648e-08,0.0009750909817887293,0.0009750909819855161,0.004045963288,8.491567514531238e-07,7.019991846101322e-08,2.9175107904388012e-08,4.818516071013293e-09,7.132280196656746e-10,2.1507118508286687e-10,20.0,5.658505323344526e-07,-0.4194491260715122,-0.2692221403426673,-0.26201359503005656,69596,75596,-7.470448066666918e-08,0.0009422481220561016,0.0009422481250175081,0.004807472229,7.024745833442005e-07,1.03086830889176e-07,7.562326580894543e-08,4.841346366218638e-09,1.712244738455659e-09,1.680865408564062e-10,20.0,4.608412873306817e-07,1.3518333400000296e-07,0.0008750949764489596,0.0008750949868904169,0.005258321761999999,3.0277559542539336e-07,1.1610539551597223e-07,1.2196989700567753e-07,2.2573540929765093e-07,2.8917360171540523e-09,2.3642383500442084e-11,20.0,1.849239451397528e-07,4.023313476666686e-07,0.000985653287642869,0.0009856533697561783,0.004071950912,8.539238239596963e-07,7.550498088330317e-08,3.4161881686984553e-08,5.618100096087118e-09,7.586865736048347e-10,2.46637792389257e-10,20.0,5.687051801990237e-07,-0.42090223817268074,-0.23722176707498974,-0.26028597496007333,139193,145193,3.894172833330059e-09,0.0009230793678136807,0.0009230793678218947,0.004506349564,6.814533843126944e-07,1.0080714868563109e-07,6.842544153496816e-08,4.559984999885243e-09,1.6356624669951057e-09,1.6187003999985364e-10,20.0,4.4263481845862185e-07,2.120733240000023e-07,0.000874625275262404,0.0008746253009734687,0.005276441574,3.2133786114474566e-07,1.109916008862286e-07,1.2101321141336555e-07,2.0812783313088205e-07,2.5546926856229024e-09,2.825015582633075e-11,20.0,1.9515208616694942e-07,-2.2172924666661227e-08,0.0010064992000661734,0.0010064992003104053,0.004468202591,9.086848862269967e-07,7.071733542570946e-08,1.8805269862092616e-08,4.412991484264077e-09,6.529690140338358e-10,1.7644683649318887e-10,20.0,6.046111425163087e-07,-0.4266842082214683,-0.21175600154198432,-0.29946844614071116,208790,214790,-1.2936194735000065e-06,0.0009235021439873132,0.0009235030500223083,0.004660129547,6.55407709297973e-07,1.0830777503682256e-07,7.489958743020846e-08,4.570167048613508e-09,1.6318792675061578e-09,1.7925465822907262e-10,20.0,4.2799044816198324e-07,3.4228960249999864e-07,0.0008929092817127595,0.0008929093473197421,0.0053801536559999995,3.3026202336556505e-07,1.1869894112625605e-07,1.2698283752114624e-07,2.2142003322959704e-07,2.5795896729487047e-09,2.1654565459353016e-11,20.0,2.0491599203939286e-07,-4.3626626766665616e-07,0.001023921701228222,0.0010239217941690434,0.0048708915709999995,9.267458817281818e-07,6.6419366243751e-08,5.168990122217949e-08,4.377695063619791e-09,6.124397971544318e-10,2.2789431714718152e-10,20.0,6.172392521509424e-07,-0.4386959054687634,-0.2508978659317918,-0.2952825503944085,278387,284387
trimMA342_1200rpm_Avv__Dvv_14,284387,-5.087057781666647e-07,0.0008922851661971442,0.0008922853112077068,0.004534959793000001,6.406402102056719e-07,7.65632286304913e-08,5.794408019029898e-08,4.5353551908597134e-09,1.520048489803237e-09,1.688781551435642e-10,20.0,4.1921652495449994e-07,4.256963763333323e-07,0.0008760216410607479,0.0008760217444927786,0.00564956665,3.0328568833208735e-07,1.1723211919314082e-07,1.246192126739125e-07,2.162236084929542e-07,2.705065789773482e-09,2.529203331316991e-11,20.0,1.8249470642210618e-07,-6.635983416666824e-08,0.0009801029979335347,0.0009801030001800473,0.003990650177,8.606164433461272e-07,6.720081970210139e-08,2.3116408336826864e-08,5.233504962554494e-09,6.452036950966635e-10,2.2315109866733367e-10,20.0,5.724777741468422e-07,-0.4131953091489525,-0.27806893765177393,-0.2866897800000885,0,6000,-1.1559327683333583e-07,0.0009166975395393404,0.0009166975468273525,0.004660844803000001,6.729358650067205e-07,7.705424565332795e-08,6.50525433830662e-08,5.021373868371673e-09,1.7197925664939313e-09,2.145070839236719e-10,20.0,4.3549946303726687e-07,3.7312507599999644e-07,0.0008690258565313459,0.0008690259366338623,0.005465269089,2.850832078715527e-07,1.2176069671697748e-07,1.1988246477804574e-07,2.136204353460656e-07,2.8092903188460133e-09,2.7195427061429182e-11,20.0,1.7150636595864465e-07,-5.5392575499998525e-08,0.000979137657377609,0.0009791376589444662,0.004156589508,8.26307974018013e-07,8.863166372821327e-08,3.7707401331196725e-08,5.941972362665199e-09,6.48893701039387e-10,2.3602992959227126e-10,20.0,5.500092858577871e-07,-0.3986073685458326,-0.26980179683006766,-0.29880924853934065,69596,75596,8.679231048333332e-07,0.0009342689687313698,0.0009342693718756347,0.0049064159400000005,6.804155321116228e-07,8.181217689658307e-08,7.791791900513804e-08,4.416412153657662e-09,1.622598126154603e-09,2.050161211933456e-10,20.0,4.4492848078650667e-07,-1.0427236536666659e-06,0.0008703774153398746,0.0008703780399380136,0.005470514298000001,2.859309878445752e-07,1.2724730521033016e-07,1.2076013034917898e-07,2.2256925601875605e-07,2.74677770916587e-09,2.554145637855737e-11,20.0,1.7395965028035438e-07,2.670685534999958e-07,0.0009911703021414525,0.000991170338121955,0.004297494889,8.708022606838791e-07,7.612061420483144e-08,2.6583721194035054e-08,4.564001776475056e-09,6.89869878952008e-10,2.045221287363599e-10,20.0,5.785831697680806e-07,-0.40907230241255754,-0.23014240254139745,-0.3053381550728129,139193,145193,-7.224480324999969e-07,0.0009119553179875544,0.0009119556041479984,0.004631280899,6.728958389526921e-07,8.977409490725834e-08,6.776768814482689e-08,4.50011563140322e-09,1.5788102055227554e-09,1.9648201508762705e-10,20.0,4.407607531559166e-07,-8.47538313666668e-07,0.0008577843975423213,0.0008577848162495278,0.005616903305,2.8145960025323385e-07,1.1325023537796197e-07,1.2247661628822954e-07,2.1739928909428145e-07,2.5194304474855025e-09,2.405090005105202e-11,20.0,1.7342435472916126e-07,-1.0323524366666684e-07,0.0009959752649591727,0.000995975270309464,0.004595756531,8.862438868422327e-07,6.691956634015269e-08,2.990936024777134e-08,5.5950732016547855e-09,6.63189729563901e-10,2.1573472989927302e-10,20.0,5.906915972287074e-07,-0.43914184040233234,-0.2617558780705824,-0.2666081132510308,208790,214790,-1.3744831066666436e-07,0.0009194649550611587,0.0009194649653345453,0.004355430603,6.688949330196915e-07,1.2171654325887205e-07,6.273395650640795e-08,4.619794943872086e-09,1.5391689076583568e-09,1.5873173307142512e-10,20.0,4.362599801263789e-07,1.551310189999971e-07,0.0008907642236486941,0.0008907642371571132,0.005366563797,3.110877090446516e-07,1.313761926289602e-07,1.1904451005300408e-07,2.4592069736870344e-07,2.8230750343574648e-09,2.8873091047914922e-11,20.0,1.8835534218676176e-07,2.5248527566666217e-07,0.0009995060055309145,0.000999506037421075,0.004372835159,8.774900640739659e-07,7.424484552125678e-08,3.048517830800781e-08,4.6694686254813765e-09,6.187260419698741e-10,2.1264412552486008e-10,20.0,5.85162688054626e-07,-0.417176181745129,-0.2412607021371511,-0.2729774442252653,278387,284387
trimMA342_1200rpm_Avv__Dvv_15,284387,-2.702474495000015e-07,0.0009241075197275059,0.0009241075592432987,0.004932403564,6.74896651206219e-07,1.2044189737470992e-07,6.282887037402547e-08,4.841168428749478e-09,1.5332802807133294e-09,1.473491334593278e-10,20.0,4.4160704318859587e-07,5.696217098333332e-07,0.0008912738280941756,0.0008912740101195246,0.005672693253,3.1566833760700183e-07,1.2135411620482592e-07,1.20353763952486e-07,2.2997198046498175e-07,2.5811007891186383e-09,2.7957597729669675e-11,20.0,1.930153273344422e-07,-3.70065375666673e-07,0.0009788418429881888,0.0009788419129424816,0.004231691361,8.634800411815314e-07,6.0249667089256e-08,2.70710123837633e-08,6.157861068251672e-09,7.040165582103797e-10,1.9005114621629174e-10,20.0,5.748214458548902e-07,-0.41515311414948325,-0.23803993034180074,-0.2738634877029913,0,6000,-5.112886413333346e-07,0.0009340636957816544,0.0009340638357164662,0.0048921108250000005,6.543806611333463e-07,1.1125787821958139e-07,9.341393410208476e-08,4.9544725327555624e-09,1.6691628046247034e-09,2.2295682617844965e-10,20.0,4.266081068769586e-07,6.973345970000006e-07,0.0009058602472787734,0.0009058605156841203,0.005786180496,3.125061623522019e-07,1.2600704914198553e-07,1.2563673468629554e-07,2.378477256734686e-07,2.724218633547084e-09,2.6067517692750384e-11,20.0,1.8992925714176757e-07,-3.0684471450000256e-07,0.001008244951831975,0.0010082449985238415,0.004271745682,8.878206499331726e-07,7.498068160349755e-08,4.380465185796969e-08,6.615176079765971e-09,7.059680630489452e-10,2.2724056486701225e-10,20.0,5.917124297755603e-07,-0.407688502238875,-0.24354344467890787,-0.2847795402102767,69596,75596,-2.451340421666705e-07,0.0009105986293362975,0.0009105986623314589,0.005028486251999999,6.560255776409063e-07,1.1141321160971043e-07,6.098223184810995e-08,5.1562609386096796e-09,1.6296177171455444e-09,2.1407947008249918e-10,20.0,4.280420246554853e-07,5.160967484999987e-07,0.0008941519376359298,0.0008941520865792023,0.005953073502,2.9689166258682935e-07,1.2888303947310577e-07,1.2569530789633295e-07,2.3831285383932076e-07,2.8129322215403642e-09,2.6809461634399416e-11,20.0,1.7924004616604852e-07,-7.030566471666657e-07,0.0009820157397687236,0.0009820159914391221,0.003942012787,8.556458089966915e-07,7.917612026569011e-08,2.1642339772536527e-08,6.259615801082383e-09,7.368473453178362e-10,2.385568171759515e-10,20.0,5.691469536927301e-07,-0.37579383186860227,-0.28646345756951264,-0.3031961925007151,139193,145193,-2.2260347299999743e-07,0.0009223861368060348,0.0009223861636669683,0.005082368851,6.733186685555496e-07,1.1541301212330503e-07,6.31906884004882e-08,4.1701627534825115e-09,1.6608136714902897e-09,2.0069904605123246e-10,20.0,4.419399286275627e-07,4.1254361800000086e-07,0.000869934646155003,0.0008699347439739759,0.0052962303159999995,2.7748849110697387e-07,1.3073619751978085e-07,1.2477767631641964e-07,2.2029312060125036e-07,2.6708335889992864e-09,2.3633240387011332e-11,20.0,1.7053980054255558e-07,1.9804637216667282e-07,0.0009724041973573388,0.000972404217525066,0.004223108292,8.424632788794237e-07,6.706051312688891e-08,2.4405650090419964e-08,6.789782025848807e-09,7.511163429184549e-10,2.36450148833056e-10,20.0,5.609113332251252e-07,-0.4038408895668286,-0.251667581240856,-0.2983125175012956,208790,214790,7.248719513333318e-07,0.0009423469688822253,0.0009423472476751144,0.005421876907,6.889229373437331e-07,1.3124092744080243e-07,6.321155164029003e-08,4.9383523698946234e-09,1.6005351354907574e-09,1.8790940922328576e-10,20.0,4.50151139406668e-07,-1.6669432583333448e-07,0.0008797408794029872,0.0008797408951957046,0.005455970764,2.8593131942589646e-07,1.2442202955623103e-07,1.3144947671534212e-07,2.2983887544504865e-07,2.860240010772005e-09,2.464465567925514e-11,20.0,1.7707538818865093e-07,1.2516967999996743e-08,0.000987639388159647,0.0009876393882389646,0.004287481308,8.710792296973577e-07,6.179394751146298e-08,2.948065622116457e-08,4.686787743630411e-09,6.582251236287089e-10,2.2231751820426058e-10,20.0,5.798974632338272e-07,-0.41901411386394083,-0.2363114036930756,-0.2605094849227806,278387,284387
trimMA342_1200rpm_AW__D_00,284389,-8.413791688333371e-07,0.000944241645850865,0.000944242020711881,0.004644870758,7.162237479175987e-07,7.472321342075346e-08,1.007509351612408e-07,4.698178621864035e-09,1.3510656011414007e-09,1.2979390256868545e-10,20.0,4.6820197335898806e-07,2.319018058333291e-07,0.0008525334928512845,0.0008525335243916563,0.00509262085,3.1476435281698716e-07,1.3141357811802736e-07,1.1125024006248478e-07,1.7635244761308544e-07,1.6552555825015006e-09,1.4787607301073467e-11,20.0,1.9181285388245507e-07,1.7631054116667178e-07,0.0009900849002455533,0.0009900849159439073,0.0042948722840000005,8.729274335749846e-07,6.291657241294513e-08,3.552548902870721e-08,4.854375290623488e-09,4.705933471165769e-10,1.8142144754753387e-10,20.0,5.814270079469794e-07,-0.5217154614122329,-0.26438723273151477,-0.24312421273416981,0,6000,-7.801850628333304e-07,0.0009527265626936119,0.0009527268821392189,0.00460100174,6.9424724134013e-07,6.898652101430108e-08,1.257620835738821e-07,4.910646091805441e-09,1.3356607595175717e-09,1.5280121441840555e-10,20.0,4.540371211120369e-07,-4.41074378333377e-08,0.0008766290544510183,0.0008766290555606473,0.005620956421,3.152871333188202e-07,1.2505937348593358e-07,1.1912042220843868e-07,1.8658229329920655e-07,1.8454694505378344e-09,1.8132722920647602e-11,20.0,1.9533194274411253e-07,2.3992856199999897e-07,0.0010053040628474025,0.001005304091478399,0.00415635109,8.962080098642292e-07,6.881470532545432e-08,3.836133933984388e-08,4.572021545044302e-09,5.174268060192404e-10,1.6886255517464182e-10,20.0,5.976748562807397e-07,-0.46525872557853243,-0.27691821054718063,-0.22857838124622773,69597,75597,-7.226069780000034e-07,0.0009347777692853192,0.000934778048582059,0.004964590073,6.834890232005296e-07,5.0708250061145264e-08,1.2493743653998697e-07,4.742620420585542e-09,1.7405196426692313e-09,2.0477479328558455e-10,20.0,4.462429245115096e-07,-8.789698116666809e-08,0.0008660226147931593,0.0008660226192537123,0.005311012268,3.099199462024664e-07,1.1703277494939901e-07,1.1773163687032604e-07,2.0246935714739997e-07,1.942274593624596e-09,2.104476645946363e-11,20.0,1.873447883545995e-07,-1.8203258733333974e-07,0.0009938424848050928,0.0009938425014756735,0.004130125046,8.719206254209185e-07,7.506136064351472e-08,3.39557402598358e-08,5.576982077250534e-09,5.936115240745194e-10,1.835514341607685e-10,20.0,5.811179335983776e-07,-0.47304311959917933,-0.29667450635254355,-0.2521997719684936,139194,145194,-4.78347145166672e-07,0.0009609496852131981,0.0009609498042704082,0.004769325256,7.473225341308813e-07,7.690455661749422e-08,8.623114505134691e-08,5.151093686645622e-09,1.4049143755362347e-09,1.9472633461053084e-10,20.0,4.861399974533879e-07,-3.7590667833332e-08,0.0008612171389435188,0.0008612171397639032,0.005200147629,3.1517501035358014e-07,1.2987980542065623e-07,1.1852530138147679e-07,1.7397913524631582e-07,2.0277099291097263e-09,2.2449743726904348e-11,20.0,1.9228838380273084e-07,1.5628337933333684e-07,0.0009943808621526368,0.000994380874433894,0.00412106514,8.835491581678744e-07,6.091992098039047e-08,3.506502139521614e-08,5.366850356226807e-09,6.243562575313456e-10,2.1974124599983929e-10,20.0,5.882003332776273e-07,-0.4893286478883504,-0.2995859187884298,-0.22557936226858633,208791,214791,1.3179779024999917e-06,0.0009537264643258268,0.0009537273749983242,0.0047526359559999995,7.257404201418031e-07,9.295686145763245e-08,9.577121404773094e-08,5.625511034125647e-09,1.4672501342878204e-09,1.8126508950072185e-10,20.0,4.712482040594879e-07,3.4205118183333374e-07,0.0008635563599711914,0.0008635564277137338,0.005424499512000001,3.069400282449203e-07,1.235165697362302e-07,1.2010870921904887e-07,1.939787276453972e-07,2.271494237189387e-09,2.6091694703420753e-11,20.0,1.8589533678693584e-07,1.2119604833337022e-08,0.0010005101743350406,0.0010005101744084456,0.004218578338,8.942446607966015e-07,6.68265597136178e-08,2.736496021527989e-08,4.717923556104846e-09,5.787618663644473e-10,1.953746443475592e-10,20.0,5.959278319472836e-07,-0.43131277559579184,-0.3006023372925791,-0.24620201704023073,278389,284389
trimMA342_1200rpm_AW__D_01,284387,4.516442645000063e-07,0.000954173008283853,0.0009541731151735515,0.004747867585,7.191288193811162e-07,8.804013701661395e-08,1.0324480778453486e-07,4.83080140738954e-09,1.674192876353036e-09,2.0261763296491735e-10,20.0,4.689826633928468e-07,1.1376540366666322e-07,0.0008717235432695758,0.000871723550693126,0.0052294731140000005,2.957002329024544e-07,1.425264595545162e-07,1.166881417165992e-07,2.0064787235104798e-07,2.412085373468868e-09,2.4153384524056284e-11,20.0,1.765679142186521e-07,-3.511110968333284e-07,0.0010034709588887998,0.0010034710203150911,0.004400968551999999,9.023926215583555e-07,5.887696410574467e-08,3.907539850540728e-08,4.699537341957179e-09,6.256423292556158e-10,2.2082106498515077e-10,20.0,6.00656691312054e-07,-0.4472618311402784,-0.2919477443042782,-0.23479804304341356,0,6000,5.891720436666549e-07,0.0009474297845902337,0.0009474299677825236,0.00473165512,7.312063612884032e-07,8.30999481058814e-08,8.56403219106757e-08,5.150085446046235e-09,1.517040778307783e-09,2.1494457127965598e-10,20.0,4.782363755153046e-07,7.535616561666671e-07,0.000870375319852179,0.0008703756460649347,0.005928516388,3.04070309266378e-07,1.2535815417692764e-07,1.2011262229138152e-07,2.159487505663445e-07,2.123671497521105e-09,2.356223531738507e-11,20.0,1.8547921423767122e-07,-1.833836215000082e-07,0.0009940542046226756,0.000994054221538027,0.004149675369,8.773044384494117e-07,6.839877242230538e-08,3.331113709445583e-08,4.25906956270592e-09,6.313061723220692e-10,2.144885262151519e-10,20.0,5.844287011042257e-07,-0.48406446885534704,-0.3017545426974457,-0.20232659956060542,69596,75596,-4.920562076666651e-07,0.000966361037642017,0.0009663611629157431,0.005253791809,7.313470435710136e-07,7.50195125780815e-08,1.0881406791141698e-07,5.282923310399404e-09,1.5286702856819827e-09,1.567791940920803e-10,20.0,4.7638824695803506e-07,5.592902475000008e-07,0.0008733757897037729,0.0008733759687822135,0.005360364914,3.1053362265398236e-07,1.2141106979981175e-07,1.1890344850353196e-07,2.0425045496441874e-07,2.3419218899023816e-09,2.694870663851079e-11,20.0,1.846756010441664e-07,-5.030234616666633e-07,0.001001570581119267,0.0010015707074371681,0.003953933715,8.750720326823014e-07,7.501003806077676e-08,4.420699322994763e-08,5.113570109611231e-09,6.93543207049051e-10,2.505172860159341e-10,20.0,5.829583781062132e-07,-0.49040804132763355,-0.28309376050458607,-0.2381830728906037,139193,145193,7.69257547333328e-07,0.0009365302434553152,0.0009365305593858888,0.004696130752,7.212451397146344e-07,7.018230777934791e-08,9.24162995317272e-08,4.456659424202486e-09,1.4831934648278759e-09,1.90782522905169e-10,20.0,4.704045605559014e-07,6.107886608333381e-07,0.0008711184252204332,0.0008711186393490358,0.005335092545,3.088988117558918e-07,1.272912108216987e-07,1.2668415136334277e-07,1.8880113723869335e-07,2.099512129485452e-09,2.1468151292534304e-11,20.0,1.8998030164449908e-07,-3.385941281666653e-07,0.0010086811734584529,0.001008681230288095,0.004304170608999999,9.119667997284095e-07,5.753225411315207e-08,3.75323214240934e-08,5.234880585448861e-09,6.350142064452747e-10,2.120983439659033e-10,20.0,6.065242907047816e-07,-0.4919360672344301,-0.2832583191097723,-0.23653255428111553,208790,214790,-6.527900736666657e-07,0.0009564193812104116,0.0009564196039865487,0.004727363587000001,6.948755409879717e-07,8.047693978245507e-08,1.1702552936578188e-07,4.830841326109767e-09,1.6083841888704897e-09,1.6587098182778405e-10,20.0,4.5397148824029746e-07,4.649957048333322e-07,0.0008562938989256676,0.0008562940251796264,0.0056478977199999995,3.0375873740571934e-07,1.1832189169506002e-07,1.1810240150852473e-07,1.8360354736278175e-07,2.248820955237392e-09,2.1546879816780613e-11,20.0,1.8789089649070124e-07,-2.0190080316667345e-07,0.001006795389892909,0.0010067954101373074,0.004672050476,9.081022596246106e-07,5.8896428041254373e-08,3.9872728079137847e-08,4.668617363739051e-09,6.17285667685938e-10,2.168275963052679e-10,20.0,6.04898341274577e-07,-0.4676354810893934,-0.2953931723365676,-0.23426081041431895,278387,284387
trimMA342_1200rpm_AW__D_02,284387,4.953145949999939e-07,0.0009513504155228448,0.0009513505444640463,0.004796981811,7.301785175710222e-07,8.925101768738176e-08,9.031736968758362e-08,4.379408584796246e-09,1.7190284711852057e-09,1.4236554361051987e-10,20.0,4.7657863865751005e-07,-1.4599164183332938e-07,0.0008820787454783774,0.0008820787575598153,0.00552368164,3.1598762667203417e-07,1.3740139785872913e-07,1.181554092713057e-07,2.1111966394379677e-07,2.2603926825166253e-09,2.293866041434909e-11,20.0,1.9145065095499366e-07,1.6371411499999562e-08,0.0009885563622756375,0.0009885563624112005,0.00453042984,8.7422471956811e-07,6.226770605902612e-08,3.5944464451138016e-08,4.289556331262674e-09,6.650852629791853e-10,1.8429077203925995e-10,20.0,5.81976027553632e-07,-0.4847317153351457,-0.3020542498013751,-0.21857058392964324,0,6000,3.018776520000039e-07,0.0009666522258342484,0.0009666522729712187,0.005140781403,7.39423795542713e-07,8.373603032195817e-08,1.0535454549609707e-07,4.498339943712968e-09,1.5607443918788149e-09,1.511063765275788e-10,20.0,4.828148545549707e-07,1.1336803150000166e-07,0.0008847730055392887,0.0008847730128023439,0.0058157443999999996,3.419251490085196e-07,1.3288303914918854e-07,1.1996247473144916e-07,1.8458042415382016e-07,2.252760719533986e-09,2.5435337210777822e-11,20.0,2.0494890451734571e-07,-1.6935665833333706e-07,0.0009869288206341633,0.0009869288351649363,0.004314661026,8.6873605428828e-07,6.775996546637103e-08,3.341483473844841e-08,4.701366226146749e-09,6.634079508745965e-10,1.9962970352803132e-10,20.0,5.782554973575868e-07,-0.5012788546241561,-0.259817974725591,-0.23411512292550804,69596,75596,-4.5736634166665866e-08,0.0009680949224177136,0.0009680949234981033,0.005452156067,7.228144710470334e-07,8.946625007818552e-08,9.918939113772356e-08,4.257236530205243e-09,1.4057276674671705e-09,1.653332747312073e-10,20.0,4.718619753095505e-07,3.198782783333584e-08,0.0008819285284135384,0.0008819285289936425,0.005380868912,3.158187212817199e-07,1.1921655980074383e-07,1.1948544739383164e-07,2.238821334591824e-07,2.3205400074586648e-09,2.389740276808874e-11,20.0,1.9284373402915058e-07,1.7511844416666944e-07,0.0010143534505629294,0.0010143534656791935,0.004184484482,9.174732771273631e-07,6.202648914669485e-08,3.459499389597805e-08,3.806416573979864e-09,5.763706577600953e-10,1.8544247533329544e-10,20.0,6.115271241815612e-07,-0.4545327842455949,-0.27279097470183683,-0.24694299672982106,139193,145193,3.2913684149999425e-07,0.0009389035105746203,0.0009389035682648173,0.0050625801090000005,6.962842032698435e-07,9.341695866345465e-08,9.565988202447187e-08,4.886027333451626e-09,1.610088697346312e-09,1.9708756213777113e-10,20.0,4.546628358791723e-07,5.383491535000003e-07,0.0008787462265337654,0.0008787463914390447,0.005564451218,2.9993405496023716e-07,1.3722347774737197e-07,1.2545669470260301e-07,2.079078728215668e-07,2.3746028253009235e-09,2.4018765709538387e-11,20.0,1.7818486716939123e-07,-3.0187766150000195e-07,0.0009981727692592326,0.000998172814907703,0.004251718521,9.060481651625036e-07,5.384842602421856e-08,2.6707259324442215e-08,4.493813861104561e-09,6.505850922264065e-10,1.8164483202534373e-10,20.0,6.032434577193569e-07,-0.4374499997711003,-0.2882366214476892,-0.25219661475196975,208790,214790,1.44680340333331e-07,0.0009697795947715296,0.0009697796055638791,0.004685163498,7.397980357304194e-07,1.0512362083587547e-07,8.163233538996481e-08,5.91027837343655e-09,1.6195658606428351e-09,1.748468252143035e-10,20.0,4.826087427068722e-07,5.369981151666673e-07,0.0008759685229718734,0.0008759686875707949,0.005614995956,3.158847649018893e-07,1.2673659432053102e-07,1.0856150969473103e-07,2.045532077792262e-07,2.501249934872555e-09,2.3284343020088827e-11,20.0,1.903104004850799e-07,-2.732674266666714e-07,0.0009897961491098248,0.0009897961868322815,0.004302501678,8.73092424491886e-07,6.254191965653382e-08,3.245329685468577e-08,5.314166369117124e-09,6.22225614293415e-10,1.9531107847805377e-10,20.0,5.82243640493054e-07,-0.4558234835465247,-0.2807245882785116,-0.2335276178528176,278387,284387
trimMA342_1200rpm_AW__D_03,284387,-5.873044356666668e-07,0.0009455894047953862,0.0009455895871824058,0.004907608032,7.066443760878053e-07,8.316481807253872e-08,9.041152713038003e-08,5.279726090042562e-09,1.6043453737110726e-09,1.5954731439494707e-10,20.0,4.6119520173064515e-07,1.1467933633333681e-07,0.0008625443266613637,0.0008625443342849429,0.005434513092,2.8585753764358633e-07,1.2159165481148187e-07,1.2290759256364786e-07,1.9908212797531632e-07,2.2015323736937386e-09,2.5199781706303744e-11,20.0,1.726532752962529e-07,-1.3526280633332938e-07,0.0009970472068752715,0.000997047216050377,0.0041108131409999995,8.944713520932005e-07,6.662126270216001e-08,3.0043925053219206e-08,4.100043736657382e-09,7.192990450560824e-10,1.9055925764065714e-10,20.0,5.958653239967305e-07,-0.45034792337033525,-0.2949118450983693,-0.22148316543949828,0,6000,-4.2359034233332866e-07,0.000952988088276984,0.0009529881824170743,0.00493144989,7.233710383450336e-07,1.0013715771431026e-07,8.641381382349272e-08,4.7478477033811785e-09,1.5054175373211224e-09,1.6274972126082227e-10,20.0,4.7241307995863825e-07,2.8264522783333473e-07,0.0008843302187655301,0.0008843302639343601,0.00582575798,2.9829067865276634e-07,1.3586082848429054e-07,1.210385742983135e-07,2.280869538110687e-07,2.5110172115136955e-09,2.5857946901247507e-11,20.0,1.772538524862536e-07,4.2653083883333284e-07,0.0009832931331003425,0.0009832932256101659,0.004259586335,8.804140058473119e-07,5.425188469550737e-08,2.322053320133919e-08,4.820894572155259e-09,6.535402877340147e-10,1.809437824982981e-10,20.0,5.861892594755978e-07,-0.45548928495113383,-0.28442676394032396,-0.22142526366412127,69596,75596,-5.825757990000046e-07,0.0009588395399685582,0.0009588397169504807,0.005353927612000001,7.185776166574994e-07,1.003789718528504e-07,9.680338366823967e-08,4.767741794194637e-09,1.7151732811080348e-09,1.6568193707338446e-10,20.0,4.706182695710991e-07,2.188285219999984e-07,0.0008775545015623266,0.0008775545288460572,0.0055508613590000005,3.0640583448304926e-07,1.2835891978259416e-07,1.1874495589176509e-07,2.1269293615231642e-07,2.288521504235831e-09,2.4315686649761083e-11,20.0,1.8293425378479853e-07,-1.6649564166665876e-08,0.0009971793841439017,0.0009971793842828978,0.004183769226,8.835628931838452e-07,6.568698501977104e-08,3.865499744766857e-08,5.138261615060515e-09,6.738704537189141e-10,1.8158383992000282e-10,20.0,5.877487047931324e-07,-0.45480705476865574,-0.26692215152988524,-0.21690874334264829,139193,145193,-6.070931725000046e-07,0.0009562649042357367,0.0009562650969449333,0.004865169525,6.999710379018829e-07,9.489531401944549e-08,1.04316179579328e-07,4.534394056937743e-09,1.6449833228972172e-09,2.0002478046511848e-10,20.0,4.5882808411931287e-07,-3.230571566667159e-08,0.0008851331046180153,0.0008851331052075645,0.005731344223,3.027418601095007e-07,1.213764084628868e-07,1.2607287663689405e-07,2.1868126319660556e-07,2.306922960495721e-09,2.706735474828422e-11,20.0,1.9150915759982653e-07,-1.6585985649999967e-07,0.0010115722871754723,0.0010115723007728652,0.004184961319,9.016800867324024e-07,7.988446004533137e-08,3.27097959325472e-08,4.908746444936459e-09,5.856135685032731e-10,2.1537100075219375e-10,20.0,6.003277813393697e-07,-0.44969562488677,-0.2777239625933642,-0.2262068237466086,208790,214790,4.463990620000013e-07,0.0009582384342495974,0.000958238538227952,0.005101442337,7.063144646514046e-07,1.0629215035779619e-07,1.1391320848941332e-07,5.037544183954322e-09,1.6580868603007871e-09,2.288037175419842e-10,20.0,4.5652125802016746e-07,4.6336650483333115e-07,0.0008604518611635877,0.0008604519859285582,0.005162954331,2.8739436532718393e-07,1.1991954565116467e-07,1.207088096772283e-07,2.1082148220927188e-07,2.508272068513022e-09,3.153208849076662e-11,20.0,1.7350772701031883e-07,-5.928277938333394e-07,0.000985411471312167,0.0009854116496360306,0.004222869872999999,8.546020809389607e-07,6.693709858730138e-08,4.58825785980218e-08,4.088197169691626e-09,6.374381497507505e-10,1.9316149928510408e-10,20.0,5.694706220680658e-07,-0.421044491262158,-0.29642286468041773,-0.22315454948051155,278387,284387
trimMA342_1200rpm_AW__D_04,284387,-2.6448567833332996e-07,0.0009566829837188495,0.0009566830202788562,0.005064249038999999,7.212455378391124e-07,8.620735966893615e-08,9.020131195398657e-08,4.801155285585284e-09,1.5290018362554612e-09,1.4337759097382572e-10,20.0,4.739983927599047e-07,-5.74986201666676e-08,0.0008615689786618103,0.000861568980580456,0.005272865295,3.248386815006667e-07,1.1243470765209206e-07,1.1536454642676001e-07,1.7932074215600172e-07,2.0188672493720926e-09,2.1454626859781024e-11,20.0,1.975041196507946e-07,-1.2477239100000017e-07,0.0009902855501132827,0.0009902855579737172,0.004440546036,8.711476225024726e-07,7.148406862378404e-08,2.7861027670471073e-08,4.605399844093061e-09,6.050717491201418e-10,1.6131872943569058e-10,20.0,5.80806617489688e-07,-0.48649735913944653,-0.25374726373473966,-0.23273079672370373,0,6000,1.2266636000000016e-07,0.0009718285111712638,0.0009718285189128746,0.005419254303,7.103476294714917e-07,1.1035021064580026e-07,1.1923464467956768e-07,5.607984723876582e-09,1.5265663491087903e-09,1.5614665220000424e-10,20.0,4.6337430367733264e-07,1.4634927283333107e-07,0.0008759617102681172,0.0008759617224935999,0.005445957183,3.235060074761001e-07,1.326609527530246e-07,1.0847591233605836e-07,2.0002933165957638e-07,2.1170136603768706e-09,2.1266717301716406e-11,20.0,2.0157913023312687e-07,-2.472400701666831e-07,0.0010090498352749056,0.0010090498655646145,0.004240512848,9.059673388007595e-07,6.620267152685204e-08,3.516325290901057e-08,5.019340672498404e-09,5.678525932779286e-10,1.7578927944699752e-10,20.0,6.030852786721223e-07,-0.4880273930364335,-0.252044706174826,-0.24228372191510128,69596,75596,-1.4344850966666276e-07,0.0009474521852207074,0.0009474521960800811,0.004542350769,7.219354822669559e-07,7.833665183749708e-08,8.472919212999685e-08,4.558098810000552e-09,1.5319089847758877e-09,1.8661796770298176e-10,20.0,4.6992428317408945e-07,-9.79105616666648e-08,0.0008795376299673393,0.0008795376354170651,0.005434989929,3.041797828326391e-07,1.3472385658627273e-07,1.3090529733136033e-07,2.034111296475894e-07,2.4763441355675394e-09,2.1919466020787458e-11,20.0,1.8661365120342358e-07,-1.9415220166666553e-07,0.0010157184680850446,0.0010157184866409132,0.004611492157,9.222147650344753e-07,5.9319320795136886e-08,4.436762750981642e-08,3.947320168700673e-09,6.159139059231012e-10,1.821557630719384e-10,20.0,6.12539710068679e-07,-0.476405404832563,-0.2993196196188047,-0.20812471576650782,139193,145193,-1.8668174216666945e-07,0.0009470857118760094,0.0009470857302745936,0.004801988602,7.236535229556783e-07,8.439194543979791e-08,8.66050244589475e-08,4.4051003022392095e-09,1.4557522528619744e-09,1.4748435806069305e-10,20.0,4.728686652207827e-07,8.932749666666687e-08,0.0008701079620095614,0.0008701079665948555,0.005267381668000001,3.174257600256456e-07,1.2734887555188912e-07,1.2692274964986167e-07,1.7624519929300453e-07,2.0598181143404405e-09,2.46368623706186e-11,20.0,1.9272861190849723e-07,8.424125166673254e-09,0.0009928053937368836,0.0009928053937726237,0.004284620285,8.905483655287271e-07,6.077248189246856e-08,2.843969022156847e-08,4.185930509875578e-09,6.177015837476545e-10,1.745456623718024e-10,20.0,5.921660502436574e-07,-0.4785044105698298,-0.30410456871985764,-0.22817785974184743,208790,214790,-2.0475387611666637e-06,0.0009599355111231559,0.0009599376948168319,0.0051805973049999995,7.309788037376954e-07,7.591040121752461e-08,9.7004363797003e-08,5.209896565225188e-09,1.6020580471196204e-09,1.824204231024422e-10,20.0,4.774373786912774e-07,-3.865957281666682e-07,0.0008857192507256586,0.0008857193350956493,0.005814552307,3.2937988367508203e-07,1.0940321972967949e-07,1.2209535573478634e-07,2.0948806950207358e-07,2.4506110208082287e-09,2.1409422368229013e-11,20.0,1.9911268316252128e-07,6.425381349999792e-08,0.0009976788726570116,0.0009976788747260905,0.004258155822999999,8.822866176673621e-07,6.253688767091547e-08,4.094204691118828e-08,5.813619155687223e-09,6.376840069754271e-10,1.9350759557200242e-10,20.0,5.877676945738882e-07,-0.4881041899637366,-0.29395301260710976,-0.2208225069784405,278387,284387
trimMA342_1200rpm_AW__D_05,284387,4.804531746666665e-07,0.00094561918323897,0.0009456193052940437,0.004923582077,7.159877576002495e-07,8.517789898036025e-08,8.938869521505968e-08,5.1034563826995946e-09,1.578440694093042e-09,1.711022058918948e-10,20.0,4.642828800957191e-07,2.8463204833332916e-07,0.0008734527702079174,0.0008734528165844381,0.005395650864,3.08210618403153e-07,1.2783393446883608e-07,1.3082877237257033e-07,1.894470188310915e-07,2.5975170921604853e-09,2.4770824514951018e-11,20.0,1.8411647012259276e-07,-5.704959238333323e-07,0.0010044934370480375,0.0010044935990528654,0.004303932189,8.988730695717288e-07,6.208971267972604e-08,3.907207107570811e-08,4.781927450040773e-09,6.313988553152674e-10,2.030328623056115e-10,20.0,5.987006949427918e-07,-0.4635602463341826,-0.30552599779886963,-0.2390670507252104,0,6000,3.1276544216666977e-07,0.000960939427677708,0.000960939478576972,0.004707813263,7.333128870877184e-07,8.194810331310555e-08,9.898939500733642e-08,4.706016970128989e-09,1.6160834144776967e-09,1.820495040680123e-10,20.0,4.769889765595688e-07,4.2577584516666443e-07,0.0008593955353054653,0.0008593956407778886,0.005402565002999999,2.8250588593182863e-07,1.3254395530931927e-07,1.1490897928767091e-07,1.9488754698324602e-07,2.1743048267524257e-09,2.2136427172418018e-11,20.0,1.6839359028572453e-07,-2.2768973849999926e-07,0.001003321724219102,0.0010033217500545917,0.0043082237240000005,8.733222541354337e-07,8.413514866973565e-08,3.723746392608549e-08,4.97016250350513e-09,6.166445042857456e-10,2.1122375067468258e-10,20.0,5.807893194495971e-07,-0.4644190574572187,-0.29990905083480346,-0.21351460683128337,69596,75596,-2.3599465266666702e-07,0.0009903052993406863,0.0009903053274600325,0.0055716037749999996,7.765299607339382e-07,8.18770718779589e-08,9.954106461985941e-08,4.219627848775595e-09,1.5313946677781936e-09,1.963575226292292e-10,20.0,5.089991567115004e-07,-4.8398965666662794e-08,0.0008733821251334484,0.0008733821264744764,0.005245447159,3.0431160479059646e-07,1.1755652733936297e-07,1.227412976005219e-07,2.0205895106159383e-07,2.3560943773076797e-09,2.6416084278702092e-11,20.0,1.8567744722973988e-07,-5.31037647166676e-07,0.0010266092654738488,0.0010266094028196597,0.004367589951,8.95381747400304e-07,1.0082447181251545e-07,4.437327114544981e-08,4.845050179597445e-09,6.208875974804934e-10,2.380873366569374e-10,20.0,5.967564595190789e-07,-0.5004992282742409,-0.2947814591471345,-0.2099956512418231,139193,145193,1.501242328333328e-07,0.0009742713109725512,0.0009742713225387776,0.004769325256,7.450137900363369e-07,6.57003237475919e-08,1.3659169429127434e-07,4.859379972806564e-09,1.617286716917326e-09,1.5911690058781756e-10,20.0,4.866382314597971e-07,2.6738643883333564e-07,0.0008900398162888847,0.0008900398564531026,0.005416154862,3.317030141291412e-07,1.301893185148557e-07,1.2873537923459106e-07,1.9982443949710517e-07,2.1355960891185064e-09,2.3980455742305395e-11,20.0,2.0422363616071857e-07,-3.7070115066666887e-07,0.0010069238578274487,0.001006923926064653,0.004464387894,9.050392061070618e-07,5.946229390056573e-08,3.901662448059385e-08,4.002892156726511e-09,6.393398717241104e-10,2.0565868645528398e-10,20.0,6.021908678153995e-07,-0.4857611805576673,-0.2789627854831445,-0.23733958410625186,208790,214790,-2.3023286883332162e-07,0.0009587746315481432,0.0009587746591913303,0.005062103271,7.298831120674126e-07,7.869140897589995e-08,9.140652072663895e-08,4.223909211108949e-09,1.6380767703524131e-09,1.8343400347473668e-10,20.0,4.760877559627206e-07,5.344550050000174e-08,0.0008933588853737397,0.0008933588869724376,0.0054566860200000004,3.263604905617736e-07,1.1781193298440887e-07,1.25680661390836e-07,2.2282327789688418e-07,2.3081435654588e-09,2.4907692662934748e-11,20.0,2.0115443314969808e-07,-1.5258789099999054e-07,0.0010214275714185324,0.0010214275828158478,0.004565000534,9.313882640014422e-07,5.685515746987967e-08,4.3628257575218e-08,4.8199391449115e-09,6.541059270232335e-10,2.1196043256574827e-10,20.0,6.197687896042858e-07,-0.47029445739457104,-0.2859040436430583,-0.23163801324196598,278387,284387
trimMA342_1200rpm_AW__D_06,284387,9.111563566667133e-08,0.0009393425844113132,0.0009393425888303927,0.004601478577000001,7.08469382889066e-07,7.170687157301603e-08,1.0472586800050316e-07,4.461046452370748e-09,1.6583767559520916e-09,1.6945335077771925e-10,20.0,4.632843508472586e-07,2.706845638333315e-07,0.0008969086283110335,0.0008969086691569621,0.006087779998,3.233566338305385e-07,1.4972758564418042e-07,1.2026067222085603e-07,2.1925128584101976e-07,2.466016768897131e-09,1.9977028215675995e-11,20.0,1.9545312955129347e-07,-1.2282530183332687e-07,0.0009946398153491774,0.0009946398229328545,0.0042712688450000005,8.651795247825618e-07,7.082581928080523e-08,4.323366929999488e-08,5.249705890503268e-09,7.183502670311494e-10,2.363412132116632e-10,20.0,5.767347069544042e-07,-0.48272037621158326,-0.2875214179993269,-0.23827385088372777,0,6000,4.05748685666669e-07,0.0009457612482971415,0.0009457613353339008,0.004903554916,7.149864125525877e-07,6.914061663416733e-08,9.93756501559537e-08,5.3083886155711035e-09,1.7188859731835323e-09,1.9098945197302559e-10,20.0,4.638960392178102e-07,4.1302045250000135e-07,0.0008814330960051746,0.0008814331927713871,0.0058503150940000005,3.263313244420922e-07,1.1782087883985812e-07,1.1391413659209907e-07,2.1593024321911798e-07,2.1808434289223233e-09,2.3620871396146273e-11,20.0,1.947902435826221e-07,-8.225442500001355e-09,0.0009852912996086277,0.0009852912996429616,0.004242897033,8.539280839037581e-07,7.604027219100034e-08,3.068932532274895e-08,3.9407043025884404e-09,6.04610158535523e-10,2.040176670807674e-10,20.0,5.692882570456105e-07,-0.49327844358963485,-0.2649291791707246,-0.23948855932889826,69596,75596,-1.3756752116666584e-07,0.0009533370600366284,0.000953337069962196,0.0050194263449999995,7.093806306106321e-07,9.933131189482122e-08,1.0519173956569494e-07,3.852046182241388e-09,1.575549709392203e-09,1.7520969977576518e-10,20.0,4.6181259143387426e-07,5.9088070000001133e-08,0.0008833357007207232,0.0008833357026969819,0.005781412125,2.9796315530818474e-07,1.4260234113337472e-07,1.1704152830322491e-07,2.2561330321512637e-07,2.2641598546186487e-09,1.9963951406811258e-11,20.0,1.7943933783824247e-07,-1.3689200233333334e-07,0.0010170882920477354,0.0010170883012600232,0.004419088364,8.953638025514841e-07,7.971044551888413e-08,4.9901656858764726e-08,6.1502260861535886e-09,6.33305378538251e-10,2.2592873232052908e-10,20.0,5.959645782511303e-07,-0.45143907660458915,-0.2739386983655585,-0.2569008810631667,139193,145193,3.2838185600000147e-07,0.0009421957536258133,0.0009421958108509915,0.004624843598,6.863562265885697e-07,7.54298259144193e-08,1.0110283014145018e-07,5.110444186053113e-09,1.3845031487414688e-09,1.751010361285545e-10,20.0,4.5049363332578793e-07,1.3939539450000232e-07,0.0008710615341027582,0.0008710615452564341,0.005340099335,3.046124388768601e-07,1.2698200406019477e-07,1.279221069399063e-07,1.855898716990163e-07,2.2668476303800604e-09,2.7408844878198538e-11,20.0,1.839243633841445e-07,8.141994100000054e-08,0.0009997100994556414,0.0009997101027712058,0.004558086395,8.855547056857796e-07,6.862150935808355e-08,3.183715841082233e-08,6.066872486481947e-09,6.441761045009459e-10,2.1690328061838785e-10,20.0,5.8983510197481e-07,-0.46495612686452276,-0.26243080324231033,-0.24086043411675803,208790,214790,3.300110506666663e-07,0.0009534301383542881,0.0009534301954676968,0.005017280578,7.039109545148024e-07,1.046172370012234e-07,9.96612650591725e-08,5.01466780898584e-09,1.7644350989798465e-09,2.172538922216302e-10,20.0,4.5807091636019156e-07,1.0212262166673103e-08,0.0008691998097850152,0.0008691998098450073,0.005547046662,2.97426459327145e-07,1.202516568394227e-07,1.1607941275477268e-07,2.1097836024002246e-07,2.3517665740967843e-09,3.0039677431743626e-11,20.0,1.8263612479899686e-07,-1.9820531433333936e-07,0.0009842810669035845,0.0009842810868599505,0.004353761673,8.605555497743232e-07,6.597994898867358e-08,3.353457040969978e-08,4.387194989076907e-09,6.223654622523959e-10,2.1793562958882115e-10,20.0,5.733045210452231e-07,-0.4492549395353595,-0.26188450887366893,-0.22831549576519292,278387,284387
trimMA342_1200rpm_AW__D_07,284387,9.175141680000063e-07,0.0009498715340007,0.0009498719771301242,0.004605293274,7.283453925348053e-07,7.385189031439085e-08,7.972598701539273e-08,4.675698153835308e-09,1.6376777359070859e-09,2.0304518189496658e-10,20.0,4.7586938086053535e-07,8.650620733333115e-08,0.0008855767277645262,0.0008855767319896394,0.005123376847,3.0308089720534584e-07,1.338052903293471e-07,1.2437619796718995e-07,2.231317817805571e-07,2.4953304111720854e-09,2.3543399834119974e-11,20.0,1.8516774769219428e-07,-3.37322556166667e-07,0.0009988509034485008,0.0009988509604072038,0.003934860229,8.869627051519026e-07,8.038452716580448e-08,2.1931945289635508e-08,4.761744677029121e-09,6.423616494547632e-10,2.2975394586014498e-10,20.0,5.913932007637973e-07,-0.47962998650545857,-0.2521150972416119,-0.22348369431155343,0,6000,3.0342737250000154e-07,0.0009346528816629725,0.0009346529309155719,0.004586935044,7.066559311938602e-07,9.291594479030534e-08,8.229280406880946e-08,4.7318380419730305e-09,1.523327344249699e-09,1.3953986307143614e-10,20.0,4.6164778609450783e-07,2.3631255099999862e-07,0.0009088824728528783,0.0009088825035739135,0.005823850632,3.210731433496734e-07,1.462899146284997e-07,1.0734110684260521e-07,2.6339620239940836e-07,2.349378029468066e-09,2.4506062804074488e-11,20.0,1.9589460770414966e-07,-4.3948492166666355e-07,0.0010042978777768752,0.0010042979739370839,0.004173517227,8.969384663663383e-07,7.175086156504785e-08,2.75969087190141e-08,6.201494700905323e-09,6.929152865775092e-10,2.2266758858946875e-10,20.0,5.978491254569369e-07,-0.46445975036504383,-0.25860394610857423,-0.2331397877157205,69596,75596,-2.1179517299999586e-07,0.0009356742399527127,0.000935674263923232,0.0046124458309999995,6.99980080294217e-07,7.965834175099838e-08,7.94647604800218e-08,5.156969685785693e-09,1.3926296688533064e-09,1.5796768665960488e-10,20.0,4.553009869324292e-07,-4.42226731500008e-07,0.0008900100784930483,0.0008900101883594839,0.005553483963,3.076272117097544e-07,1.3655019914750988e-07,1.1626879659025342e-07,2.2045359556836926e-07,2.378433062102762e-09,2.794756202840216e-11,20.0,1.8314869718422533e-07,-5.829333850000268e-08,0.0010067062988444188,0.001006706300532157,0.004104852676,9.004215013985531e-07,8.150215594565316e-08,2.3520621645910014e-08,4.673452053039182e-09,6.321621652934531e-10,1.9152666185600306e-10,20.0,5.992456654780253e-07,-0.44717604122632626,-0.2667208234033463,-0.2605492676643361,139193,145193,6.382465385000024e-07,0.0009554063621799769,0.0009554065753660172,0.005052566528,7.162520717247195e-07,1.2014266538406054e-07,7.737542577791045e-08,5.407998159957425e-09,1.595120939665667e-09,1.507486452900024e-10,20.0,4.675610836550029e-07,-4.043976481666635e-07,0.0008844302534503713,0.0008844303459039304,0.005519390107,2.8689918193809693e-07,1.2522724678919034e-07,1.2035256880907543e-07,2.437595385286457e-07,2.8066788821668745e-09,2.1755461218144583e-11,20.0,1.7567047331324854e-07,-6.382862763333284e-07,0.0009805072290209006,0.0009805074367752727,0.0040965080259999995,8.594646573814723e-07,6.776393399997874e-08,2.7800650231182313e-08,5.5103350875065e-09,6.386015657108208e-10,2.0730171663382555e-10,20.0,5.725080749120196e-07,-0.43005158126961696,-0.2669303229431711,-0.22634891037877705,208790,214790,-2.6567777499999593e-07,0.0009493951785382343,0.0009493952157117319,0.004450559616,7.231020769419552e-07,8.026653150377492e-08,9.278570228153403e-08,5.2211724310361975e-09,1.6364430227386995e-09,1.7574102972417806e-10,20.0,4.719875223977813e-07,1.6013780799999446e-07,0.0008816398049731756,0.0008816398195165964,0.005640506745,3.1410435646336483e-07,1.3007894143328597e-07,1.1116146945721036e-07,2.1850865087462736e-07,2.455007627078636e-09,2.5881944197135357e-11,20.0,1.8764656828803883e-07,8.503592333336299e-09,0.000989698600114622,0.000989698600151154,0.004190206528,8.707147385970414e-07,7.525894939275809e-08,2.8390817354970955e-08,4.3861035687728204e-09,6.949696952033071e-10,2.268188994615034e-10,20.0,5.797964089400948e-07,-0.49012539345668854,-0.23812281679327946,-0.2423211654937226,278387,284387
trimMA342_1200rpm_AW__D_08,284387,-3.411372548333321e-07,0.000966781264819705,0.0009667813250063403,0.005149126053,7.339091721992251e-07,8.917491403727346e-08,9.632608639593718e-08,5.4421036677463055e-09,1.5653802280524279e-09,1.939240799680587e-10,20.0,4.80082627789234e-07,1.7011166183333176e-07,0.0008707201152936514,0.0008707201319109185,0.00563454628,3.023189911095266e-07,1.2355142418552226e-07,1.193920824490383e-07,2.0794799642310094e-07,2.324467620675965e-09,2.6762813940688357e-11,20.0,1.8180673362162424e-07,-1.063346871666646e-07,0.001019247111995431,0.0010192471175422045,0.0042879581449999996,9.348115805282905e-07,5.850327607435024e-08,3.3471798663875385e-08,6.207654995398787e-09,6.935068479191931e-10,1.9323010812280796e-10,20.0,6.233435123638147e-07,-0.4606232408446509,-0.27920538480378426,-0.21261309599708955,0,6000,-3.636280679999923e-07,0.0009516769106553579,0.0009516769801250307,0.00485086441,7.24583909376342e-07,9.726927180163082e-08,8.584689060654596e-08,4.7302355438095505e-09,1.4915997288630021e-09,1.7479982380795082e-10,20.0,4.7419249568549406e-07,2.233584810000059e-07,0.0008839543233500947,0.0008839543515693187,0.005762577057,3.0248680387688805e-07,1.2879489598286654e-07,1.1633740125616184e-07,2.372193623133091e-07,2.3917637016571322e-09,2.3197042545810277e-11,20.0,1.8101355384010242e-07,1.9470893333356962e-09,0.0009940052014596665,0.0009940052014615734,0.004065275192,8.919848714008496e-07,6.134738955360886e-08,2.802780911947685e-08,3.904547736338006e-09,6.643294475145727e-10,2.0463708629051862e-10,20.0,5.939308190550054e-07,-0.4548759622363912,-0.290107911367661,-0.22100457500487158,69596,75596,1.2104511273333299e-06,0.0009590054548454215,0.0009590062187573162,0.004883766175,7.359443305228751e-07,8.744392703712525e-08,7.50966062302808e-08,4.8366705145372275e-09,1.4536029513904645e-09,1.5413301999540222e-10,20.0,4.816740990520315e-07,-4.611810041666708e-07,0.00088795257557605,0.0008879526953391491,0.00556564331,3.1653420022890454e-07,1.1852516635841015e-07,1.116304977810468e-07,2.265368824498771e-07,2.5309972554386406e-09,2.764795108308765e-11,20.0,1.9367933562961044e-07,-1.646677643333284e-07,0.0009914217711067665,0.0009914217847818102,0.0039768219,8.698483781596686e-07,7.649455840313833e-08,2.955595763099739e-08,6.130302199659745e-09,6.349857766898806e-10,2.4688097897985676e-10,20.0,5.793844243291555e-07,-0.4633558761078359,-0.2647804515345829,-0.21187544153309806,139193,145193,5.54243726166669e-07,0.000945883772513049,0.0009458839348935078,0.004961013794,7.33633188457398e-07,7.755207431748908e-08,8.31403674957536e-08,5.0205744155536896e-09,1.6176459960138866e-09,1.7445309770242482e-10,20.0,4.781777169505447e-07,-6.884336480000036e-07,0.0008955351527069525,0.0008955354173201373,0.00510263443,3.404159776036702e-07,1.2780961735945994e-07,1.2289881112900203e-07,2.0252860466771607e-07,2.317065956732929e-09,2.9383757718069664e-11,20.0,2.0566212385018862e-07,6.324847546666558e-07,0.0009981208026175223,0.0009981210030125666,0.004111528396,9.008180140353441e-07,5.939932408497224e-08,2.422662511035242e-08,4.398808363197449e-09,6.885490816351965e-10,2.0373316883510464e-10,20.0,6.006911527667409e-07,-0.47905557865690024,-0.27264856430695733,-0.23927078708694346,208790,214790,4.424254113333312e-07,0.000953506777849056,0.0009535068804913438,0.004598140717,7.120188884686006e-07,8.063874759908848e-08,1.0114627927801725e-07,5.317923070700587e-09,1.5029112871642998e-09,1.5167563294743603e-10,20.0,4.6489416128744787e-07,-2.453327204999997e-07,0.0008960554689592632,0.0008960555025443171,0.005724191666,3.0996464922805783e-07,1.3508538086656613e-07,1.0985934484678912e-07,2.3042900374717344e-07,2.4249600764984715e-09,2.55631422138663e-11,20.0,1.8796729665135862e-07,1.455545391666653e-07,0.0010063667822043886,0.0010063667927304335,0.004325151443999999,9.063850191698219e-07,6.080181943800198e-08,3.7880268713152136e-08,4.652890785964374e-09,7.76121269339431e-10,2.5881368212699937e-10,20.0,6.039500332122969e-07,-0.4472046098762729,-0.27709621335051793,-0.22998471915411528,278387,284387
trimMA342_1200rpm_AW__D_09,284387,1.073280930000096e-07,0.0009684971793040546,0.0009684971852510618,0.004994392395,7.327421737833783e-07,1.1590206133932306e-07,7.614039363403429e-08,6.15259842898488e-09,1.3988185430119942e-09,2.086226424385873e-10,20.0,4.776710724618208e-07,-5.044937093333278e-07,0.0008919813061081041,0.0008919814487758262,0.005567073822,3.077412595114693e-07,1.2040370070264773e-07,1.2997652655876037e-07,2.3178121963514475e-07,2.180596501356597e-09,2.797711800686251e-11,20.0,1.8624676364960905e-07,2.843538930000014e-07,0.0009871951083873325,0.0009871951493402981,0.004295825958,8.787263434356531e-07,5.947692944665242e-08,2.6923162356725746e-08,5.861846185695568e-09,6.901519930806494e-10,2.0484975739237264e-10,20.0,5.855553100582517e-07,-0.448235240166449,-0.27875764021800736,-0.22454480788956543,0,6000,-1.618862144999976e-07,0.0009681146807969371,0.0009681146943320827,0.004808425904,7.388798504752135e-07,9.952298473572709e-08,1.0478692510927418e-07,5.3159318954232015e-09,1.5399808113369803e-09,1.315788912029454e-10,20.0,4.820235052854132e-07,-8.616050073333301e-07,0.0009000222460951959,0.0009000226585089012,0.005470991134,3.3036216990847405e-07,1.2613266033312132e-07,1.2123539522305013e-07,2.352179109259868e-07,2.8478286748586605e-09,2.433873599567274e-11,20.0,1.957371934475201e-07,2.773205448333346e-07,0.000993901894438585,0.0009939019331278577,0.004078865051,8.772548674518344e-07,6.79452269146893e-08,3.198867057395477e-08,4.476604619523703e-09,6.646572611823594e-10,2.4991331497228376e-10,20.0,5.845111073663686e-07,-0.4541134836569897,-0.26283587010771925,-0.23554337199823136,69596,75596,-4.326105105000056e-07,0.000949373353161721,0.0009493734517277085,0.0046067237859999995,7.259691063922899e-07,1.0461731803320637e-07,6.616325155238026e-08,4.6917590733246975e-09,1.5048585125675784e-09,1.3670414218768853e-10,20.0,4.745936695546273e-07,3.486871726666718e-07,0.0008914850944210222,0.0008914851626121453,0.005074501037999999,3.207255749048825e-07,1.2426507798378422e-07,1.221622721871705e-07,2.1519921759944645e-07,2.4844147111530395e-09,2.2220656673904393e-11,20.0,1.9606735990272712e-07,-2.499818834999998e-07,0.0010057856518487646,0.0010057856829144994,0.004101991654,9.095854058302059e-07,6.911075426174451e-08,2.668692322940187e-08,4.71007774888361e-09,6.561093689620751e-10,2.1129506785303697e-10,20.0,6.054392554462562e-07,-0.4558439785445945,-0.2760081618608187,-0.2282673749601481,139193,145193,-2.0841757383332932e-07,0.0009500861891037456,0.0009500862119637162,0.004538059235,7.093428157114714e-07,8.925756000176365e-08,9.784213982845745e-08,5.3245839923002954e-09,1.5441795570808946e-09,1.5195706721881849e-10,20.0,4.6347170550591446e-07,2.224445351666678e-07,0.0008773255260663963,0.0008773255542666304,0.005457401275,3.010759753733779e-07,1.2607976121041694e-07,1.3226101687865001e-07,2.1418785870390863e-07,2.672707131279522e-09,2.2476654259103138e-11,20.0,1.7926180062369955e-07,1.1420249550000174e-07,0.0010035618683982407,0.0010035618748962007,0.004410982132,9.034505196836363e-07,6.251269053109406e-08,3.3877124085302226e-08,4.437180751600266e-09,6.774349543391724e-10,1.981909529504227e-10,20.0,6.015794603955011e-07,-0.4275322808217601,-0.2885061308630167,-0.2417875039034887,208790,214790,6.135305183332592e-08,0.0009550168154724714,0.0009550168174432204,0.004660367965,7.269324844998842e-07,1.0754806338147178e-07,8.472029288937318e-08,4.9761767937872204e-09,1.5764595329719987e-09,1.7845617089187024e-10,20.0,4.7345529290264217e-07,3.4443536649999964e-07,0.0008890364707869777,0.0008890365375084911,0.005343437195,3.128360897513161e-07,1.4501039245211206e-07,1.3090433506950248e-07,2.0801899814379255e-07,2.5151283192444195e-09,2.6008499453908103e-11,20.0,1.8651102683418273e-07,-2.688566868333323e-07,0.0009779553430745457,0.0009779553800312007,0.0043063163759999995,8.647259178521646e-07,5.574248890488432e-08,2.68267274254306e-08,6.20355968573747e-09,6.923480898549782e-10,2.315825763016305e-10,20.0,5.760311303896055e-07,-0.47462851067119693,-0.28607214643647905,-0.21882766005531187,278387,284387
trimMA342_1200rpm_AW__D_10,284387,8.511940604999976e-07,0.0009350790873662462,0.0009350794747833045,0.004748106003,7.011617009093392e-07,7.635890151524088e-08,8.237234130446463e-08,5.420877636001453e-09,1.6311685710095521e-09,1.5399409998173179e-10,20.0,4.5432093330788425e-07,9.290377516666531e-08,0.0008821980263501834,0.0008821980312420052,0.0055892467500000004,3.2427667257769324e-07,1.160424725495353e-07,1.2237403823375527e-07,1.9895765677912237e-07,2.2460324410725886e-09,2.3765925395045746e-11,20.0,1.9312874038584446e-07,4.2883555000000167e-07,0.0009910571667804814,0.0009910572595601547,0.004081249237,8.693261226154513e-07,7.805299055639623e-08,2.8507148778473067e-08,5.057737521100017e-09,6.396919223136621e-10,2.1600809389089755e-10,20.0,5.784955421565267e-07,-0.48103283467616864,-0.2501557203873166,-0.26600744801629833,0,6000,2.5633970866666885e-07,0.0009318252272858724,0.0009318252625446543,0.005029201508,6.791830607392844e-07,8.362676560572166e-08,1.0974963540860204e-07,4.6675153684113275e-09,1.5699073901852853e-09,1.9970390495142482e-10,20.0,4.437985252393469e-07,-1.5664100666666655e-07,0.0008833274857637538,0.0008833274996523767,0.005556583405,3.103430732337808e-07,1.287762429593391e-07,1.3057514924806914e-07,2.0740824361912852e-07,2.173348797115866e-09,2.550146334209416e-11,20.0,1.9170666396977719e-07,-3.9347013033333895e-07,0.00101654867004766,0.001016548746196861,0.004209280014,9.042687523200546e-07,8.545532118143113e-08,3.948899425944023e-08,5.650517478121454e-09,7.074146874997607e-10,2.2732037030787336e-10,20.0,6.017892891142019e-07,-0.4779651340248925,-0.25025806183159865,-0.25586391719443885,69596,75596,4.0515263833333127e-07,0.000921339455382027,0.0009213395444635548,0.004560708999,6.704956063628844e-07,6.668846991547129e-08,9.294320623210994e-08,5.515751453104649e-09,1.5122766346085983e-09,2.0558242913762698e-10,20.0,4.3598807896299567e-07,-5.646546673333345e-07,0.0008871478306486147,0.000887148010345194,0.005642652512,3.0771467735341605e-07,1.2464366980883288e-07,1.2877145501095054e-07,2.177218428192675e-07,2.31715129166445e-09,2.47820051402227e-11,20.0,1.8082187456463443e-07,1.511971161666688e-07,0.0009997451961233916,0.000999745207556589,0.004180431366,8.674659085908252e-07,8.463811263763312e-08,4.229755976199077e-08,4.863102905589581e-09,6.973917015536231e-10,2.0145383047170912e-10,20.0,5.779815589689317e-07,-0.43641138259333456,-0.2796188489484945,-0.264074786459746,139193,145193,5.346536648333303e-07,0.0009298822488368141,0.0009298824025415,0.0047109127050000005,6.862652756505282e-07,8.397389625687768e-08,9.696079474743034e-08,5.293592539675894e-09,1.5593175664836836e-09,2.1101609417830296e-10,20.0,4.4805208164881556e-07,-2.8932094500000507e-07,0.0008893613948463547,0.0008893614419063056,0.005508422851,2.982796661027444e-07,1.2642019990623295e-07,1.279397772116817e-07,2.3678480375726528e-07,2.584655087341113e-09,2.4760376371016707e-11,20.0,1.758157116321333e-07,-1.1785825333333542e-07,0.000979548146609988,0.0009795481537002817,0.004220724106,8.501789950520076e-07,6.407928007381314e-08,3.5140379454533484e-08,4.564600114215235e-09,7.413626027296466e-10,2.370059860954953e-10,20.0,5.664255928837441e-07,-0.4554550267065577,-0.2476181098448331,-0.24992870550042953,208790,214790,-4.234313984999988e-07,0.0009320237127299185,0.0009320238089153146,0.004561185836999999,6.903742099289826e-07,7.527159919556266e-08,9.273915387384348e-08,5.486704408101171e-09,1.744635534079811e-09,1.907879033570746e-10,20.0,4.5172220775552e-07,-9.743372383333506e-08,0.0008789206588966535,0.0008789206642972152,0.005685806275,3.0909794800364754e-07,1.0916613183979203e-07,1.2255325696996475e-07,2.2465009302075631e-07,2.3008819580939303e-09,2.5240298933193782e-11,20.0,1.8365404011341035e-07,1.675685233333372e-07,0.0009881268363459957,0.000988126850554298,0.004301309586,8.589738261191527e-07,7.337790402900852e-08,3.465663271792676e-08,4.669380381061081e-09,6.535565189958044e-10,2.3903718101895007e-10,20.0,5.723176605203493e-07,-0.46675526192733446,-0.23590037349005294,-0.23869620432640717,278387,284387
trimMA342_1200rpm_AW__D_11,284387,3.1073887800000624e-07,0.0009332200812357893,0.0009332201329699138,0.005417108536,6.669242219921384e-07,6.723212032976146e-08,1.1526089209102319e-07,5.427555131350416e-09,1.5526148585343534e-09,1.6972194265229042e-10,20.0,4.3515630577439784e-07,-5.23885088833333e-07,0.0008569779363693552,0.0008569780964992424,0.005177021025999999,3.0727452263138097e-07,1.1402461015391489e-07,1.242007080235991e-07,1.7741162303730988e-07,2.011608843175252e-09,2.0037725461355545e-11,20.0,1.8608646796911206e-07,4.278024041666709e-07,0.000992545119382111,0.0009925452115768561,0.00436258316,8.783223078435159e-07,6.856919765711618e-08,3.696016423774891e-08,4.854522383617055e-09,5.736261266237933e-10,1.9231928578545238e-10,20.0,5.845394203490778e-07,-0.4531817733208831,-0.30208959861855,-0.2702525255732457,0,6000,7.716417343333395e-07,0.000941262491307881,0.0009412628076016202,0.004906892777,6.859685162222539e-07,8.930770495882674e-08,1.0460830878901519e-07,5.151680612478198e-09,1.7089929240574848e-09,1.928989938911355e-10,20.0,4.4727655421215847e-07,2.5069713866666605e-07,0.0008469356192149901,0.0008469356563187866,0.005200862884,3.0984182775927804e-07,1.318626497923437e-07,1.0483364203732291e-07,1.6594289966506697e-07,2.3601007066211788e-09,2.2079389964132628e-11,20.0,1.8817719281542368e-07,2.0186104666671905e-08,0.0009731606574652959,0.0009731606576746545,0.00426530838,8.463044457834612e-07,6.775499297648383e-08,2.6922752061155437e-08,4.673254655837191e-09,6.213288619320803e-10,1.6140314464097146e-10,20.0,5.633808618141501e-07,-0.47363121887980847,-0.27881236252381175,-0.24358703771606532,69596,75596,-1.5115737966666168e-07,0.0009599667675867564,0.0009599667794874566,0.005322933197,6.979800578653913e-07,1.1053319733558385e-07,1.0018033725547977e-07,5.4174389018549764e-09,1.5718255308413764e-09,1.9046158932706712e-10,20.0,4.5585421337880624e-07,-1.2787183033333554e-07,0.0008650983668815415,0.0008650983763320303,0.005455970764,3.0573723221645715e-07,1.1646687254409002e-07,1.0995091762479793e-07,1.963054022812858e-07,2.1634339302546415e-09,2.098591816591693e-11,20.0,1.8391305805651432e-07,-3.9136409633332786e-07,0.000990531087048028,0.000990531164363042,0.004168510437,8.565595121439151e-07,8.233556961053944e-08,3.301842917475187e-08,4.703915112493653e-09,6.038825828472716e-10,1.7251954575617636e-10,20.0,5.705427310297854e-07,-0.44576584076547954,-0.24185895883022626,-0.24625330209256693,139193,145193,1.3454755051666712e-06,0.0009329807946871259,0.0009329817648589687,0.0047907829290000006,6.843449866366465e-07,8.711073067078991e-08,1.0163297093594432e-07,4.322193497157572e-09,1.3808435173038974e-09,1.7834906824243608e-10,20.0,4.462794997559541e-07,-8.37604213333333e-07,0.0008667887930257256,0.000866789197726767,0.005476474762,3.0323005719698306e-07,1.245337229888251e-07,1.210882708792761e-07,2.0435390436488062e-07,2.2979140618340065e-09,2.4546552477616336e-11,20.0,1.8514010676576486e-07,3.8834413266667274e-07,0.0010057276705472493,0.0010057277455233905,0.004330396653,8.853349041922062e-07,6.908662575601761e-08,4.4892981544076626e-08,4.9975507392867564e-09,5.861466601335523e-10,2.0030562614488456e-10,20.0,5.90112125396382e-07,-0.4778867565453633,-0.2516613038039514,-0.24119092137634446,208790,214790,4.315773678333322e-07,0.0009363113458419955,0.000936311445306247,0.005245685578,6.570375468199908e-07,1.1777743097530469e-07,8.00466485401007e-08,5.8849934738712635e-09,1.8491307923394556e-09,2.0532522644481144e-10,20.0,4.281155041001287e-07,-6.796519034999998e-07,0.0008818727717024623,0.0008818730336034167,0.005395412445,3.2233136980488426e-07,1.260162511329457e-07,1.2106079325343426e-07,2.031060596998445e-07,2.222375421005429e-09,2.02035510268113e-11,20.0,1.936214277596881e-07,4.536708170000114e-07,0.0009989699477455272,0.0009989700507602374,0.004463911056000001,8.747057992991333e-07,8.25256227676706e-08,3.447238242739697e-08,5.166848031553058e-09,6.608125597802178e-10,1.8981031088686663e-10,20.0,5.821774267136246e-07,-0.48547851049326207,-0.2380591868405222,-0.27195073003168335,278387,284387
trimMA342_1200rpm_AW__D_12,284387,-1.2123584433332857e-07,0.0009238591466306538,0.0009238591545853998,0.005128860473,6.714710887626874e-07,9.833550871534294e-08,8.678627139642116e-08,5.250005670100806e-09,1.6532440426974153e-09,1.37913660334682e-10,20.0,4.3498507695388884e-07,6.341934650000263e-08,0.0008660334733897836,0.0008660334757118726,0.005196332931,2.991428249363514e-07,1.350300948115737e-07,1.2223171071166632e-07,1.861302343999451e-07,2.1139757411813304e-09,2.6713728081994722e-11,20.0,1.8287725141695116e-07,-5.5313111500000325e-08,0.0009776923801949652,0.0009776923817596394,0.0043342113500000005,8.475083430528927e-07,6.413674828812814e-08,3.3734242238585564e-08,4.863287168655186e-09,5.785405667726992e-10,1.8384849439938652e-10,20.0,5.643284504121614e-07,-0.4593870588932144,-0.2808636707073729,-0.26066447876501153,0,6000,-7.347266133333104e-08,0.0009309165115493589,0.0009309165144487767,0.005251884461,6.748621389135111e-07,8.327629841746693e-08,9.315233858177785e-08,5.475272781408949e-09,1.571081892597476e-09,1.86918598411579e-10,20.0,4.3776471135122773e-07,5.174080488333331e-07,0.0008709006322891767,0.0008709007859870014,0.005307435989,2.9264686634586486e-07,1.342808138597877e-07,1.2337237988609924e-07,2.0539052681900994e-07,2.4543255614800534e-09,2.0785472295907208e-11,20.0,1.7281576955551455e-07,-2.598365178333381e-07,0.0009883316707922972,0.0009883317049483489,0.00437259674,8.44645607300139e-07,8.656739797007606e-08,3.713225599277348e-08,5.703437093341523e-09,6.002107311451664e-10,2.3042110945096236e-10,20.0,5.62613241328086e-07,-0.4392247675032964,-0.27375000130768307,-0.2638782808371499,69596,75596,-1.4555851579999916e-06,0.0009394386223567551,0.000939439750012586,0.0053935050959999994,6.809271086378326e-07,1.0665854566233117e-07,1.0599998838818638e-07,4.579541573062014e-09,1.7839486358764415e-09,1.9637260223328944e-10,20.0,4.4597047863794133e-07,2.5828678783333553e-07,0.0008600302555640746,0.0008600302943487934,0.005298852921,3.0258028583620874e-07,1.1845026522220832e-07,1.22392764089645e-07,2.0204411660490376e-07,2.1044556492180495e-09,2.2897176241700574e-11,20.0,1.869382537186791e-07,2.27173169333331e-07,0.0010237544702005217,0.0010237544954056121,0.004254102706999999,8.836829338795502e-07,1.0430459222443223e-07,4.724793091841887e-08,5.1605777726266e-09,6.610893578922938e-10,1.971096954317248e-10,20.0,5.886445818360715e-07,-0.46689291326218235,-0.2563814672443762,-0.2466653197445356,139193,145193,4.463195750000007e-07,0.0009378055024993659,0.0009378056087053709,0.0051293373109999995,6.765235645871528e-07,8.631945964842089e-08,9.614250054562869e-08,5.5396119532356715e-09,1.6172095945803307e-09,1.8894509191590304e-10,20.0,4.3930704872721915e-07,-5.113283753333317e-07,0.0008675868493884029,0.0008675870000688131,0.005356311798,2.9363304341126456e-07,1.3215264213435703e-07,1.2163793823642734e-07,2.0039429499414525e-07,2.404440475294165e-09,2.204769150894586e-11,20.0,1.786228639660681e-07,-1.2036164749999804e-07,0.000990928314260373,0.0009909283215701482,0.004143953323000001,8.651521921491441e-07,7.91648471146285e-08,3.3093453612814486e-08,3.921359105289076e-09,6.745070080697227e-10,2.2253502432123912e-10,20.0,5.761311913320468e-07,-0.48193439194645404,-0.2679183206689942,-0.26091564744366313,208790,214790,-3.6247571300000144e-07,0.0009188872171740508,0.0009188872886673937,0.004438400269,6.835606553494039e-07,7.734041480213247e-08,8.055846608816633e-08,4.92643222757463e-09,1.4875651419492361e-09,1.5547374036128524e-10,20.0,4.4120782269906694e-07,-4.752477055000014e-07,0.000859171221925455,0.0008591713533662891,0.005462884902,2.857192432464281e-07,1.3404722445080912e-07,1.1902348266149564e-07,1.871160935460513e-07,2.374928785192186e-09,2.8142429279865457e-11,20.0,1.6914748532115562e-07,5.333423620000032e-07,0.000980370752915498,0.0009803708979902327,0.004235029221,8.553704738983265e-07,7.020037730477774e-08,2.8111231295114548e-08,5.758387321108402e-09,6.745524044152323e-10,1.9654383876321885e-10,20.0,5.691179902908348e-07,-0.44332257931315106,-0.2664071015002887,-0.25986931148289516,278387,284387
trimMA342_1200rpm_AW__D_13,284387,3.155072616666555e-08,0.0009629727397580768,0.000962972740274939,0.0049533844,7.00315292550993e-07,9.228023571190793e-08,1.2583178160337498e-07,4.430632622862632e-09,1.726293640593437e-09,1.6199151063762743e-10,20.0,4.596674696775835e-07,2.6265779750000127e-07,0.0008982863261724626,0.0008982863645728674,0.00515794754,3.105148949337831e-07,1.3632317401737862e-07,1.2258007132494875e-07,2.3485576021445402e-07,2.2079864843668825e-09,1.900252573650308e-11,20.0,1.875601729007166e-07,3.59614688166666e-07,0.0010088442728933896,0.0010088443369878802,0.004602432251,8.949248504246989e-07,7.653950840587422e-08,3.446202877661563e-08,4.326070480032685e-09,6.508953158559093e-10,1.9866087945902396e-10,20.0,5.955191948960408e-07,-0.4794250677398908,-0.24145160865125956,-0.24892569740465467,0,6000,2.0827054975000026e-06,0.0009225431801381935,0.0009225455310615735,0.004631280899,6.81936574007067e-07,9.06346091611593e-08,7.499895126875145e-08,4.554498816187192e-09,1.5645277391960324e-09,1.914206215317015e-10,20.0,4.4394400773715416e-07,-3.535350091666654e-07,0.0008811632621107187,0.0008811633330323078,0.0054249763490000005,3.053669365334556e-07,1.3264991731802395e-07,1.1815156206020542e-07,2.2061492502571032e-07,2.1953423576393826e-09,2.4221602183842877e-11,20.0,1.9186884954734305e-07,5.451440890000015e-07,0.0010113198134061782,0.0010113199603340108,0.004379034042,9.110289014063913e-07,7.821484274030983e-08,2.5663096866372298e-08,4.9960942248701454e-09,5.919106299623057e-10,2.1506737134983164e-10,20.0,6.059581076659363e-07,-0.4608734748810785,-0.26767412398447105,-0.23398379923086288,69596,75596,-3.608465165000005e-07,0.0009298546379922749,0.0009298547080087044,0.0048861503609999996,6.855808464278355e-07,9.592551018166667e-08,7.126847988839074e-08,5.310549532289784e-09,1.6600261339105485e-09,1.6675789639605537e-10,20.0,4.4548011034490156e-07,-7.474819858333375e-07,0.0008768504190631988,0.0008768507376632733,0.0055747032159999994,2.933084273311677e-07,1.3017386848576528e-07,1.285627906091728e-07,2.184639688128141e-07,2.472988691916395e-09,2.6430084958101237e-11,20.0,1.7867861734132034e-07,5.969206473333266e-07,0.0010036820800676113,0.0010036822575711427,0.004017353058,8.683285223379514e-07,9.679020872516115e-08,3.2554679781807793e-08,5.019627389499492e-09,7.008993823415728e-10,2.1004625385192305e-10,20.0,5.782751771179635e-07,-0.41824500619166777,-0.3109314813594927,-0.25650556682344566,139193,145193,-9.943644208333323e-07,0.0009485707144828001,0.0009485712356671012,0.005143642425,7.075516136114398e-07,7.89916065582144e-08,9.871218232558688e-08,4.865586770874914e-09,1.6070114515208746e-09,1.7282623852248615e-10,20.0,4.636319830335344e-07,-1.0530551298333346e-06,0.0008657254015362866,0.000865726041996122,0.005502700805,2.999368873295395e-07,1.2836288324803594e-07,1.2777500523115006e-07,1.8002729555463666e-07,2.2977300356117583e-09,2.6054565507523982e-11,20.0,1.7973268115951673e-07,5.063215854999962e-07,0.0009691187662965964,0.0009691188985618766,0.004443407059,8.313072852035624e-07,6.344194762314159e-08,3.601878881042069e-08,5.1212550829269e-09,6.492101868006092e-10,2.292274416307551e-10,20.0,5.535942398737187e-07,-0.46712170819930365,-0.2707106533630237,-0.22452762195132778,208790,214790,1.8107891283332978e-07,0.0009589910363290131,0.0009589910534248831,0.005424499512,7.151286603437215e-07,9.417463965034383e-08,9.796811781010606e-08,5.306412142211125e-09,1.4999918081957784e-09,1.855626128227967e-10,20.0,4.6550840972458204e-07,-1.0070403431666677e-06,0.0008701708874527076,0.000870171470171532,0.005275011063000001,3.1835397038208104e-07,1.0667801233191431e-07,1.2235176224520515e-07,2.0380793863217222e-07,2.545789260860372e-09,2.4855912820368216e-11,20.0,1.9251709820674757e-07,1.8286706333333024e-07,0.000987657490082202,0.0009876575070113312,0.004484176636,8.589882041185369e-07,7.722744322415965e-08,3.3836030807394534e-08,5.0818618808293476e-09,6.221208875655385e-10,1.9438732872362556e-10,20.0,5.725400799627701e-07,-0.48661675392141146,-0.228587377669952,-0.24636871110305775,278387,284387
trimMA342_1200rpm_AW__D_14,284387,-1.3534228116666991e-07,0.000950058119120902,0.000950058128761119,0.005189418793,7.036449606247235e-07,9.745285946947064e-08,9.109160403589073e-08,5.743217408455076e-09,1.575380886176474e-09,1.5013578645345467e-10,20.0,4.592177792180879e-07,8.626779116666673e-08,0.0008819971288167868,0.0008819971330356962,0.005577564239,3.031132498623528e-07,1.2908934621293602e-07,1.22698392000658e-07,2.138429051949213e-07,2.188099314546939e-09,2.1815005343877015e-11,20.0,1.8734913491909864e-07,-6.186167379999945e-07,0.0010146823023232583,0.0010146824908978654,0.004135370255,9.117154388223165e-07,7.151632413444602e-08,4.1221019601697516e-08,5.1073612481911454e-09,6.598431898461975e-10,1.8638976581743307e-10,20.0,6.069772688170951e-07,-0.45233351355711426,-0.22878234016538798,-0.22896181667222587,0,6000,-5.173683209999957e-07,0.0009140399931120148,0.0009140401395333748,0.005388975143,6.5913060997866e-07,1.0139541274550172e-07,6.990152252825247e-08,5.0888137303740335e-09,1.5612585894835082e-09,1.6098171972240763e-10,20.0,4.3250222915819275e-07,3.4050146499999913e-07,0.0008788423833587377,0.000878842449321216,0.005918502807999999,3.054959999511607e-07,1.3470154107570522e-07,1.259481534955066e-07,1.937056245092021e-07,2.7899150255056087e-09,2.7946744528368827e-11,20.0,1.8641803520584713e-07,-1.5083949083333793e-07,0.001002539248904059,0.0010025392602515208,0.00432920456,8.982035576148967e-07,6.306045345686155e-08,3.100939023398367e-08,4.9271414971079455e-09,6.425882960640536e-10,1.9447128349047995e-10,20.0,5.976542620911958e-07,-0.45260283135973167,-0.275588305237722,-0.2527790492923733,69596,75596,4.070997198333352e-07,0.0009410021494982925,0.0009410022375587577,0.004486083984,6.753209834331661e-07,7.730529063775605e-08,1.211364009060632e-07,5.284055477796397e-09,1.6760941690783952e-09,1.8543136896930938e-10,20.0,4.409899077502387e-07,7.001558933333526e-08,0.0008921962853593467,0.0008921962881066024,0.005695581437,3.1867320516422144e-07,1.3430266451949318e-07,1.2106682886391272e-07,2.176631610155277e-07,2.579006836080564e-09,2.4457504248783525e-11,20.0,1.9288872750099602e-07,2.779563220000001e-07,0.0009812997563192888,0.0009812997956853006,0.004299402237,8.479729775664175e-07,6.097402999891934e-08,4.3003469279181046e-08,5.286563111893386e-09,6.958557982674832e-10,2.1459954495137486e-10,20.0,5.624801963547263e-07,-0.43225267040157334,-0.29211752985203493,-0.23554940104597596,139193,145193,2.071857458333341e-07,0.0009332339744353986,0.0009332339974338823,0.005257368088,7.029879490810858e-07,9.414275107855768e-08,7.22176128187194e-08,5.562707228022164e-09,1.610210430486259e-09,2.1330073863517343e-10,20.0,4.5575747441790683e-07,7.531642896666634e-07,0.0008967654798567174,0.0008967657961358116,0.005563259125,3.163111975117851e-07,1.3017107402548414e-07,1.1433816718639704e-07,2.449137121040023e-07,2.57525529100377e-09,2.0997889400140438e-11,20.0,1.8907651135365269e-07,3.5818416716666344e-07,0.0009727198075844345,0.0009727198735314279,0.0040318965919999995,8.327781178841666e-07,7.678934902374025e-08,2.625619281564134e-08,4.845349542934257e-09,6.644557939784551e-10,1.9951019326176107e-10,20.0,5.543868696280913e-07,-0.4535919383667262,-0.2571304157303564,-0.2580257235188118,208790,214790,1.638730359999977e-07,0.0009382406415962593,0.0009382406559072849,0.004904031754,7.002663982759135e-07,9.324321890182544e-08,8.729574139275826e-08,4.975422554382544e-09,1.5876607528282975e-09,1.9063514379545275e-10,20.0,4.5779704285692544e-07,-7.732311843333308e-07,0.0008729559739103178,0.0008729563163596308,0.005416631699,2.876121314899113e-07,1.3924797006585207e-07,1.243270087757881e-07,2.242445692324619e-07,2.5108815285873673e-09,3.165671740997969e-11,20.0,1.7488425290604545e-07,3.470182484999971e-07,0.0009976958342496909,0.0009976958945995776,0.004031896591000001,8.640667113323925e-07,8.509483340997492e-08,2.9170198443239192e-08,5.865111503891564e-09,6.441004891318994e-10,2.0934815929972505e-10,20.0,5.749702504407783e-07,-0.44541134515988984,-0.25963552507718807,-0.23832510741601753,278387,284387
trimMA342_1200rpm_AW__D_15,284387,-4.3010712116666137e-07,0.0009536869788197329,0.000953687075807597,0.004816770554,7.128005417416243e-07,8.626678938747979e-08,1.1465708279065535e-07,4.215337227005587e-09,1.4918610596383757e-09,1.9354494278363155e-10,20.0,4.6439523210905895e-07,-6.06258711333335e-07,0.0008606547020581309,0.0008606549155871911,0.005422592163,2.797084786105408e-07,1.3132333624896333e-07,1.1979561399254338e-07,2.0737663313958254e-07,2.3932001696030634e-09,2.4711818119820586e-11,20.0,1.640120962018779e-07,-1.0800362033332236e-07,0.0010132407005056588,0.001013240706261834,0.004591226577,9.095486343449354e-07,7.523641286428293e-08,3.471098624529104e-08,4.236446736331986e-09,6.152193051169212e-10,1.7924057846746065e-10,20.0,6.056510508516473e-07,-0.45043546995597994,-0.2646148643048561,-0.2458904391132657,0,6000,1.877148948333333e-07,0.0009475100762922798,0.0009475100948867424,0.004727363586,7.035056315895303e-07,1.1484977025987583e-07,7.23233256729424e-08,4.590467565469069e-09,1.6515757170702908e-09,1.5515349394571944e-10,20.0,4.5771642559827615e-07,-3.1272569733333497e-07,0.0008690894392211859,0.0008690894954854518,0.005331993103,2.8970974922259614e-07,1.3332148097030266e-07,1.215598697039439e-07,2.1115623317819153e-07,2.5234544586145825e-09,2.671446391722861e-11,20.0,1.7455113309936633e-07,-1.9880136033332935e-07,0.0010109536385716396,0.0010109536581185204,0.004502296447999999,8.995560484642741e-07,7.48773287866323e-08,3.7725626878898846e-08,4.389826827991597e-09,6.568018564521867e-10,2.0661060252121348e-10,20.0,5.992055002789526e-07,-0.4487352287988651,-0.25137032957292393,-0.23381681800683976,69596,75596,1.2902418583333556e-07,0.0009435502827126337,0.0009435502915342305,0.00484251976,7.067926481560167e-07,9.142744604597628e-08,9.917920541917456e-08,4.755689219445608e-09,1.3835498134272025e-09,1.4578788564685075e-10,20.0,4.59825249389002e-07,-2.564589140000012e-07,0.0008776856879469648,0.0008776857254154879,0.005562067031,3.1305963626990184e-07,1.2597085589762968e-07,1.214556866740627e-07,2.0289802452786882e-07,2.601770178777339e-09,2.2701504043440012e-11,20.0,1.9032496795849445e-07,-7.012287741666641e-07,0.001002227188799152,0.001002227434113657,0.0042815208440000006,8.877595316697389e-07,7.647756923444217e-08,2.994841673604739e-08,4.437825901127154e-09,6.042242247847246e-10,1.806789338954028e-10,20.0,5.904845714577114e-07,-0.47691583339084975,-0.2668472627322486,-0.2486699788970533,139193,145193,5.920727500003063e-09,0.0009374363085686789,0.0009374363085873761,0.00500535965,6.91931709229428e-07,7.916770870269676e-08,9.358182727003056e-08,4.802629201081713e-09,1.3659709440779225e-09,1.6328379607215489e-10,20.0,4.519757301312805e-07,3.631909666666419e-08,0.0008932727694581834,0.0008932727701965227,0.005396842956,3.145725094278477e-07,1.2873475779148107e-07,1.3524962936844697e-07,2.1850119571036945e-07,2.400202629508555e-09,2.4340112950296427e-11,20.0,1.9400938098606324e-07,4.648367593333344e-07,0.0010123892760548394,0.001012389382769325,0.004262447357,8.995588844224983e-07,8.302343468766889e-08,3.16150403716423e-08,4.487469331713382e-09,6.23978795964034e-10,1.8907106113213663e-10,20.0,5.988610819384987e-07,-0.47734708677919496,-0.2636326081749193,-0.2510976712702936,208790,214790,1.1803309143333304e-06,0.000932245037490916,0.0009322457847088968,0.004658460617,6.779289918480315e-07,8.266452140469634e-08,9.416668759310838e-08,5.406883027391301e-09,1.6155610427333201e-09,1.4266965159481622e-10,20.0,4.428393145777355e-07,-3.167390895000028e-07,0.000885876365701574,0.0008858764223255293,0.005653619767,3.1863670091439784e-07,1.285562684016549e-07,1.2155133031241564e-07,2.0355011335135203e-07,2.727968157637828e-09,2.4124583546824203e-11,20.0,1.9318026429281952e-07,2.845525753333323e-07,0.0009961347362016095,0.0009961347768437853,0.0044338703149999995,8.733863409792488e-07,7.611099128160073e-08,3.1439159973349993e-08,5.681267549561536e-09,6.608515196613105e-10,2.0844666081184667e-10,20.0,5.826358049591307e-07,-0.44618752980484855,-0.27841108656367924,-0.26002822386994573,278387,284387
