recording_a,recording_b,split_a,split_b,cross_split,feature_distance,global_rank,class_id_a,class_id_b,config_a,config_b
trimMA342_1200rpm_A__Dvv_06,trimMA342_1200rpm_Avv__Dvv_12,validation,train,True,0.791435504147345,1,4,5,A__Dvv,Avv__Dvv
trimMA342_1200rpm_A__D_12,trimMA342_1200rpm_A__D_13,validation,test,True,0.8025861537302903,2,0,0,A__D,A__D
trimMA342_1200rpm_AW__D_01,trimMA342_1200rpm_AW__D_05,validation,test,True,0.8403597257633265,3,1,1,AW__D,AW__D
trimMA342_1200rpm_Avv__D_02,trimMA342_1200rpm_Avv__D_11,train,train,False,0.8470472711694816,4,3,3,Avv__D,Avv__D
trimMA342_1200rpm_Avv__D_04,trimMA342_1200rpm_Avv__D_05,validation,train,True,0.8585998892203476,5,3,3,Avv__D,Avv__D
trimMA342_1200rpm_A__D_04,trimMA342_1200rpm_A__D_05,validation,validation,False,0.861738137856033,6,0,0,A__D,A__D
trimMA342_1200rpm_A__Dvv_06,trimMA342_1200rpm_A__Dvv_09,validation,train,True,0.8631348764808691,7,4,4,A__Dvv,A__Dvv
trimMA342_1200rpm_A__Dvv_09,trimMA342_1200rpm_A__Dvv_12,train,train,False,0.8641185199265252,8,4,4,A__Dvv,A__Dvv
trimMA342_1200rpm_AW__D_07,trimMA342_1200rpm_AW__D_10,train,validation,True,0.86701486088063,9,1,1,AW__D,AW__D
trimMA342_1200rpm_A__DW_13,trimMA342_1200rpm_A__DW_14,train,train,False,0.8739356675806574,10,2,2,A__DW,A__DW
trimMA342_1200rpm_Avv__Dvv_03,trimMA342_1200rpm_Avv__Dvv_11,train,validation,True,0.8814626886205572,11,5,5,Avv__Dvv,Avv__Dvv
trimMA342_1200rpm_AW__D_01,trimMA342_1200rpm_AW__D_02,validation,train,True,0.8829574684095135,12,1,1,AW__D,AW__D
trimMA342_1200rpm_AW__D_02,trimMA342_1200rpm_AW__D_06,train,test,True,0.883993671933598,13,1,1,AW__D,AW__D
trimMA342_1200rpm_A__Dvv_13,trimMA342_1200rpm_Avv__Dvv_03,train,train,False,0.8849881949829769,14,4,5,A__Dvv,Avv__Dvv
trimMA342_1200rpm_A__D_12,trimMA342_1200rpm_A__D_15,validation,train,True,0.8856012014189631,15,0,0,A__D,A__D
trimMA342_1200rpm_Avv__Dvv_11,trimMA342_1200rpm_Avv__Dvv_12,validation,train,True,0.8872743305582382,16,5,5,Avv__Dvv,Avv__Dvv
trimMA342_1200rpm_A__Dvv_06,trimMA342_1200rpm_Avv__D_11,validation,train,True,0.8903944258587655,17,4,3,A__Dvv,Avv__D
trimMA342_1200rpm_A__D_10,trimMA342_1200rpm_A__D_13,train,test,True,0.8918281871016728,18,0,0,A__D,A__D
trimMA342_1200rpm_A__Dvv_03,trimMA342_1200rpm_A__Dvv_06,validation,validation,False,0.8966795041862097,19,4,4,A__Dvv,A__Dvv
trimMA342_1200rpm_A__DW_13,trimMA342_1200rpm_A__DW_15,train,validation,True,0.9051457657259763,20,2,2,A__DW,A__DW
trimMA342_1200rpm_Avv__D_02,trimMA342_1200rpm_Avv__Dvv_12,train,train,False,0.9054257150330798,21,3,5,Avv__D,Avv__Dvv
trimMA342_1200rpm_A__D_13,trimMA342_1200rpm_A__D_14,test,test,False,0.9061192397287274,22,0,0,A__D,A__D
trimMA342_1200rpm_AW__D_02,trimMA342_1200rpm_AW__D_03,train,train,False,0.9071914555738433,23,1,1,AW__D,AW__D
trimMA342_1200rpm_A__Dvv_09,trimMA342_1200rpm_AW__D_12,train,train,False,0.9077686819904986,24,4,1,A__Dvv,AW__D
trimMA342_1200rpm_A__D_14,trimMA342_1200rpm_A__D_15,test,train,True,0.9082742828660413,25,0,0,A__D,A__D
trimMA342_1200rpm_A__Dvv_06,trimMA342_1200rpm_A__Dvv_15,validation,train,True,0.9091656775693263,26,4,4,A__Dvv,A__Dvv
trimMA342_1200rpm_A__D_13,trimMA342_1200rpm_A__D_15,test,train,True,0.9094254615580285,27,0,0,A__D,A__D
trimMA342_1200rpm_Avv__Dvv_02,trimMA342_1200rpm_Avv__Dvv_12,train,train,False,0.9141423969201216,28,5,5,Avv__Dvv,Avv__Dvv
trimMA342_1200rpm_AW__D_02,trimMA342_1200rpm_AW__D_04,train,train,False,0.9141604797339722,29,1,1,AW__D,AW__D
trimMA342_1200rpm_Avv__D_04,trimMA342_1200rpm_Avv__D_11,validation,train,True,0.9164362647899628,30,3,3,Avv__D,Avv__D
trimMA342_1200rpm_A__DW_02,trimMA342_1200rpm_A__DW_03,validation,test,True,0.9176912229867066,31,2,2,A__DW,A__DW
trimMA342_1200rpm_A__D_11,trimMA342_1200rpm_A__D_13,train,test,True,0.9188233565684015,32,0,0,A__D,A__D
trimMA342_1200rpm_A__D_08,trimMA342_1200rpm_A__D_13,test,test,False,0.9190999895509658,33,0,0,A__D,A__D
trimMA342_1200rpm_A__Dvv_01,trimMA342_1200rpm_A__Dvv_03,train,validation,True,0.91991343513889,34,4,4,A__Dvv,A__Dvv
trimMA342_1200rpm_Avv__D_01,trimMA342_1200rpm_Avv__D_02,validation,train,True,0.9218792609708797,35,3,3,Avv__D,Avv__D
trimMA342_1200rpm_A__Dvv_12,trimMA342_1200rpm_A__Dvv_14,train,test,True,0.9249935811128993,36,4,4,A__Dvv,A__Dvv
trimMA342_1200rpm_A__Dvv_09,trimMA342_1200rpm_A__Dvv_14,train,test,True,0.9269908856187428,37,4,4,A__Dvv,A__Dvv
trimMA342_1200rpm_AW__D_01,trimMA342_1200rpm_AW__D_03,validation,train,True,0.9284230162761329,38,1,1,AW__D,AW__D
trimMA342_1200rpm_A__D_10,trimMA342_1200rpm_A__D_12,train,validation,True,0.9284986086528686,39,0,0,A__D,A__D
trimMA342_1200rpm_Avv__D_01,trimMA342_1200rpm_Avv__D_11,validation,train,True,0.9296480918683699,40,3,3,Avv__D,Avv__D
trimMA342_1200rpm_Avv__Dvv_02,trimMA342_1200rpm_Avv__Dvv_11,train,validation,True,0.930123291008315,41,5,5,Avv__Dvv,Avv__Dvv
trimMA342_1200rpm_A__DW_06,trimMA342_1200rpm_A__DW_10,validation,test,True,0.9306234203109031,42,2,2,A__DW,A__DW
trimMA342_1200rpm_A__DW_10,trimMA342_1200rpm_A__DW_15,test,validation,True,0.9322798797528885,43,2,2,A__DW,A__DW
trimMA342_1200rpm_AW__D_02,trimMA342_1200rpm_AW__D_09,train,validation,True,0.9332418040432661,44,1,1,AW__D,AW__D
trimMA342_1200rpm_Avv__Dvv_10,trimMA342_1200rpm_Avv__Dvv_12,test,train,True,0.935588982425227,45,5,5,Avv__Dvv,Avv__Dvv
trimMA342_1200rpm_Avv__Dvv_00,trimMA342_1200rpm_AW__D_12,test,train,True,0.9362974110988246,46,5,1,Avv__Dvv,AW__D
trimMA342_1200rpm_A__Dvv_09,trimMA342_1200rpm_A__Dvv_15,train,train,False,0.9370020611912314,47,4,4,A__Dvv,A__Dvv
trimMA342_1200rpm_A__Dvv_06,trimMA342_1200rpm_A__Dvv_07,validation,train,True,0.93727505010763,48,4,4,A__Dvv,A__Dvv
trimMA342_1200rpm_Avv__Dvv_00,trimMA342_1200rpm_Avv__Dvv_08,test,validation,True,0.9377181999756252,49,5,5,Avv__Dvv,Avv__Dvv
trimMA342_1200rpm_A__DW_05,trimMA342_1200rpm_A__DW_10,train,test,True,0.9379385598185339,50,2,2,A__DW,A__DW
trimMA342_1200rpm_AW__D_01,trimMA342_1200rpm_AW__D_06,validation,test,True,0.9391717843726345,51,1,1,AW__D,AW__D
trimMA342_1200rpm_A__Dvv_03,trimMA342_1200rpm_A__Dvv_09,validation,train,True,0.9391808088347156,52,4,4,A__Dvv,A__Dvv
trimMA342_1200rpm_AW__D_02,trimMA342_1200rpm_AW__D_07,train,train,False,0.939181518522756,53,1,1,AW__D,AW__D
trimMA342_1200rpm_A__DW_09,trimMA342_1200rpm_A__DW_14,train,train,False,0.9394405695920418,54,2,2,A__DW,A__DW
trimMA342_1200rpm_A__Dvv_06,trimMA342_1200rpm_AW__D_10,validation,validation,False,0.9400229004393384,55,4,1,A__Dvv,AW__D
trimMA342_1200rpm_A__Dvv_04,trimMA342_1200rpm_A__Dvv_06,train,validation,True,0.9418565528770607,56,4,4,A__Dvv,A__Dvv
trimMA342_1200rpm_Avv__Dvv_12,trimMA342_1200rpm_AW__D_10,train,validation,True,0.9433208751614365,57,5,1,Avv__Dvv,AW__D
trimMA342_1200rpm_Avv__D_03,trimMA342_1200rpm_Avv__D_06,train,test,True,0.9442258043546414,58,3,3,Avv__D,Avv__D
trimMA342_1200rpm_A__DW_02,trimMA342_1200rpm_A__DW_05,validation,train,True,0.9445358082196319,59,2,2,A__DW,A__DW
trimMA342_1200rpm_AW__D_10,trimMA342_1200rpm_AW__D_14,validation,train,True,0.9447185839854831,60,1,1,AW__D,AW__D
trimMA342_1200rpm_Avv__D_03,trimMA342_1200rpm_Avv__D_09,train,validation,True,0.9454813819687038,61,3,3,Avv__D,Avv__D
trimMA342_1200rpm_A__DW_05,trimMA342_1200rpm_A__DW_06,train,validation,True,0.9460914494744698,62,2,2,A__DW,A__DW
trimMA342_1200rpm_A__Dvv_12,trimMA342_1200rpm_AW__D_10,train,validation,True,0.947195695423449,63,4,1,A__Dvv,AW__D
trimMA342_1200rpm_A__Dvv_06,trimMA342_1200rpm_Avv__Dvv_00,validation,test,True,0.9494690182019367,64,4,5,A__Dvv,Avv__Dvv
trimMA342_1200rpm_A__DW_10,trimMA342_1200rpm_A__DW_13,test,train,True,0.9495056418943043,65,2,2,A__DW,A__DW
trimMA342_1200rpm_A__Dvv_01,trimMA342_1200rpm_Avv__Dvv_07,train,validation,True,0.9498835910480472,66,4,5,A__Dvv,Avv__Dvv
trimMA342_1200rpm_Avv__D_07,trimMA342_1200rpm_Avv__D_11,train,train,False,0.9501138912538332,67,3,3,Avv__D,Avv__D
trimMA342_1200rpm_A__Dvv_13,trimMA342_1200rpm_A__Dvv_14,train,test,True,0.9501899331744417,68,4,4,A__Dvv,A__Dvv
trimMA342_1200rpm_A__DW_04,trimMA342_1200rpm_A__DW_06,validation,validation,False,0.9515205320340087,69,2,2,A__DW,A__DW
trimMA342_1200rpm_AW__D_08,trimMA342_1200rpm_AW__D_15,train,validation,True,0.9528275871735957,70,1,1,AW__D,AW__D
trimMA342_1200rpm_A__Dvv_09,trimMA342_1200rpm_Avv__D_11,train,train,False,0.9540305461142277,71,4,3,A__Dvv,Avv__D
trimMA342_1200rpm_A__Dvv_14,trimMA342_1200rpm_Avv__D_02,test,train,True,0.9548546917845032,72,4,3,A__Dvv,Avv__D
trimMA342_1200rpm_AW__D_03,trimMA342_1200rpm_AW__D_14,train,train,False,0.954890231616015,73,1,1,AW__D,AW__D
trimMA342_1200rpm_A__DW_12,trimMA342_1200rpm_A__DW_15,train,validation,True,0.954922909279384,74,2,2,A__DW,A__DW
trimMA342_1200rpm_Avv__D_11,trimMA342_1200rpm_AW__D_10,train,validation,True,0.9550156888361679,75,3,1,Avv__D,AW__D
trimMA342_1200rpm_A__Dvv_06,trimMA342_1200rpm_Avv__Dvv_10,validation,test,True,0.9553222044221226,76,4,5,A__Dvv,Avv__Dvv
trimMA342_1200rpm_Avv__D_11,trimMA342_1200rpm_Avv__Dvv_12,train,train,False,0.9554576984677385,77,3,5,Avv__D,Avv__Dvv
trimMA342_1200rpm_AW__D_02,trimMA342_1200rpm_AW__D_10,train,validation,True,0.9568288806278783,78,1,1,AW__D,AW__D
trimMA342_1200rpm_A__DW_08,trimMA342_1200rpm_A__DW_14,train,train,False,0.9580398077778237,79,2,2,A__DW,A__DW
trimMA342_1200rpm_Avv__Dvv_02,trimMA342_1200rpm_Avv__Dvv_03,train,train,False,0.9581206620159625,80,5,5,Avv__Dvv,Avv__Dvv
trimMA342_1200rpm_A__Dvv_13,trimMA342_1200rpm_Avv__D_05,train,train,False,0.959976926746812,81,4,3,A__Dvv,Avv__D
trimMA342_1200rpm_Avv__Dvv_00,trimMA342_1200rpm_AW__D_06,test,test,False,0.9621099337444078,82,5,1,Avv__Dvv,AW__D
trimMA342_1200rpm_Avv__D_03,trimMA342_1200rpm_Avv__D_05,train,train,False,0.9621876461106782,83,3,3,Avv__D,Avv__D
trimMA342_1200rpm_A__Dvv_09,trimMA342_1200rpm_A__Dvv_13,train,train,False,0.9638842939615362,84,4,4,A__Dvv,A__Dvv
trimMA342_1200rpm_A__Dvv_09,trimMA342_1200rpm_Avv__D_03,train,train,False,0.9647631290807777,85,4,3,A__Dvv,Avv__D
trimMA342_1200rpm_Avv__Dvv_03,trimMA342_1200rpm_AW__D_10,train,validation,True,0.9655816421250888,86,5,1,Avv__Dvv,AW__D
trimMA342_1200rpm_Avv__Dvv_00,trimMA342_1200rpm_AW__D_10,test,validation,True,0.9655961119937947,87,5,1,Avv__Dvv,AW__D
trimMA342_1200rpm_A__DW_10,trimMA342_1200rpm_A__DW_12,test,train,True,0.9659908947869811,88,2,2,A__DW,A__DW
trimMA342_1200rpm_A__Dvv_14,trimMA342_1200rpm_Avv__Dvv_12,test,train,True,0.9660765358516195,89,4,5,A__Dvv,Avv__Dvv
trimMA342_1200rpm_AW__D_02,trimMA342_1200rpm_AW__D_15,train,validation,True,0.9665226657534309,90,1,1,AW__D,AW__D
trimMA342_1200rpm_A__Dvv_09,trimMA342_1200rpm_AW__D_10,train,validation,True,0.9672223704610271,91,4,1,A__Dvv,AW__D
trimMA342_1200rpm_A__Dvv_01,trimMA342_1200rpm_A__Dvv_06,train,validation,True,0.9675596305677622,92,4,4,A__Dvv,A__Dvv
trimMA342_1200rpm_A__D_10,trimMA342_1200rpm_A__D_15,train,train,False,0.9687235314323043,93,0,0,A__D,A__D
trimMA342_1200rpm_AW__D_03,trimMA342_1200rpm_AW__D_06,train,test,True,0.9692054793108451,94,1,1,AW__D,AW__D
trimMA342_1200rpm_Avv__Dvv_03,trimMA342_1200rpm_Avv__Dvv_10,train,test,True,0.970359578060539,95,5,5,Avv__Dvv,Avv__Dvv
trimMA342_1200rpm_A__Dvv_13,trimMA342_1200rpm_Avv__D_11,train,train,False,0.970655528825273,96,4,3,A__Dvv,Avv__D
trimMA342_1200rpm_Avv__D_03,trimMA342_1200rpm_Avv__D_11,train,train,False,0.9725786357359165,97,3,3,Avv__D,Avv__D
trimMA342_1200rpm_A__Dvv_14,trimMA342_1200rpm_Avv__D_11,test,train,True,0.973020087309481,98,4,3,A__Dvv,Avv__D
trimMA342_1200rpm_A__Dvv_07,trimMA342_1200rpm_A__Dvv_08,train,validation,True,0.973293426206507,99,4,4,A__Dvv,A__Dvv
trimMA342_1200rpm_Avv__Dvv_00,trimMA342_1200rpm_Avv__Dvv_12,test,train,True,0.9749634091408175,100,5,5,Avv__Dvv,Avv__Dvv
trimMA342_1200rpm_A__DW_04,trimMA342_1200rpm_A__DW_05,validation,train,True,0.9750782296294102,101,2,2,A__DW,A__DW
trimMA342_1200rpm_Avv__D_02,trimMA342_1200rpm_Avv__Dvv_02,train,train,False,0.9757504118040249,102,3,5,Avv__D,Avv__Dvv
trimMA342_1200rpm_A__DW_06,trimMA342_1200rpm_A__DW_15,validation,validation,False,0.9762118906049064,103,2,2,A__DW,A__DW
trimMA342_1200rpm_Avv__Dvv_02,trimMA342_1200rpm_Avv__Dvv_14,train,test,True,0.9763456621520176,104,5,5,Avv__Dvv,Avv__Dvv
trimMA342_1200rpm_AW__D_10,trimMA342_1200rpm_AW__D_13,validation,test,True,0.977450022239118,105,1,1,AW__D,AW__D
trimMA342_1200rpm_A__Dvv_12,trimMA342_1200rpm_Avv__D_11,train,train,False,0.9779564310667326,106,4,3,A__Dvv,Avv__D
trimMA342_1200rpm_AW__D_01,trimMA342_1200rpm_AW__D_08,validation,train,True,0.9782133557361049,107,1,1,AW__D,AW__D
trimMA342_1200rpm_A__Dvv_12,trimMA342_1200rpm_Avv__D_02,train,train,False,0.9788461208635139,108,4,3,A__Dvv,Avv__D
trimMA342_1200rpm_Avv__D_10,trimMA342_1200rpm_Avv__D_15,train,train,False,0.9794683247847044,109,3,3,Avv__D,Avv__D
trimMA342_1200rpm_AW__D_10,trimMA342_1200rpm_AW__D_12,validation,train,True,0.9797495351412538,110,1,1,AW__D,AW__D
trimMA342_1200rpm_A__Dvv_14,trimMA342_1200rpm_Avv__D_04,test,validation,True,0.9798782722422035,111,4,3,A__Dvv,Avv__D
trimMA342_1200rpm_AW__D_08,trimMA342_1200rpm_AW__D_09,train,validation,True,0.9806653230231671,112,1,1,AW__D,AW__D
trimMA342_1200rpm_A__Dvv_06,trimMA342_1200rpm_AW__D_12,validation,train,True,0.9811979211291281,113,4,1,A__Dvv,AW__D
trimMA342_1200rpm_A__DW_14,trimMA342_1200rpm_A__DW_15,train,validation,True,0.9813304703013807,114,2,2,A__DW,A__DW
trimMA342_1200rpm_A__Dvv_05,trimMA342_1200rpm_A__Dvv_06,train,validation,True,0.9814064639603649,115,4,4,A__Dvv,A__Dvv
trimMA342_1200rpm_Avv__D_03,trimMA342_1200rpm_Avv__D_04,train,validation,True,0.9815075791830324,116,3,3,Avv__D,Avv__D
trimMA342_1200rpm_A__D_08,trimMA342_1200rpm_A__D_12,test,validation,True,0.9820450251387336,117,0,0,A__D,A__D
trimMA342_1200rpm_A__Dvv_12,trimMA342_1200rpm_Avv__Dvv_12,train,train,False,0.9821116754281715,118,4,5,A__Dvv,Avv__Dvv
trimMA342_1200rpm_A__Dvv_13,trimMA342_1200rpm_Avv__D_04,train,validation,True,0.9829548249275495,119,4,3,A__Dvv,Avv__D
trimMA342_1200rpm_AW__D_06,trimMA342_1200rpm_AW__D_10,test,validation,True,0.9831495464786443,120,1,1,AW__D,AW__D
trimMA342_1200rpm_A__Dvv_06,trimMA342_1200rpm_A__Dvv_14,validation,test,True,0.9834414621444183,121,4,4,A__Dvv,A__Dvv
trimMA342_1200rpm_A__D_12,trimMA342_1200rpm_A__D_14,validation,test,True,0.9839686173413447,122,0,0,A__D,A__D
trimMA342_1200rpm_AW__D_03,trimMA342_1200rpm_AW__D_15,train,validation,True,0.9849282879030223,123,1,1,AW__D,AW__D
trimMA342_1200rpm_A__Dvv_06,trimMA342_1200rpm_Avv__Dvv_08,validation,validation,False,0.9858706707900181,124,4,5,A__Dvv,Avv__Dvv
trimMA342_1200rpm_A__Dvv_03,trimMA342_1200rpm_Avv__Dvv_12,validation,train,True,0.9865874622158213,125,4,5,A__Dvv,Avv__Dvv
trimMA342_1200rpm_A__DW_09,trimMA342_1200rpm_A__DW_10,train,test,True,0.9868199608977424,126,2,2,A__DW,A__DW
trimMA342_1200rpm_A__Dvv_06,trimMA342_1200rpm_A__Dvv_13,validation,train,True,0.9868288067129053,127,4,4,A__Dvv,A__Dvv
trimMA342_1200rpm_AW__D_11,trimMA342_1200rpm_AW__D_15,test,validation,True,0.9876502676051625,128,1,1,AW__D,AW__D
trimMA342_1200rpm_Avv__Dvv_05,trimMA342_1200rpm_Avv__Dvv_12,train,train,False,0.988268846466642,129,5,5,Avv__Dvv,Avv__Dvv
trimMA342_1200rpm_A__Dvv_08,trimMA342_1200rpm_Avv__D_10,validation,train,True,0.9892987356331377,130,4,3,A__Dvv,Avv__D
trimMA342_1200rpm_A__D_11,trimMA342_1200rpm_A__D_15,train,train,False,0.9898970156534144,131,0,0,A__D,A__D
trimMA342_1200rpm_A__Dvv_01,trimMA342_1200rpm_A__Dvv_07,train,train,False,0.9901471534302428,132,4,4,A__Dvv,A__Dvv
trimMA342_1200rpm_AW__D_03,trimMA342_1200rpm_AW__D_08,train,train,False,0.9903668737395382,133,1,1,AW__D,AW__D
trimMA342_1200rpm_A__DW_12,trimMA342_1200rpm_A__DW_14,train,train,False,0.9920299119756405,134,2,2,A__DW,A__DW
trimMA342_1200rpm_A__DW_00,trimMA342_1200rpm_A__DW_02,train,validation,True,0.9923422632787295,135,2,2,A__DW,A__DW
trimMA342_1200rpm_A__DW_12,trimMA342_1200rpm_A__DW_13,train,train,False,0.9923665592481533,136,2,2,A__DW,A__DW
trimMA342_1200rpm_Avv__Dvv_03,trimMA342_1200rpm_AW__D_07,train,train,False,0.9933083319703423,137,5,1,Avv__Dvv,AW__D
trimMA342_1200rpm_A__DW_11,trimMA342_1200rpm_A__DW_15,train,validation,True,0.9934729869928273,138,2,2,A__DW,A__DW
trimMA342_1200rpm_A__Dvv_10,trimMA342_1200rpm_Avv__Dvv_12,test,train,True,0.9941641334102438,139,4,5,A__Dvv,Avv__Dvv
trimMA342_1200rpm_A__Dvv_07,trimMA342_1200rpm_A__Dvv_09,train,train,False,0.995880210555736,140,4,4,A__Dvv,A__Dvv
trimMA342_1200rpm_A__Dvv_05,trimMA342_1200rpm_A__Dvv_07,train,train,False,0.996040747026398,141,4,4,A__Dvv,A__Dvv
trimMA342_1200rpm_A__Dvv_14,trimMA342_1200rpm_Avv__D_06,test,test,False,0.9969986383876552,142,4,3,A__Dvv,Avv__D
trimMA342_1200rpm_A__Dvv_15,trimMA342_1200rpm_Avv__D_11,train,train,False,0.9974312190273387,143,4,3,A__Dvv,Avv__D
trimMA342_1200rpm_Avv__Dvv_00,trimMA342_1200rpm_AW__D_03,test,train,True,0.9979118144407706,144,5,1,Avv__Dvv,AW__D
trimMA342_1200rpm_A__Dvv_13,trimMA342_1200rpm_Avv__D_03,train,train,False,0.9993086283962864,145,4,3,A__Dvv,Avv__D
trimMA342_1200rpm_A__D_07,trimMA342_1200rpm_A__D_08,train,test,True,1.00001636419721,146,0,0,A__D,A__D
trimMA342_1200rpm_A__Dvv_01,trimMA342_1200rpm_A__Dvv_09,train,train,False,1.0001094360277127,147,4,4,A__Dvv,A__Dvv
trimMA342_1200rpm_A__D_08,trimMA342_1200rpm_A__D_11,test,train,True,1.0015533227319042,148,0,0,A__D,A__D
trimMA342_1200rpm_Avv__Dvv_10,trimMA342_1200rpm_Avv__Dvv_11,test,validation,True,1.0021915458563138,149,5,5,Avv__Dvv,Avv__Dvv
trimMA342_1200rpm_A__DW_05,trimMA342_1200rpm_A__DW_15,train,validation,True,1.0027550318933465,150,2,2,A__DW,A__DW
trimMA342_1200rpm_A__Dvv_09,trimMA342_1200rpm_A__Dvv_11,train,validation,True,1.004120118189364,151,4,4,A__Dvv,A__Dvv
trimMA342_1200rpm_A__Dvv_06,trimMA342_1200rpm_Avv__D_09,validation,validation,False,1.004899845481293,152,4,3,A__Dvv,Avv__D
trimMA342_1200rpm_A__Dvv_02,trimMA342_1200rpm_Avv__D_11,test,train,True,1.0054778462308849,153,4,3,A__Dvv,Avv__D
trimMA342_1200rpm_Avv__D_11,trimMA342_1200rpm_Avv__Dvv_15,train,train,False,1.0055837638954577,154,3,5,Avv__D,Avv__Dvv
trimMA342_1200rpm_A__D_08,trimMA342_1200rpm_A__D_15,test,train,True,1.0057662396112668,155,0,0,A__D,A__D
trimMA342_1200rpm_A__DW_10,trimMA342_1200rpm_A__DW_14,test,train,True,1.0062328153389888,156,2,2,A__DW,A__DW
trimMA342_1200rpm_A__Dvv_15,trimMA342_1200rpm_Avv__D_03,train,train,False,1.0070448773870315,157,4,3,A__Dvv,Avv__D
trimMA342_1200rpm_A__D_08,trimMA342_1200rpm_A__D_14,test,test,False,1.0070627306226725,158,0,0,A__D,A__D
trimMA342_1200rpm_AW__D_01,trimMA342_1200rpm_AW__D_15,validation,validation,False,1.0079277398329742,159,1,1,AW__D,AW__D
trimMA342_1200rpm_A__Dvv_09,trimMA342_1200rpm_Avv__D_09,train,validation,True,1.0079642136453244,160,4,3,A__Dvv,Avv__D
trimMA342_1200rpm_A__Dvv_05,trimMA342_1200rpm_Avv__Dvv_08,train,validation,True,1.0080953740049206,161,4,5,A__Dvv,Avv__Dvv
trimMA342_1200rpm_AW__D_14,trimMA342_1200rpm_AW__D_15,train,validation,True,1.009108153905857,162,1,1,AW__D,AW__D
trimMA342_1200rpm_AW__D_05,trimMA342_1200rpm_AW__D_08,test,train,True,1.0097023251442736,163,1,1,AW__D,AW__D
trimMA342_1200rpm_A__Dvv_03,trimMA342_1200rpm_A__Dvv_13,validation,train,True,1.009839379345499,164,4,4,A__Dvv,A__Dvv
trimMA342_1200rpm_A__Dvv_09,trimMA342_1200rpm_Avv__D_04,train,validation,True,1.0100675649292992,165,4,3,A__Dvv,Avv__D
trimMA342_1200rpm_AW__D_08,trimMA342_1200rpm_AW__D_14,train,train,False,1.0112445516035011,166,1,1,AW__D,AW__D
trimMA342_1200rpm_A__Dvv_06,trimMA342_1200rpm_Avv__D_03,validation,train,True,1.011767680677478,167,4,3,A__Dvv,Avv__D
trimMA342_1200rpm_AW__D_12,trimMA342_1200rpm_AW__D_14,train,train,False,1.0118925417706208,168,1,1,AW__D,AW__D
trimMA342_1200rpm_Avv__Dvv_00,trimMA342_1200rpm_AW__D_02,test,train,True,1.012085721330583,169,5,1,Avv__Dvv,AW__D
trimMA342_1200rpm_Avv__D_04,trimMA342_1200rpm_Avv__Dvv_03,validation,train,True,1.0125806287877464,170,3,5,Avv__D,Avv__Dvv
trimMA342_1200rpm_A__Dvv_13,trimMA342_1200rpm_Avv__D_06,train,test,True,1.0130354371887906,171,4,3,A__Dvv,Avv__D
trimMA342_1200rpm_A__Dvv_15,trimMA342_1200rpm_Avv__Dvv_12,train,train,False,1.0137123641763153,172,4,5,A__Dvv,Avv__Dvv
trimMA342_1200rpm_A__Dvv_02,trimMA342_1200rpm_A__Dvv_06,test,validation,True,1.0138490870307817,173,4,4,A__Dvv,A__Dvv
trimMA342_1200rpm_Avv__Dvv_10,trimMA342_1200rpm_AW__D_14,test,train,True,1.014229464713855,174,5,1,Avv__Dvv,AW__D
trimMA342_1200rpm_A__DW_03,trimMA342_1200rpm_A__DW_04,test,validation,True,1.0146701354817762,175,2,2,A__DW,A__DW
trimMA342_1200rpm_Avv__Dvv_02,trimMA342_1200rpm_Avv__Dvv_15,train,train,False,1.0161810187927505,176,5,5,Avv__Dvv,Avv__Dvv
trimMA342_1200rpm_Avv__D_06,trimMA342_1200rpm_Avv__D_09,test,validation,True,1.0172987872666746,177,3,3,Avv__D,Avv__D
trimMA342_1200rpm_A__Dvv_15,trimMA342_1200rpm_AW__D_12,train,train,False,1.0173027449361804,178,4,1,A__Dvv,AW__D
trimMA342_1200rpm_A__Dvv_06,trimMA342_1200rpm_Avv__Dvv_07,validation,validation,False,1.0174599073084032,179,4,5,A__Dvv,Avv__Dvv
trimMA342_1200rpm_Avv__D_09,trimMA342_1200rpm_Avv__Dvv_00,validation,test,True,1.0175776916218497,180,3,5,Avv__D,Avv__Dvv
trimMA342_1200rpm_Avv__Dvv_11,trimMA342_1200rpm_AW__D_10,validation,validation,False,1.0180864748825407,181,5,1,Avv__Dvv,AW__D
trimMA342_1200rpm_AW__D_12,trimMA342_1200rpm_AW__D_15,train,validation,True,1.01849367129819,182,1,1,AW__D,AW__D
trimMA342_1200rpm_A__DW_05,trimMA342_1200rpm_A__DW_08,train,train,False,1.0186144876974141,183,2,2,A__DW,A__DW
trimMA342_1200rpm_Avv__Dvv_05,trimMA342_1200rpm_Avv__Dvv_11,train,validation,True,1.0187769233912594,184,5,5,Avv__Dvv,Avv__Dvv
trimMA342_1200rpm_A__D_08,trimMA342_1200rpm_A__D_10,test,train,True,1.0190067281697903,185,0,0,A__D,A__D
trimMA342_1200rpm_Avv__Dvv_00,trimMA342_1200rpm_AW__D_01,test,validation,True,1.0194283297736388,186,5,1,Avv__Dvv,AW__D
trimMA342_1200rpm_A__Dvv_04,trimMA342_1200rpm_Avv__Dvv_10,train,test,True,1.0198811435652464,187,4,5,A__Dvv,Avv__Dvv
trimMA342_1200rpm_A__D_09,trimMA342_1200rpm_A__D_13,train,test,True,1.0201583430944923,188,0,0,A__D,A__D
trimMA342_1200rpm_A__Dvv_14,trimMA342_1200rpm_AW__D_10,test,validation,True,1.0202583830256893,189,4,1,A__Dvv,AW__D
trimMA342_1200rpm_A__Dvv_03,trimMA342_1200rpm_A__Dvv_14,validation,test,True,1.020392775919846,190,4,4,A__Dvv,A__Dvv
trimMA342_1200rpm_AW__D_02,trimMA342_1200rpm_AW__D_08,train,train,False,1.0204306245274766,191,1,1,AW__D,AW__D
trimMA342_1200rpm_Avv__D_02,trimMA342_1200rpm_Avv__D_10,train,train,False,1.0204765990449778,192,3,3,Avv__D,Avv__D
trimMA342_1200rpm_A__Dvv_05,trimMA342_1200rpm_Avv__Dvv_03,train,train,False,1.0205489614122263,193,4,5,A__Dvv,Avv__Dvv
trimMA342_1200rpm_Avv__Dvv_13,trimMA342_1200rpm_Avv__Dvv_14,train,test,True,1.0206838015145883,194,5,5,Avv__Dvv,Avv__Dvv
trimMA342_1200rpm_Avv__D_02,trimMA342_1200rpm_Avv__D_03,train,train,False,1.0207270214617563,195,3,3,Avv__D,Avv__D
trimMA342_1200rpm_A__DW_05,trimMA342_1200rpm_A__DW_13,train,train,False,1.0210190236646122,196,2,2,A__DW,A__DW
trimMA342_1200rpm_Avv__Dvv_12,trimMA342_1200rpm_AW__D_07,train,train,False,1.021214722918968,197,5,1,Avv__Dvv,AW__D
trimMA342_1200rpm_AW__D_07,trimMA342_1200rpm_AW__D_09,train,validation,True,1.0213627684355786,198,1,1,AW__D,AW__D
trimMA342_1200rpm_A__Dvv_11,trimMA342_1200rpm_A__Dvv_13,validation,train,True,1.0214425258106277,199,4,4,A__Dvv,A__Dvv
trimMA342_1200rpm_AW__D_05,trimMA342_1200rpm_AW__D_15,test,validation,True,1.021629274863212,200,1,1,AW__D,AW__D
trimMA342_1200rpm_Avv__D_11,trimMA342_1200rpm_Avv__Dvv_14,train,test,True,1.0218563071007183,201,3,5,Avv__D,Avv__Dvv
trimMA342_1200rpm_A__Dvv_02,trimMA342_1200rpm_A__Dvv_03,test,validation,True,1.022449579303803,202,4,4,A__Dvv,A__Dvv
trimMA342_1200rpm_A__Dvv_03,trimMA342_1200rpm_AW__D_10,validation,validation,False,1.0227910877835935,203,4,1,A__Dvv,AW__D
trimMA342_1200rpm_A__DW_01,trimMA342_1200rpm_A__DW_02,test,validation,True,1.0233224626898154,204,2,2,A__DW,A__DW
trimMA342_1200rpm_A__Dvv_13,trimMA342_1200rpm_Avv__Dvv_12,train,train,False,1.023686814231561,205,4,5,A__Dvv,Avv__Dvv
trimMA342_1200rpm_A__Dvv_02,trimMA342_1200rpm_Avv__Dvv_10,test,test,False,1.0237073357391915,206,4,5,A__Dvv,Avv__Dvv
trimMA342_1200rpm_A__Dvv_06,trimMA342_1200rpm_Avv__D_02,validation,train,True,1.0239681163282643,207,4,3,A__Dvv,Avv__D
trimMA342_1200rpm_AW__D_04,trimMA342_1200rpm_AW__D_05,train,test,True,1.0240017876612808,208,1,1,AW__D,AW__D
trimMA342_1200rpm_Avv__Dvv_10,trimMA342_1200rpm_AW__D_15,test,validation,True,1.0240691414467105,209,5,1,Avv__Dvv,AW__D
trimMA342_1200rpm_A__Dvv_06,trimMA342_1200rpm_Avv__D_04,validation,validation,False,1.024254662375084,210,4,3,A__Dvv,Avv__D
trimMA342_1200rpm_A__Dvv_05,trimMA342_1200rpm_Avv__D_11,train,train,False,1.0247646867283282,211,4,3,A__Dvv,Avv__D
trimMA342_1200rpm_A__DW_04,trimMA342_1200rpm_A__DW_10,validation,test,True,1.0251215704820154,212,2,2,A__DW,A__DW
trimMA342_1200rpm_A__DW_06,trimMA342_1200rpm_A__DW_07,validation,test,True,1.0264094798218293,213,2,2,A__DW,A__DW
trimMA342_1200rpm_A__Dvv_14,trimMA342_1200rpm_Avv__Dvv_03,test,train,True,1.0265151930496048,214,4,5,A__Dvv,Avv__Dvv
trimMA342_1200rpm_Avv__D_02,trimMA342_1200rpm_AW__D_10,train,validation,True,1.0277846009863547,215,3,1,Avv__D,AW__D
trimMA342_1200rpm_A__DW_06,trimMA342_1200rpm_A__DW_14,validation,train,True,1.0279966708394732,216,2,2,A__DW,A__DW
trimMA342_1200rpm_AW__D_07,trimMA342_1200rpm_AW__D_08,train,train,False,1.0284367728760033,217,1,1,AW__D,AW__D
trimMA342_1200rpm_Avv__Dvv_11,trimMA342_1200rpm_Avv__Dvv_14,validation,test,True,1.0284592442929292,218,5,5,Avv__Dvv,Avv__Dvv
trimMA342_1200rpm_A__Dvv_06,trimMA342_1200rpm_Avv__D_12,validation,test,True,1.028620223324256,219,4,3,A__Dvv,Avv__D
trimMA342_1200rpm_AW__D_02,trimMA342_1200rpm_AW__D_05,train,test,True,1.0286780072962176,220,1,1,AW__D,AW__D
trimMA342_1200rpm_A__Dvv_02,trimMA342_1200rpm_Avv__Dvv_12,test,train,True,1.0288681747564117,221,4,5,A__Dvv,Avv__Dvv
trimMA342_1200rpm_Avv__Dvv_05,trimMA342_1200rpm_Avv__Dvv_06,train,test,True,1.028962346699821,222,5,5,Avv__Dvv,Avv__Dvv
trimMA342_1200rpm_A__Dvv_07,trimMA342_1200rpm_Avv__D_11,train,train,False,1.029105164674642,223,4,3,A__Dvv,Avv__D
trimMA342_1200rpm_A__Dvv_03,trimMA342_1200rpm_AW__D_15,validation,validation,False,1.029254374130423,224,4,1,A__Dvv,AW__D
trimMA342_1200rpm_Avv__D_05,trimMA342_1200rpm_Avv__D_09,train,validation,True,1.029632783903682,225,3,3,Avv__D,Avv__D
trimMA342_1200rpm_Avv__D_09,trimMA342_1200rpm_AW__D_12,validation,train,True,1.0297022716692383,226,3,1,Avv__D,AW__D
trimMA342_1200rpm_A__D_10,trimMA342_1200rpm_A__D_11,train,train,False,1.0303345649099718,227,0,0,A__D,A__D
trimMA342_1200rpm_A__Dvv_05,trimMA342_1200rpm_Avv__Dvv_02,train,train,False,1.0306343287358088,228,4,5,A__Dvv,Avv__Dvv
trimMA342_1200rpm_A__Dvv_03,trimMA342_1200rpm_A__Dvv_07,validation,train,True,1.0306525476240362,229,4,4,A__Dvv,A__Dvv
trimMA342_1200rpm_A__Dvv_06,trimMA342_1200rpm_Avv__Dvv_03,validation,train,True,1.0311210627163117,230,4,5,A__Dvv,Avv__Dvv
trimMA342_1200rpm_A__DW_09,trimMA342_1200rpm_A__DW_13,train,train,False,1.031121263678509,231,2,2,A__DW,A__DW
trimMA342_1200rpm_AW__D_07,trimMA342_1200rpm_AW__D_14,train,train,False,1.0313228654088404,232,1,1,AW__D,AW__D
trimMA342_1200rpm_Avv__Dvv_03,trimMA342_1200rpm_Avv__Dvv_12,train,train,False,1.0314449051759529,233,5,5,Avv__Dvv,Avv__Dvv
trimMA342_1200rpm_A__Dvv_03,trimMA342_1200rpm_Avv__Dvv_10,validation,test,True,1.0314573296466707,234,4,5,A__Dvv,Avv__Dvv
trimMA342_1200rpm_A__Dvv_04,trimMA342_1200rpm_A__Dvv_05,train,train,False,1.0314816820253345,235,4,4,A__Dvv,A__Dvv
trimMA342_1200rpm_Avv__Dvv_02,trimMA342_1200rpm_AW__D_07,train,train,False,1.0317611083778062,236,5,1,Avv__Dvv,AW__D
trimMA342_1200rpm_A__Dvv_06,trimMA342_1200rpm_Avv__Dvv_05,validation,train,True,1.032495383305383,237,4,5,A__Dvv,Avv__Dvv
trimMA342_1200rpm_A__Dvv_05,trimMA342_1200rpm_Avv__D_01,train,validation,True,1.032550085896559,238,4,3,A__Dvv,Avv__D
trimMA342_1200rpm_Avv__D_02,trimMA342_1200rpm_Avv__D_15,train,train,False,1.032647151674608,239,3,3,Avv__D,Avv__D
trimMA342_1200rpm_Avv__D_09,trimMA342_1200rpm_Avv__Dvv_14,validation,test,True,1.0330076723004498,240,3,5,Avv__D,Avv__Dvv
trimMA342_1200rpm_AW__D_09,trimMA342_1200rpm_AW__D_15,validation,validation,False,1.033013017466336,241,1,1,AW__D,AW__D
trimMA342_1200rpm_A__Dvv_02,trimMA342_1200rpm_A__Dvv_14,test,test,False,1.0337083498846842,242,4,4,A__Dvv,A__Dvv
trimMA342_1200rpm_Avv__Dvv_02,trimMA342_1200rpm_Avv__Dvv_10,train,test,True,1.0337089746585788,243,5,5,Avv__Dvv,Avv__Dvv
trimMA342_1200rpm_Avv__Dvv_00,trimMA342_1200rpm_Avv__Dvv_11,test,validation,True,1.0337777055856092,244,5,5,Avv__Dvv,Avv__Dvv
trimMA342_1200rpm_A__Dvv_05,trimMA342_1200rpm_Avv__D_04,train,validation,True,1.0339915530965604,245,4,3,A__Dvv,Avv__D
trimMA342_1200rpm_A__DW_06,trimMA342_1200rpm_A__DW_08,validation,train,True,1.0340400171402437,246,2,2,A__DW,A__DW
trimMA342_1200rpm_A__Dvv_04,trimMA342_1200rpm_Avv__D_11,train,train,False,1.0342734265283955,247,4,3,A__Dvv,Avv__D
trimMA342_1200rpm_AW__D_00,trimMA342_1200rpm_AW__D_02,train,train,False,1.035152997063415,248,1,1,AW__D,AW__D
trimMA342_1200rpm_Avv__Dvv_03,trimMA342_1200rpm_AW__D_14,train,train,False,1.0352472050027555,249,5,1,Avv__Dvv,AW__D
trimMA342_1200rpm_Avv__Dvv_10,trimMA342_1200rpm_AW__D_03,test,train,True,1.035343172808087,250,5,1,Avv__Dvv,AW__D
trimMA342_1200rpm_A__Dvv_08,trimMA342_1200rpm_Avv__D_02,validation,train,True,1.0354011503856766,251,4,3,A__Dvv,Avv__D
trimMA342_1200rpm_A__Dvv_02,trimMA342_1200rpm_A__Dvv_09,test,train,True,1.035649910453819,252,4,4,A__Dvv,A__Dvv
trimMA342_1200rpm_Avv__Dvv_07,trimMA342_1200rpm_Avv__Dvv_12,validation,train,True,1.0356515425480317,253,5,5,Avv__Dvv,Avv__Dvv
trimMA342_1200rpm_A__DW_03,trimMA342_1200rpm_A__DW_06,test,validation,True,1.0359740796021255,254,2,2,A__DW,A__DW
trimMA342_1200rpm_A__D_07,trimMA342_1200rpm_A__D_10,train,train,False,1.0361832990109487,255,0,0,A__D,A__D
trimMA342_1200rpm_Avv__D_11,trimMA342_1200rpm_Avv__Dvv_03,train,train,False,1.0362116556560863,256,3,5,Avv__D,Avv__Dvv
trimMA342_1200rpm_A__DW_09,trimMA342_1200rpm_A__DW_15,train,validation,True,1.036419254173585,257,2,2,A__DW,A__DW
trimMA342_1200rpm_Avv__Dvv_03,trimMA342_1200rpm_Avv__Dvv_14,train,test,True,1.0364312908295596,258,5,5,Avv__Dvv,Avv__Dvv
trimMA342_1200rpm_A__DW_10,trimMA342_1200rpm_AW__D_02,test,train,True,1.0370029243676449,259,2,1,A__DW,AW__D
trimMA342_1200rpm_A__Dvv_15,trimMA342_1200rpm_Avv__Dvv_07,train,validation,True,1.0370240919642817,260,4,5,A__Dvv,Avv__Dvv
trimMA342_1200rpm_A__Dvv_06,trimMA342_1200rpm_A__Dvv_10,validation,test,True,1.0370640989281665,261,4,4,A__Dvv,A__Dvv
trimMA342_1200rpm_A__Dvv_10,trimMA342_1200rpm_Avv__Dvv_07,test,validation,True,1.0374624474719927,262,4,5,A__Dvv,Avv__Dvv
trimMA342_1200rpm_A__Dvv_13,trimMA342_1200rpm_Avv__Dvv_14,train,test,True,1.037567009620242,263,4,5,A__Dvv,Avv__Dvv
trimMA342_1200rpm_AW__D_06,trimMA342_1200rpm_AW__D_13,test,test,False,1.0384457228649036,264,1,1,AW__D,AW__D
trimMA342_1200rpm_AW__D_03,trimMA342_1200rpm_AW__D_05,train,test,True,1.0384655736679982,265,1,1,AW__D,AW__D
trimMA342_1200rpm_A__Dvv_12,trimMA342_1200rpm_Avv__D_03,train,train,False,1.0387219280918558,266,4,3,A__Dvv,Avv__D
trimMA342_1200rpm_Avv__Dvv_02,trimMA342_1200rpm_AW__D_10,train,validation,True,1.0394417652932917,267,5,1,Avv__Dvv,AW__D
trimMA342_1200rpm_A__Dvv_13,trimMA342_1200rpm_Avv__Dvv_11,train,validation,True,1.039445578830303,268,4,5,A__Dvv,Avv__Dvv
trimMA342_1200rpm_A__Dvv_15,trimMA342_1200rpm_AW__D_10,train,validation,True,1.0400674148039604,269,4,1,A__Dvv,AW__D
trimMA342_1200rpm_Avv__D_02,trimMA342_1200rpm_Avv__D_04,train,validation,True,1.040219664027264,270,3,3,Avv__D,Avv__D
trimMA342_1200rpm_AW__D_01,trimMA342_1200rpm_AW__D_10,validation,validation,False,1.0406597866874225,271,1,1,AW__D,AW__D
trimMA342_1200rpm_A__D_09,trimMA342_1200rpm_A__D_14,train,test,True,1.0408534267326015,272,0,0,A__D,A__D
trimMA342_1200rpm_A__Dvv_08,trimMA342_1200rpm_Avv__D_15,validation,train,True,1.0411482864350676,273,4,3,A__Dvv,Avv__D
trimMA342_1200rpm_Avv__Dvv_02,trimMA342_1200rpm_AW__D_14,train,train,False,1.0415197514498467,274,5,1,Avv__Dvv,AW__D
trimMA342_1200rpm_A__DW_03,trimMA342_1200rpm_A__DW_05,test,train,True,1.0415409335556323,275,2,2,A__DW,A__DW
trimMA342_1200rpm_AW__D_02,trimMA342_1200rpm_AW__D_14,train,train,False,1.0415943584218443,276,1,1,AW__D,AW__D
trimMA342_1200rpm_A__Dvv_14,trimMA342_1200rpm_Avv__D_05,test,train,True,1.0419322355837213,277,4,3,A__Dvv,Avv__D
trimMA342_1200rpm_A__Dvv_07,trimMA342_1200rpm_Avv__Dvv_12,train,train,False,1.0419486451250983,278,4,5,A__Dvv,Avv__Dvv
trimMA342_1200rpm_Avv__Dvv_05,trimMA342_1200rpm_Avv__Dvv_10,train,test,True,1.0421669930220692,279,5,5,Avv__Dvv,Avv__Dvv
trimMA342_1200rpm_Avv__Dvv_04,trimMA342_1200rpm_Avv__Dvv_11,train,validation,True,1.0425786094228215,280,5,5,Avv__Dvv,Avv__Dvv
trimMA342_1200rpm_A__Dvv_03,trimMA342_1200rpm_Avv__Dvv_07,validation,validation,False,1.0426759541455652,281,4,5,A__Dvv,Avv__Dvv
trimMA342_1200rpm_A__Dvv_15,trimMA342_1200rpm_Avv__Dvv_00,train,test,True,1.042864207958884,282,4,5,A__Dvv,Avv__Dvv
trimMA342_1200rpm_Avv__Dvv_08,trimMA342_1200rpm_AW__D_10,validation,validation,False,1.0429763365141318,283,5,1,Avv__Dvv,AW__D
trimMA342_1200rpm_A__Dvv_06,trimMA342_1200rpm_Avv__Dvv_11,validation,validation,False,1.0432833005271493,284,4,5,A__Dvv,Avv__Dvv
trimMA342_1200rpm_Avv__Dvv_06,trimMA342_1200rpm_Avv__Dvv_11,test,validation,True,1.0433344601685333,285,5,5,Avv__Dvv,Avv__Dvv
trimMA342_1200rpm_A__Dvv_04,trimMA342_1200rpm_A__Dvv_07,train,train,False,1.043395757487813,286,4,4,A__Dvv,A__Dvv
trimMA342_1200rpm_Avv__D_11,trimMA342_1200rpm_Avv__Dvv_02,train,train,False,1.0435090744082691,287,3,5,Avv__D,Avv__Dvv
trimMA342_1200rpm_AW__D_03,trimMA342_1200rpm_AW__D_09,train,validation,True,1.0435355609822,288,1,1,AW__D,AW__D
trimMA342_1200rpm_AW__D_01,trimMA342_1200rpm_AW__D_04,validation,train,True,1.0437097751968312,289,1,1,AW__D,AW__D
trimMA342_1200rpm_A__Dvv_07,trimMA342_1200rpm_A__Dvv_10,train,test,True,1.0448005810572485,290,4,4,A__Dvv,A__Dvv
trimMA342_1200rpm_A__Dvv_06,trimMA342_1200rpm_Avv__D_01,validation,validation,False,1.0451283027023148,291,4,3,A__Dvv,Avv__D
trimMA342_1200rpm_Avv__Dvv_12,trimMA342_1200rpm_AW__D_14,train,train,False,1.045374420994953,292,5,1,Avv__Dvv,AW__D
trimMA342_1200rpm_Avv__D_06,trimMA342_1200rpm_Avv__D_11,test,train,True,1.0458475530014248,293,3,3,Avv__D,Avv__D
trimMA342_1200rpm_A__Dvv_06,trimMA342_1200rpm_Avv__D_07,validation,train,True,1.0458988651728232,294,4,3,A__Dvv,Avv__D
trimMA342_1200rpm_A__DW_08,trimMA342_1200rpm_A__DW_13,train,train,False,1.0462721641140649,295,2,2,A__DW,A__DW
trimMA342_1200rpm_Avv__D_02,trimMA342_1200rpm_Avv__Dvv_14,train,test,True,1.0464123524002242,296,3,5,Avv__D,Avv__Dvv
trimMA342_1200rpm_AW__D_10,trimMA342_1200rpm_AW__D_15,validation,validation,False,1.0468682789897137,297,1,1,AW__D,AW__D
trimMA342_1200rpm_A__Dvv_05,trimMA342_1200rpm_A__Dvv_09,train,train,False,1.0478135130211867,298,4,4,A__Dvv,A__Dvv
trimMA342_1200rpm_A__Dvv_06,trimMA342_1200rpm_AW__D_14,validation,train,True,1.0480370126429643,299,4,1,A__Dvv,AW__D
trimMA342_1200rpm_Avv__D_13,trimMA342_1200rpm_Avv__Dvv_08,test,validation,True,1.0488081537561993,300,3,5,Avv__D,Avv__Dvv
trimMA342_1200rpm_Avv__Dvv_12,trimMA342_1200rpm_Avv__Dvv_14,train,test,True,1.049058648153761,301,5,5,Avv__Dvv,Avv__Dvv
trimMA342_1200rpm_A__Dvv_01,trimMA342_1200rpm_A__Dvv_04,train,train,False,1.0501990371007237,302,4,4,A__Dvv,A__Dvv
trimMA342_1200rpm_A__Dvv_15,trimMA342_1200rpm_Avv__Dvv_14,train,test,True,1.0502944909792273,303,4,5,A__Dvv,Avv__Dvv
trimMA342_1200rpm_A__Dvv_01,trimMA342_1200rpm_A__Dvv_15,train,train,False,1.0505485824224245,304,4,4,A__Dvv,A__Dvv
trimMA342_1200rpm_A__Dvv_05,trimMA342_1200rpm_A__Dvv_11,train,validation,True,1.0505883473153812,305,4,4,A__Dvv,A__Dvv
trimMA342_1200rpm_AW__D_08,trimMA342_1200rpm_AW__D_10,train,validation,True,1.0508196951627469,306,1,1,AW__D,AW__D
trimMA342_1200rpm_A__Dvv_13,trimMA342_1200rpm_Avv__Dvv_02,train,train,False,1.0510916135938044,307,4,5,A__Dvv,Avv__Dvv
trimMA342_1200rpm_Avv__Dvv_03,trimMA342_1200rpm_AW__D_03,train,train,False,1.0512029188488974,308,5,1,Avv__Dvv,AW__D
trimMA342_1200rpm_AW__D_01,trimMA342_1200rpm_AW__D_12,validation,train,True,1.0521436220711387,309,1,1,AW__D,AW__D
trimMA342_1200rpm_A__Dvv_06,trimMA342_1200rpm_A__Dvv_12,validation,train,True,1.0523111228724387,310,4,4,A__Dvv,A__Dvv
trimMA342_1200rpm_AW__D_03,trimMA342_1200rpm_AW__D_07,train,train,False,1.0533868037215848,311,1,1,AW__D,AW__D
trimMA342_1200rpm_AW__D_03,trimMA342_1200rpm_AW__D_12,train,train,False,1.0534068815109323,312,1,1,AW__D,AW__D
trimMA342_1200rpm_A__Dvv_05,trimMA342_1200rpm_A__Dvv_14,train,test,True,1.0543433914695262,313,4,4,A__Dvv,A__Dvv
trimMA342_1200rpm_A__Dvv_13,trimMA342_1200rpm_Avv__D_02,train,train,False,1.054639684581659,314,4,3,A__Dvv,Avv__D
trimMA342_1200rpm_Avv__Dvv_08,trimMA342_1200rpm_AW__D_12,validation,train,True,1.0547036024183727,315,5,1,Avv__Dvv,AW__D
trimMA342_1200rpm_AW__D_11,trimMA342_1200rpm_AW__D_12,test,train,True,1.0549422452255839,316,1,1,AW__D,AW__D
trimMA342_1200rpm_A__DW_06,trimMA342_1200rpm_A__DW_09,validation,train,True,1.0553385730317464,317,2,2,A__DW,A__DW
trimMA342_1200rpm_A__DW_03,trimMA342_1200rpm_A__DW_14,test,train,True,1.0553435860178055,318,2,2,A__DW,A__DW
trimMA342_1200rpm_A__Dvv_14,trimMA342_1200rpm_Avv__D_03,test,train,True,1.0555104526888246,319,4,3,A__Dvv,Avv__D
trimMA342_1200rpm_A__Dvv_03,trimMA342_1200rpm_A__Dvv_05,validation,train,True,1.0557824405170604,320,4,4,A__Dvv,A__Dvv
trimMA342_1200rpm_A__Dvv_12,trimMA342_1200rpm_Avv__Dvv_02,train,train,False,1.0557997606222824,321,4,5,A__Dvv,Avv__Dvv
trimMA342_1200rpm_A__Dvv_07,trimMA342_1200rpm_Avv__Dvv_07,train,validation,True,1.0558865836734526,322,4,5,A__Dvv,Avv__Dvv
trimMA342_1200rpm_Avv__Dvv_10,trimMA342_1200rpm_AW__D_10,test,validation,True,1.0561450616479997,323,5,1,Avv__Dvv,AW__D
trimMA342_1200rpm_A__Dvv_09,trimMA342_1200rpm_Avv__Dvv_14,train,test,True,1.056432277763904,324,4,5,A__Dvv,Avv__Dvv
trimMA342_1200rpm_A__Dvv_05,trimMA342_1200rpm_Avv__D_03,train,train,False,1.0566180841413861,325,4,3,A__Dvv,Avv__D
trimMA342_1200rpm_AW__D_05,trimMA342_1200rpm_AW__D_06,test,test,False,1.0573009979308123,326,1,1,AW__D,AW__D
trimMA342_1200rpm_Avv__D_03,trimMA342_1200rpm_Avv__Dvv_12,train,train,False,1.0576199070408232,327,3,5,Avv__D,Avv__Dvv
trimMA342_1200rpm_A__Dvv_10,trimMA342_1200rpm_Avv__D_11,test,train,True,1.0576268539055158,328,4,3,A__Dvv,Avv__D
trimMA342_1200rpm_Avv__Dvv_03,trimMA342_1200rpm_Avv__Dvv_05,train,train,False,1.0580138504807823,329,5,5,Avv__Dvv,Avv__Dvv
trimMA342_1200rpm_A__Dvv_14,trimMA342_1200rpm_Avv__Dvv_02,test,train,True,1.058714464570535,330,4,5,A__Dvv,Avv__Dvv
trimMA342_1200rpm_AW__D_13,trimMA342_1200rpm_AW__D_15,test,validation,True,1.0587668771035699,331,1,1,AW__D,AW__D
trimMA342_1200rpm_Avv__Dvv_10,trimMA342_1200rpm_AW__D_07,test,train,True,1.0588085294131484,332,5,1,Avv__Dvv,AW__D
trimMA342_1200rpm_A__Dvv_07,trimMA342_1200rpm_Avv__Dvv_10,train,test,True,1.059264977567665,333,4,5,A__Dvv,Avv__Dvv
trimMA342_1200rpm_Avv__D_05,trimMA342_1200rpm_Avv__D_12,train,test,True,1.0595894786356552,334,3,3,Avv__D,Avv__D
trimMA342_1200rpm_Avv__Dvv_00,trimMA342_1200rpm_Avv__Dvv_10,test,test,False,1.0598087348550178,335,5,5,Avv__Dvv,Avv__Dvv
trimMA342_1200rpm_Avv__D_11,trimMA342_1200rpm_Avv__Dvv_10,train,test,True,1.0598256538692756,336,3,5,Avv__D,Avv__Dvv
trimMA342_1200rpm_Avv__D_04,trimMA342_1200rpm_Avv__Dvv_14,validation,test,True,1.0600249085191993,337,3,5,Avv__D,Avv__Dvv
trimMA342_1200rpm_A__Dvv_03,trimMA342_1200rpm_AW__D_12,validation,train,True,1.060442865467784,338,4,1,A__Dvv,AW__D
trimMA342_1200rpm_A__Dvv_09,trimMA342_1200rpm_Avv__Dvv_03,train,train,False,1.0605739210229594,339,4,5,A__Dvv,Avv__Dvv
trimMA342_1200rpm_A__Dvv_13,trimMA342_1200rpm_Avv__D_01,train,validation,True,1.0606910845309772,340,4,3,A__Dvv,Avv__D
trimMA342_1200rpm_AW__D_00,trimMA342_1200rpm_AW__D_01,train,validation,True,1.0609086591842847,341,1,1,AW__D,AW__D
trimMA342_1200rpm_AW__D_07,trimMA342_1200rpm_AW__D_15,train,validation,True,1.061344608125855,342,1,1,AW__D,AW__D
trimMA342_1200rpm_A__Dvv_13,trimMA342_1200rpm_Avv__D_12,train,test,True,1.0614613134683453,343,4,3,A__Dvv,Avv__D
trimMA342_1200rpm_A__Dvv_09,trimMA342_1200rpm_Avv__D_02,train,train,False,1.0615415582176728,344,4,3,A__Dvv,Avv__D
trimMA342_1200rpm_A__Dvv_05,trimMA342_1200rpm_A__Dvv_13,train,train,False,1.0617495510736312,345,4,4,A__Dvv,A__Dvv
trimMA342_1200rpm_Avv__D_03,trimMA342_1200rpm_Avv__Dvv_07,train,validation,True,1.061926323905803,346,3,5,Avv__D,Avv__Dvv
trimMA342_1200rpm_Avv__D_11,trimMA342_1200rpm_Avv__Dvv_08,train,validation,True,1.0625063049932357,347,3,5,Avv__D,Avv__Dvv
trimMA342_1200rpm_Avv__Dvv_04,trimMA342_1200rpm_Avv__Dvv_12,train,train,False,1.062918473043171,348,5,5,Avv__Dvv,Avv__Dvv
trimMA342_1200rpm_A__Dvv_05,trimMA342_1200rpm_Avv__Dvv_10,train,test,True,1.0630791788078562,349,4,5,A__Dvv,Avv__Dvv
trimMA342_1200rpm_Avv__D_09,trimMA342_1200rpm_Avv__D_11,validation,train,True,1.0631053468032872,350,3,3,Avv__D,Avv__D
trimMA342_1200rpm_Avv__Dvv_00,trimMA342_1200rpm_Avv__Dvv_07,test,validation,True,1.063991273605927,351,5,5,Avv__Dvv,Avv__Dvv
trimMA342_1200rpm_Avv__D_01,trimMA342_1200rpm_Avv__D_10,validation,train,True,1.0644346351579195,352,3,3,Avv__D,Avv__D
trimMA342_1200rpm_Avv__Dvv_08,trimMA342_1200rpm_Avv__Dvv_12,validation,train,True,1.0644650773222075,353,5,5,Avv__Dvv,Avv__Dvv
trimMA342_1200rpm_A__Dvv_09,trimMA342_1200rpm_Avv__Dvv_08,train,validation,True,1.0645862121930305,354,4,5,A__Dvv,Avv__Dvv
trimMA342_1200rpm_A__Dvv_06,trimMA342_1200rpm_Avv__Dvv_14,validation,test,True,1.0647410126484345,355,4,5,A__Dvv,Avv__Dvv
trimMA342_1200rpm_Avv__Dvv_02,trimMA342_1200rpm_AW__D_15,train,validation,True,1.0647915765375358,356,5,1,Avv__Dvv,AW__D
trimMA342_1200rpm_Avv__Dvv_14,trimMA342_1200rpm_Avv__Dvv_15,test,train,True,1.0648012930504132,357,5,5,Avv__Dvv,Avv__Dvv
trimMA342_1200rpm_AW__D_04,trimMA342_1200rpm_AW__D_10,train,validation,True,1.0650145061394196,358,1,1,AW__D,AW__D
trimMA342_1200rpm_AW__D_04,trimMA342_1200rpm_AW__D_15,train,validation,True,1.06511258450228,359,1,1,AW__D,AW__D
trimMA342_1200rpm_Avv__Dvv_03,trimMA342_1200rpm_Avv__Dvv_04,train,train,False,1.065146684122494,360,5,5,Avv__Dvv,Avv__Dvv
trimMA342_1200rpm_Avv__D_11,trimMA342_1200rpm_Avv__Dvv_11,train,validation,True,1.0652495717649202,361,3,5,Avv__D,Avv__Dvv
trimMA342_1200rpm_Avv__D_03,trimMA342_1200rpm_Avv__D_10,train,train,False,1.065393091497113,362,3,3,Avv__D,Avv__D
trimMA342_1200rpm_Avv__D_04,trimMA342_1200rpm_Avv__D_09,validation,validation,False,1.065675637588193,363,3,3,Avv__D,Avv__D
trimMA342_1200rpm_Avv__Dvv_10,trimMA342_1200rpm_AW__D_02,test,train,True,1.0664663278741808,364,5,1,Avv__Dvv,AW__D
trimMA342_1200rpm_A__DW_08,trimMA342_1200rpm_A__DW_10,train,test,True,1.0666364613877228,365,2,2,A__DW,A__DW
trimMA342_1200rpm_Avv__Dvv_14,trimMA342_1200rpm_AW__D_10,test,validation,True,1.0668834494533337,366,5,1,Avv__Dvv,AW__D
trimMA342_1200rpm_A__Dvv_04,trimMA342_1200rpm_Avv__Dvv_12,train,train,False,1.0668905889897164,367,4,5,A__Dvv,Avv__Dvv
trimMA342_1200rpm_Avv__D_02,trimMA342_1200rpm_AW__D_14,train,train,False,1.066967129169697,368,3,1,Avv__D,AW__D
trimMA342_1200rpm_Avv__Dvv_00,trimMA342_1200rpm_AW__D_11,test,test,False,1.067516556522785,369,5,1,Avv__Dvv,AW__D
trimMA342_1200rpm_Avv__D_02,trimMA342_1200rpm_Avv__D_14,train,validation,True,1.0675606763718242,370,3,3,Avv__D,Avv__D
trimMA342_1200rpm_A__Dvv_05,trimMA342_1200rpm_Avv__D_09,train,validation,True,1.068543962720078,371,4,3,A__Dvv,Avv__D
trimMA342_1200rpm_A__Dvv_10,trimMA342_1200rpm_AW__D_10,test,validation,True,1.0688266523880836,372,4,1,A__Dvv,AW__D
trimMA342_1200rpm_AW__D_00,trimMA342_1200rpm_AW__D_04,train,train,False,1.068958925218835,373,1,1,AW__D,AW__D
trimMA342_1200rpm_Avv__D_01,trimMA342_1200rpm_Avv__D_09,validation,validation,False,1.0690974333503724,374,3,3,Avv__D,Avv__D
trimMA342_1200rpm_A__Dvv_14,trimMA342_1200rpm_Avv__D_09,test,validation,True,1.0692605805218331,375,4,3,A__Dvv,Avv__D
trimMA342_1200rpm_Avv__D_04,trimMA342_1200rpm_AW__D_10,validation,validation,False,1.0692626011453803,376,3,1,Avv__D,AW__D
trimMA342_1200rpm_AW__D_07,trimMA342_1200rpm_AW__D_13,train,test,True,1.0692645006088342,377,1,1,AW__D,AW__D
trimMA342_1200rpm_A__Dvv_09,trimMA342_1200rpm_Avv__Dvv_12,train,train,False,1.0694417912534058,378,4,5,A__Dvv,Avv__Dvv
trimMA342_1200rpm_AW__D_02,trimMA342_1200rpm_AW__D_12,train,train,False,1.0694878550083562,379,1,1,AW__D,AW__D
trimMA342_1200rpm_A__Dvv_09,trimMA342_1200rpm_Avv__Dvv_07,train,validation,True,1.069582585538334,380,4,5,A__Dvv,Avv__Dvv
trimMA342_1200rpm_Avv__Dvv_02,trimMA342_1200rpm_Avv__Dvv_04,train,train,False,1.0697419060838416,381,5,5,Avv__Dvv,Avv__Dvv
trimMA342_1200rpm_Avv__Dvv_03,trimMA342_1200rpm_Avv__Dvv_08,train,validation,True,1.0706156096795305,382,5,5,Avv__Dvv,Avv__Dvv
trimMA342_1200rpm_A__Dvv_09,trimMA342_1200rpm_Avv__D_05,train,train,False,1.0707768452746285,383,4,3,A__Dvv,Avv__D
trimMA342_1200rpm_AW__D_02,trimMA342_1200rpm_AW__D_13,train,test,True,1.070912309066082,384,1,1,AW__D,AW__D
trimMA342_1200rpm_A__Dvv_12,trimMA342_1200rpm_A__Dvv_13,train,train,False,1.0714050762344196,385,4,4,A__Dvv,A__Dvv
trimMA342_1200rpm_Avv__Dvv_04,trimMA342_1200rpm_Avv__Dvv_15,train,train,False,1.0718370718934251,386,5,5,Avv__Dvv,Avv__Dvv
trimMA342_1200rpm_A__Dvv_14,trimMA342_1200rpm_Avv__D_01,test,validation,True,1.0719187037766893,387,4,3,A__Dvv,Avv__D
trimMA342_1200rpm_A__Dvv_04,trimMA342_1200rpm_Avv__Dvv_07,train,validation,True,1.0720755897473295,388,4,5,A__Dvv,Avv__Dvv
trimMA342_1200rpm_A__Dvv_10,trimMA342_1200rpm_A__Dvv_15,test,train,True,1.0722057424306608,389,4,4,A__Dvv,A__Dvv
trimMA342_1200rpm_A__Dvv_01,trimMA342_1200rpm_AW__D_12,train,train,False,1.0722418289061335,390,4,1,A__Dvv,AW__D
trimMA342_1200rpm_A__Dvv_04,trimMA342_1200rpm_Avv__D_04,train,validation,True,1.0725415461942616,391,4,3,A__Dvv,Avv__D
trimMA342_1200rpm_A__Dvv_13,trimMA342_1200rpm_Avv__D_09,train,validation,True,1.0728092804871587,392,4,3,A__Dvv,Avv__D
trimMA342_1200rpm_Avv__D_04,trimMA342_1200rpm_Avv__D_15,validation,train,True,1.072870754521807,393,3,3,Avv__D,Avv__D
trimMA342_1200rpm_Avv__D_02,trimMA342_1200rpm_Avv__D_06,train,test,True,1.0738263327219815,394,3,3,Avv__D,Avv__D
trimMA342_1200rpm_Avv__Dvv_05,trimMA342_1200rpm_Avv__Dvv_08,train,validation,True,1.0739440968877474,395,5,5,Avv__Dvv,Avv__Dvv
trimMA342_1200rpm_A__Dvv_09,trimMA342_1200rpm_Avv__Dvv_00,train,test,True,1.0739724398925137,396,4,5,A__Dvv,Avv__Dvv
trimMA342_1200rpm_Avv__D_11,trimMA342_1200rpm_AW__D_14,train,train,False,1.0742629379320248,397,3,1,Avv__D,AW__D
trimMA342_1200rpm_A__DW_06,trimMA342_1200rpm_A__DW_13,validation,train,True,1.0742877277792364,398,2,2,A__DW,A__DW
trimMA342_1200rpm_Avv__Dvv_08,trimMA342_1200rpm_Avv__Dvv_11,validation,validation,False,1.0744120463060978,399,5,5,Avv__Dvv,Avv__Dvv
trimMA342_1200rpm_A__D_07,trimMA342_1200rpm_A__D_15,train,train,False,1.074416893393012,400,0,0,A__D,A__D
trimMA342_1200rpm_Avv__D_02,trimMA342_1200rpm_Avv__D_07,train,train,False,1.074482889977383,401,3,3,Avv__D,Avv__D
trimMA342_1200rpm_A__DW_08,trimMA342_1200rpm_A__DW_09,train,train,False,1.0744893975007652,402,2,2,A__DW,A__DW
trimMA342_1200rpm_AW__D_01,trimMA342_1200rpm_AW__D_07,validation,train,True,1.0747286152148237,403,1,1,AW__D,AW__D
trimMA342_1200rpm_A__Dvv_13,trimMA342_1200rpm_AW__D_15,train,validation,True,1.0751655769833428,404,4,1,A__Dvv,AW__D
trimMA342_1200rpm_Avv__Dvv_05,trimMA342_1200rpm_Avv__Dvv_09,train,validation,True,1.0751747733682298,405,5,5,Avv__Dvv,Avv__Dvv
trimMA342_1200rpm_A__Dvv_03,trimMA342_1200rpm_A__Dvv_04,validation,train,True,1.0752918127626299,406,4,4,A__Dvv,A__Dvv
trimMA342_1200rpm_A__D_07,trimMA342_1200rpm_A__D_13,train,test,True,1.0756018408721808,407,0,0,A__D,A__D
trimMA342_1200rpm_A__DW_05,trimMA342_1200rpm_A__DW_14,train,train,False,1.0758809351857497,408,2,2,A__DW,A__DW
trimMA342_1200rpm_A__Dvv_04,trimMA342_1200rpm_A__Dvv_14,train,test,True,1.0764376972280376,409,4,4,A__Dvv,A__Dvv
trimMA342_1200rpm_AW__D_05,trimMA342_1200rpm_AW__D_12,test,train,True,1.0764412382927981,410,1,1,AW__D,AW__D
trimMA342_1200rpm_Avv__D_01,trimMA342_1200rpm_Avv__D_03,validation,train,True,1.0766228925386294,411,3,3,Avv__D,Avv__D
trimMA342_1200rpm_A__Dvv_08,trimMA342_1200rpm_A__Dvv_12,validation,train,True,1.0767546338241138,412,4,4,A__Dvv,A__Dvv
trimMA342_1200rpm_AW__D_12,trimMA342_1200rpm_AW__D_13,train,test,True,1.077646795269109,413,1,1,AW__D,AW__D
trimMA342_1200rpm_A__DW_08,trimMA342_1200rpm_A__DW_15,train,validation,True,1.0776823291045523,414,2,2,A__DW,A__DW
trimMA342_1200rpm_A__Dvv_03,trimMA342_1200rpm_Avv__D_06,validation,test,True,1.0779378364870402,415,4,3,A__Dvv,Avv__D
trimMA342_1200rpm_Avv__Dvv_07,trimMA342_1200rpm_AW__D_14,validation,train,True,1.077976089676628,416,5,1,Avv__Dvv,AW__D
trimMA342_1200rpm_Avv__Dvv_07,trimMA342_1200rpm_AW__D_10,validation,validation,False,1.0781620221705028,417,5,1,Avv__Dvv,AW__D
trimMA342_1200rpm_A__Dvv_06,trimMA342_1200rpm_Avv__D_05,validation,train,True,1.0782116840298515,418,4,3,A__Dvv,Avv__D
trimMA342_1200rpm_A__D_06,trimMA342_1200rpm_A__D_08,train,test,True,1.0782980272412908,419,0,0,A__D,A__D
trimMA342_1200rpm_Avv__Dvv_10,trimMA342_1200rpm_AW__D_13,test,test,False,1.078610717758386,420,5,1,Avv__Dvv,AW__D
trimMA342_1200rpm_A__Dvv_01,trimMA342_1200rpm_AW__D_10,train,validation,True,1.0787944207833027,421,4,1,A__Dvv,AW__D
trimMA342_1200rpm_A__Dvv_01,trimMA342_1200rpm_Avv__D_03,train,train,False,1.0789006810399029,422,4,3,A__Dvv,Avv__D
trimMA342_1200rpm_A__DW_07,trimMA342_1200rpm_A__DW_10,test,test,False,1.0793917771262855,423,2,2,A__DW,A__DW
trimMA342_1200rpm_Avv__D_11,trimMA342_1200rpm_Avv__Dvv_00,train,test,True,1.079532510907736,424,3,5,Avv__D,Avv__Dvv
trimMA342_1200rpm_Avv__D_10,trimMA342_1200rpm_Avv__D_11,train,train,False,1.0797787808334707,425,3,3,Avv__D,Avv__D
trimMA342_1200rpm_A__D_11,trimMA342_1200rpm_A__D_14,train,test,True,1.0799576369501342,426,0,0,A__D,A__D
trimMA342_1200rpm_A__D_09,trimMA342_1200rpm_A__D_12,train,validation,True,1.0800165237159105,427,0,0,A__D,A__D
trimMA342_1200rpm_A__Dvv_03,trimMA342_1200rpm_Avv__D_04,validation,validation,False,1.0803322559146298,428,4,3,A__Dvv,Avv__D
trimMA342_1200rpm_A__Dvv_14,trimMA342_1200rpm_Avv__Dvv_07,test,validation,True,1.0810051498853273,429,4,5,A__Dvv,Avv__Dvv
trimMA342_1200rpm_A__Dvv_13,trimMA342_1200rpm_Avv__Dvv_13,train,train,False,1.0813068385115168,430,4,5,A__Dvv,Avv__Dvv
trimMA342_1200rpm_A__Dvv_07,trimMA342_1200rpm_A__Dvv_13,train,train,False,1.0819614049711694,431,4,4,A__Dvv,A__Dvv
trimMA342_1200rpm_Avv__Dvv_03,trimMA342_1200rpm_Avv__Dvv_06,train,test,True,1.0828488301757309,432,5,5,Avv__Dvv,Avv__Dvv
trimMA342_1200rpm_A__Dvv_15,trimMA342_1200rpm_Avv__Dvv_10,train,test,True,1.0828626695653605,433,4,5,A__Dvv,Avv__Dvv
trimMA342_1200rpm_A__Dvv_02,trimMA342_1200rpm_A__Dvv_13,test,train,True,1.0833145520340939,434,4,4,A__Dvv,A__Dvv
trimMA342_1200rpm_AW__D_03,trimMA342_1200rpm_AW__D_10,train,validation,True,1.083384786372735,435,1,1,AW__D,AW__D
trimMA342_1200rpm_Avv__D_08,trimMA342_1200rpm_Avv__D_11,train,train,False,1.0834104815970387,436,3,3,Avv__D,Avv__D
trimMA342_1200rpm_A__Dvv_07,trimMA342_1200rpm_Avv__Dvv_14,train,test,True,1.0839011061545267,437,4,5,A__Dvv,Avv__Dvv
trimMA342_1200rpm_A__Dvv_06,trimMA342_1200rpm_A__Dvv_08,validation,validation,False,1.083958843513046,438,4,4,A__Dvv,A__Dvv
trimMA342_1200rpm_Avv__Dvv_07,trimMA342_1200rpm_Avv__Dvv_10,validation,test,True,1.0842416303509308,439,5,5,Avv__Dvv,Avv__Dvv
trimMA342_1200rpm_A__Dvv_06,trimMA342_1200rpm_A__Dvv_11,validation,validation,False,1.0844376023977578,440,4,4,A__Dvv,A__Dvv
trimMA342_1200rpm_A__D_10,trimMA342_1200rpm_A__D_14,train,test,True,1.0849070246323804,441,0,0,A__D,A__D
trimMA342_1200rpm_A__Dvv_04,trimMA342_1200rpm_Avv__Dvv_14,train,test,True,1.085366985848513,442,4,5,A__Dvv,Avv__Dvv
trimMA342_1200rpm_Avv__D_05,trimMA342_1200rpm_Avv__D_11,train,train,False,1.0859283668958422,443,3,3,Avv__D,Avv__D
trimMA342_1200rpm_Avv__D_03,trimMA342_1200rpm_Avv__D_08,train,train,False,1.08628178082233,444,3,3,Avv__D,Avv__D
trimMA342_1200rpm_A__D_04,trimMA342_1200rpm_A__D_07,validation,train,True,1.0863150635036618,445,0,0,A__D,A__D
trimMA342_1200rpm_A__Dvv_00,trimMA342_1200rpm_A__Dvv_07,test,train,True,1.0865425055822895,446,4,4,A__Dvv,A__Dvv
trimMA342_1200rpm_Avv__D_11,trimMA342_1200rpm_Avv__D_13,train,test,True,1.0865583011982853,447,3,3,Avv__D,Avv__D
trimMA342_1200rpm_Avv__D_05,trimMA342_1200rpm_Avv__D_06,train,test,True,1.086796636799835,448,3,3,Avv__D,Avv__D
trimMA342_1200rpm_A__D_07,trimMA342_1200rpm_A__D_12,train,validation,True,1.087083074014378,449,0,0,A__D,A__D
trimMA342_1200rpm_Avv__D_06,trimMA342_1200rpm_Avv__D_10,test,train,True,1.087269746053867,450,3,3,Avv__D,Avv__D
trimMA342_1200rpm_Avv__D_11,trimMA342_1200rpm_Avv__D_15,train,train,False,1.087317213299049,451,3,3,Avv__D,Avv__D
trimMA342_1200rpm_A__DW_00,trimMA342_1200rpm_A__DW_01,train,test,True,1.0875582440988711,452,2,2,A__DW,A__DW
trimMA342_1200rpm_Avv__Dvv_03,trimMA342_1200rpm_Avv__Dvv_15,train,train,False,1.0876138879443487,453,5,5,Avv__Dvv,Avv__Dvv
trimMA342_1200rpm_Avv__D_04,trimMA342_1200rpm_AW__D_14,validation,train,True,1.0879503888171838,454,3,1,Avv__D,AW__D
trimMA342_1200rpm_A__Dvv_00,trimMA342_1200rpm_A__Dvv_04,test,train,True,1.0879967737403777,455,4,4,A__Dvv,A__Dvv
trimMA342_1200rpm_A__Dvv_03,trimMA342_1200rpm_Avv__D_11,validation,train,True,1.0880770500609998,456,4,3,A__Dvv,Avv__D
trimMA342_1200rpm_Avv__D_04,trimMA342_1200rpm_Avv__D_14,validation,validation,False,1.088320180440631,457,3,3,Avv__D,Avv__D
trimMA342_1200rpm_A__Dvv_02,trimMA342_1200rpm_Avv__Dvv_02,test,train,True,1.088477475476302,458,4,5,A__Dvv,Avv__Dvv
trimMA342_1200rpm_A__Dvv_08,trimMA342_1200rpm_Avv__D_11,validation,train,True,1.0884845702323094,459,4,3,A__Dvv,Avv__D
trimMA342_1200rpm_A__Dvv_06,trimMA342_1200rpm_Avv__D_14,validation,validation,False,1.0887314940631319,460,4,3,A__Dvv,Avv__D
trimMA342_1200rpm_A__D_11,trimMA342_1200rpm_A__D_12,train,validation,True,1.0889036252132775,461,0,0,A__D,A__D
trimMA342_1200rpm_A__Dvv_05,trimMA342_1200rpm_Avv__Dvv_05,train,train,False,1.089314290591863,462,4,5,A__Dvv,Avv__Dvv
trimMA342_1200rpm_A__Dvv_05,trimMA342_1200rpm_Avv__Dvv_11,train,validation,True,1.0893267566420133,463,4,5,A__Dvv,Avv__Dvv
trimMA342_1200rpm_Avv__Dvv_07,trimMA342_1200rpm_AW__D_12,validation,train,True,1.089368714511803,464,5,1,Avv__Dvv,AW__D
trimMA342_1200rpm_Avv__Dvv_12,trimMA342_1200rpm_AW__D_02,train,train,False,1.0894119090587333,465,5,1,Avv__Dvv,AW__D
trimMA342_1200rpm_Avv__D_01,trimMA342_1200rpm_Avv__Dvv_12,validation,train,True,1.089502290538613,466,3,5,Avv__D,Avv__Dvv
trimMA342_1200rpm_Avv__Dvv_08,trimMA342_1200rpm_AW__D_14,validation,train,True,1.089545375498839,467,5,1,Avv__Dvv,AW__D
trimMA342_1200rpm_A__DW_02,trimMA342_1200rpm_A__DW_04,validation,validation,False,1.0896643260647536,468,2,2,A__DW,A__DW
trimMA342_1200rpm_A__Dvv_10,trimMA342_1200rpm_Avv__D_02,test,train,True,1.0897828203073459,469,4,3,A__Dvv,Avv__D
trimMA342_1200rpm_AW__D_11,trimMA342_1200rpm_AW__D_13,test,test,False,1.0898615045446507,470,1,1,AW__D,AW__D
trimMA342_1200rpm_AW__D_06,trimMA342_1200rpm_AW__D_07,test,train,True,1.0903423772261103,471,1,1,AW__D,AW__D
trimMA342_1200rpm_A__DW_03,trimMA342_1200rpm_A__DW_10,test,test,False,1.090599110568197,472,2,2,A__DW,A__DW
trimMA342_1200rpm_A__DW_10,trimMA342_1200rpm_AW__D_03,test,train,True,1.0906119563863736,473,2,1,A__DW,AW__D
trimMA342_1200rpm_A__Dvv_14,trimMA342_1200rpm_Avv__Dvv_14,test,test,False,1.090806155779332,474,4,5,A__Dvv,Avv__Dvv
trimMA342_1200rpm_A__Dvv_02,trimMA342_1200rpm_A__Dvv_04,test,train,True,1.0908131227269429,475,4,4,A__Dvv,A__Dvv
trimMA342_1200rpm_A__Dvv_13,trimMA342_1200rpm_AW__D_10,train,validation,True,1.0911931640392292,476,4,1,A__Dvv,AW__D
trimMA342_1200rpm_A__Dvv_02,trimMA342_1200rpm_Avv__Dvv_07,test,validation,True,1.091336032326256,477,4,5,A__Dvv,Avv__Dvv
trimMA342_1200rpm_A__Dvv_14,trimMA342_1200rpm_AW__D_14,test,train,True,1.0914893256474738,478,4,1,A__Dvv,AW__D
trimMA342_1200rpm_A__Dvv_09,trimMA342_1200rpm_A__Dvv_10,train,test,True,1.0916274623944366,479,4,4,A__Dvv,A__Dvv
trimMA342_1200rpm_Avv__Dvv_00,trimMA342_1200rpm_AW__D_07,test,train,True,1.0921342978582005,480,5,1,Avv__Dvv,AW__D
trimMA342_1200rpm_Avv__D_09,trimMA342_1200rpm_Avv__D_15,validation,train,True,1.0921420094707839,481,3,3,Avv__D,Avv__D
trimMA342_1200rpm_A__Dvv_04,trimMA342_1200rpm_Avv__D_09,train,validation,True,1.09261609177636,482,4,3,A__Dvv,Avv__D
trimMA342_1200rpm_A__D_07,trimMA342_1200rpm_A__D_14,train,test,True,1.0928236077949889,483,0,0,A__D,A__D
trimMA342_1200rpm_AW__D_00,trimMA342_1200rpm_AW__D_03,train,train,False,1.0931312853164048,484,1,1,AW__D,AW__D
trimMA342_1200rpm_A__Dvv_03,trimMA342_1200rpm_A__Dvv_15,validation,train,True,1.0934616874125587,485,4,4,A__Dvv,A__Dvv
trimMA342_1200rpm_AW__D_09,trimMA342_1200rpm_AW__D_10,validation,validation,False,1.0936907066015606,486,1,1,AW__D,AW__D
trimMA342_1200rpm_Avv__Dvv_00,trimMA342_1200rpm_AW__D_15,test,validation,True,1.093792614863789,487,5,1,Avv__Dvv,AW__D
trimMA342_1200rpm_AW__D_10,trimMA342_1200rpm_AW__D_11,validation,test,True,1.0941957200016925,488,1,1,AW__D,AW__D
trimMA342_1200rpm_AW__D_01,trimMA342_1200rpm_AW__D_13,validation,test,True,1.0942039898303397,489,1,1,AW__D,AW__D
trimMA342_1200rpm_Avv__Dvv_06,trimMA342_1200rpm_Avv__Dvv_09,test,validation,True,1.0945495745748532,490,5,5,Avv__Dvv,Avv__Dvv
trimMA342_1200rpm_A__Dvv_01,trimMA342_1200rpm_A__Dvv_14,train,test,True,1.0947045269540885,491,4,4,A__Dvv,A__Dvv
trimMA342_1200rpm_A__Dvv_03,trimMA342_1200rpm_Avv__Dvv_05,validation,train,True,1.0947930306859162,492,4,5,A__Dvv,Avv__Dvv
trimMA342_1200rpm_Avv__D_10,trimMA342_1200rpm_Avv__Dvv_14,train,test,True,1.0949459364952336,493,3,5,Avv__D,Avv__Dvv
trimMA342_1200rpm_A__Dvv_03,trimMA342_1200rpm_Avv__Dvv_02,validation,train,True,1.0950351463940655,494,4,5,A__Dvv,Avv__Dvv
trimMA342_1200rpm_AW__D_06,trimMA342_1200rpm_AW__D_14,test,train,True,1.0956377526439485,495,1,1,AW__D,AW__D
trimMA342_1200rpm_Avv__D_02,trimMA342_1200rpm_Avv__Dvv_03,train,train,False,1.095788039160883,496,3,5,Avv__D,Avv__Dvv
trimMA342_1200rpm_A__Dvv_07,trimMA342_1200rpm_A__Dvv_15,train,train,False,1.0958130336714784,497,4,4,A__Dvv,A__Dvv
trimMA342_1200rpm_Avv__Dvv_11,trimMA342_1200rpm_AW__D_14,validation,train,True,1.0958196958591842,498,5,1,Avv__Dvv,AW__D
trimMA342_1200rpm_A__Dvv_05,trimMA342_1200rpm_AW__D_10,train,validation,True,1.0959430589128631,499,4,1,A__Dvv,AW__D
trimMA342_1200rpm_Avv__Dvv_10,trimMA342_1200rpm_Avv__Dvv_14,test,test,False,1.0960890090565687,500,5,5,Avv__Dvv,Avv__Dvv
trimMA342_1200rpm_Avv__Dvv_11,trimMA342_1200rpm_AW__D_15,validation,validation,False,1.0962337355322076,501,5,1,Avv__Dvv,AW__D
trimMA342_1200rpm_AW__D_00,trimMA342_1200rpm_AW__D_12,train,train,False,1.0965776852830142,502,1,1,AW__D,AW__D
trimMA342_1200rpm_A__Dvv_09,trimMA342_1200rpm_Avv__Dvv_11,train,validation,True,1.09698894970371,503,4,5,A__Dvv,Avv__Dvv
trimMA342_1200rpm_Avv__Dvv_03,trimMA342_1200rpm_AW__D_15,train,validation,True,1.097529738618443,504,5,1,Avv__Dvv,AW__D
trimMA342_1200rpm_Avv__D_04,trimMA342_1200rpm_Avv__Dvv_10,validation,test,True,1.0975582725206596,505,3,5,Avv__D,Avv__Dvv
trimMA342_1200rpm_A__Dvv_07,trimMA342_1200rpm_Avv__D_03,train,train,False,1.0976004368037544,506,4,3,A__Dvv,Avv__D
trimMA342_1200rpm_A__DW_05,trimMA342_1200rpm_A__DW_07,train,test,True,1.0978222937089983,507,2,2,A__DW,A__DW
trimMA342_1200rpm_Avv__D_04,trimMA342_1200rpm_Avv__D_12,validation,test,True,1.0978732277795815,508,3,3,Avv__D,Avv__D
trimMA342_1200rpm_A__Dvv_08,trimMA342_1200rpm_Avv__Dvv_12,validation,train,True,1.0983337615802427,509,4,5,A__Dvv,Avv__Dvv
trimMA342_1200rpm_Avv__D_11,trimMA342_1200rpm_Avv__D_14,train,validation,True,1.0983768107121548,510,3,3,Avv__D,Avv__D
trimMA342_1200rpm_Avv__Dvv_05,trimMA342_1200rpm_AW__D_14,train,train,False,1.0986398456376814,511,5,1,Avv__Dvv,AW__D
trimMA342_1200rpm_Avv__D_05,trimMA342_1200rpm_Avv__Dvv_07,train,validation,True,1.0989425151456294,512,3,5,Avv__D,Avv__Dvv
trimMA342_1200rpm_AW__D_03,trimMA342_1200rpm_AW__D_04,train,train,False,1.0997339175542407,513,1,1,AW__D,AW__D
trimMA342_1200rpm_A__Dvv_06,trimMA342_1200rpm_Avv__Dvv_02,validation,train,True,1.0998049874131424,514,4,5,A__Dvv,Avv__Dvv
trimMA342_1200rpm_A__Dvv_07,trimMA342_1200rpm_Avv__D_09,train,validation,True,1.1000645636411894,515,4,3,A__Dvv,Avv__D
trimMA342_1200rpm_A__Dvv_02,trimMA342_1200rpm_Avv__D_02,test,train,True,1.1001417500214434,516,4,3,A__Dvv,Avv__D
trimMA342_1200rpm_AW__D_02,trimMA342_1200rpm_AW__D_11,train,test,True,1.1002733363081483,517,1,1,AW__D,AW__D
trimMA342_1200rpm_A__Dvv_12,trimMA342_1200rpm_A__Dvv_15,train,train,False,1.1004024903535332,518,4,4,A__Dvv,A__Dvv
trimMA342_1200rpm_A__Dvv_11,trimMA342_1200rpm_Avv__D_11,validation,train,True,1.1004284177396262,519,4,3,A__Dvv,Avv__D
trimMA342_1200rpm_A__Dvv_07,trimMA342_1200rpm_A__Dvv_12,train,train,False,1.1005454644644088,520,4,4,A__Dvv,A__Dvv
trimMA342_1200rpm_Avv__D_04,trimMA342_1200rpm_Avv__D_10,validation,train,True,1.1011173453945773,521,3,3,Avv__D,Avv__D
trimMA342_1200rpm_A__Dvv_11,trimMA342_1200rpm_Avv__Dvv_03,validation,train,True,1.10117090286415,522,4,5,A__Dvv,Avv__Dvv
trimMA342_1200rpm_Avv__D_03,trimMA342_1200rpm_Avv__D_07,train,train,False,1.1013058036643248,523,3,3,Avv__D,Avv__D
trimMA342_1200rpm_Avv__D_02,trimMA342_1200rpm_Avv__D_09,train,validation,True,1.1015244333092642,524,3,3,Avv__D,Avv__D
trimMA342_1200rpm_A__Dvv_14,trimMA342_1200rpm_Avv__Dvv_08,test,validation,True,1.1015627370186256,525,4,5,A__Dvv,Avv__Dvv
trimMA342_1200rpm_A__Dvv_04,trimMA342_1200rpm_Avv__Dvv_00,train,test,True,1.1016983179889592,526,4,5,A__Dvv,Avv__Dvv
trimMA342_1200rpm_A__Dvv_14,trimMA342_1200rpm_Avv__Dvv_15,test,train,True,1.101781209965216,527,4,5,A__Dvv,Avv__Dvv
trimMA342_1200rpm_Avv__Dvv_07,trimMA342_1200rpm_AW__D_15,validation,validation,False,1.101968432884561,528,5,1,Avv__Dvv,AW__D
trimMA342_1200rpm_A__Dvv_01,trimMA342_1200rpm_Avv__D_04,train,validation,True,1.102372991466309,529,4,3,A__Dvv,Avv__D
trimMA342_1200rpm_AW__D_06,trimMA342_1200rpm_AW__D_08,test,train,True,1.1025208082726983,530,1,1,AW__D,AW__D
trimMA342_1200rpm_A__DW_03,trimMA342_1200rpm_A__DW_09,test,train,True,1.102609603675666,531,2,2,A__DW,A__DW
trimMA342_1200rpm_A__Dvv_10,trimMA342_1200rpm_Avv__Dvv_14,test,test,False,1.1026761549557467,532,4,5,A__Dvv,Avv__Dvv
trimMA342_1200rpm_A__Dvv_02,trimMA342_1200rpm_AW__D_14,test,train,True,1.1031187291781797,533,4,1,A__Dvv,AW__D
trimMA342_1200rpm_A__Dvv_04,trimMA342_1200rpm_A__Dvv_08,train,validation,True,1.10329989325827,534,4,4,A__Dvv,A__Dvv
trimMA342_1200rpm_A__Dvv_03,trimMA342_1200rpm_Avv__D_05,validation,train,True,1.103425346226338,535,4,3,A__Dvv,Avv__D
trimMA342_1200rpm_A__Dvv_03,trimMA342_1200rpm_AW__D_14,validation,train,True,1.103520101810526,536,4,1,A__Dvv,AW__D
trimMA342_1200rpm_Avv__D_06,trimMA342_1200rpm_Avv__D_15,test,train,True,1.1036446962474222,537,3,3,Avv__D,Avv__D
trimMA342_1200rpm_Avv__D_03,trimMA342_1200rpm_AW__D_12,train,train,False,1.1038288939908287,538,3,1,Avv__D,AW__D
trimMA342_1200rpm_Avv__Dvv_10,trimMA342_1200rpm_Avv__Dvv_13,test,train,True,1.103957097964114,539,5,5,Avv__Dvv,Avv__Dvv
trimMA342_1200rpm_A__D_06,trimMA342_1200rpm_A__D_07,train,train,False,1.1039907443661334,540,0,0,A__D,A__D
trimMA342_1200rpm_AW__D_03,trimMA342_1200rpm_AW__D_11,train,test,True,1.1042201570311079,541,1,1,AW__D,AW__D
trimMA342_1200rpm_A__Dvv_04,trimMA342_1200rpm_A__Dvv_13,train,train,False,1.1042825095069557,542,4,4,A__Dvv,A__Dvv
trimMA342_1200rpm_Avv__D_04,trimMA342_1200rpm_AW__D_12,validation,train,True,1.1045494390210195,543,3,1,Avv__D,AW__D
trimMA342_1200rpm_Avv__Dvv_11,trimMA342_1200rpm_AW__D_07,validation,train,True,1.105146925962828,544,5,1,Avv__Dvv,AW__D
trimMA342_1200rpm_Avv__D_04,trimMA342_1200rpm_AW__D_03,validation,train,True,1.105242308608663,545,3,1,Avv__D,AW__D
trimMA342_1200rpm_A__DW_03,trimMA342_1200rpm_A__DW_08,test,train,True,1.105394268774702,546,2,2,A__DW,A__DW
trimMA342_1200rpm_A__Dvv_14,trimMA342_1200rpm_A__Dvv_15,test,train,True,1.105553372605284,547,4,4,A__Dvv,A__Dvv
trimMA342_1200rpm_Avv__D_02,trimMA342_1200rpm_Avv__Dvv_15,train,train,False,1.1056373394813999,548,3,5,Avv__D,Avv__Dvv
trimMA342_1200rpm_Avv__Dvv_02,trimMA342_1200rpm_Avv__Dvv_08,train,validation,True,1.1061007096006088,549,5,5,Avv__Dvv,Avv__Dvv
trimMA342_1200rpm_A__Dvv_02,trimMA342_1200rpm_Avv__Dvv_15,test,train,True,1.1062235304401866,550,4,5,A__Dvv,Avv__Dvv
trimMA342_1200rpm_AW__D_04,trimMA342_1200rpm_AW__D_11,train,test,True,1.1062497453765836,551,1,1,AW__D,AW__D
trimMA342_1200rpm_AW__D_01,trimMA342_1200rpm_AW__D_11,validation,test,True,1.1063035115570397,552,1,1,AW__D,AW__D
trimMA342_1200rpm_A__DW_10,trimMA342_1200rpm_AW__D_15,test,validation,True,1.106857230202194,553,2,1,A__DW,AW__D
trimMA342_1200rpm_Avv__D_02,trimMA342_1200rpm_Avv__Dvv_07,train,validation,True,1.1071501760485174,554,3,5,Avv__D,Avv__Dvv
trimMA342_1200rpm_A__DW_07,trimMA342_1200rpm_A__DW_13,test,train,True,1.1073079342220724,555,2,2,A__DW,A__DW
trimMA342_1200rpm_A__Dvv_03,trimMA342_1200rpm_Avv__Dvv_03,validation,train,True,1.1074107586827058,556,4,5,A__Dvv,Avv__Dvv
trimMA342_1200rpm_A__Dvv_09,trimMA342_1200rpm_Avv__D_07,train,train,False,1.10742284967091,557,4,3,A__Dvv,Avv__D
trimMA342_1200rpm_Avv__Dvv_00,trimMA342_1200rpm_AW__D_14,test,train,True,1.1074935076299341,558,5,1,Avv__Dvv,AW__D
trimMA342_1200rpm_Avv__Dvv_00,trimMA342_1200rpm_Avv__Dvv_03,test,train,True,1.1076296823984233,559,5,5,Avv__Dvv,Avv__Dvv
trimMA342_1200rpm_A__Dvv_02,trimMA342_1200rpm_A__Dvv_15,test,train,True,1.107647976325605,560,4,4,A__Dvv,A__Dvv
trimMA342_1200rpm_A__DW_07,trimMA342_1200rpm_A__DW_08,test,train,True,1.1078365375841857,561,2,2,A__DW,A__DW
trimMA342_1200rpm_A__Dvv_02,trimMA342_1200rpm_Avv__Dvv_00,test,test,False,1.1079844252982702,562,4,5,A__Dvv,Avv__Dvv
trimMA342_1200rpm_Avv__Dvv_08,trimMA342_1200rpm_AW__D_15,validation,validation,False,1.1079866849658946,563,5,1,Avv__Dvv,AW__D
trimMA342_1200rpm_A__Dvv_07,trimMA342_1200rpm_Avv__D_02,train,train,False,1.1080339902046963,564,4,3,A__Dvv,Avv__D
trimMA342_1200rpm_Avv__Dvv_12,trimMA342_1200rpm_Avv__Dvv_15,train,train,False,1.1080625821345063,565,5,5,Avv__Dvv,Avv__Dvv
trimMA342_1200rpm_A__Dvv_10,trimMA342_1200rpm_A__Dvv_14,test,test,False,1.1081616826980334,566,4,4,A__Dvv,A__Dvv
trimMA342_1200rpm_A__Dvv_02,trimMA342_1200rpm_Avv__D_06,test,test,False,1.1083731777065133,567,4,3,A__Dvv,Avv__D
trimMA342_1200rpm_A__Dvv_02,trimMA342_1200rpm_AW__D_10,test,validation,True,1.108469245017924,568,4,1,A__Dvv,AW__D
trimMA342_1200rpm_A__DW_00,trimMA342_1200rpm_A__DW_03,train,test,True,1.10853466029568,569,2,2,A__DW,A__DW
trimMA342_1200rpm_A__Dvv_08,trimMA342_1200rpm_Avv__Dvv_14,validation,test,True,1.1086489122675598,570,4,5,A__Dvv,Avv__Dvv
trimMA342_1200rpm_A__Dvv_05,trimMA342_1200rpm_Avv__Dvv_12,train,train,False,1.1087852580234037,571,4,5,A__Dvv,Avv__Dvv
trimMA342_1200rpm_A__Dvv_05,trimMA342_1200rpm_AW__D_14,train,train,False,1.1088155526818086,572,4,1,A__Dvv,AW__D
trimMA342_1200rpm_A__DW_03,trimMA342_1200rpm_A__DW_15,test,validation,True,1.1089050907314042,573,2,2,A__DW,A__DW
trimMA342_1200rpm_A__Dvv_06,trimMA342_1200rpm_Avv__D_13,validation,test,True,1.1093521973713716,574,4,3,A__Dvv,Avv__D
trimMA342_1200rpm_AW__D_00,trimMA342_1200rpm_AW__D_06,train,test,True,1.1095013813033567,575,1,1,AW__D,AW__D
trimMA342_1200rpm_A__Dvv_04,trimMA342_1200rpm_Avv__D_03,train,train,False,1.1096004324072704,576,4,3,A__Dvv,Avv__D
trimMA342_1200rpm_A__Dvv_05,trimMA342_1200rpm_A__Dvv_08,train,validation,True,1.1097831304172339,577,4,4,A__Dvv,A__Dvv
trimMA342_1200rpm_AW__D_06,trimMA342_1200rpm_AW__D_15,test,validation,True,1.109979478762371,578,1,1,AW__D,AW__D
trimMA342_1200rpm_A__Dvv_05,trimMA342_1200rpm_Avv__Dvv_14,train,test,True,1.1100491300944988,579,4,5,A__Dvv,Avv__Dvv
trimMA342_1200rpm_Avv__Dvv_12,trimMA342_1200rpm_AW__D_12,train,train,False,1.110049353043461,580,5,1,Avv__Dvv,AW__D
trimMA342_1200rpm_Avv__D_04,trimMA342_1200rpm_Avv__D_06,validation,test,True,1.1104016036125897,581,3,3,Avv__D,Avv__D
trimMA342_1200rpm_Avv__D_00,trimMA342_1200rpm_Avv__D_09,test,validation,True,1.1104036506551476,582,3,3,Avv__D,Avv__D
trimMA342_1200rpm_Avv__D_01,trimMA342_1200rpm_Avv__D_15,validation,train,True,1.1111689942477334,583,3,3,Avv__D,Avv__D
trimMA342_1200rpm_A__Dvv_04,trimMA342_1200rpm_A__Dvv_12,train,train,False,1.1112605575434038,584,4,4,A__Dvv,A__Dvv
trimMA342_1200rpm_A__Dvv_01,trimMA342_1200rpm_Avv__D_05,train,train,False,1.111362835081376,585,4,3,A__Dvv,Avv__D
trimMA342_1200rpm_A__Dvv_02,trimMA342_1200rpm_A__Dvv_12,test,train,True,1.1114557158375178,586,4,4,A__Dvv,A__Dvv
trimMA342_1200rpm_A__Dvv_08,trimMA342_1200rpm_A__Dvv_14,validation,test,True,1.1114743414411794,587,4,4,A__Dvv,A__Dvv
trimMA342_1200rpm_AW__D_09,trimMA342_1200rpm_AW__D_14,validation,train,True,1.1118253165122307,588,1,1,AW__D,AW__D
trimMA342_1200rpm_A__Dvv_02,trimMA342_1200rpm_Avv__Dvv_03,test,train,True,1.1118857845738026,589,4,5,A__Dvv,Avv__Dvv
trimMA342_1200rpm_A__Dvv_03,trimMA342_1200rpm_A__Dvv_11,validation,validation,False,1.111929892524911,590,4,4,A__Dvv,A__Dvv
trimMA342_1200rpm_A__DW_05,trimMA342_1200rpm_AW__D_05,train,test,True,1.1119926875420416,591,2,1,A__DW,AW__D
trimMA342_1200rpm_A__Dvv_03,trimMA342_1200rpm_Avv__Dvv_00,validation,test,True,1.1120865370426543,592,4,5,A__Dvv,Avv__Dvv
trimMA342_1200rpm_A__Dvv_05,trimMA342_1200rpm_AW__D_12,train,train,False,1.1120998349044349,593,4,1,A__Dvv,AW__D
trimMA342_1200rpm_AW__D_06,trimMA342_1200rpm_AW__D_12,test,train,True,1.1123305609680867,594,1,1,AW__D,AW__D
trimMA342_1200rpm_Avv__D_01,trimMA342_1200rpm_Avv__D_04,validation,validation,False,1.1131220302425435,595,3,3,Avv__D,Avv__D
trimMA342_1200rpm_A__Dvv_02,trimMA342_1200rpm_A__Dvv_11,test,validation,True,1.1134090563272996,596,4,4,A__Dvv,A__Dvv
trimMA342_1200rpm_A__Dvv_14,trimMA342_1200rpm_Avv__Dvv_11,test,validation,True,1.1135617599799679,597,4,5,A__Dvv,Avv__Dvv
trimMA342_1200rpm_A__DW_05,trimMA342_1200rpm_A__DW_11,train,train,False,1.113629943271488,598,2,2,A__DW,A__DW
trimMA342_1200rpm_Avv__Dvv_00,trimMA342_1200rpm_AW__D_13,test,test,False,1.1136921570520497,599,5,1,Avv__Dvv,AW__D
trimMA342_1200rpm_AW__D_03,trimMA342_1200rpm_AW__D_13,train,test,True,1.113724188750568,600,1,1,AW__D,AW__D
trimMA342_1200rpm_A__DW_06,trimMA342_1200rpm_A__DW_12,validation,train,True,1.1137478944606252,601,2,2,A__DW,A__DW
trimMA342_1200rpm_A__Dvv_01,trimMA342_1200rpm_Avv__Dvv_08,train,validation,True,1.1138194751577961,602,4,5,A__Dvv,Avv__Dvv
trimMA342_1200rpm_Avv__Dvv_00,trimMA342_1200rpm_Avv__Dvv_05,test,train,True,1.1139469503461914,603,5,5,Avv__Dvv,Avv__Dvv
trimMA342_1200rpm_A__Dvv_05,trimMA342_1200rpm_Avv__D_13,train,test,True,1.114520549357101,604,4,3,A__Dvv,Avv__D
trimMA342_1200rpm_AW__D_04,trimMA342_1200rpm_AW__D_09,train,validation,True,1.1145977241112544,605,1,1,AW__D,AW__D
trimMA342_1200rpm_AW__D_05,trimMA342_1200rpm_AW__D_10,test,validation,True,1.11536737319822,606,1,1,AW__D,AW__D
trimMA342_1200rpm_Avv__D_11,trimMA342_1200rpm_AW__D_12,train,train,False,1.1155237172701697,607,3,1,Avv__D,AW__D
trimMA342_1200rpm_A__Dvv_09,trimMA342_1200rpm_Avv__D_06,train,test,True,1.1157246423874676,608,4,3,A__Dvv,Avv__D
trimMA342_1200rpm_Avv__Dvv_11,trimMA342_1200rpm_AW__D_06,validation,test,True,1.1158579452724102,609,5,1,Avv__Dvv,AW__D
trimMA342_1200rpm_Avv__Dvv_14,trimMA342_1200rpm_AW__D_12,test,train,True,1.116398052360992,610,5,1,Avv__Dvv,AW__D
trimMA342_1200rpm_A__Dvv_13,trimMA342_1200rpm_Avv__Dvv_00,train,test,True,1.1166523215016289,611,4,5,A__Dvv,Avv__Dvv
trimMA342_1200rpm_Avv__D_03,trimMA342_1200rpm_Avv__Dvv_00,train,test,True,1.1167444926295556,612,3,5,Avv__D,Avv__Dvv
trimMA342_1200rpm_Avv__Dvv_10,trimMA342_1200rpm_AW__D_12,test,train,True,1.1168083266271087,613,5,1,Avv__Dvv,AW__D
trimMA342_1200rpm_Avv__D_01,trimMA342_1200rpm_Avv__D_07,validation,train,True,1.1169272561187849,614,3,3,Avv__D,Avv__D
trimMA342_1200rpm_Avv__D_01,trimMA342_1200rpm_Avv__D_06,validation,test,True,1.1170325167992912,615,3,3,Avv__D,Avv__D
trimMA342_1200rpm_A__Dvv_01,trimMA342_1200rpm_A__Dvv_02,train,test,True,1.1170480671197434,616,4,4,A__Dvv,A__Dvv
trimMA342_1200rpm_AW__D_04,trimMA342_1200rpm_AW__D_06,train,test,True,1.1172230860615313,617,1,1,AW__D,AW__D
trimMA342_1200rpm_A__Dvv_01,trimMA342_1200rpm_Avv__Dvv_12,train,train,False,1.117308992906121,618,4,5,A__Dvv,Avv__Dvv
trimMA342_1200rpm_Avv__D_04,trimMA342_1200rpm_Avv__Dvv_11,validation,validation,False,1.1177905966522204,619,3,5,Avv__D,Avv__Dvv
trimMA342_1200rpm_Avv__D_07,trimMA342_1200rpm_Avv__D_09,train,validation,True,1.118520477093154,620,3,3,Avv__D,Avv__D
trimMA342_1200rpm_Avv__D_03,trimMA342_1200rpm_AW__D_15,train,validation,True,1.1185814764514066,621,3,1,Avv__D,AW__D
trimMA342_1200rpm_A__Dvv_12,trimMA342_1200rpm_AW__D_14,train,train,False,1.1186006229693877,622,4,1,A__Dvv,AW__D
trimMA342_1200rpm_Avv__Dvv_00,trimMA342_1200rpm_Avv__Dvv_14,test,test,False,1.118766211791869,623,5,5,Avv__Dvv,Avv__Dvv
trimMA342_1200rpm_A__Dvv_10,trimMA342_1200rpm_A__Dvv_13,test,train,True,1.1188441268581797,624,4,4,A__Dvv,A__Dvv
trimMA342_1200rpm_Avv__D_03,trimMA342_1200rpm_AW__D_10,train,validation,True,1.1191317480033607,625,3,1,Avv__D,AW__D
trimMA342_1200rpm_Avv__Dvv_00,trimMA342_1200rpm_Avv__Dvv_02,test,train,True,1.11921958993613,626,5,5,Avv__Dvv,Avv__Dvv
trimMA342_1200rpm_Avv__Dvv_03,trimMA342_1200rpm_AW__D_09,train,validation,True,1.119440537091565,627,5,1,Avv__Dvv,AW__D
trimMA342_1200rpm_A__Dvv_01,trimMA342_1200rpm_A__Dvv_05,train,train,False,1.1195711864530016,628,4,4,A__Dvv,A__Dvv
trimMA342_1200rpm_A__Dvv_03,trimMA342_1200rpm_Avv__Dvv_08,validation,validation,False,1.1199937370483037,629,4,5,A__Dvv,Avv__Dvv
trimMA342_1200rpm_Avv__D_03,trimMA342_1200rpm_Avv__Dvv_14,train,test,True,1.1200144495506479,630,3,5,Avv__D,Avv__Dvv
trimMA342_1200rpm_A__DW_11,trimMA342_1200rpm_A__DW_12,train,train,False,1.1201935290439744,631,2,2,A__DW,A__DW
trimMA342_1200rpm_Avv__Dvv_04,trimMA342_1200rpm_AW__D_09,train,validation,True,1.1202313421312762,632,5,1,Avv__Dvv,AW__D
trimMA342_1200rpm_A__DW_10,trimMA342_1200rpm_A__DW_11,test,train,True,1.1203345424528361,633,2,2,A__DW,A__DW
trimMA342_1200rpm_Avv__D_06,trimMA342_1200rpm_Avv__Dvv_12,test,train,True,1.1203850937398572,634,3,5,Avv__D,Avv__Dvv
trimMA342_1200rpm_A__Dvv_01,trimMA342_1200rpm_AW__D_15,train,validation,True,1.1208277277494814,635,4,1,A__Dvv,AW__D
trimMA342_1200rpm_A__Dvv_03,trimMA342_1200rpm_Avv__Dvv_11,validation,validation,False,1.1208635639569375,636,4,5,A__Dvv,Avv__Dvv
trimMA342_1200rpm_A__Dvv_12,trimMA342_1200rpm_Avv__Dvv_03,train,train,False,1.1209625449016567,637,4,5,A__Dvv,Avv__Dvv
trimMA342_1200rpm_Avv__D_09,trimMA342_1200rpm_Avv__D_10,validation,train,True,1.121007834818339,638,3,3,Avv__D,Avv__D
trimMA342_1200rpm_Avv__D_11,trimMA342_1200rpm_Avv__Dvv_07,train,validation,True,1.121078650276645,639,3,5,Avv__D,Avv__Dvv
trimMA342_1200rpm_Avv__D_09,trimMA342_1200rpm_Avv__Dvv_08,validation,validation,False,1.1213327440727707,640,3,5,Avv__D,Avv__Dvv
trimMA342_1200rpm_Avv__D_04,trimMA342_1200rpm_Avv__D_08,validation,train,True,1.1213816948909288,641,3,3,Avv__D,Avv__D
trimMA342_1200rpm_Avv__Dvv_05,trimMA342_1200rpm_Avv__Dvv_07,train,validation,True,1.1215819987765705,642,5,5,Avv__Dvv,Avv__Dvv
trimMA342_1200rpm_A__DW_09,trimMA342_1200rpm_A__DW_12,train,train,False,1.1218704256930399,643,2,2,A__DW,A__DW
trimMA342_1200rpm_Avv__Dvv_11,trimMA342_1200rpm_AW__D_13,validation,test,True,1.121944142296907,644,5,1,Avv__Dvv,AW__D
trimMA342_1200rpm_A__Dvv_04,trimMA342_1200rpm_A__Dvv_09,train,train,False,1.12197756548309,645,4,4,A__Dvv,A__Dvv
trimMA342_1200rpm_A__DW_04,trimMA342_1200rpm_A__DW_15,validation,validation,False,1.1222866020160882,646,2,2,A__DW,A__DW
trimMA342_1200rpm_A__Dvv_04,trimMA342_1200rpm_AW__D_10,train,validation,True,1.1224630558180793,647,4,1,A__Dvv,AW__D
trimMA342_1200rpm_Avv__D_11,trimMA342_1200rpm_Avv__Dvv_05,train,train,False,1.122593136912414,648,3,5,Avv__D,Avv__Dvv
trimMA342_1200rpm_Avv__Dvv_12,trimMA342_1200rpm_AW__D_15,train,validation,True,1.1228681356215995,649,5,1,Avv__Dvv,AW__D
trimMA342_1200rpm_Avv__Dvv_03,trimMA342_1200rpm_AW__D_08,train,train,False,1.1229710666465005,650,5,1,Avv__Dvv,AW__D
trimMA342_1200rpm_A__D_08,trimMA342_1200rpm_A__D_09,test,train,True,1.1230730888415907,651,0,0,A__D,A__D
trimMA342_1200rpm_A__Dvv_11,trimMA342_1200rpm_Avv__Dvv_02,validation,train,True,1.1231268375867962,652,4,5,A__Dvv,Avv__Dvv
trimMA342_1200rpm_Avv__Dvv_02,trimMA342_1200rpm_Avv__Dvv_05,train,train,False,1.1232163203509993,653,5,5,Avv__Dvv,Avv__Dvv
trimMA342_1200rpm_A__Dvv_10,trimMA342_1200rpm_A__Dvv_12,test,train,True,1.123248670882003,654,4,4,A__Dvv,A__Dvv
trimMA342_1200rpm_A__Dvv_13,trimMA342_1200rpm_Avv__Dvv_10,train,test,True,1.1233698062203983,655,4,5,A__Dvv,Avv__Dvv
trimMA342_1200rpm_Avv__Dvv_11,trimMA342_1200rpm_AW__D_12,validation,train,True,1.1234934751574874,656,5,1,Avv__Dvv,AW__D
trimMA342_1200rpm_Avv__D_04,trimMA342_1200rpm_Avv__Dvv_08,validation,validation,False,1.12356969270503,657,3,5,Avv__D,Avv__Dvv
trimMA342_1200rpm_AW__D_04,trimMA342_1200rpm_AW__D_08,train,train,False,1.1238963327789164,658,1,1,AW__D,AW__D
trimMA342_1200rpm_A__Dvv_14,trimMA342_1200rpm_Avv__D_08,test,train,True,1.1240808444068207,659,4,3,A__Dvv,Avv__D
trimMA342_1200rpm_A__Dvv_13,trimMA342_1200rpm_Avv__Dvv_06,train,test,True,1.12416718583945,660,4,5,A__Dvv,Avv__Dvv
trimMA342_1200rpm_A__Dvv_04,trimMA342_1200rpm_A__Dvv_15,train,train,False,1.1242086821506718,661,4,4,A__Dvv,A__Dvv
trimMA342_1200rpm_A__Dvv_02,trimMA342_1200rpm_Avv__D_01,test,validation,True,1.1246610680045654,662,4,3,A__Dvv,Avv__D
trimMA342_1200rpm_Avv__D_02,trimMA342_1200rpm_Avv__D_05,train,train,False,1.1247209001357905,663,3,3,Avv__D,Avv__D
trimMA342_1200rpm_A__Dvv_06,trimMA342_1200rpm_AW__D_07,validation,train,True,1.1248261372371726,664,4,1,A__Dvv,AW__D
trimMA342_1200rpm_A__Dvv_07,trimMA342_1200rpm_AW__D_10,train,validation,True,1.1248961451566248,665,4,1,A__Dvv,AW__D
trimMA342_1200rpm_A__Dvv_12,trimMA342_1200rpm_Avv__Dvv_14,train,test,True,1.1249385725591605,666,4,5,A__Dvv,Avv__Dvv
trimMA342_1200rpm_A__Dvv_07,trimMA342_1200rpm_AW__D_11,train,test,True,1.1250101316707155,667,4,1,A__Dvv,AW__D
trimMA342_1200rpm_A__Dvv_07,trimMA342_1200rpm_Avv__D_04,train,validation,True,1.125015322987572,668,4,3,A__Dvv,Avv__D
trimMA342_1200rpm_A__Dvv_04,trimMA342_1200rpm_Avv__Dvv_08,train,validation,True,1.1252787479255786,669,4,5,A__Dvv,Avv__Dvv
trimMA342_1200rpm_A__Dvv_09,trimMA342_1200rpm_Avv__D_08,train,train,False,1.1252973580220704,670,4,3,A__Dvv,Avv__D
trimMA342_1200rpm_A__Dvv_13,trimMA342_1200rpm_AW__D_14,train,train,False,1.1257017958872486,671,4,1,A__Dvv,AW__D
trimMA342_1200rpm_A__Dvv_04,trimMA342_1200rpm_Avv__Dvv_11,train,validation,True,1.125755209899532,672,4,5,A__Dvv,Avv__Dvv
trimMA342_1200rpm_A__DW_15,trimMA342_1200rpm_AW__D_02,validation,train,True,1.1257932767225542,673,2,1,A__DW,AW__D
trimMA342_1200rpm_A__Dvv_06,trimMA342_1200rpm_Avv__D_06,validation,test,True,1.1257988017276848,674,4,3,A__Dvv,Avv__D
trimMA342_1200rpm_A__Dvv_12,trimMA342_1200rpm_Avv__D_01,train,validation,True,1.1260413128871907,675,4,3,A__Dvv,Avv__D
trimMA342_1200rpm_Avv__D_03,trimMA342_1200rpm_Avv__D_14,train,validation,True,1.1260759208727957,676,3,3,Avv__D,Avv__D
trimMA342_1200rpm_A__Dvv_01,trimMA342_1200rpm_A__Dvv_10,train,test,True,1.1261183296024095,677,4,4,A__Dvv,A__Dvv
trimMA342_1200rpm_A__Dvv_15,trimMA342_1200rpm_Avv__D_09,train,validation,True,1.1261855611214064,678,4,3,A__Dvv,Avv__D
trimMA342_1200rpm_A__Dvv_07,trimMA342_1200rpm_Avv__D_05,train,train,False,1.1262220547737039,679,4,3,A__Dvv,Avv__D
trimMA342_1200rpm_A__Dvv_12,trimMA342_1200rpm_Avv__D_04,train,validation,True,1.1263966668865235,680,4,3,A__Dvv,Avv__D
trimMA342_1200rpm_A__Dvv_04,trimMA342_1200rpm_Avv__D_14,train,validation,True,1.1265897325213035,681,4,3,A__Dvv,Avv__D
trimMA342_1200rpm_Avv__Dvv_02,trimMA342_1200rpm_AW__D_02,train,train,False,1.1268350487088483,682,5,1,Avv__Dvv,AW__D
trimMA342_1200rpm_A__Dvv_14,trimMA342_1200rpm_AW__D_07,test,train,True,1.1274277794286378,683,4,1,A__Dvv,AW__D
trimMA342_1200rpm_Avv__D_05,trimMA342_1200rpm_Avv__Dvv_06,train,test,True,1.1275959514101186,684,3,5,Avv__D,Avv__Dvv
trimMA342_1200rpm_Avv__D_13,trimMA342_1200rpm_Avv__D_15,test,train,True,1.1277072682271687,685,3,3,Avv__D,Avv__D
trimMA342_1200rpm_A__Dvv_11,trimMA342_1200rpm_Avv__D_08,validation,train,True,1.1278130686223204,686,4,3,A__Dvv,Avv__D
trimMA342_1200rpm_AW__D_01,trimMA342_1200rpm_AW__D_09,validation,validation,False,1.1278818162437194,687,1,1,AW__D,AW__D
trimMA342_1200rpm_Avv__Dvv_08,trimMA342_1200rpm_Avv__Dvv_10,validation,test,True,1.1279471591764352,688,5,5,Avv__Dvv,Avv__Dvv
trimMA342_1200rpm_Avv__Dvv_08,trimMA342_1200rpm_Avv__Dvv_14,validation,test,True,1.1280590527062673,689,5,5,Avv__Dvv,Avv__Dvv
trimMA342_1200rpm_A__Dvv_00,trimMA342_1200rpm_A__Dvv_06,test,validation,True,1.1281273202420228,690,4,4,A__Dvv,A__Dvv
trimMA342_1200rpm_A__Dvv_04,trimMA342_1200rpm_Avv__D_02,train,train,False,1.1281704382760998,691,4,3,A__Dvv,Avv__D
trimMA342_1200rpm_A__Dvv_05,trimMA342_1200rpm_Avv__Dvv_07,train,validation,True,1.128254450151302,692,4,5,A__Dvv,Avv__Dvv
trimMA342_1200rpm_Avv__Dvv_10,trimMA342_1200rpm_AW__D_08,test,train,True,1.1285930523030676,693,5,1,Avv__Dvv,AW__D
trimMA342_1200rpm_A__Dvv_14,trimMA342_1200rpm_Avv__D_15,test,train,True,1.1289515626336728,694,4,3,A__Dvv,Avv__D
trimMA342_1200rpm_A__Dvv_07,trimMA342_1200rpm_AW__D_15,train,validation,True,1.1291055388301727,695,4,1,A__Dvv,AW__D
trimMA342_1200rpm_A__Dvv_05,trimMA342_1200rpm_Avv__Dvv_00,train,test,True,1.129339506776122,696,4,5,A__Dvv,Avv__Dvv
trimMA342_1200rpm_A__Dvv_05,trimMA342_1200rpm_Avv__D_06,train,test,True,1.1294150499440487,697,4,3,A__Dvv,Avv__D
trimMA342_1200rpm_A__DW_04,trimMA342_1200rpm_A__DW_13,validation,train,True,1.1297487638181622,698,2,2,A__DW,A__DW
trimMA342_1200rpm_Avv__Dvv_02,trimMA342_1200rpm_AW__D_13,train,test,True,1.1298674418837276,699,5,1,Avv__Dvv,AW__D
trimMA342_1200rpm_Avv__D_05,trimMA342_1200rpm_Avv__D_15,train,train,False,1.1299144484428656,700,3,3,Avv__D,Avv__D
trimMA342_1200rpm_Avv__Dvv_01,trimMA342_1200rpm_AW__D_10,train,validation,True,1.1300205211467182,701,5,1,Avv__Dvv,AW__D
trimMA342_1200rpm_Avv__D_02,trimMA342_1200rpm_Avv__Dvv_10,train,test,True,1.1303755001388525,702,3,5,Avv__D,Avv__Dvv
trimMA342_1200rpm_A__Dvv_14,trimMA342_1200rpm_Avv__D_14,test,validation,True,1.130575753332229,703,4,3,A__Dvv,Avv__D
trimMA342_1200rpm_A__Dvv_14,trimMA342_1200rpm_Avv__Dvv_05,test,train,True,1.13068148259529,704,4,5,A__Dvv,Avv__Dvv
trimMA342_1200rpm_A__DW_01,trimMA342_1200rpm_A__DW_03,test,test,False,1.1307744973388127,705,2,2,A__DW,A__DW
trimMA342_1200rpm_Avv__D_03,trimMA342_1200rpm_Avv__D_15,train,train,False,1.131061771093872,706,3,3,Avv__D,Avv__D
trimMA342_1200rpm_Avv__D_02,trimMA342_1200rpm_Avv__Dvv_08,train,validation,True,1.131136671454517,707,3,5,Avv__D,Avv__Dvv
trimMA342_1200rpm_Avv__Dvv_06,trimMA342_1200rpm_Avv__Dvv_12,test,train,True,1.1312217718079838,708,5,5,Avv__Dvv,Avv__Dvv
trimMA342_1200rpm_Avv__Dvv_00,trimMA342_1200rpm_AW__D_05,test,test,False,1.1314203778277192,709,5,1,Avv__Dvv,AW__D
trimMA342_1200rpm_A__Dvv_02,trimMA342_1200rpm_A__Dvv_05,test,train,True,1.1315515156535902,710,4,4,A__Dvv,A__Dvv
trimMA342_1200rpm_A__Dvv_10,trimMA342_1200rpm_Avv__D_03,test,train,True,1.1319669275318731,711,4,3,A__Dvv,Avv__D
trimMA342_1200rpm_A__Dvv_15,trimMA342_1200rpm_Avv__D_05,train,train,False,1.132125351869577,712,4,3,A__Dvv,Avv__D
trimMA342_1200rpm_A__Dvv_11,trimMA342_1200rpm_Avv__Dvv_12,validation,train,True,1.1321384334162985,713,4,5,A__Dvv,Avv__Dvv
trimMA342_1200rpm_Avv__D_04,trimMA342_1200rpm_Avv__Dvv_07,validation,validation,False,1.132208554422109,714,3,5,Avv__D,Avv__Dvv
trimMA342_1200rpm_Avv__Dvv_02,trimMA342_1200rpm_AW__D_09,train,validation,True,1.1322994890435212,715,5,1,Avv__Dvv,AW__D
trimMA342_1200rpm_A__DW_07,trimMA342_1200rpm_A__DW_14,test,train,True,1.132300654759059,716,2,2,A__DW,A__DW
trimMA342_1200rpm_A__Dvv_05,trimMA342_1200rpm_Avv__D_02,train,train,False,1.1324109132235558,717,4,3,A__Dvv,Avv__D
trimMA342_1200rpm_Avv__D_05,trimMA342_1200rpm_Avv__D_08,train,train,False,1.1324860571936335,718,3,3,Avv__D,Avv__D
trimMA342_1200rpm_A__Dvv_05,trimMA342_1200rpm_AW__D_15,train,validation,True,1.132506287756671,719,4,1,A__Dvv,AW__D
trimMA342_1200rpm_Avv__D_09,trimMA342_1200rpm_Avv__Dvv_07,validation,validation,False,1.132547772487385,720,3,5,Avv__D,Avv__Dvv
trimMA342_1200rpm_A__Dvv_04,trimMA342_1200rpm_AW__D_12,train,train,False,1.1327285413608732,721,4,1,A__Dvv,AW__D
trimMA342_1200rpm_A__Dvv_14,trimMA342_1200rpm_Avv__D_10,test,train,True,1.1327316733356185,722,4,3,A__Dvv,Avv__D
trimMA342_1200rpm_Avv__Dvv_05,trimMA342_1200rpm_AW__D_15,train,validation,True,1.132847729309189,723,5,1,Avv__Dvv,AW__D
trimMA342_1200rpm_Avv__Dvv_12,trimMA342_1200rpm_AW__D_09,train,validation,True,1.1333129328569331,724,5,1,Avv__Dvv,AW__D
trimMA342_1200rpm_A__Dvv_00,trimMA342_1200rpm_A__Dvv_09,test,train,True,1.1333185245377908,725,4,4,A__Dvv,A__Dvv
trimMA342_1200rpm_A__DW_11,trimMA342_1200rpm_A__DW_13,train,train,False,1.1333567510997342,726,2,2,A__DW,A__DW
trimMA342_1200rpm_A__DW_05,trimMA342_1200rpm_AW__D_04,train,train,False,1.1334937748196259,727,2,1,A__DW,AW__D
trimMA342_1200rpm_A__D_07,trimMA342_1200rpm_A__D_09,train,train,False,1.1334950410089657,728,0,0,A__D,A__D
trimMA342_1200rpm_A__Dvv_02,trimMA342_1200rpm_Avv__Dvv_08,test,validation,True,1.1338862126484688,729,4,5,A__Dvv,Avv__Dvv
trimMA342_1200rpm_A__DW_01,trimMA342_1200rpm_A__DW_05,test,train,True,1.134060491024639,730,2,2,A__DW,A__DW
trimMA342_1200rpm_Avv__D_04,trimMA342_1200rpm_Avv__D_07,validation,train,True,1.1353041186377961,731,3,3,Avv__D,Avv__D
trimMA342_1200rpm_A__Dvv_03,trimMA342_1200rpm_A__Dvv_12,validation,train,True,1.1353466834500634,732,4,4,A__Dvv,A__Dvv
trimMA342_1200rpm_A__Dvv_14,trimMA342_1200rpm_Avv__Dvv_10,test,test,False,1.1354353575635985,733,4,5,A__Dvv,Avv__Dvv
trimMA342_1200rpm_A__Dvv_01,trimMA342_1200rpm_AW__D_11,train,test,True,1.1355710756270099,734,4,1,A__Dvv,AW__D
trimMA342_1200rpm_Avv__Dvv_12,trimMA342_1200rpm_AW__D_13,train,test,True,1.1360706413287842,735,5,1,Avv__Dvv,AW__D
trimMA342_1200rpm_AW__D_05,trimMA342_1200rpm_AW__D_11,test,test,False,1.1363441943873542,736,1,1,AW__D,AW__D
trimMA342_1200rpm_A__Dvv_14,trimMA342_1200rpm_AW__D_12,test,train,True,1.1363871635275877,737,4,1,A__Dvv,AW__D
trimMA342_1200rpm_A__Dvv_01,trimMA342_1200rpm_A__Dvv_12,train,train,False,1.1364133891223414,738,4,4,A__Dvv,A__Dvv
trimMA342_1200rpm_Avv__D_05,trimMA342_1200rpm_AW__D_10,train,validation,True,1.1364654310894535,739,3,1,Avv__D,AW__D
trimMA342_1200rpm_A__Dvv_09,trimMA342_1200rpm_Avv__Dvv_02,train,train,False,1.136542580550066,740,4,5,A__Dvv,Avv__Dvv
trimMA342_1200rpm_Avv__D_05,trimMA342_1200rpm_Avv__Dvv_03,train,train,False,1.1367037636435735,741,3,5,Avv__D,Avv__Dvv
trimMA342_1200rpm_Avv__D_04,trimMA342_1200rpm_Avv__Dvv_12,validation,train,True,1.1367886326439471,742,3,5,Avv__D,Avv__Dvv
trimMA342_1200rpm_A__Dvv_13,trimMA342_1200rpm_Avv__Dvv_08,train,validation,True,1.1369384876949447,743,4,5,A__Dvv,Avv__Dvv
trimMA342_1200rpm_Avv__Dvv_00,trimMA342_1200rpm_AW__D_09,test,validation,True,1.1372430167282837,744,5,1,Avv__Dvv,AW__D
trimMA342_1200rpm_A__Dvv_06,trimMA342_1200rpm_Avv__D_10,validation,train,True,1.1374602194590149,745,4,3,A__Dvv,Avv__D
trimMA342_1200rpm_A__Dvv_09,trimMA342_1200rpm_Avv__D_01,train,validation,True,1.137488353871855,746,4,3,A__Dvv,Avv__D
trimMA342_1200rpm_AW__D_06,trimMA342_1200rpm_AW__D_09,test,validation,True,1.1375080170124716,747,1,1,AW__D,AW__D
trimMA342_1200rpm_AW__D_06,trimMA342_1200rpm_AW__D_11,test,test,False,1.1378772187517072,748,1,1,AW__D,AW__D
trimMA342_1200rpm_Avv__D_09,trimMA342_1200rpm_AW__D_15,validation,validation,False,1.138169610471763,749,3,1,Avv__D,AW__D
trimMA342_1200rpm_A__DW_06,trimMA342_1200rpm_AW__D_15,validation,validation,False,1.1381755406563219,750,2,1,A__DW,AW__D
trimMA342_1200rpm_A__Dvv_08,trimMA342_1200rpm_A__Dvv_09,validation,train,True,1.1382650714367282,751,4,4,A__Dvv,A__Dvv
trimMA342_1200rpm_A__Dvv_01,trimMA342_1200rpm_Avv__D_11,train,train,False,1.1382820585008135,752,4,3,A__Dvv,Avv__D
trimMA342_1200rpm_Avv__D_09,trimMA342_1200rpm_Avv__D_12,validation,test,True,1.1384133086633295,753,3,3,Avv__D,Avv__D
trimMA342_1200rpm_A__Dvv_03,trimMA342_1200rpm_Avv__Dvv_06,validation,test,True,1.1385428815945582,754,4,5,A__Dvv,Avv__Dvv
trimMA342_1200rpm_Avv__D_05,trimMA342_1200rpm_AW__D_15,train,validation,True,1.138549100284561,755,3,1,Avv__D,AW__D
trimMA342_1200rpm_A__Dvv_04,trimMA342_1200rpm_Avv__Dvv_03,train,train,False,1.1387758452807997,756,4,5,A__Dvv,Avv__Dvv
trimMA342_1200rpm_A__DW_04,trimMA342_1200rpm_A__DW_08,validation,train,True,1.1388714086235656,757,2,2,A__DW,A__DW
trimMA342_1200rpm_A__Dvv_07,trimMA342_1200rpm_Avv__D_15,train,train,False,1.1393145793115553,758,4,3,A__Dvv,Avv__D
trimMA342_1200rpm_A__Dvv_15,trimMA342_1200rpm_Avv__D_02,train,train,False,1.139427083849226,759,4,3,A__Dvv,Avv__D
trimMA342_1200rpm_Avv__D_09,trimMA342_1200rpm_AW__D_10,validation,validation,False,1.1395358241200015,760,3,1,Avv__D,AW__D
trimMA342_1200rpm_A__Dvv_13,trimMA342_1200rpm_Avv__Dvv_04,train,train,False,1.1400835028518965,761,4,5,A__Dvv,Avv__Dvv
trimMA342_1200rpm_A__Dvv_05,trimMA342_1200rpm_AW__D_11,train,test,True,1.1401493487160201,762,4,1,A__Dvv,AW__D
trimMA342_1200rpm_Avv__D_02,trimMA342_1200rpm_Avv__Dvv_11,train,validation,True,1.1408913525992102,763,3,5,Avv__D,Avv__Dvv
trimMA342_1200rpm_A__Dvv_12,trimMA342_1200rpm_AW__D_13,train,test,True,1.1409281606504222,764,4,1,A__Dvv,AW__D
trimMA342_1200rpm_Avv__D_15,trimMA342_1200rpm_Avv__Dvv_14,train,test,True,1.1410124685884884,765,3,5,Avv__D,Avv__Dvv
trimMA342_1200rpm_Avv__Dvv_03,trimMA342_1200rpm_AW__D_02,train,train,False,1.1412096696848968,766,5,1,Avv__Dvv,AW__D
trimMA342_1200rpm_A__Dvv_11,trimMA342_1200rpm_Avv__Dvv_04,validation,train,True,1.1413366818997304,767,4,5,A__Dvv,Avv__Dvv
trimMA342_1200rpm_A__Dvv_08,trimMA342_1200rpm_Avv__Dvv_00,validation,test,True,1.1414027117716992,768,4,5,A__Dvv,Avv__Dvv
trimMA342_1200rpm_A__Dvv_11,trimMA342_1200rpm_Avv__Dvv_08,validation,validation,False,1.1417824775711212,769,4,5,A__Dvv,Avv__Dvv
trimMA342_1200rpm_A__Dvv_03,trimMA342_1200rpm_Avv__D_03,validation,train,True,1.1418963280791603,770,4,3,A__Dvv,Avv__D
trimMA342_1200rpm_A__Dvv_09,trimMA342_1200rpm_Avv__D_14,train,validation,True,1.1419474998709074,771,4,3,A__Dvv,Avv__D
trimMA342_1200rpm_A__Dvv_07,trimMA342_1200rpm_A__Dvv_11,train,validation,True,1.1425529322613133,772,4,4,A__Dvv,A__Dvv
trimMA342_1200rpm_A__Dvv_02,trimMA342_1200rpm_A__Dvv_07,test,train,True,1.1425644168942581,773,4,4,A__Dvv,A__Dvv
trimMA342_1200rpm_A__Dvv_02,trimMA342_1200rpm_Avv__Dvv_05,test,train,True,1.1429891530227223,774,4,5,A__Dvv,Avv__Dvv
trimMA342_1200rpm_A__Dvv_00,trimMA342_1200rpm_Avv__D_04,test,validation,True,1.143299597817071,775,4,3,A__Dvv,Avv__D
trimMA342_1200rpm_A__Dvv_05,trimMA342_1200rpm_Avv__D_08,train,train,False,1.1436996175348848,776,4,3,A__Dvv,Avv__D
trimMA342_1200rpm_Avv__Dvv_02,trimMA342_1200rpm_Avv__Dvv_13,train,train,False,1.1438341387497097,777,5,5,Avv__Dvv,Avv__Dvv
trimMA342_1200rpm_Avv__D_03,trimMA342_1200rpm_Avv__Dvv_10,train,test,True,1.1439286989440887,778,3,5,Avv__D,Avv__Dvv
trimMA342_1200rpm_A__Dvv_15,trimMA342_1200rpm_Avv__D_04,train,validation,True,1.144082926589956,779,4,3,A__Dvv,Avv__D
trimMA342_1200rpm_Avv__D_09,trimMA342_1200rpm_Avv__Dvv_13,validation,train,True,1.1442816493278907,780,3,5,Avv__D,Avv__Dvv
trimMA342_1200rpm_AW__D_04,trimMA342_1200rpm_AW__D_12,train,train,False,1.1444762187185762,781,1,1,AW__D,AW__D
trimMA342_1200rpm_A__Dvv_00,trimMA342_1200rpm_A__Dvv_05,test,train,True,1.144501710183288,782,4,4,A__Dvv,A__Dvv
trimMA342_1200rpm_Avv__Dvv_03,trimMA342_1200rpm_AW__D_12,train,train,False,1.1445191005217634,783,5,1,Avv__Dvv,AW__D
trimMA342_1200rpm_A__Dvv_13,trimMA342_1200rpm_Avv__Dvv_05,train,train,False,1.1447919207655117,784,4,5,A__Dvv,Avv__Dvv
trimMA342_1200rpm_Avv__Dvv_12,trimMA342_1200rpm_AW__D_06,train,test,True,1.144832753733974,785,5,1,Avv__Dvv,AW__D
trimMA342_1200rpm_A__Dvv_04,trimMA342_1200rpm_Avv__D_06,train,test,True,1.1448862022892559,786,4,3,A__Dvv,Avv__D
trimMA342_1200rpm_A__Dvv_09,trimMA342_1200rpm_Avv__Dvv_05,train,train,False,1.1449584307931777,787,4,5,A__Dvv,Avv__Dvv
trimMA342_1200rpm_Avv__Dvv_00,trimMA342_1200rpm_Avv__Dvv_15,test,train,True,1.1450089117745923,788,5,5,Avv__Dvv,Avv__Dvv
trimMA342_1200rpm_A__Dvv_13,trimMA342_1200rpm_Avv__Dvv_07,train,validation,True,1.1450667911970396,789,4,5,A__Dvv,Avv__Dvv
trimMA342_1200rpm_A__Dvv_02,trimMA342_1200rpm_Avv__Dvv_11,test,validation,True,1.145171453818901,790,4,5,A__Dvv,Avv__Dvv
trimMA342_1200rpm_A__Dvv_12,trimMA342_1200rpm_AW__D_07,train,train,False,1.1452145710104749,791,4,1,A__Dvv,AW__D
trimMA342_1200rpm_A__DW_03,trimMA342_1200rpm_A__DW_07,test,test,False,1.1461185521298973,792,2,2,A__DW,A__DW
trimMA342_1200rpm_Avv__D_09,trimMA342_1200rpm_Avv__Dvv_12,validation,train,True,1.14618864882022,793,3,5,Avv__D,Avv__Dvv
trimMA342_1200rpm_A__Dvv_02,trimMA342_1200rpm_Avv__D_03,test,train,True,1.1463902411550746,794,4,3,A__Dvv,Avv__D
trimMA342_1200rpm_Avv__Dvv_07,trimMA342_1200rpm_Avv__Dvv_08,validation,validation,False,1.14640369565658,795,5,5,Avv__Dvv,Avv__Dvv
trimMA342_1200rpm_A__Dvv_03,trimMA342_1200rpm_Avv__D_12,validation,test,True,1.1464454238626238,796,4,3,A__Dvv,Avv__D
trimMA342_1200rpm_Avv__D_03,trimMA342_1200rpm_Avv__Dvv_08,train,validation,True,1.1467026978144899,797,3,5,Avv__D,Avv__Dvv
trimMA342_1200rpm_A__Dvv_15,trimMA342_1200rpm_Avv__D_06,train,test,True,1.1468002569488778,798,4,3,A__Dvv,Avv__D
trimMA342_1200rpm_Avv__Dvv_11,trimMA342_1200rpm_AW__D_02,validation,train,True,1.1469435456381192,799,5,1,Avv__Dvv,AW__D
trimMA342_1200rpm_A__Dvv_14,trimMA342_1200rpm_Avv__Dvv_00,test,test,False,1.1469548447785674,800,4,5,A__Dvv,Avv__Dvv
trimMA342_1200rpm_AW__D_04,trimMA342_1200rpm_AW__D_13,train,test,True,1.1471039469968414,801,1,1,AW__D,AW__D
trimMA342_1200rpm_Avv__D_03,trimMA342_1200rpm_AW__D_14,train,train,False,1.147106936774382,802,3,1,Avv__D,AW__D
trimMA342_1200rpm_A__Dvv_06,trimMA342_1200rpm_Avv__Dvv_06,validation,test,True,1.1471628765221513,803,4,5,A__Dvv,Avv__Dvv
trimMA342_1200rpm_Avv__D_05,trimMA342_1200rpm_Avv__Dvv_10,train,test,True,1.1473786010432125,804,3,5,Avv__D,Avv__Dvv
trimMA342_1200rpm_Avv__Dvv_12,trimMA342_1200rpm_Avv__Dvv_13,train,train,False,1.147434206933973,805,5,5,Avv__Dvv,Avv__Dvv
trimMA342_1200rpm_A__Dvv_01,trimMA342_1200rpm_A__Dvv_08,train,validation,True,1.1475830777804292,806,4,4,A__Dvv,A__Dvv
trimMA342_1200rpm_Avv__Dvv_07,trimMA342_1200rpm_Avv__Dvv_14,validation,test,True,1.1476729098666993,807,5,5,Avv__Dvv,Avv__Dvv
trimMA342_1200rpm_AW__D_01,trimMA342_1200rpm_AW__D_14,validation,train,True,1.14780388904359,808,1,1,AW__D,AW__D
trimMA342_1200rpm_Avv__D_01,trimMA342_1200rpm_Avv__D_05,validation,train,True,1.1480982533088138,809,3,3,Avv__D,Avv__D
trimMA342_1200rpm_A__Dvv_09,trimMA342_1200rpm_Avv__Dvv_06,train,test,True,1.1481732881972895,810,4,5,A__Dvv,Avv__Dvv
trimMA342_1200rpm_Avv__D_10,trimMA342_1200rpm_Avv__Dvv_12,train,train,False,1.1481853374078068,811,3,5,Avv__D,Avv__Dvv
trimMA342_1200rpm_Avv__Dvv_09,trimMA342_1200rpm_AW__D_15,validation,validation,False,1.1483078987207174,812,5,1,Avv__Dvv,AW__D
trimMA342_1200rpm_Avv__D_03,trimMA342_1200rpm_AW__D_03,train,train,False,1.1483258035681487,813,3,1,Avv__D,AW__D
trimMA342_1200rpm_A__Dvv_05,trimMA342_1200rpm_Avv__Dvv_13,train,train,False,1.148459618682318,814,4,5,A__Dvv,Avv__Dvv
trimMA342_1200rpm_A__Dvv_00,trimMA342_1200rpm_A__Dvv_01,test,train,True,1.1484629758621807,815,4,4,A__Dvv,A__Dvv
trimMA342_1200rpm_A__Dvv_10,trimMA342_1200rpm_Avv__Dvv_03,test,train,True,1.148776311929058,816,4,5,A__Dvv,Avv__Dvv
trimMA342_1200rpm_Avv__Dvv_09,trimMA342_1200rpm_AW__D_02,validation,train,True,1.1488216940461131,817,5,1,Avv__Dvv,AW__D
trimMA342_1200rpm_A__Dvv_11,trimMA342_1200rpm_AW__D_10,validation,validation,False,1.149098881807981,818,4,1,A__Dvv,AW__D
trimMA342_1200rpm_A__DW_15,trimMA342_1200rpm_AW__D_03,validation,train,True,1.1491049244961355,819,2,1,A__DW,AW__D
trimMA342_1200rpm_A__Dvv_09,trimMA342_1200rpm_AW__D_15,train,validation,True,1.1492201385440624,820,4,1,A__Dvv,AW__D
trimMA342_1200rpm_A__DW_02,trimMA342_1200rpm_A__DW_06,validation,validation,False,1.1492234687246998,821,2,2,A__DW,A__DW
trimMA342_1200rpm_A__Dvv_04,trimMA342_1200rpm_AW__D_15,train,validation,True,1.1492905602906467,822,4,1,A__Dvv,AW__D
trimMA342_1200rpm_Avv__Dvv_05,trimMA342_1200rpm_AW__D_10,train,validation,True,1.149309629205018,823,5,1,Avv__Dvv,AW__D
trimMA342_1200rpm_Avv__Dvv_05,trimMA342_1200rpm_AW__D_12,train,train,False,1.1494009700502812,824,5,1,Avv__Dvv,AW__D
trimMA342_1200rpm_A__Dvv_03,trimMA342_1200rpm_Avv__Dvv_13,validation,train,True,1.149476069008981,825,4,5,A__Dvv,Avv__Dvv
trimMA342_1200rpm_Avv__Dvv_00,trimMA342_1200rpm_Avv__Dvv_13,test,train,True,1.1496403360808125,826,5,5,Avv__Dvv,Avv__Dvv
trimMA342_1200rpm_A__Dvv_08,trimMA342_1200rpm_AW__D_10,validation,validation,False,1.1502657511104475,827,4,1,A__Dvv,AW__D
trimMA342_1200rpm_Avv__D_11,trimMA342_1200rpm_AW__D_07,train,train,False,1.1504330459451633,828,3,1,Avv__D,AW__D
trimMA342_1200rpm_Avv__D_12,trimMA342_1200rpm_Avv__Dvv_03,test,train,True,1.1507414837750158,829,3,5,Avv__D,Avv__Dvv
trimMA342_1200rpm_AW__D_00,trimMA342_1200rpm_AW__D_10,train,validation,True,1.150986886637388,830,1,1,AW__D,AW__D
trimMA342_1200rpm_A__D_06,trimMA342_1200rpm_A__D_13,train,test,True,1.1510324732079926,831,0,0,A__D,A__D
trimMA342_1200rpm_A__Dvv_05,trimMA342_1200rpm_Avv__D_10,train,train,False,1.1511488941062888,832,4,3,A__Dvv,Avv__D
trimMA342_1200rpm_A__Dvv_14,trimMA342_1200rpm_Avv__Dvv_06,test,test,False,1.1513548649105245,833,4,5,A__Dvv,Avv__Dvv
trimMA342_1200rpm_Avv__D_04,trimMA342_1200rpm_AW__D_15,validation,validation,False,1.1517947241624875,834,3,1,Avv__D,AW__D
trimMA342_1200rpm_A__Dvv_11,trimMA342_1200rpm_Avv__Dvv_11,validation,validation,False,1.1519591018610622,835,4,5,A__Dvv,Avv__Dvv
trimMA342_1200rpm_Avv__D_06,trimMA342_1200rpm_Avv__D_07,test,train,True,1.1521979897538699,836,3,3,Avv__D,Avv__D
trimMA342_1200rpm_A__Dvv_04,trimMA342_1200rpm_Avv__Dvv_02,train,train,False,1.1524227454287135,837,4,5,A__Dvv,Avv__Dvv
trimMA342_1200rpm_A__Dvv_01,trimMA342_1200rpm_Avv__Dvv_10,train,test,True,1.1524443661148467,838,4,5,A__Dvv,Avv__Dvv
trimMA342_1200rpm_A__Dvv_09,trimMA342_1200rpm_AW__D_14,train,train,False,1.1524849010890974,839,4,1,A__Dvv,AW__D
trimMA342_1200rpm_Avv__D_06,trimMA342_1200rpm_AW__D_10,test,validation,True,1.1525110216051875,840,3,1,Avv__D,AW__D
trimMA342_1200rpm_A__Dvv_11,trimMA342_1200rpm_A__Dvv_12,validation,train,True,1.1526107253247782,841,4,4,A__Dvv,A__Dvv
trimMA342_1200rpm_Avv__D_03,trimMA342_1200rpm_Avv__Dvv_06,train,test,True,1.1526178324438558,842,3,5,Avv__D,Avv__Dvv
trimMA342_1200rpm_Avv__Dvv_03,trimMA342_1200rpm_Avv__Dvv_13,train,train,False,1.1527139447710693,843,5,5,Avv__Dvv,Avv__Dvv
trimMA342_1200rpm_A__Dvv_14,trimMA342_1200rpm_Avv__Dvv_04,test,train,True,1.1533620515237102,844,4,5,A__Dvv,Avv__Dvv
trimMA342_1200rpm_Avv__D_01,trimMA342_1200rpm_Avv__D_13,validation,test,True,1.1533996044332733,845,3,3,Avv__D,Avv__D
trimMA342_1200rpm_A__Dvv_04,trimMA342_1200rpm_Avv__D_10,train,train,False,1.1534369242076423,846,4,3,A__Dvv,Avv__D
trimMA342_1200rpm_A__D_09,trimMA342_1200rpm_A__D_10,train,train,False,1.153578150128474,847,0,0,A__D,A__D
trimMA342_1200rpm_A__Dvv_10,trimMA342_1200rpm_Avv__D_05,test,train,True,1.1538143309775146,848,4,3,A__Dvv,Avv__D
trimMA342_1200rpm_A__Dvv_03,trimMA342_1200rpm_Avv__D_09,validation,validation,False,1.1538820556823766,849,4,3,A__Dvv,Avv__D
trimMA342_1200rpm_A__Dvv_08,trimMA342_1200rpm_A__Dvv_15,validation,train,True,1.1540480579846775,850,4,4,A__Dvv,A__Dvv
trimMA342_1200rpm_A__Dvv_06,trimMA342_1200rpm_AW__D_15,validation,validation,False,1.154152720981408,851,4,1,A__Dvv,AW__D
trimMA342_1200rpm_AW__D_13,trimMA342_1200rpm_AW__D_14,test,train,True,1.154658137273982,852,1,1,AW__D,AW__D
trimMA342_1200rpm_A__DW_10,trimMA342_1200rpm_AW__D_01,test,validation,True,1.1548783763626502,853,2,1,A__DW,AW__D
trimMA342_1200rpm_A__Dvv_06,trimMA342_1200rpm_Avv__D_08,validation,train,True,1.1548799108083352,854,4,3,A__Dvv,Avv__D
trimMA342_1200rpm_A__Dvv_05,trimMA342_1200rpm_Avv__D_05,train,train,False,1.1550577379883116,855,4,3,A__Dvv,Avv__D
trimMA342_1200rpm_A__DW_00,trimMA342_1200rpm_A__DW_05,train,train,False,1.1551282977447024,856,2,2,A__DW,A__DW
trimMA342_1200rpm_A__D_15,trimMA342_1200rpm_A__Dvv_00,train,test,True,1.1556561301444148,857,0,4,A__D,A__Dvv
trimMA342_1200rpm_A__Dvv_04,trimMA342_1200rpm_Avv__D_01,train,validation,True,1.1557710287417828,858,4,3,A__Dvv,Avv__D
trimMA342_1200rpm_Avv__D_04,trimMA342_1200rpm_Avv__Dvv_06,validation,test,True,1.1559655296597489,859,3,5,Avv__D,Avv__Dvv
trimMA342_1200rpm_AW__D_00,trimMA342_1200rpm_AW__D_11,train,test,True,1.1571232512665721,860,1,1,AW__D,AW__D
trimMA342_1200rpm_A__Dvv_08,trimMA342_1200rpm_Avv__D_09,validation,validation,False,1.157239771639512,861,4,3,A__Dvv,Avv__D
trimMA342_1200rpm_AW__D_07,trimMA342_1200rpm_AW__D_12,train,train,False,1.1575579000000369,862,1,1,AW__D,AW__D
trimMA342_1200rpm_A__Dvv_02,trimMA342_1200rpm_A__Dvv_10,test,test,False,1.1576740551813576,863,4,4,A__Dvv,A__Dvv
trimMA342_1200rpm_A__Dvv_11,trimMA342_1200rpm_Avv__D_02,validation,train,True,1.1578255796678343,864,4,3,A__Dvv,Avv__D
trimMA342_1200rpm_Avv__Dvv_02,trimMA342_1200rpm_AW__D_08,train,train,False,1.1582588237934341,865,5,1,Avv__Dvv,AW__D
trimMA342_1200rpm_A__DW_06,trimMA342_1200rpm_AW__D_03,validation,train,True,1.1585216671241716,866,2,1,A__DW,AW__D
trimMA342_1200rpm_A__Dvv_08,trimMA342_1200rpm_Avv__D_04,validation,validation,False,1.1588911295228006,867,4,3,A__Dvv,Avv__D
trimMA342_1200rpm_A__Dvv_05,trimMA342_1200rpm_A__Dvv_15,train,train,False,1.159286032839431,868,4,4,A__Dvv,A__Dvv
trimMA342_1200rpm_A__Dvv_12,trimMA342_1200rpm_Avv__Dvv_07,train,validation,True,1.1595027393421107,869,4,5,A__Dvv,Avv__Dvv
trimMA342_1200rpm_Avv__Dvv_11,trimMA342_1200rpm_AW__D_03,validation,train,True,1.1603221820838467,870,5,1,Avv__Dvv,AW__D
trimMA342_1200rpm_Avv__Dvv_13,trimMA342_1200rpm_AW__D_15,train,validation,True,1.1604266714709643,871,5,1,Avv__Dvv,AW__D
trimMA342_1200rpm_Avv__Dvv_08,trimMA342_1200rpm_AW__D_03,validation,train,True,1.1606815777926567,872,5,1,Avv__Dvv,AW__D
trimMA342_1200rpm_Avv__D_14,trimMA342_1200rpm_Avv__D_15,validation,train,True,1.1609335994957728,873,3,3,Avv__D,Avv__D
trimMA342_1200rpm_Avv__Dvv_01,trimMA342_1200rpm_AW__D_15,train,validation,True,1.161304714372738,874,5,1,Avv__Dvv,AW__D
trimMA342_1200rpm_AW__D_09,trimMA342_1200rpm_AW__D_12,validation,train,True,1.1613092893726393,875,1,1,AW__D,AW__D
trimMA342_1200rpm_Avv__D_06,trimMA342_1200rpm_Avv__Dvv_02,test,train,True,1.1613689201026152,876,3,5,Avv__D,Avv__Dvv
trimMA342_1200rpm_A__Dvv_07,trimMA342_1200rpm_Avv__D_01,train,validation,True,1.161406827488907,877,4,3,A__Dvv,Avv__D
trimMA342_1200rpm_Avv__D_13,trimMA342_1200rpm_Avv__Dvv_00,test,test,False,1.1615321957641251,878,3,5,Avv__D,Avv__Dvv
trimMA342_1200rpm_A__Dvv_06,trimMA342_1200rpm_AW__D_13,validation,test,True,1.1618139293470888,879,4,1,A__Dvv,AW__D
trimMA342_1200rpm_A__DW_02,trimMA342_1200rpm_A__DW_10,validation,test,True,1.1619041204602396,880,2,2,A__DW,A__DW
trimMA342_1200rpm_A__D_06,trimMA342_1200rpm_A__D_09,train,train,False,1.1620745606114473,881,0,0,A__D,A__D
trimMA342_1200rpm_Avv__D_00,trimMA342_1200rpm_Avv__D_11,test,train,True,1.1621505650461583,882,3,3,Avv__D,Avv__D
trimMA342_1200rpm_Avv__D_02,trimMA342_1200rpm_Avv__D_13,train,test,True,1.1623046983766627,883,3,3,Avv__D,Avv__D
trimMA342_1200rpm_A__DW_03,trimMA342_1200rpm_A__DW_12,test,train,True,1.1624510145365543,884,2,2,A__DW,A__DW
trimMA342_1200rpm_A__Dvv_12,trimMA342_1200rpm_Avv__Dvv_05,train,train,False,1.1626309395871195,885,4,5,A__Dvv,Avv__Dvv
trimMA342_1200rpm_A__D_09,trimMA342_1200rpm_A__D_11,train,train,False,1.16277818271033,886,0,0,A__D,A__D
trimMA342_1200rpm_Avv__D_10,trimMA342_1200rpm_Avv__D_14,train,validation,True,1.1628825803960332,887,3,3,Avv__D,Avv__D
trimMA342_1200rpm_Avv__Dvv_00,trimMA342_1200rpm_AW__D_00,test,train,True,1.16305323112139,888,5,1,Avv__Dvv,AW__D
trimMA342_1200rpm_A__DW_06,trimMA342_1200rpm_AW__D_02,validation,train,True,1.1633412289928877,889,2,1,A__DW,AW__D
trimMA342_1200rpm_A__Dvv_07,trimMA342_1200rpm_AW__D_12,train,train,False,1.1634624180584805,890,4,1,A__Dvv,AW__D
trimMA342_1200rpm_A__Dvv_07,trimMA342_1200rpm_Avv__Dvv_00,train,test,True,1.1634755292947792,891,4,5,A__Dvv,Avv__Dvv
trimMA342_1200rpm_A__Dvv_07,trimMA342_1200rpm_Avv__Dvv_02,train,train,False,1.1637298242276606,892,4,5,A__Dvv,Avv__Dvv
trimMA342_1200rpm_A__Dvv_01,trimMA342_1200rpm_AW__D_14,train,train,False,1.1639337436172255,893,4,1,A__Dvv,AW__D
trimMA342_1200rpm_Avv__D_05,trimMA342_1200rpm_Avv__Dvv_14,train,test,True,1.164250579947858,894,3,5,Avv__D,Avv__Dvv
trimMA342_1200rpm_A__D_05,trimMA342_1200rpm_A__Dvv_04,validation,train,True,1.1642795325536357,895,0,4,A__D,A__Dvv
trimMA342_1200rpm_Avv__Dvv_06,trimMA342_1200rpm_Avv__Dvv_10,test,test,False,1.1643472134606903,896,5,5,Avv__Dvv,Avv__Dvv
trimMA342_1200rpm_Avv__Dvv_11,trimMA342_1200rpm_AW__D_09,validation,validation,False,1.1643994961611033,897,5,1,Avv__Dvv,AW__D
trimMA342_1200rpm_Avv__Dvv_15,trimMA342_1200rpm_AW__D_14,train,train,False,1.1649361980402464,898,5,1,Avv__Dvv,AW__D
trimMA342_1200rpm_A__Dvv_13,trimMA342_1200rpm_Avv__Dvv_15,train,train,False,1.1650718981614778,899,4,5,A__Dvv,Avv__Dvv
trimMA342_1200rpm_A__Dvv_05,trimMA342_1200rpm_Avv__D_00,train,test,True,1.1652798831834015,900,4,3,A__Dvv,Avv__D
trimMA342_1200rpm_A__Dvv_01,trimMA342_1200rpm_A__Dvv_13,train,train,False,1.1652978750968976,901,4,4,A__Dvv,A__Dvv
trimMA342_1200rpm_Avv__D_10,trimMA342_1200rpm_Avv__D_13,train,test,True,1.1654397082290355,902,3,3,Avv__D,Avv__D
trimMA342_1200rpm_A__DW_04,trimMA342_1200rpm_A__DW_14,validation,train,True,1.1654433070181571,903,2,2,A__DW,A__DW
trimMA342_1200rpm_A__DW_08,trimMA342_1200rpm_A__DW_12,train,train,False,1.1654988529591361,904,2,2,A__DW,A__DW
trimMA342_1200rpm_Avv__D_03,trimMA342_1200rpm_Avv__Dvv_13,train,train,False,1.1656892358538822,905,3,5,Avv__D,Avv__Dvv
trimMA342_1200rpm_A__Dvv_00,trimMA342_1200rpm_A__Dvv_03,test,validation,True,1.1658442716836244,906,4,4,A__Dvv,A__Dvv
trimMA342_1200rpm_AW__D_00,trimMA342_1200rpm_AW__D_15,train,validation,True,1.165869245145398,907,1,1,AW__D,AW__D
trimMA342_1200rpm_Avv__Dvv_09,trimMA342_1200rpm_Avv__Dvv_11,validation,validation,False,1.1660998579700292,908,5,5,Avv__Dvv,Avv__Dvv
trimMA342_1200rpm_A__Dvv_10,trimMA342_1200rpm_Avv__D_06,test,test,False,1.1664175064694216,909,4,3,A__Dvv,Avv__D
trimMA342_1200rpm_Avv__D_07,trimMA342_1200rpm_Avv__Dvv_12,train,train,False,1.1664561031993574,910,3,5,Avv__D,Avv__Dvv
trimMA342_1200rpm_A__Dvv_03,trimMA342_1200rpm_Avv__D_02,validation,train,True,1.1668238127785866,911,4,3,A__Dvv,Avv__D
trimMA342_1200rpm_Avv__Dvv_06,trimMA342_1200rpm_Avv__Dvv_14,test,test,False,1.1670374050171277,912,5,5,Avv__Dvv,Avv__Dvv
trimMA342_1200rpm_A__D_03,trimMA342_1200rpm_A__D_06,train,train,False,1.167183529655858,913,0,0,A__D,A__D
trimMA342_1200rpm_Avv__D_05,trimMA342_1200rpm_Avv__Dvv_00,train,test,True,1.1676816654739721,914,3,5,Avv__D,Avv__Dvv
trimMA342_1200rpm_Avv__Dvv_02,trimMA342_1200rpm_Avv__Dvv_07,train,validation,True,1.1677270199770156,915,5,5,Avv__Dvv,Avv__Dvv
trimMA342_1200rpm_AW__D_04,trimMA342_1200rpm_AW__D_14,train,train,False,1.1677592765742588,916,1,1,AW__D,AW__D
trimMA342_1200rpm_Avv__Dvv_03,trimMA342_1200rpm_AW__D_06,train,test,True,1.1677757972429341,917,5,1,Avv__Dvv,AW__D
trimMA342_1200rpm_A__DW_05,trimMA342_1200rpm_AW__D_00,train,train,False,1.1678682948477908,918,2,1,A__DW,AW__D
trimMA342_1200rpm_Avv__Dvv_06,trimMA342_1200rpm_AW__D_12,test,train,True,1.1679698035481525,919,5,1,Avv__Dvv,AW__D
trimMA342_1200rpm_AW__D_08,trimMA342_1200rpm_AW__D_13,train,test,True,1.1680695279877569,920,1,1,AW__D,AW__D
trimMA342_1200rpm_A__Dvv_03,trimMA342_1200rpm_AW__D_11,validation,test,True,1.168131097651691,921,4,1,A__Dvv,AW__D
trimMA342_1200rpm_A__Dvv_06,trimMA342_1200rpm_AW__D_03,validation,train,True,1.1682106301222925,922,4,1,A__Dvv,AW__D
trimMA342_1200rpm_AW__D_04,trimMA342_1200rpm_AW__D_07,train,train,False,1.1683946058170338,923,1,1,AW__D,AW__D
trimMA342_1200rpm_Avv__D_09,trimMA342_1200rpm_Avv__D_13,validation,test,True,1.168511024385208,924,3,3,Avv__D,Avv__D
trimMA342_1200rpm_Avv__D_02,trimMA342_1200rpm_AW__D_07,train,train,False,1.1687759215340006,925,3,1,Avv__D,AW__D
trimMA342_1200rpm_Avv__Dvv_09,trimMA342_1200rpm_AW__D_12,validation,train,True,1.1688892188586997,926,5,1,Avv__Dvv,AW__D
trimMA342_1200rpm_Avv__D_10,trimMA342_1200rpm_AW__D_10,train,validation,True,1.1692327765720614,927,3,1,Avv__D,AW__D
trimMA342_1200rpm_A__DW_10,trimMA342_1200rpm_Avv__Dvv_00,test,test,False,1.1694095002506444,928,2,5,A__DW,Avv__Dvv
trimMA342_1200rpm_A__Dvv_00,trimMA342_1200rpm_Avv__D_12,test,test,False,1.1695397627993795,929,4,3,A__Dvv,Avv__D
trimMA342_1200rpm_A__Dvv_01,trimMA342_1200rpm_Avv__Dvv_13,train,train,False,1.1699924403036754,930,4,5,A__Dvv,Avv__Dvv
trimMA342_1200rpm_Avv__D_06,trimMA342_1200rpm_Avv__Dvv_15,test,train,True,1.1700277234258243,931,3,5,Avv__D,Avv__Dvv
trimMA342_1200rpm_A__Dvv_04,trimMA342_1200rpm_Avv__D_07,train,train,False,1.1700462897537283,932,4,3,A__Dvv,Avv__D
trimMA342_1200rpm_A__D_03,trimMA342_1200rpm_A__D_05,train,validation,True,1.1701262573177553,933,0,0,A__D,A__D
trimMA342_1200rpm_A__Dvv_07,trimMA342_1200rpm_A__Dvv_14,train,test,True,1.1702739173632684,934,4,4,A__Dvv,A__Dvv
trimMA342_1200rpm_A__Dvv_06,trimMA342_1200rpm_Avv__Dvv_09,validation,validation,False,1.170404465924648,935,4,5,A__Dvv,Avv__Dvv
trimMA342_1200rpm_A__Dvv_06,trimMA342_1200rpm_AW__D_06,validation,test,True,1.1705711566031063,936,4,1,A__Dvv,AW__D
trimMA342_1200rpm_Avv__Dvv_07,trimMA342_1200rpm_AW__D_11,validation,test,True,1.1706089220663811,937,5,1,Avv__Dvv,AW__D
trimMA342_1200rpm_A__Dvv_02,trimMA342_1200rpm_AW__D_15,test,validation,True,1.1707966870910027,938,4,1,A__Dvv,AW__D
trimMA342_1200rpm_A__Dvv_12,trimMA342_1200rpm_Avv__D_10,train,train,False,1.1712208416421521,939,4,3,A__Dvv,Avv__D
trimMA342_1200rpm_Avv__D_12,trimMA342_1200rpm_Avv__Dvv_14,test,test,False,1.171221089628585,940,3,5,Avv__D,Avv__Dvv
trimMA342_1200rpm_A__Dvv_12,trimMA342_1200rpm_Avv__Dvv_15,train,train,False,1.171240536721192,941,4,5,A__Dvv,Avv__Dvv
trimMA342_1200rpm_Avv__Dvv_10,trimMA342_1200rpm_AW__D_09,test,validation,True,1.1712943138856637,942,5,1,Avv__Dvv,AW__D
trimMA342_1200rpm_Avv__Dvv_02,trimMA342_1200rpm_AW__D_03,train,train,False,1.1714776382864112,943,5,1,Avv__Dvv,AW__D
trimMA342_1200rpm_A__Dvv_11,trimMA342_1200rpm_AW__D_15,validation,validation,False,1.1714920991138287,944,4,1,A__Dvv,AW__D
trimMA342_1200rpm_A__DW_05,trimMA342_1200rpm_A__DW_12,train,train,False,1.1716827122123368,945,2,2,A__DW,A__DW
trimMA342_1200rpm_A__Dvv_12,trimMA342_1200rpm_AW__D_12,train,train,False,1.171783220513401,946,4,1,A__Dvv,AW__D
trimMA342_1200rpm_A__Dvv_08,trimMA342_1200rpm_AW__D_11,validation,test,True,1.1719433686857303,947,4,1,A__Dvv,AW__D
trimMA342_1200rpm_A__Dvv_06,trimMA342_1200rpm_Avv__D_15,validation,train,True,1.172348639763734,948,4,3,A__Dvv,Avv__D
trimMA342_1200rpm_A__Dvv_07,trimMA342_1200rpm_Avv__Dvv_11,train,validation,True,1.1724361259574025,949,4,5,A__Dvv,Avv__Dvv
trimMA342_1200rpm_A__Dvv_11,trimMA342_1200rpm_AW__D_14,validation,train,True,1.1726397958807493,950,4,1,A__Dvv,AW__D
trimMA342_1200rpm_A__Dvv_01,trimMA342_1200rpm_Avv__D_02,train,train,False,1.1726997848035159,951,4,3,A__Dvv,Avv__D
trimMA342_1200rpm_A__Dvv_03,trimMA342_1200rpm_A__Dvv_10,validation,test,True,1.1727194974382067,952,4,4,A__Dvv,A__Dvv
trimMA342_1200rpm_Avv__D_12,trimMA342_1200rpm_AW__D_15,test,validation,True,1.1728387084542482,953,3,1,Avv__D,AW__D
trimMA342_1200rpm_A__Dvv_05,trimMA342_1200rpm_A__Dvv_12,train,train,False,1.172923287833876,954,4,4,A__Dvv,A__Dvv
trimMA342_1200rpm_A__Dvv_03,trimMA342_1200rpm_Avv__D_08,validation,train,True,1.1729564678342201,955,4,3,A__Dvv,Avv__D
trimMA342_1200rpm_Avv__D_01,trimMA342_1200rpm_Avv__D_08,validation,train,True,1.173133625825288,956,3,3,Avv__D,Avv__D
trimMA342_1200rpm_A__Dvv_08,trimMA342_1200rpm_Avv__Dvv_02,validation,train,True,1.1731621406195851,957,4,5,A__Dvv,Avv__Dvv
trimMA342_1200rpm_A__DW_06,trimMA342_1200rpm_A__DW_11,validation,train,True,1.1732101108025896,958,2,2,A__DW,A__DW
trimMA342_1200rpm_Avv__D_11,trimMA342_1200rpm_Avv__Dvv_04,train,train,False,1.1732177473778715,959,3,5,Avv__D,Avv__Dvv
trimMA342_1200rpm_A__Dvv_09,trimMA342_1200rpm_Avv__D_00,train,test,True,1.173884408749448,960,4,3,A__Dvv,Avv__D
trimMA342_1200rpm_A__Dvv_06,trimMA342_1200rpm_Avv__Dvv_15,validation,train,True,1.1739104114825383,961,4,5,A__Dvv,Avv__Dvv
trimMA342_1200rpm_A__D_05,trimMA342_1200rpm_Avv__D_11,validation,train,True,1.1742887721839828,962,0,3,A__D,Avv__D
trimMA342_1200rpm_Avv__Dvv_02,trimMA342_1200rpm_AW__D_06,train,test,True,1.1748433742927873,963,5,1,Avv__Dvv,AW__D
trimMA342_1200rpm_A__Dvv_11,trimMA342_1200rpm_A__Dvv_15,validation,train,True,1.1749115483551766,964,4,4,A__Dvv,A__Dvv
trimMA342_1200rpm_A__Dvv_06,trimMA342_1200rpm_Avv__Dvv_13,validation,train,True,1.1749738199545605,965,4,5,A__Dvv,Avv__Dvv
trimMA342_1200rpm_Avv__D_07,trimMA342_1200rpm_Avv__D_13,train,test,True,1.1754258073586803,966,3,3,Avv__D,Avv__D
trimMA342_1200rpm_A__Dvv_07,trimMA342_1200rpm_Avv__D_10,train,train,False,1.1755608874873134,967,4,3,A__Dvv,Avv__D
trimMA342_1200rpm_A__D_03,trimMA342_1200rpm_A__D_04,train,validation,True,1.1756426402745142,968,0,0,A__D,A__D
trimMA342_1200rpm_A__Dvv_09,trimMA342_1200rpm_Avv__Dvv_13,train,train,False,1.1758992224132552,969,4,5,A__Dvv,Avv__Dvv
trimMA342_1200rpm_A__D_02,trimMA342_1200rpm_A__D_08,validation,test,True,1.1759423944206366,970,0,0,A__D,A__D
trimMA342_1200rpm_A__Dvv_02,trimMA342_1200rpm_Avv__D_09,test,validation,True,1.1759448609213223,971,4,3,A__Dvv,Avv__D
trimMA342_1200rpm_A__Dvv_04,trimMA342_1200rpm_Avv__D_00,train,test,True,1.1759989801465551,972,4,3,A__Dvv,Avv__D
trimMA342_1200rpm_A__Dvv_04,trimMA342_1200rpm_Avv__Dvv_05,train,train,False,1.1763366680109102,973,4,5,A__Dvv,Avv__Dvv
trimMA342_1200rpm_A__Dvv_08,trimMA342_1200rpm_Avv__D_01,validation,validation,False,1.17648698406819,974,4,3,A__Dvv,Avv__D
trimMA342_1200rpm_A__Dvv_11,trimMA342_1200rpm_Avv__D_03,validation,train,True,1.1765493957230626,975,4,3,A__Dvv,Avv__D
trimMA342_1200rpm_A__DW_15,trimMA342_1200rpm_AW__D_08,validation,train,True,1.176698224555203,976,2,1,A__DW,AW__D
trimMA342_1200rpm_A__Dvv_07,trimMA342_1200rpm_Avv__D_12,train,test,True,1.1770384836779746,977,4,3,A__Dvv,Avv__D
trimMA342_1200rpm_A__DW_07,trimMA342_1200rpm_A__DW_15,test,validation,True,1.177091701793214,978,2,2,A__DW,A__DW
trimMA342_1200rpm_A__Dvv_00,trimMA342_1200rpm_AW__D_12,test,train,True,1.1772250118710113,979,4,1,A__Dvv,AW__D
trimMA342_1200rpm_Avv__D_01,trimMA342_1200rpm_Avv__Dvv_02,validation,train,True,1.1774776784171734,980,3,5,Avv__D,Avv__Dvv
trimMA342_1200rpm_A__Dvv_01,trimMA342_1200rpm_Avv__Dvv_00,train,test,True,1.17759732590493,981,4,5,A__Dvv,Avv__Dvv
trimMA342_1200rpm_A__Dvv_12,trimMA342_1200rpm_Avv__D_14,train,validation,True,1.1776686510834875,982,4,3,A__Dvv,Avv__D
trimMA342_1200rpm_Avv__D_05,trimMA342_1200rpm_AW__D_12,train,train,False,1.1780304233943932,983,3,1,Avv__D,AW__D
trimMA342_1200rpm_Avv__Dvv_00,trimMA342_1200rpm_Avv__Dvv_06,test,test,False,1.1781046433296682,984,5,5,Avv__Dvv,Avv__Dvv
trimMA342_1200rpm_Avv__D_01,trimMA342_1200rpm_Avv__D_14,validation,validation,False,1.178190586295217,985,3,3,Avv__D,Avv__D
trimMA342_1200rpm_AW__D_05,trimMA342_1200rpm_AW__D_09,test,validation,True,1.1783461483703994,986,1,1,AW__D,AW__D
trimMA342_1200rpm_A__DW_11,trimMA342_1200rpm_A__DW_14,train,train,False,1.1784967388823502,987,2,2,A__DW,A__DW
trimMA342_1200rpm_AW__D_05,trimMA342_1200rpm_AW__D_13,test,test,False,1.1786815443365017,988,1,1,AW__D,AW__D
trimMA342_1200rpm_A__Dvv_02,trimMA342_1200rpm_Avv__D_05,test,train,True,1.1786897229882318,989,4,3,A__Dvv,Avv__D
trimMA342_1200rpm_A__DW_06,trimMA342_1200rpm_Avv__Dvv_00,validation,test,True,1.1790023013957727,990,2,5,A__DW,Avv__Dvv
trimMA342_1200rpm_A__Dvv_08,trimMA342_1200rpm_A__Dvv_10,validation,test,True,1.1790028588136126,991,4,4,A__Dvv,A__Dvv
trimMA342_1200rpm_Avv__Dvv_07,trimMA342_1200rpm_Avv__Dvv_11,validation,validation,False,1.1790873285932115,992,5,5,Avv__Dvv,Avv__Dvv
trimMA342_1200rpm_Avv__D_04,trimMA342_1200rpm_Avv__Dvv_00,validation,test,True,1.1798992748791168,993,3,5,Avv__D,Avv__Dvv
trimMA342_1200rpm_A__DW_10,trimMA342_1200rpm_AW__D_04,test,train,True,1.180156007175704,994,2,1,A__DW,AW__D
trimMA342_1200rpm_Avv__D_03,trimMA342_1200rpm_Avv__D_12,train,test,True,1.1802763839965458,995,3,3,Avv__D,Avv__D
trimMA342_1200rpm_A__DW_07,trimMA342_1200rpm_A__DW_12,test,train,True,1.1804716313955503,996,2,2,A__DW,A__DW
trimMA342_1200rpm_Avv__D_04,trimMA342_1200rpm_Avv__Dvv_02,validation,train,True,1.1807688792875328,997,3,5,Avv__D,Avv__Dvv
trimMA342_1200rpm_A__Dvv_04,trimMA342_1200rpm_AW__D_11,train,test,True,1.1807709595241618,998,4,1,A__Dvv,AW__D
trimMA342_1200rpm_Avv__D_03,trimMA342_1200rpm_Avv__Dvv_03,train,train,False,1.180995702631684,999,3,5,Avv__D,Avv__Dvv
trimMA342_1200rpm_Avv__Dvv_10,trimMA342_1200rpm_AW__D_04,test,train,True,1.181066150053537,1000,5,1,Avv__Dvv,AW__D
trimMA342_1200rpm_Avv__Dvv_14,trimMA342_1200rpm_AW__D_07,test,train,True,1.1810738061735135,1001,5,1,Avv__Dvv,AW__D
trimMA342_1200rpm_A__Dvv_01,trimMA342_1200rpm_A__Dvv_11,train,validation,True,1.18107651696561,1002,4,4,A__Dvv,A__Dvv
trimMA342_1200rpm_A__Dvv_03,trimMA342_1200rpm_Avv__D_14,validation,validation,False,1.1813965112712412,1003,4,3,A__Dvv,Avv__D
trimMA342_1200rpm_Avv__Dvv_03,trimMA342_1200rpm_AW__D_13,train,test,True,1.1814915764795828,1004,5,1,Avv__Dvv,AW__D
trimMA342_1200rpm_A__DW_15,trimMA342_1200rpm_AW__D_01,validation,validation,False,1.182009511705328,1005,2,1,A__DW,AW__D
trimMA342_1200rpm_Avv__Dvv_05,trimMA342_1200rpm_AW__D_02,train,train,False,1.1820486312592304,1006,5,1,Avv__Dvv,AW__D
trimMA342_1200rpm_A__Dvv_08,trimMA342_1200rpm_Avv__Dvv_07,validation,validation,False,1.1822258028896293,1007,4,5,A__Dvv,Avv__Dvv
trimMA342_1200rpm_A__Dvv_08,trimMA342_1200rpm_Avv__D_13,validation,test,True,1.1823130363930838,1008,4,3,A__Dvv,Avv__D
trimMA342_1200rpm_Avv__D_14,trimMA342_1200rpm_Avv__Dvv_12,validation,train,True,1.1823852576395288,1009,3,5,Avv__D,Avv__Dvv
trimMA342_1200rpm_A__Dvv_08,trimMA342_1200rpm_Avv__D_03,validation,train,True,1.1824323772377696,1010,4,3,A__Dvv,Avv__D
trimMA342_1200rpm_A__DW_05,trimMA342_1200rpm_AW__D_01,train,validation,True,1.1825088507204633,1011,2,1,A__DW,AW__D
trimMA342_1200rpm_A__Dvv_06,trimMA342_1200rpm_Avv__D_00,validation,test,True,1.183237290000229,1012,4,3,A__Dvv,Avv__D
trimMA342_1200rpm_Avv__D_11,trimMA342_1200rpm_Avv__D_12,train,test,True,1.183414748361895,1013,3,3,Avv__D,Avv__D
trimMA342_1200rpm_A__DW_15,trimMA342_1200rpm_AW__D_09,validation,validation,False,1.183711430271878,1014,2,1,A__DW,AW__D
trimMA342_1200rpm_Avv__D_09,trimMA342_1200rpm_AW__D_14,validation,train,True,1.183833608965909,1015,3,1,Avv__D,AW__D
trimMA342_1200rpm_A__Dvv_15,trimMA342_1200rpm_Avv__Dvv_15,train,train,False,1.1838647693353272,1016,4,5,A__Dvv,Avv__Dvv
trimMA342_1200rpm_A__D_03,trimMA342_1200rpm_A__D_09,train,train,False,1.183873752995584,1017,0,0,A__D,A__D
trimMA342_1200rpm_Avv__D_06,trimMA342_1200rpm_Avv__Dvv_14,test,test,False,1.1838977022251158,1018,3,5,Avv__D,Avv__Dvv
trimMA342_1200rpm_A__Dvv_11,trimMA342_1200rpm_Avv__D_04,validation,validation,False,1.1842583068502368,1019,4,3,A__Dvv,Avv__D
trimMA342_1200rpm_A__D_09,trimMA342_1200rpm_A__D_15,train,train,False,1.1843953837482195,1020,0,0,A__D,A__D
trimMA342_1200rpm_Avv__D_06,trimMA342_1200rpm_Avv__Dvv_00,test,test,False,1.1845557152888584,1021,3,5,Avv__D,Avv__Dvv
trimMA342_1200rpm_Avv__Dvv_15,trimMA342_1200rpm_AW__D_10,train,validation,True,1.1846067336427386,1022,5,1,Avv__Dvv,AW__D
trimMA342_1200rpm_Avv__D_07,trimMA342_1200rpm_Avv__Dvv_08,train,validation,True,1.184687801654585,1023,3,5,Avv__D,Avv__Dvv
trimMA342_1200rpm_Avv__D_05,trimMA342_1200rpm_Avv__Dvv_12,train,train,False,1.1847472899756222,1024,3,5,Avv__D,Avv__Dvv
trimMA342_1200rpm_A__Dvv_02,trimMA342_1200rpm_AW__D_12,test,train,True,1.1852016520464614,1025,4,1,A__Dvv,AW__D
trimMA342_1200rpm_A__Dvv_02,trimMA342_1200rpm_AW__D_07,test,train,True,1.185231947814489,1026,4,1,A__Dvv,AW__D
trimMA342_1200rpm_A__Dvv_03,trimMA342_1200rpm_AW__D_07,validation,train,True,1.1854075509637159,1027,4,1,A__Dvv,AW__D
trimMA342_1200rpm_A__Dvv_12,trimMA342_1200rpm_Avv__Dvv_11,train,validation,True,1.1855361247269731,1028,4,5,A__Dvv,Avv__Dvv
trimMA342_1200rpm_Avv__D_07,trimMA342_1200rpm_Avv__Dvv_14,train,test,True,1.185846205279009,1029,3,5,Avv__D,Avv__Dvv
trimMA342_1200rpm_A__DW_04,trimMA342_1200rpm_A__DW_09,validation,train,True,1.1859604348518287,1030,2,2,A__DW,A__DW
trimMA342_1200rpm_A__Dvv_14,trimMA342_1200rpm_AW__D_15,test,validation,True,1.1859819276086425,1031,4,1,A__Dvv,AW__D
trimMA342_1200rpm_A__DW_03,trimMA342_1200rpm_A__DW_13,test,train,True,1.185990024122376,1032,2,2,A__DW,A__DW
trimMA342_1200rpm_A__Dvv_01,trimMA342_1200rpm_Avv__D_06,train,test,True,1.1861480853425082,1033,4,3,A__Dvv,Avv__D
trimMA342_1200rpm_Avv__D_06,trimMA342_1200rpm_Avv__D_08,test,train,True,1.1862425814741608,1034,3,3,Avv__D,Avv__D
trimMA342_1200rpm_A__Dvv_03,trimMA342_1200rpm_Avv__Dvv_04,validation,train,True,1.1864028910521784,1035,4,5,A__Dvv,Avv__Dvv
trimMA342_1200rpm_A__Dvv_02,trimMA342_1200rpm_Avv__D_04,test,validation,True,1.1864930661046922,1036,4,3,A__Dvv,Avv__D
trimMA342_1200rpm_Avv__D_06,trimMA342_1200rpm_Avv__Dvv_07,test,validation,True,1.1866938848214632,1037,3,5,Avv__D,Avv__Dvv
trimMA342_1200rpm_A__Dvv_15,trimMA342_1200rpm_Avv__Dvv_13,train,train,False,1.1867018393508826,1038,4,5,A__Dvv,Avv__Dvv
trimMA342_1200rpm_Avv__D_02,trimMA342_1200rpm_Avv__Dvv_05,train,train,False,1.1867936793155973,1039,3,5,Avv__D,Avv__Dvv
trimMA342_1200rpm_Avv__Dvv_12,trimMA342_1200rpm_AW__D_03,train,train,False,1.186942864995586,1040,5,1,Avv__Dvv,AW__D
trimMA342_1200rpm_Avv__Dvv_06,trimMA342_1200rpm_AW__D_10,test,validation,True,1.1870273817932229,1041,5,1,Avv__Dvv,AW__D
trimMA342_1200rpm_A__Dvv_07,trimMA342_1200rpm_Avv__Dvv_13,train,train,False,1.1871051701750266,1042,4,5,A__Dvv,Avv__Dvv
trimMA342_1200rpm_Avv__Dvv_13,trimMA342_1200rpm_AW__D_03,train,train,False,1.187165612561756,1043,5,1,Avv__Dvv,AW__D
trimMA342_1200rpm_A__DW_05,trimMA342_1200rpm_A__DW_09,train,train,False,1.187245001875811,1044,2,2,A__DW,A__DW
trimMA342_1200rpm_A__Dvv_09,trimMA342_1200rpm_Avv__Dvv_10,train,test,True,1.1873222086756472,1045,4,5,A__Dvv,Avv__Dvv
trimMA342_1200rpm_Avv__D_01,trimMA342_1200rpm_Avv__D_12,validation,test,True,1.1873389453291776,1046,3,3,Avv__D,Avv__D
trimMA342_1200rpm_Avv__D_08,trimMA342_1200rpm_Avv__D_09,train,validation,True,1.1874864088839916,1047,3,3,Avv__D,Avv__D
trimMA342_1200rpm_Avv__Dvv_04,trimMA342_1200rpm_Avv__Dvv_05,train,train,False,1.1875802114310197,1048,5,5,Avv__Dvv,Avv__Dvv
trimMA342_1200rpm_Avv__Dvv_13,trimMA342_1200rpm_AW__D_08,train,train,False,1.1875806483049143,1049,5,1,Avv__Dvv,AW__D
trimMA342_1200rpm_A__Dvv_05,trimMA342_1200rpm_Avv__D_15,train,train,False,1.1876437017421861,1050,4,3,A__Dvv,Avv__D
trimMA342_1200rpm_Avv__Dvv_14,trimMA342_1200rpm_AW__D_15,test,validation,True,1.187657422626412,1051,5,1,Avv__Dvv,AW__D
trimMA342_1200rpm_A__Dvv_07,trimMA342_1200rpm_Avv__Dvv_08,train,validation,True,1.1878616948993126,1052,4,5,A__Dvv,Avv__Dvv
trimMA342_1200rpm_AW__D_08,trimMA342_1200rpm_AW__D_12,train,train,False,1.1880428540906942,1053,1,1,AW__D,AW__D
trimMA342_1200rpm_Avv__D_06,trimMA342_1200rpm_AW__D_15,test,validation,True,1.1881349703600879,1054,3,1,Avv__D,AW__D
trimMA342_1200rpm_A__Dvv_13,trimMA342_1200rpm_Avv__D_08,train,train,False,1.1882226529713995,1055,4,3,A__Dvv,Avv__D
trimMA342_1200rpm_Avv__Dvv_07,trimMA342_1200rpm_AW__D_13,validation,test,True,1.1892311721871252,1056,5,1,Avv__Dvv,AW__D
trimMA342_1200rpm_A__DW_15,trimMA342_1200rpm_AW__D_05,validation,test,True,1.1892455211844202,1057,2,1,A__DW,AW__D
trimMA342_1200rpm_A__DW_10,trimMA342_1200rpm_AW__D_08,test,train,True,1.1893098980367178,1058,2,1,A__DW,AW__D
trimMA342_1200rpm_A__Dvv_11,trimMA342_1200rpm_A__Dvv_14,validation,test,True,1.1893605021996294,1059,4,4,A__Dvv,A__Dvv
trimMA342_1200rpm_Avv__D_09,trimMA342_1200rpm_AW__D_11,validation,test,True,1.1896142095554185,1060,3,1,Avv__D,AW__D
trimMA342_1200rpm_A__Dvv_07,trimMA342_1200rpm_Avv__D_08,train,train,False,1.1900693263902997,1061,4,3,A__Dvv,Avv__D
trimMA342_1200rpm_Avv__D_06,trimMA342_1200rpm_Avv__Dvv_03,test,train,True,1.1902590328023106,1062,3,5,Avv__D,Avv__Dvv
trimMA342_1200rpm_A__DW_06,trimMA342_1200rpm_AW__D_01,validation,validation,False,1.1910148367354918,1063,2,1,A__DW,AW__D
trimMA342_1200rpm_A__DW_04,trimMA342_1200rpm_AW__D_02,validation,train,True,1.1914743748083128,1064,2,1,A__DW,AW__D
trimMA342_1200rpm_A__Dvv_09,trimMA342_1200rpm_AW__D_01,train,validation,True,1.1917550791945035,1065,4,1,A__Dvv,AW__D
trimMA342_1200rpm_Avv__D_02,trimMA342_1200rpm_Avv__Dvv_04,train,train,False,1.1918357306854037,1066,3,5,Avv__D,Avv__Dvv
trimMA342_1200rpm_A__Dvv_05,trimMA342_1200rpm_Avv__D_12,train,test,True,1.1921583496799366,1067,4,3,A__Dvv,Avv__D
trimMA342_1200rpm_A__Dvv_14,trimMA342_1200rpm_Avv__Dvv_13,test,train,True,1.192405471209661,1068,4,5,A__Dvv,Avv__Dvv
trimMA342_1200rpm_Avv__D_06,trimMA342_1200rpm_Avv__Dvv_13,test,train,True,1.1924789928682564,1069,3,5,Avv__D,Avv__Dvv
trimMA342_1200rpm_A__Dvv_09,trimMA342_1200rpm_AW__D_03,train,train,False,1.1925669785865909,1070,4,1,A__Dvv,AW__D
trimMA342_1200rpm_A__Dvv_02,trimMA342_1200rpm_Avv__Dvv_14,test,test,False,1.1926520700011578,1071,4,5,A__Dvv,Avv__Dvv
trimMA342_1200rpm_A__D_02,trimMA342_1200rpm_A__D_07,validation,train,True,1.192792564377304,1072,0,0,A__D,A__D
trimMA342_1200rpm_Avv__Dvv_08,trimMA342_1200rpm_AW__D_07,validation,train,True,1.1929610074004064,1073,5,1,Avv__Dvv,AW__D
trimMA342_1200rpm_Avv__Dvv_10,trimMA342_1200rpm_Avv__Dvv_15,test,train,True,1.1935599474345178,1074,5,5,Avv__Dvv,Avv__Dvv
trimMA342_1200rpm_A__Dvv_02,trimMA342_1200rpm_AW__D_06,test,test,False,1.1935780969714542,1075,4,1,A__Dvv,AW__D
trimMA342_1200rpm_A__Dvv_09,trimMA342_1200rpm_AW__D_11,train,test,True,1.1938416076263556,1076,4,1,A__Dvv,AW__D
trimMA342_1200rpm_A__Dvv_05,trimMA342_1200rpm_A__Dvv_10,train,test,True,1.1938788717413666,1077,4,4,A__Dvv,A__Dvv
trimMA342_1200rpm_A__DW_07,trimMA342_1200rpm_A__DW_09,test,train,True,1.1939444187460035,1078,2,2,A__DW,A__DW
trimMA342_1200rpm_A__Dvv_15,trimMA342_1200rpm_Avv__D_01,train,validation,True,1.1940795876296784,1079,4,3,A__Dvv,Avv__D
trimMA342_1200rpm_A__Dvv_14,trimMA342_1200rpm_Avv__D_07,test,train,True,1.194098006982806,1080,4,3,A__Dvv,Avv__D
trimMA342_1200rpm_A__Dvv_15,trimMA342_1200rpm_Avv__Dvv_08,train,validation,True,1.1941939113856077,1081,4,5,A__Dvv,Avv__Dvv
trimMA342_1200rpm_A__Dvv_00,trimMA342_1200rpm_A__Dvv_13,test,train,True,1.194202758292078,1082,4,4,A__Dvv,A__Dvv
trimMA342_1200rpm_A__DW_02,trimMA342_1200rpm_A__DW_15,validation,validation,False,1.1942387354221733,1083,2,2,A__DW,A__DW
trimMA342_1200rpm_A__Dvv_12,trimMA342_1200rpm_Avv__Dvv_10,train,test,True,1.1943705757721987,1084,4,5,A__Dvv,Avv__Dvv
trimMA342_1200rpm_A__DW_01,trimMA342_1200rpm_A__DW_10,test,test,False,1.1944776287592176,1085,2,2,A__DW,A__DW
trimMA342_1200rpm_Avv__D_12,trimMA342_1200rpm_Avv__D_15,test,train,True,1.1944882259844218,1086,3,3,Avv__D,Avv__D
trimMA342_1200rpm_A__Dvv_08,trimMA342_1200rpm_Avv__Dvv_08,validation,validation,False,1.1945453120361025,1087,4,5,A__Dvv,Avv__Dvv
trimMA342_1200rpm_Avv__D_02,trimMA342_1200rpm_Avv__Dvv_00,train,test,True,1.1945851934417222,1088,3,5,Avv__D,Avv__Dvv
trimMA342_1200rpm_Avv__Dvv_14,trimMA342_1200rpm_AW__D_06,test,test,False,1.19481522128854,1089,5,1,Avv__Dvv,AW__D
trimMA342_1200rpm_Avv__D_04,trimMA342_1200rpm_Avv__Dvv_13,validation,train,True,1.195424294636239,1090,3,5,Avv__D,Avv__Dvv
trimMA342_1200rpm_Avv__Dvv_11,trimMA342_1200rpm_Avv__Dvv_15,validation,train,True,1.1956290547656954,1091,5,5,Avv__Dvv,Avv__Dvv
trimMA342_1200rpm_A__D_04,trimMA342_1200rpm_A__D_15,validation,train,True,1.1956595183716143,1092,0,0,A__D,A__D
trimMA342_1200rpm_A__Dvv_01,trimMA342_1200rpm_Avv__D_09,train,validation,True,1.1957749372333977,1093,4,3,A__Dvv,Avv__D
trimMA342_1200rpm_A__Dvv_07,trimMA342_1200rpm_Avv__Dvv_03,train,train,False,1.1961143429841663,1094,4,5,A__Dvv,Avv__Dvv
trimMA342_1200rpm_A__Dvv_01,trimMA342_1200rpm_Avv__D_15,train,train,False,1.1961924368826296,1095,4,3,A__Dvv,Avv__D
trimMA342_1200rpm_A__Dvv_09,trimMA342_1200rpm_Avv__D_12,train,test,True,1.1962467482085997,1096,4,3,A__Dvv,Avv__D
trimMA342_1200rpm_Avv__Dvv_02,trimMA342_1200rpm_Avv__Dvv_06,train,test,True,1.196277067027297,1097,5,5,Avv__Dvv,Avv__Dvv
trimMA342_1200rpm_Avv__Dvv_13,trimMA342_1200rpm_AW__D_01,train,validation,True,1.196475727970696,1098,5,1,Avv__Dvv,AW__D
trimMA342_1200rpm_A__Dvv_12,trimMA342_1200rpm_Avv__D_06,train,test,True,1.1966090716430253,1099,4,3,A__Dvv,Avv__D
trimMA342_1200rpm_A__DW_06,trimMA342_1200rpm_AW__D_05,validation,test,True,1.1966530380622495,1100,2,1,A__DW,AW__D
trimMA342_1200rpm_A__Dvv_07,trimMA342_1200rpm_AW__D_00,train,train,False,1.1969621512546047,1101,4,1,A__Dvv,AW__D
trimMA342_1200rpm_AW__D_00,trimMA342_1200rpm_AW__D_13,train,test,True,1.1972023132907144,1102,1,1,AW__D,AW__D
trimMA342_1200rpm_A__D_07,trimMA342_1200rpm_A__D_11,train,train,False,1.1972235141729335,1103,0,0,A__D,A__D
trimMA342_1200rpm_A__Dvv_04,trimMA342_1200rpm_Avv__D_12,train,test,True,1.197287612181218,1104,4,3,A__Dvv,Avv__D
trimMA342_1200rpm_A__Dvv_08,trimMA342_1200rpm_Avv__Dvv_05,validation,train,True,1.1973124026993625,1105,4,5,A__Dvv,Avv__Dvv
trimMA342_1200rpm_Avv__Dvv_08,trimMA342_1200rpm_AW__D_01,validation,validation,False,1.1975481198853832,1106,5,1,Avv__Dvv,AW__D
trimMA342_1200rpm_A__Dvv_02,trimMA342_1200rpm_Avv__Dvv_04,test,train,True,1.1978365626564955,1107,4,5,A__Dvv,Avv__Dvv
trimMA342_1200rpm_AW__D_09,trimMA342_1200rpm_AW__D_13,validation,test,True,1.1986940999637061,1108,1,1,AW__D,AW__D
trimMA342_1200rpm_A__DW_11,trimMA342_1200rpm_AW__D_01,train,validation,True,1.1987675961077717,1109,2,1,A__DW,AW__D
trimMA342_1200rpm_A__DW_05,trimMA342_1200rpm_AW__D_02,train,train,False,1.1988196389915196,1110,2,1,A__DW,AW__D
trimMA342_1200rpm_Avv__D_01,trimMA342_1200rpm_AW__D_10,validation,validation,False,1.1988234176836945,1111,3,1,Avv__D,AW__D
trimMA342_1200rpm_A__Dvv_05,trimMA342_1200rpm_Avv__D_07,train,train,False,1.1989080503342813,1112,4,3,A__Dvv,Avv__D
trimMA342_1200rpm_Avv__D_06,trimMA342_1200rpm_Avv__Dvv_08,test,validation,True,1.199242841755127,1113,3,5,Avv__D,Avv__Dvv
trimMA342_1200rpm_Avv__D_07,trimMA342_1200rpm_Avv__D_10,train,train,False,1.1993889466381533,1114,3,3,Avv__D,Avv__D
trimMA342_1200rpm_Avv__D_05,trimMA342_1200rpm_AW__D_14,train,train,False,1.1999016533686924,1115,3,1,Avv__D,AW__D
trimMA342_1200rpm_Avv__Dvv_00,trimMA342_1200rpm_AW__D_04,test,train,True,1.2000175701686602,1116,5,1,Avv__Dvv,AW__D
trimMA342_1200rpm_Avv__Dvv_04,trimMA342_1200rpm_Avv__Dvv_10,train,test,True,1.2001268748681184,1117,5,5,Avv__Dvv,Avv__Dvv
trimMA342_1200rpm_Avv__D_02,trimMA342_1200rpm_Avv__D_08,train,train,False,1.2006407675031863,1118,3,3,Avv__D,Avv__D
trimMA342_1200rpm_A__Dvv_01,trimMA342_1200rpm_Avv__Dvv_05,train,train,False,1.200722637863385,1119,4,5,A__Dvv,Avv__Dvv
trimMA342_1200rpm_A__DW_01,trimMA342_1200rpm_A__DW_06,test,validation,True,1.2011853504934393,1120,2,2,A__DW,A__DW
trimMA342_1200rpm_Avv__Dvv_04,trimMA342_1200rpm_AW__D_14,train,train,False,1.2013339846242495,1121,5,1,Avv__Dvv,AW__D
trimMA342_1200rpm_AW__D_00,trimMA342_1200rpm_AW__D_05,train,test,True,1.2015400908782234,1122,1,1,AW__D,AW__D
trimMA342_1200rpm_Avv__Dvv_10,trimMA342_1200rpm_AW__D_06,test,test,False,1.202045567379096,1123,5,1,Avv__Dvv,AW__D
trimMA342_1200rpm_A__Dvv_09,trimMA342_1200rpm_Avv__D_10,train,train,False,1.2024038145423592,1124,4,3,A__Dvv,Avv__D
trimMA342_1200rpm_A__D_03,trimMA342_1200rpm_A__D_07,train,train,False,1.20244338449823,1125,0,0,A__D,A__D
trimMA342_1200rpm_Avv__D_05,trimMA342_1200rpm_Avv__D_10,train,train,False,1.2028640244329438,1126,3,3,Avv__D,Avv__D
trimMA342_1200rpm_Avv__Dvv_03,trimMA342_1200rpm_Avv__Dvv_09,train,validation,True,1.2028745568432493,1127,5,5,Avv__Dvv,Avv__Dvv
trimMA342_1200rpm_A__Dvv_12,trimMA342_1200rpm_Avv__D_05,train,train,False,1.2030093742980414,1128,4,3,A__Dvv,Avv__D
trimMA342_1200rpm_Avv__D_09,trimMA342_1200rpm_Avv__Dvv_02,validation,train,True,1.2031025397865727,1129,3,5,Avv__D,Avv__Dvv
trimMA342_1200rpm_A__D_05,trimMA342_1200rpm_A__D_07,validation,train,True,1.2031895562117778,1130,0,0,A__D,A__D
trimMA342_1200rpm_Avv__D_04,trimMA342_1200rpm_AW__D_11,validation,test,True,1.2032730161519134,1131,3,1,Avv__D,AW__D
trimMA342_1200rpm_Avv__D_07,trimMA342_1200rpm_AW__D_12,train,train,False,1.203564715178729,1132,3,1,Avv__D,AW__D
trimMA342_1200rpm_A__Dvv_12,trimMA342_1200rpm_Avv__D_07,train,train,False,1.20371240545194,1133,4,3,A__Dvv,Avv__D
trimMA342_1200rpm_A__Dvv_15,trimMA342_1200rpm_Avv__Dvv_03,train,train,False,1.2037593511278506,1134,4,5,A__Dvv,Avv__Dvv
trimMA342_1200rpm_A__Dvv_00,trimMA342_1200rpm_Avv__D_05,test,train,True,1.2037905915107048,1135,4,3,A__Dvv,Avv__D
trimMA342_1200rpm_Avv__Dvv_04,trimMA342_1200rpm_AW__D_07,train,train,False,1.20390721329396,1136,5,1,Avv__Dvv,AW__D
trimMA342_1200rpm_A__Dvv_06,trimMA342_1200rpm_AW__D_11,validation,test,True,1.2040826478407596,1137,4,1,A__Dvv,AW__D
trimMA342_1200rpm_Avv__D_10,trimMA342_1200rpm_Avv__Dvv_02,train,train,False,1.2041344965884326,1138,3,5,Avv__D,Avv__Dvv
trimMA342_1200rpm_A__D_14,trimMA342_1200rpm_A__Dvv_00,test,test,False,1.2042133878504486,1139,0,4,A__D,A__Dvv
trimMA342_1200rpm_A__D_02,trimMA342_1200rpm_A__D_06,validation,train,True,1.2042251084668318,1140,0,0,A__D,A__D
trimMA342_1200rpm_A__Dvv_00,trimMA342_1200rpm_Avv__D_15,test,train,True,1.204385584089631,1141,4,3,A__Dvv,Avv__D
trimMA342_1200rpm_A__Dvv_10,trimMA342_1200rpm_Avv__Dvv_10,test,test,False,1.204457925150519,1142,4,5,A__Dvv,Avv__Dvv
trimMA342_1200rpm_Avv__Dvv_08,trimMA342_1200rpm_Avv__Dvv_13,validation,train,True,1.204484036121481,1143,5,5,Avv__Dvv,Avv__Dvv
trimMA342_1200rpm_A__Dvv_04,trimMA342_1200rpm_Avv__D_05,train,train,False,1.2049360579824127,1144,4,3,A__Dvv,Avv__D
trimMA342_1200rpm_A__Dvv_05,trimMA342_1200rpm_AW__D_03,train,train,False,1.204939845477715,1145,4,1,A__Dvv,AW__D
trimMA342_1200rpm_A__Dvv_11,trimMA342_1200rpm_Avv__Dvv_00,validation,test,True,1.2051037663179773,1146,4,5,A__Dvv,Avv__Dvv
trimMA342_1200rpm_A__DW_01,trimMA342_1200rpm_A__DW_04,test,validation,True,1.2051423274254727,1147,2,2,A__DW,A__DW
trimMA342_1200rpm_A__Dvv_12,trimMA342_1200rpm_AW__D_02,train,train,False,1.205502487071427,1148,4,1,A__Dvv,AW__D
trimMA342_1200rpm_Avv__D_03,trimMA342_1200rpm_AW__D_13,train,test,True,1.2055522304419537,1149,3,1,Avv__D,AW__D
trimMA342_1200rpm_A__Dvv_07,trimMA342_1200rpm_Avv__Dvv_05,train,train,False,1.2059120804816372,1150,4,5,A__Dvv,Avv__Dvv
trimMA342_1200rpm_A__Dvv_01,trimMA342_1200rpm_Avv__D_10,train,train,False,1.2059287581834228,1151,4,3,A__Dvv,Avv__D
trimMA342_1200rpm_A__Dvv_13,trimMA342_1200rpm_AW__D_03,train,train,False,1.20602537764379,1152,4,1,A__Dvv,AW__D
trimMA342_1200rpm_A__Dvv_09,trimMA342_1200rpm_Avv__D_13,train,test,True,1.2062136270200217,1153,4,3,A__Dvv,Avv__D
trimMA342_1200rpm_A__DW_02,trimMA342_1200rpm_AW__D_00,validation,train,True,1.2062335552030483,1154,2,1,A__DW,AW__D
trimMA342_1200rpm_AW__D_00,trimMA342_1200rpm_AW__D_08,train,train,False,1.2062619652148212,1155,1,1,AW__D,AW__D
trimMA342_1200rpm_Avv__Dvv_08,trimMA342_1200rpm_Avv__Dvv_15,validation,train,True,1.20633709925707,1156,5,5,Avv__Dvv,Avv__Dvv
trimMA342_1200rpm_A__DW_12,trimMA342_1200rpm_AW__D_08,train,train,False,1.2068520907280953,1157,2,1,A__DW,AW__D
trimMA342_1200rpm_A__DW_08,trimMA342_1200rpm_A__DW_11,train,train,False,1.2071591454901958,1158,2,2,A__DW,A__DW
trimMA342_1200rpm_A__DW_13,trimMA342_1200rpm_AW__D_02,train,train,False,1.2073603723709159,1159,2,1,A__DW,AW__D
trimMA342_1200rpm_A__Dvv_12,trimMA342_1200rpm_AW__D_15,train,validation,True,1.2076055734443933,1160,4,1,A__Dvv,AW__D
trimMA342_1200rpm_Avv__Dvv_05,trimMA342_1200rpm_AW__D_13,train,test,True,1.2076564439592348,1161,5,1,Avv__Dvv,AW__D
trimMA342_1200rpm_A__Dvv_13,trimMA342_1200rpm_A__Dvv_15,train,train,False,1.2080418388131906,1162,4,4,A__Dvv,A__Dvv
trimMA342_1200rpm_A__Dvv_06,trimMA342_1200rpm_AW__D_02,validation,train,True,1.208069759903182,1163,4,1,A__Dvv,AW__D
trimMA342_1200rpm_A__DW_07,trimMA342_1200rpm_AW__D_05,test,test,False,1.208109087557931,1164,2,1,A__DW,AW__D
trimMA342_1200rpm_Avv__D_09,trimMA342_1200rpm_Avv__Dvv_10,validation,test,True,1.2083881563122374,1165,3,5,Avv__D,Avv__Dvv
trimMA342_1200rpm_Avv__D_11,trimMA342_1200rpm_AW__D_15,train,validation,True,1.208429008465792,1166,3,1,Avv__D,AW__D
trimMA342_1200rpm_A__Dvv_05,trimMA342_1200rpm_AW__D_07,train,train,False,1.208573330323005,1167,4,1,A__Dvv,AW__D
trimMA342_1200rpm_Avv__D_09,trimMA342_1200rpm_AW__D_06,validation,test,True,1.2086494139346053,1168,3,1,Avv__D,AW__D
trimMA342_1200rpm_Avv__D_05,trimMA342_1200rpm_AW__D_03,train,train,False,1.2087340368143815,1169,3,1,Avv__D,AW__D
trimMA342_1200rpm_Avv__Dvv_09,trimMA342_1200rpm_Avv__Dvv_12,validation,train,True,1.2089044633674608,1170,5,5,Avv__Dvv,Avv__Dvv
trimMA342_1200rpm_Avv__D_14,trimMA342_1200rpm_Avv__Dvv_03,validation,train,True,1.2090603531707511,1171,3,5,Avv__D,Avv__Dvv
trimMA342_1200rpm_A__D_05,trimMA342_1200rpm_Avv__D_15,validation,train,True,1.2093850991516568,1172,0,3,A__D,Avv__D
trimMA342_1200rpm_Avv__D_01,trimMA342_1200rpm_Avv__Dvv_11,validation,validation,False,1.2095307801389126,1173,3,5,Avv__D,Avv__Dvv
trimMA342_1200rpm_A__Dvv_04,trimMA342_1200rpm_Avv__D_15,train,train,False,1.2095397606514893,1174,4,3,A__Dvv,Avv__D
trimMA342_1200rpm_Avv__D_10,trimMA342_1200rpm_Avv__Dvv_11,train,validation,True,1.2099955136131222,1175,3,5,Avv__D,Avv__Dvv
trimMA342_1200rpm_Avv__D_00,trimMA342_1200rpm_Avv__Dvv_14,test,test,False,1.2100164684180106,1176,3,5,Avv__D,Avv__Dvv
trimMA342_1200rpm_A__Dvv_12,trimMA342_1200rpm_Avv__Dvv_06,train,test,True,1.2101967328815462,1177,4,5,A__Dvv,Avv__Dvv
trimMA342_1200rpm_A__Dvv_04,trimMA342_1200rpm_Avv__Dvv_15,train,train,False,1.2102188324168368,1178,4,5,A__Dvv,Avv__Dvv
trimMA342_1200rpm_A__Dvv_15,trimMA342_1200rpm_Avv__D_07,train,train,False,1.2102699527090455,1179,4,3,A__Dvv,Avv__D
trimMA342_1200rpm_A__DW_06,trimMA342_1200rpm_AW__D_11,validation,test,True,1.2103942936062022,1180,2,1,A__DW,AW__D
trimMA342_1200rpm_A__Dvv_13,trimMA342_1200rpm_Avv__D_15,train,train,False,1.21040098567333,1181,4,3,A__Dvv,Avv__D
trimMA342_1200rpm_A__Dvv_05,trimMA342_1200rpm_Avv__Dvv_06,train,test,True,1.2104618941602803,1182,4,5,A__Dvv,Avv__Dvv
trimMA342_1200rpm_Avv__D_13,trimMA342_1200rpm_AW__D_12,test,train,True,1.210529291341635,1183,3,1,Avv__D,AW__D
trimMA342_1200rpm_A__Dvv_15,trimMA342_1200rpm_Avv__D_15,train,train,False,1.2105424396748612,1184,4,3,A__Dvv,Avv__D
trimMA342_1200rpm_A__Dvv_06,trimMA342_1200rpm_AW__D_01,validation,validation,False,1.2106344823035444,1185,4,1,A__Dvv,AW__D
trimMA342_1200rpm_A__Dvv_15,trimMA342_1200rpm_Avv__Dvv_11,train,validation,True,1.210817842644426,1186,4,5,A__Dvv,Avv__Dvv
trimMA342_1200rpm_Avv__Dvv_00,trimMA342_1200rpm_AW__D_08,test,train,True,1.2108267988970398,1187,5,1,Avv__Dvv,AW__D
trimMA342_1200rpm_Avv__D_03,trimMA342_1200rpm_Avv__D_13,train,test,True,1.2108442915733728,1188,3,3,Avv__D,Avv__D
trimMA342_1200rpm_A__Dvv_12,trimMA342_1200rpm_Avv__Dvv_00,train,test,True,1.2109610370874293,1189,4,5,A__Dvv,Avv__Dvv
trimMA342_1200rpm_Avv__D_14,trimMA342_1200rpm_Avv__Dvv_05,validation,train,True,1.210969594997316,1190,3,5,Avv__D,Avv__Dvv
trimMA342_1200rpm_Avv__D_00,trimMA342_1200rpm_Avv__D_13,test,test,False,1.211083127791885,1191,3,3,Avv__D,Avv__D
trimMA342_1200rpm_A__DW_10,trimMA342_1200rpm_AW__D_09,test,validation,True,1.2113435815945492,1192,2,1,A__DW,AW__D
trimMA342_1200rpm_Avv__D_02,trimMA342_1200rpm_AW__D_12,train,train,False,1.211419732496539,1193,3,1,Avv__D,AW__D
trimMA342_1200rpm_Avv__Dvv_12,trimMA342_1200rpm_AW__D_04,train,train,False,1.2116537889382386,1194,5,1,Avv__Dvv,AW__D
trimMA342_1200rpm_A__Dvv_00,trimMA342_1200rpm_Avv__D_09,test,validation,True,1.211665294383434,1195,4,3,A__Dvv,Avv__D
trimMA342_1200rpm_A__DW_11,trimMA342_1200rpm_Avv__Dvv_00,train,test,True,1.2117509162436977,1196,2,5,A__DW,Avv__Dvv
trimMA342_1200rpm_A__DW_13,trimMA342_1200rpm_AW__D_05,train,test,True,1.2117941477708163,1197,2,1,A__DW,AW__D
trimMA342_1200rpm_Avv__D_08,trimMA342_1200rpm_AW__D_10,train,validation,True,1.2118495016495685,1198,3,1,Avv__D,AW__D
trimMA342_1200rpm_A__DW_13,trimMA342_1200rpm_AW__D_15,train,validation,True,1.2121627170822107,1199,2,1,A__DW,AW__D
trimMA342_1200rpm_A__DW_05,trimMA342_1200rpm_Avv__Dvv_00,train,test,True,1.2124127711387973,1200,2,5,A__DW,Avv__Dvv
trimMA342_1200rpm_A__Dvv_08,trimMA342_1200rpm_Avv__Dvv_10,validation,test,True,1.2125927207627378,1201,4,5,A__Dvv,Avv__Dvv
trimMA342_1200rpm_A__Dvv_13,trimMA342_1200rpm_Avv__D_14,train,validation,True,1.2130269592537037,1202,4,3,A__Dvv,Avv__D
trimMA342_1200rpm_A__Dvv_13,trimMA342_1200rpm_AW__D_07,train,train,False,1.2132384698046912,1203,4,1,A__Dvv,AW__D
trimMA342_1200rpm_Avv__D_12,trimMA342_1200rpm_Avv__Dvv_06,test,test,False,1.2133147197603695,1204,3,5,Avv__D,Avv__Dvv
trimMA342_1200rpm_Avv__D_03,trimMA342_1200rpm_Avv__Dvv_02,train,train,False,1.2136130392036566,1205,3,5,Avv__D,Avv__Dvv
trimMA342_1200rpm_Avv__D_05,trimMA342_1200rpm_Avv__Dvv_13,train,train,False,1.2136267650024062,1206,3,5,Avv__D,Avv__Dvv
trimMA342_1200rpm_Avv__Dvv_13,trimMA342_1200rpm_AW__D_09,train,validation,True,1.2137958483762874,1207,5,1,Avv__Dvv,AW__D
trimMA342_1200rpm_Avv__Dvv_08,trimMA342_1200rpm_AW__D_02,validation,train,True,1.2138095924436827,1208,5,1,Avv__Dvv,AW__D
trimMA342_1200rpm_A__Dvv_14,trimMA342_1200rpm_Avv__D_12,test,test,False,1.2138901153121495,1209,4,3,A__Dvv,Avv__D
trimMA342_1200rpm_Avv__D_11,trimMA342_1200rpm_AW__D_13,train,test,True,1.214081191269107,1210,3,1,Avv__D,AW__D
trimMA342_1200rpm_Avv__D_11,trimMA342_1200rpm_AW__D_06,train,test,True,1.214155100095348,1211,3,1,Avv__D,AW__D
trimMA342_1200rpm_A__DW_02,trimMA342_1200rpm_AW__D_04,validation,train,True,1.2141907381250754,1212,2,1,A__DW,AW__D
trimMA342_1200rpm_A__Dvv_10,trimMA342_1200rpm_Avv__D_09,test,validation,True,1.2143040137814003,1213,4,3,A__Dvv,Avv__D
trimMA342_1200rpm_Avv__Dvv_14,trimMA342_1200rpm_AW__D_03,test,train,True,1.2145582401614319,1214,5,1,Avv__Dvv,AW__D
trimMA342_1200rpm_Avv__Dvv_00,trimMA342_1200rpm_Avv__Dvv_09,test,validation,True,1.2149786471491582,1215,5,5,Avv__Dvv,Avv__Dvv
trimMA342_1200rpm_A__Dvv_07,trimMA342_1200rpm_AW__D_14,train,train,False,1.2151917433878323,1216,4,1,A__Dvv,AW__D
trimMA342_1200rpm_Avv__Dvv_13,trimMA342_1200rpm_AW__D_10,train,validation,True,1.2152472895285458,1217,5,1,Avv__Dvv,AW__D
trimMA342_1200rpm_A__DW_10,trimMA342_1200rpm_AW__D_05,test,test,False,1.215486519029786,1218,2,1,A__DW,AW__D
trimMA342_1200rpm_Avv__Dvv_14,trimMA342_1200rpm_AW__D_14,test,train,True,1.2156734520062047,1219,5,1,Avv__Dvv,AW__D
trimMA342_1200rpm_A__Dvv_13,trimMA342_1200rpm_AW__D_12,train,train,False,1.2157074446146454,1220,4,1,A__Dvv,AW__D
trimMA342_1200rpm_A__DW_11,trimMA342_1200rpm_Avv__Dvv_10,train,test,True,1.2157095503969084,1221,2,5,A__DW,Avv__Dvv
trimMA342_1200rpm_A__Dvv_04,trimMA342_1200rpm_AW__D_13,train,test,True,1.2157135050271133,1222,4,1,A__Dvv,AW__D
trimMA342_1200rpm_A__Dvv_10,trimMA342_1200rpm_Avv__Dvv_08,test,validation,True,1.2159430589772957,1223,4,5,A__Dvv,Avv__Dvv
trimMA342_1200rpm_A__Dvv_09,trimMA342_1200rpm_Avv__Dvv_01,train,train,False,1.2160607562075396,1224,4,5,A__Dvv,Avv__Dvv
trimMA342_1200rpm_Avv__Dvv_03,trimMA342_1200rpm_Avv__Dvv_07,train,validation,True,1.216193365672955,1225,5,5,Avv__Dvv,Avv__Dvv
trimMA342_1200rpm_A__Dvv_05,trimMA342_1200rpm_AW__D_06,train,test,True,1.216305475992194,1226,4,1,A__Dvv,AW__D
trimMA342_1200rpm_A__Dvv_03,trimMA342_1200rpm_AW__D_02,validation,train,True,1.2163555078206776,1227,4,1,A__Dvv,AW__D
trimMA342_1200rpm_A__Dvv_01,trimMA342_1200rpm_Avv__Dvv_14,train,test,True,1.2166335964038695,1228,4,5,A__Dvv,Avv__Dvv
trimMA342_1200rpm_Avv__Dvv_11,trimMA342_1200rpm_AW__D_08,validation,train,True,1.2169708231989254,1229,5,1,Avv__Dvv,AW__D
trimMA342_1200rpm_Avv__D_01,trimMA342_1200rpm_Avv__Dvv_03,validation,train,True,1.21708174533532,1230,3,5,Avv__D,Avv__Dvv
trimMA342_1200rpm_A__Dvv_11,trimMA342_1200rpm_Avv__Dvv_07,validation,validation,False,1.217134781654652,1231,4,5,A__Dvv,Avv__Dvv
trimMA342_1200rpm_A__Dvv_14,trimMA342_1200rpm_Avv__D_13,test,test,False,1.217149700953229,1232,4,3,A__Dvv,Avv__D
trimMA342_1200rpm_A__Dvv_02,trimMA342_1200rpm_A__Dvv_08,test,validation,True,1.2171688346000336,1233,4,4,A__Dvv,A__Dvv
trimMA342_1200rpm_A__Dvv_08,trimMA342_1200rpm_Avv__D_05,validation,train,True,1.2177393031959118,1234,4,3,A__Dvv,Avv__D
trimMA342_1200rpm_A__Dvv_10,trimMA342_1200rpm_Avv__Dvv_02,test,train,True,1.2181791642360473,1235,4,5,A__Dvv,Avv__Dvv
trimMA342_1200rpm_Avv__Dvv_04,trimMA342_1200rpm_Avv__Dvv_06,train,test,True,1.2181923267265893,1236,5,5,Avv__Dvv,Avv__Dvv
trimMA342_1200rpm_Avv__Dvv_11,trimMA342_1200rpm_Avv__Dvv_13,validation,train,True,1.2182127494123771,1237,5,5,Avv__Dvv,Avv__Dvv
trimMA342_1200rpm_A__Dvv_10,trimMA342_1200rpm_Avv__Dvv_05,test,train,True,1.2182450557574245,1238,4,5,A__Dvv,Avv__Dvv
trimMA342_1200rpm_Avv__D_06,trimMA342_1200rpm_Avv__D_13,test,test,False,1.2184430115558798,1239,3,3,Avv__D,Avv__D
trimMA342_1200rpm_A__Dvv_09,trimMA342_1200rpm_AW__D_06,train,test,True,1.218607305336322,1240,4,1,A__Dvv,AW__D
trimMA342_1200rpm_A__DW_11,trimMA342_1200rpm_AW__D_05,train,test,True,1.218738224399834,1241,2,1,A__DW,AW__D
trimMA342_1200rpm_Avv__D_01,trimMA342_1200rpm_Avv__Dvv_14,validation,test,True,1.2187953745278584,1242,3,5,Avv__D,Avv__Dvv
trimMA342_1200rpm_A__Dvv_03,trimMA342_1200rpm_Avv__D_01,validation,validation,False,1.219050614440152,1243,4,3,A__Dvv,Avv__D
trimMA342_1200rpm_A__DW_02,trimMA342_1200rpm_A__DW_14,validation,train,True,1.219162302915666,1244,2,2,A__DW,A__DW
trimMA342_1200rpm_A__Dvv_07,trimMA342_1200rpm_Avv__Dvv_06,train,test,True,1.2191839162531426,1245,4,5,A__Dvv,Avv__Dvv
trimMA342_1200rpm_A__Dvv_11,trimMA342_1200rpm_Avv__Dvv_14,validation,test,True,1.2192320509892551,1246,4,5,A__Dvv,Avv__Dvv
trimMA342_1200rpm_A__Dvv_09,trimMA342_1200rpm_Avv__D_15,train,train,False,1.2196697519656632,1247,4,3,A__Dvv,Avv__D
trimMA342_1200rpm_A__Dvv_10,trimMA342_1200rpm_AW__D_12,test,train,True,1.2200399455520812,1248,4,1,A__Dvv,AW__D
trimMA342_1200rpm_A__Dvv_04,trimMA342_1200rpm_Avv__D_13,train,test,True,1.2201874506102945,1249,4,3,A__Dvv,Avv__D
trimMA342_1200rpm_Avv__D_09,trimMA342_1200rpm_Avv__Dvv_03,validation,train,True,1.2204056129798273,1250,3,5,Avv__D,Avv__Dvv
trimMA342_1200rpm_A__Dvv_07,trimMA342_1200rpm_Avv__D_06,train,test,True,1.220684478077737,1251,4,3,A__Dvv,Avv__D
trimMA342_1200rpm_A__Dvv_10,trimMA342_1200rpm_Avv__Dvv_11,test,validation,True,1.220808141350919,1252,4,5,A__Dvv,Avv__Dvv
trimMA342_1200rpm_A__DW_02,trimMA342_1200rpm_A__DW_07,validation,test,True,1.2209361046381868,1253,2,2,A__DW,A__DW
trimMA342_1200rpm_A__Dvv_08,trimMA342_1200rpm_AW__D_12,validation,train,True,1.2211275012117528,1254,4,1,A__Dvv,AW__D
trimMA342_1200rpm_Avv__Dvv_14,trimMA342_1200rpm_AW__D_13,test,test,False,1.2211508430189084,1255,5,1,Avv__Dvv,AW__D
trimMA342_1200rpm_Avv__Dvv_08,trimMA342_1200rpm_AW__D_06,validation,test,True,1.2213308873836892,1256,5,1,Avv__Dvv,AW__D
trimMA342_1200rpm_Avv__D_00,trimMA342_1200rpm_Avv__D_10,test,train,True,1.2214265091219334,1257,3,3,Avv__D,Avv__D
trimMA342_1200rpm_A__DW_00,trimMA342_1200rpm_A__DW_04,train,validation,True,1.2214307837809533,1258,2,2,A__DW,A__DW
trimMA342_1200rpm_A__Dvv_08,trimMA342_1200rpm_A__Dvv_13,validation,train,True,1.2216007801487456,1259,4,4,A__Dvv,A__Dvv
trimMA342_1200rpm_Avv__D_14,trimMA342_1200rpm_AW__D_10,validation,validation,False,1.2221216172829736,1260,3,1,Avv__D,AW__D
trimMA342_1200rpm_Avv__D_15,trimMA342_1200rpm_AW__D_12,train,train,False,1.2221520957260235,1261,3,1,Avv__D,AW__D
trimMA342_1200rpm_Avv__D_03,trimMA342_1200rpm_Avv__Dvv_05,train,train,False,1.2223367523250246,1262,3,5,Avv__D,Avv__Dvv
trimMA342_1200rpm_Avv__D_07,trimMA342_1200rpm_AW__D_10,train,validation,True,1.2224285899580016,1263,3,1,Avv__D,AW__D
trimMA342_1200rpm_A__D_04,trimMA342_1200rpm_A__D_09,validation,train,True,1.2225350846406722,1264,0,0,A__D,A__D
trimMA342_1200rpm_A__Dvv_00,trimMA342_1200rpm_A__Dvv_08,test,validation,True,1.2232215381006892,1265,4,4,A__Dvv,A__Dvv
trimMA342_1200rpm_A__Dvv_09,trimMA342_1200rpm_AW__D_07,train,train,False,1.223390532007407,1266,4,1,A__Dvv,AW__D
trimMA342_1200rpm_A__Dvv_03,trimMA342_1200rpm_Avv__Dvv_09,validation,validation,False,1.2241125318460526,1267,4,5,A__Dvv,Avv__Dvv
trimMA342_1200rpm_Avv__D_01,trimMA342_1200rpm_Avv__Dvv_10,validation,test,True,1.2246719446033603,1268,3,5,Avv__D,Avv__Dvv
trimMA342_1200rpm_Avv__D_09,trimMA342_1200rpm_AW__D_13,validation,test,True,1.2248394200377686,1269,3,1,Avv__D,AW__D
trimMA342_1200rpm_Avv__Dvv_06,trimMA342_1200rpm_AW__D_15,test,validation,True,1.2250634009449817,1270,5,1,Avv__Dvv,AW__D
trimMA342_1200rpm_A__DW_13,trimMA342_1200rpm_AW__D_08,train,train,False,1.225140569855309,1271,2,1,A__DW,AW__D
trimMA342_1200rpm_A__Dvv_09,trimMA342_1200rpm_Avv__Dvv_09,train,validation,True,1.2251490762523702,1272,4,5,A__Dvv,Avv__Dvv
trimMA342_1200rpm_Avv__Dvv_02,trimMA342_1200rpm_AW__D_12,train,train,False,1.2253315183546372,1273,5,1,Avv__Dvv,AW__D
trimMA342_1200rpm_Avv__D_04,trimMA342_1200rpm_Avv__Dvv_15,validation,train,True,1.22570650360722,1274,3,5,Avv__D,Avv__Dvv
trimMA342_1200rpm_A__Dvv_15,trimMA342_1200rpm_AW__D_06,train,test,True,1.2257174856497397,1275,4,1,A__Dvv,AW__D
trimMA342_1200rpm_AW__D_00,trimMA342_1200rpm_AW__D_14,train,train,False,1.2260369681160979,1276,1,1,AW__D,AW__D
trimMA342_1200rpm_Avv__D_11,trimMA342_1200rpm_Avv__Dvv_06,train,test,True,1.2265687281495792,1277,3,5,Avv__D,Avv__Dvv
trimMA342_1200rpm_A__D_02,trimMA342_1200rpm_A__D_12,validation,validation,False,1.2269261384767414,1278,0,0,A__D,A__D
trimMA342_1200rpm_Avv__D_04,trimMA342_1200rpm_AW__D_06,validation,test,True,1.2269932969101955,1279,3,1,Avv__D,AW__D
trimMA342_1200rpm_A__Dvv_14,trimMA342_1200rpm_AW__D_09,test,validation,True,1.227020199031117,1280,4,1,A__Dvv,AW__D
trimMA342_1200rpm_Avv__D_09,trimMA342_1200rpm_AW__D_03,validation,train,True,1.227042365982071,1281,3,1,Avv__D,AW__D
trimMA342_1200rpm_A__D_15,trimMA342_1200rpm_Avv__D_09,train,validation,True,1.227118297719604,1282,0,3,A__D,Avv__D
trimMA342_1200rpm_Avv__Dvv_08,trimMA342_1200rpm_AW__D_13,validation,test,True,1.2274485139076878,1283,5,1,Avv__Dvv,AW__D
trimMA342_1200rpm_A__D_05,trimMA342_1200rpm_A__D_15,validation,train,True,1.227705632729836,1284,0,0,A__D,A__D
trimMA342_1200rpm_AW__D_08,trimMA342_1200rpm_AW__D_11,train,test,True,1.2278714289994586,1285,1,1,AW__D,AW__D
trimMA342_1200rpm_Avv__D_06,trimMA342_1200rpm_Avv__Dvv_10,test,test,False,1.2278952938074303,1286,3,5,Avv__D,Avv__Dvv
trimMA342_1200rpm_Avv__D_13,trimMA342_1200rpm_Avv__Dvv_15,test,train,True,1.2280782935873036,1287,3,5,Avv__D,Avv__Dvv
trimMA342_1200rpm_A__Dvv_10,trimMA342_1200rpm_Avv__Dvv_00,test,test,False,1.228166675209202,1288,4,5,A__Dvv,Avv__Dvv
trimMA342_1200rpm_Avv__Dvv_09,trimMA342_1200rpm_AW__D_03,validation,train,True,1.2282225689147872,1289,5,1,Avv__Dvv,AW__D
trimMA342_1200rpm_A__DW_04,trimMA342_1200rpm_A__DW_07,validation,test,True,1.228282971607166,1290,2,2,A__DW,A__DW
trimMA342_1200rpm_Avv__Dvv_00,trimMA342_1200rpm_Avv__Dvv_04,test,train,True,1.2282980325974686,1291,5,5,Avv__Dvv,Avv__Dvv
trimMA342_1200rpm_Avv__D_04,trimMA342_1200rpm_Avv__D_13,validation,test,True,1.2283219316847254,1292,3,3,Avv__D,Avv__D
trimMA342_1200rpm_A__DW_04,trimMA342_1200rpm_AW__D_00,validation,train,True,1.2284319191411417,1293,2,1,A__DW,AW__D
trimMA342_1200rpm_A__Dvv_03,trimMA342_1200rpm_Avv__Dvv_14,validation,test,True,1.2284600019836718,1294,4,5,A__Dvv,Avv__Dvv
trimMA342_1200rpm_A__Dvv_06,trimMA342_1200rpm_Avv__Dvv_04,validation,train,True,1.2285021267874017,1295,4,5,A__Dvv,Avv__Dvv
trimMA342_1200rpm_A__D_15,trimMA342_1200rpm_A__Dvv_07,train,train,False,1.2288430585375367,1296,0,4,A__D,A__Dvv
trimMA342_1200rpm_A__Dvv_03,trimMA342_1200rpm_AW__D_03,validation,train,True,1.2290003220391519,1297,4,1,A__Dvv,AW__D
trimMA342_1200rpm_A__Dvv_00,trimMA342_1200rpm_Avv__Dvv_10,test,test,False,1.2290708049739774,1298,4,5,A__Dvv,Avv__Dvv
trimMA342_1200rpm_A__Dvv_12,trimMA342_1200rpm_AW__D_09,train,validation,True,1.2290771561288683,1299,4,1,A__Dvv,AW__D
trimMA342_1200rpm_A__Dvv_01,trimMA342_1200rpm_AW__D_01,train,validation,True,1.229135805600102,1300,4,1,A__Dvv,AW__D
trimMA342_1200rpm_Avv__D_06,trimMA342_1200rpm_Avv__Dvv_11,test,validation,True,1.229655243252014,1301,3,5,Avv__D,Avv__Dvv
trimMA342_1200rpm_A__DW_05,trimMA342_1200rpm_AW__D_15,train,validation,True,1.2296652625985194,1302,2,1,A__DW,AW__D
trimMA342_1200rpm_A__Dvv_05,trimMA342_1200rpm_AW__D_02,train,train,False,1.2298624441251198,1303,4,1,A__Dvv,AW__D
trimMA342_1200rpm_Avv__D_13,trimMA342_1200rpm_Avv__D_14,test,validation,True,1.229904851491114,1304,3,3,Avv__D,Avv__D
trimMA342_1200rpm_A__Dvv_12,trimMA342_1200rpm_Avv__Dvv_08,train,validation,True,1.229977592324397,1305,4,5,A__Dvv,Avv__Dvv
trimMA342_1200rpm_Avv__D_15,trimMA342_1200rpm_Avv__Dvv_00,train,test,True,1.2299801111146997,1306,3,5,Avv__D,Avv__Dvv
trimMA342_1200rpm_Avv__Dvv_07,trimMA342_1200rpm_Avv__Dvv_13,validation,train,True,1.2301224916633102,1307,5,5,Avv__Dvv,Avv__Dvv
trimMA342_1200rpm_A__D_04,trimMA342_1200rpm_A__Dvv_04,validation,train,True,1.23019704344558,1308,0,4,A__D,A__Dvv
trimMA342_1200rpm_A__Dvv_08,trimMA342_1200rpm_Avv__D_06,validation,test,True,1.2302602438253782,1309,4,3,A__Dvv,Avv__D
trimMA342_1200rpm_Avv__D_04,trimMA342_1200rpm_AW__D_02,validation,train,True,1.230609439413185,1310,3,1,Avv__D,AW__D
trimMA342_1200rpm_A__Dvv_00,trimMA342_1200rpm_AW__D_15,test,validation,True,1.230657153639231,1311,4,1,A__Dvv,AW__D
trimMA342_1200rpm_Avv__D_09,trimMA342_1200rpm_AW__D_01,validation,validation,False,1.2312464057868155,1312,3,1,Avv__D,AW__D
trimMA342_1200rpm_Avv__D_03,trimMA342_1200rpm_Avv__Dvv_15,train,train,False,1.2314529225133652,1313,3,5,Avv__D,Avv__Dvv
trimMA342_1200rpm_A__Dvv_09,trimMA342_1200rpm_AW__D_13,train,test,True,1.2315541391345652,1314,4,1,A__Dvv,AW__D
trimMA342_1200rpm_AW__D_05,trimMA342_1200rpm_AW__D_07,test,train,True,1.231608627364011,1315,1,1,AW__D,AW__D
trimMA342_1200rpm_A__Dvv_05,trimMA342_1200rpm_Avv__D_14,train,validation,True,1.2317654044495914,1316,4,3,A__Dvv,Avv__D
trimMA342_1200rpm_A__Dvv_02,trimMA342_1200rpm_AW__D_02,test,train,True,1.2319174270343376,1317,4,1,A__Dvv,AW__D
trimMA342_1200rpm_Avv__Dvv_06,trimMA342_1200rpm_Avv__Dvv_08,test,validation,True,1.2319506849537936,1318,5,5,Avv__Dvv,Avv__Dvv
trimMA342_1200rpm_A__Dvv_03,trimMA342_1200rpm_A__Dvv_08,validation,validation,False,1.2321162938750176,1319,4,4,A__Dvv,A__Dvv
trimMA342_1200rpm_A__D_05,trimMA342_1200rpm_Avv__D_01,validation,validation,False,1.232264372645397,1320,0,3,A__D,Avv__D
trimMA342_1200rpm_A__Dvv_04,trimMA342_1200rpm_A__Dvv_10,train,test,True,1.2324008525313002,1321,4,4,A__Dvv,A__Dvv
trimMA342_1200rpm_A__Dvv_01,trimMA342_1200rpm_Avv__D_01,train,validation,True,1.2326682028361684,1322,4,3,A__Dvv,Avv__D
trimMA342_1200rpm_Avv__D_07,trimMA342_1200rpm_Avv__D_08,train,train,False,1.2329119501153367,1323,3,3,Avv__D,Avv__D
trimMA342_1200rpm_A__DW_15,trimMA342_1200rpm_AW__D_07,validation,train,True,1.2329317980964014,1324,2,1,A__DW,AW__D
trimMA342_1200rpm_Avv__Dvv_04,trimMA342_1200rpm_Avv__Dvv_08,train,validation,True,1.2332735643139183,1325,5,5,Avv__Dvv,Avv__Dvv
trimMA342_1200rpm_A__Dvv_05,trimMA342_1200rpm_AW__D_13,train,test,True,1.2335107488006176,1326,4,1,A__Dvv,AW__D
trimMA342_1200rpm_A__DW_15,trimMA342_1200rpm_AW__D_14,validation,train,True,1.2336059933608827,1327,2,1,A__DW,AW__D
trimMA342_1200rpm_Avv__D_11,trimMA342_1200rpm_AW__D_03,train,train,False,1.2339003762007448,1328,3,1,Avv__D,AW__D
trimMA342_1200rpm_Avv__Dvv_09,trimMA342_1200rpm_AW__D_01,validation,validation,False,1.2342005603820596,1329,5,1,Avv__Dvv,AW__D
trimMA342_1200rpm_A__DW_06,trimMA342_1200rpm_AW__D_12,validation,train,True,1.2342519132182017,1330,2,1,A__DW,AW__D
trimMA342_1200rpm_A__DW_04,trimMA342_1200rpm_Avv__Dvv_00,validation,test,True,1.2342824777907602,1331,2,5,A__DW,Avv__Dvv
trimMA342_1200rpm_A__D_00,trimMA342_1200rpm_A__D_01,train,test,True,1.2345424052954224,1332,0,0,A__D,A__D
trimMA342_1200rpm_A__Dvv_02,trimMA342_1200rpm_Avv__Dvv_13,test,train,True,1.2345767939900325,1333,4,5,A__Dvv,Avv__Dvv
trimMA342_1200rpm_Avv__D_14,trimMA342_1200rpm_AW__D_12,validation,train,True,1.234633911131434,1334,3,1,Avv__D,AW__D
trimMA342_1200rpm_Avv__D_10,trimMA342_1200rpm_Avv__Dvv_00,train,test,True,1.2349964257129353,1335,3,5,Avv__D,Avv__Dvv
trimMA342_1200rpm_A__Dvv_04,trimMA342_1200rpm_AW__D_06,train,test,True,1.235175464058529,1336,4,1,A__Dvv,AW__D
trimMA342_1200rpm_Avv__D_12,trimMA342_1200rpm_Avv__D_13,test,test,False,1.235494797297868,1337,3,3,Avv__D,Avv__D
trimMA342_1200rpm_A__Dvv_01,trimMA342_1200rpm_Avv__D_12,train,test,True,1.2358933137619827,1338,4,3,A__Dvv,Avv__D
trimMA342_1200rpm_Avv__D_04,trimMA342_1200rpm_AW__D_08,validation,train,True,1.2359876164831225,1339,3,1,Avv__D,AW__D
trimMA342_1200rpm_Avv__D_05,trimMA342_1200rpm_Avv__D_14,train,validation,True,1.23614132982838,1340,3,3,Avv__D,Avv__D
trimMA342_1200rpm_A__Dvv_00,trimMA342_1200rpm_Avv__Dvv_03,test,train,True,1.2363681440920984,1341,4,5,A__Dvv,Avv__Dvv
trimMA342_1200rpm_A__DW_15,trimMA342_1200rpm_AW__D_15,validation,validation,False,1.2364388593936695,1342,2,1,A__DW,AW__D
trimMA342_1200rpm_A__DW_15,trimMA342_1200rpm_Avv__Dvv_11,validation,validation,False,1.2366731795019983,1343,2,5,A__DW,Avv__Dvv
trimMA342_1200rpm_Avv__Dvv_15,trimMA342_1200rpm_AW__D_07,train,train,False,1.2367700959538546,1344,5,1,Avv__Dvv,AW__D
trimMA342_1200rpm_A__Dvv_14,trimMA342_1200rpm_AW__D_03,test,train,True,1.2367857796384134,1345,4,1,A__Dvv,AW__D
trimMA342_1200rpm_Avv__D_00,trimMA342_1200rpm_Avv__D_01,test,validation,True,1.2369333322814806,1346,3,3,Avv__D,Avv__D
trimMA342_1200rpm_A__D_15,trimMA342_1200rpm_A__Dvv_04,train,train,False,1.2371032446865777,1347,0,4,A__D,A__Dvv
trimMA342_1200rpm_Avv__D_12,trimMA342_1200rpm_AW__D_12,test,train,True,1.2371046363925424,1348,3,1,Avv__D,AW__D
trimMA342_1200rpm_A__Dvv_15,trimMA342_1200rpm_Avv__Dvv_05,train,train,False,1.2376970026527694,1349,4,5,A__Dvv,Avv__Dvv
trimMA342_1200rpm_A__DW_02,trimMA342_1200rpm_A__DW_08,validation,train,True,1.2377519499258813,1350,2,2,A__DW,A__DW
trimMA342_1200rpm_A__Dvv_04,trimMA342_1200rpm_AW__D_14,train,train,False,1.237953771501762,1351,4,1,A__Dvv,AW__D
trimMA342_1200rpm_A__Dvv_00,trimMA342_1200rpm_Avv__Dvv_08,test,validation,True,1.2380329747936305,1352,4,5,A__Dvv,Avv__Dvv
trimMA342_1200rpm_Avv__Dvv_06,trimMA342_1200rpm_AW__D_14,test,train,True,1.2381466159756682,1353,5,1,Avv__Dvv,AW__D
trimMA342_1200rpm_Avv__D_05,trimMA342_1200rpm_AW__D_11,train,test,True,1.2383448589074166,1354,3,1,Avv__D,AW__D
trimMA342_1200rpm_A__Dvv_11,trimMA342_1200rpm_Avv__Dvv_05,validation,train,True,1.238884762697046,1355,4,5,A__Dvv,Avv__Dvv
trimMA342_1200rpm_A__DW_04,trimMA342_1200rpm_A__DW_12,validation,train,True,1.2391101648702638,1356,2,2,A__DW,A__DW
trimMA342_1200rpm_A__Dvv_11,trimMA342_1200rpm_AW__D_12,validation,train,True,1.2391236151829361,1357,4,1,A__Dvv,AW__D
trimMA342_1200rpm_A__Dvv_01,trimMA342_1200rpm_Avv__D_08,train,train,False,1.2396262892649133,1358,4,3,A__Dvv,Avv__D
trimMA342_1200rpm_Avv__Dvv_04,trimMA342_1200rpm_AW__D_15,train,validation,True,1.2396598714545646,1359,5,1,Avv__Dvv,AW__D
trimMA342_1200rpm_Avv__Dvv_00,trimMA342_1200rpm_Avv__Dvv_01,test,train,True,1.2397721330958646,1360,5,5,Avv__Dvv,Avv__Dvv
trimMA342_1200rpm_Avv__Dvv_04,trimMA342_1200rpm_AW__D_03,train,train,False,1.239851397034065,1361,5,1,Avv__Dvv,AW__D
trimMA342_1200rpm_Avv__D_15,trimMA342_1200rpm_Avv__Dvv_07,train,validation,True,1.240019345848418,1362,3,5,Avv__D,Avv__Dvv
trimMA342_1200rpm_Avv__Dvv_01,trimMA342_1200rpm_Avv__Dvv_07,train,validation,True,1.2400714966805522,1363,5,5,Avv__Dvv,Avv__Dvv
trimMA342_1200rpm_A__Dvv_01,trimMA342_1200rpm_Avv__D_07,train,train,False,1.240177528743091,1364,4,3,A__Dvv,Avv__D
trimMA342_1200rpm_Avv__D_00,trimMA342_1200rpm_Avv__D_12,test,test,False,1.2402045217633921,1365,3,3,Avv__D,Avv__D
trimMA342_1200rpm_Avv__Dvv_07,trimMA342_1200rpm_AW__D_06,validation,test,True,1.2406660970565682,1366,5,1,Avv__Dvv,AW__D
trimMA342_1200rpm_A__Dvv_03,trimMA342_1200rpm_AW__D_06,validation,test,True,1.2406999084380999,1367,4,1,A__Dvv,AW__D
trimMA342_1200rpm_Avv__D_09,trimMA342_1200rpm_Avv__Dvv_11,validation,validation,False,1.240757786394913,1368,3,5,Avv__D,Avv__Dvv
trimMA342_1200rpm_Avv__D_01,trimMA342_1200rpm_Avv__Dvv_07,validation,validation,False,1.2410398231630455,1369,3,5,Avv__D,Avv__Dvv
trimMA342_1200rpm_A__DW_10,trimMA342_1200rpm_Avv__Dvv_10,test,test,False,1.2410544118201392,1370,2,5,A__DW,Avv__Dvv
trimMA342_1200rpm_Avv__D_04,trimMA342_1200rpm_AW__D_07,validation,train,True,1.2411266636698386,1371,3,1,Avv__D,AW__D
trimMA342_1200rpm_A__Dvv_02,trimMA342_1200rpm_AW__D_03,test,train,True,1.2412657901478819,1372,4,1,A__Dvv,AW__D
trimMA342_1200rpm_Avv__D_00,trimMA342_1200rpm_Avv__D_03,test,train,True,1.241295840239902,1373,3,3,Avv__D,Avv__D
trimMA342_1200rpm_A__Dvv_13,trimMA342_1200rpm_Avv__D_07,train,train,False,1.2413475039669863,1374,4,3,A__Dvv,Avv__D
trimMA342_1200rpm_A__Dvv_10,trimMA342_1200rpm_Avv__Dvv_13,test,train,True,1.241557125420388,1375,4,5,A__Dvv,Avv__Dvv
trimMA342_1200rpm_Avv__D_12,trimMA342_1200rpm_Avv__Dvv_11,test,validation,True,1.2416648919790914,1376,3,5,Avv__D,Avv__Dvv
trimMA342_1200rpm_Avv__Dvv_05,trimMA342_1200rpm_Avv__Dvv_15,train,train,False,1.241708215365099,1377,5,5,Avv__Dvv,Avv__Dvv
trimMA342_1200rpm_Avv__Dvv_05,trimMA342_1200rpm_AW__D_07,train,train,False,1.2417096437645607,1378,5,1,Avv__Dvv,AW__D
trimMA342_1200rpm_Avv__Dvv_09,trimMA342_1200rpm_AW__D_06,validation,test,True,1.2417998565024173,1379,5,1,Avv__Dvv,AW__D
trimMA342_1200rpm_A__DW_04,trimMA342_1200rpm_AW__D_03,validation,train,True,1.2418210780403902,1380,2,1,A__DW,AW__D
trimMA342_1200rpm_A__D_05,trimMA342_1200rpm_Avv__D_02,validation,train,True,1.2418292918874367,1381,0,3,A__D,Avv__D
trimMA342_1200rpm_Avv__D_03,trimMA342_1200rpm_AW__D_01,train,validation,True,1.241865325488942,1382,3,1,Avv__D,AW__D
trimMA342_1200rpm_A__DW_14,trimMA342_1200rpm_AW__D_05,train,test,True,1.2425161469637092,1383,2,1,A__DW,AW__D
trimMA342_1200rpm_Avv__Dvv_12,trimMA342_1200rpm_AW__D_08,train,train,False,1.24259693848108,1384,5,1,Avv__Dvv,AW__D
trimMA342_1200rpm_A__DW_05,trimMA342_1200rpm_AW__D_12,train,train,False,1.2432633324808902,1385,2,1,A__DW,AW__D
trimMA342_1200rpm_Avv__Dvv_12,trimMA342_1200rpm_AW__D_01,train,validation,True,1.243558576073852,1386,5,1,Avv__Dvv,AW__D
trimMA342_1200rpm_A__Dvv_15,trimMA342_1200rpm_Avv__Dvv_02,train,train,False,1.2435636666380843,1387,4,5,A__Dvv,Avv__Dvv
trimMA342_1200rpm_A__DW_15,trimMA342_1200rpm_Avv__Dvv_03,validation,train,True,1.2438123153375067,1388,2,5,A__DW,Avv__Dvv
trimMA342_1200rpm_Avv__Dvv_10,trimMA342_1200rpm_AW__D_00,test,train,True,1.2438578810109326,1389,5,1,Avv__Dvv,AW__D
trimMA342_1200rpm_Avv__D_13,trimMA342_1200rpm_Avv__Dvv_14,test,test,False,1.2441939563159554,1390,3,5,Avv__D,Avv__Dvv
trimMA342_1200rpm_A__Dvv_10,trimMA342_1200rpm_Avv__D_04,test,validation,True,1.2443901899087768,1391,4,3,A__Dvv,Avv__D
trimMA342_1200rpm_A__DW_13,trimMA342_1200rpm_AW__D_04,train,train,False,1.2446347144962997,1392,2,1,A__DW,AW__D
trimMA342_1200rpm_AW__D_11,trimMA342_1200rpm_AW__D_14,test,train,True,1.244941733707259,1393,1,1,AW__D,AW__D
trimMA342_1200rpm_A__DW_06,trimMA342_1200rpm_AW__D_13,validation,test,True,1.2452014210743019,1394,2,1,A__DW,AW__D
trimMA342_1200rpm_Avv__Dvv_04,trimMA342_1200rpm_AW__D_10,train,validation,True,1.2452732803014601,1395,5,1,Avv__Dvv,AW__D
trimMA342_1200rpm_Avv__D_15,trimMA342_1200rpm_Avv__Dvv_06,train,test,True,1.2454464823969955,1396,3,5,Avv__D,Avv__Dvv
trimMA342_1200rpm_Avv__D_01,trimMA342_1200rpm_Avv__Dvv_08,validation,validation,False,1.2454940773385357,1397,3,5,Avv__D,Avv__Dvv
trimMA342_1200rpm_Avv__D_08,trimMA342_1200rpm_Avv__Dvv_12,train,train,False,1.2456643010096584,1398,3,5,Avv__D,Avv__Dvv
trimMA342_1200rpm_Avv__Dvv_09,trimMA342_1200rpm_AW__D_10,validation,validation,False,1.2457407376443712,1399,5,1,Avv__Dvv,AW__D
trimMA342_1200rpm_A__Dvv_15,trimMA342_1200rpm_Avv__D_10,train,train,False,1.2458339248561399,1400,4,3,A__Dvv,Avv__D
trimMA342_1200rpm_A__DW_11,trimMA342_1200rpm_AW__D_15,train,validation,True,1.2460203349977166,1401,2,1,A__DW,AW__D
trimMA342_1200rpm_A__D_15,trimMA342_1200rpm_A__Dvv_08,train,validation,True,1.246138874472958,1402,0,4,A__D,A__Dvv
trimMA342_1200rpm_Avv__D_07,trimMA342_1200rpm_Avv__D_12,train,test,True,1.2462406449536916,1403,3,3,Avv__D,Avv__D
trimMA342_1200rpm_Avv__D_12,trimMA342_1200rpm_Avv__Dvv_05,test,train,True,1.2462884503784246,1404,3,5,Avv__D,Avv__Dvv
trimMA342_1200rpm_Avv__Dvv_12,trimMA342_1200rpm_AW__D_11,train,test,True,1.2467285074045185,1405,5,1,Avv__Dvv,AW__D
trimMA342_1200rpm_Avv__D_08,trimMA342_1200rpm_Avv__D_13,train,test,True,1.2469718698046164,1406,3,3,Avv__D,Avv__D
trimMA342_1200rpm_A__Dvv_10,trimMA342_1200rpm_A__Dvv_11,test,validation,True,1.2471939585379583,1407,4,4,A__Dvv,A__Dvv
trimMA342_1200rpm_Avv__Dvv_06,trimMA342_1200rpm_AW__D_03,test,train,True,1.247471631893337,1408,5,1,Avv__Dvv,AW__D
trimMA342_1200rpm_Avv__D_15,trimMA342_1200rpm_AW__D_10,train,validation,True,1.2476910549115179,1409,3,1,Avv__D,AW__D
trimMA342_1200rpm_A__DW_10,trimMA342_1200rpm_AW__D_06,test,test,False,1.248172752743839,1410,2,1,A__DW,AW__D
trimMA342_1200rpm_Avv__Dvv_11,trimMA342_1200rpm_AW__D_11,validation,test,True,1.248332630123058,1411,5,1,Avv__Dvv,AW__D
trimMA342_1200rpm_Avv__Dvv_09,trimMA342_1200rpm_AW__D_13,validation,test,True,1.2484346905077064,1412,5,1,Avv__Dvv,AW__D
trimMA342_1200rpm_A__Dvv_00,trimMA342_1200rpm_Avv__Dvv_00,test,test,False,1.2485427829072242,1413,4,5,A__Dvv,Avv__Dvv
trimMA342_1200rpm_A__Dvv_02,trimMA342_1200rpm_AW__D_09,test,validation,True,1.2486004658754069,1414,4,1,A__Dvv,AW__D
trimMA342_1200rpm_Avv__D_06,trimMA342_1200rpm_AW__D_14,test,train,True,1.2486931510463075,1415,3,1,Avv__D,AW__D
trimMA342_1200rpm_A__D_06,trimMA342_1200rpm_A__D_12,train,validation,True,1.2487684610904521,1416,0,0,A__D,A__D
trimMA342_1200rpm_A__Dvv_11,trimMA342_1200rpm_Avv__D_01,validation,validation,False,1.2492138934750827,1417,4,3,A__Dvv,Avv__D
trimMA342_1200rpm_Avv__D_03,trimMA342_1200rpm_AW__D_11,train,test,True,1.2492308213048777,1418,3,1,Avv__D,AW__D
trimMA342_1200rpm_A__Dvv_08,trimMA342_1200rpm_Avv__Dvv_11,validation,validation,False,1.24956060365575,1419,4,5,A__Dvv,Avv__Dvv
trimMA342_1200rpm_Avv__D_01,trimMA342_1200rpm_Avv__Dvv_00,validation,test,True,1.2495972923375664,1420,3,5,Avv__D,Avv__Dvv
trimMA342_1200rpm_A__Dvv_12,trimMA342_1200rpm_AW__D_08,train,train,False,1.2498783022250641,1421,4,1,A__Dvv,AW__D
trimMA342_1200rpm_A__Dvv_04,trimMA342_1200rpm_AW__D_02,train,train,False,1.250425695267827,1422,4,1,A__Dvv,AW__D
trimMA342_1200rpm_A__DW_07,trimMA342_1200rpm_AW__D_15,test,validation,True,1.2504676442332425,1423,2,1,A__DW,AW__D
trimMA342_1200rpm_Avv__D_06,trimMA342_1200rpm_AW__D_12,test,train,True,1.2505060679990252,1424,3,1,Avv__D,AW__D
trimMA342_1200rpm_A__Dvv_02,trimMA342_1200rpm_Avv__Dvv_09,test,validation,True,1.2505352977878084,1425,4,5,A__Dvv,Avv__Dvv
trimMA342_1200rpm_A__Dvv_08,trimMA342_1200rpm_Avv__D_14,validation,validation,False,1.250538767509331,1426,4,3,A__Dvv,Avv__D
trimMA342_1200rpm_A__Dvv_12,trimMA342_1200rpm_Avv__D_09,train,validation,True,1.250657067549092,1427,4,3,A__Dvv,Avv__D
trimMA342_1200rpm_Avv__D_11,trimMA342_1200rpm_AW__D_02,train,train,False,1.25070743286919,1428,3,1,Avv__D,AW__D
trimMA342_1200rpm_Avv__D_07,trimMA342_1200rpm_Avv__D_15,train,train,False,1.2508042414958995,1429,3,3,Avv__D,Avv__D
trimMA342_1200rpm_Avv__D_08,trimMA342_1200rpm_Avv__D_12,train,test,True,1.250870324957828,1430,3,3,Avv__D,Avv__D
trimMA342_1200rpm_Avv__Dvv_13,trimMA342_1200rpm_AW__D_12,train,train,False,1.2510871028047934,1431,5,1,Avv__Dvv,AW__D
trimMA342_1200rpm_A__DW_04,trimMA342_1200rpm_AW__D_15,validation,validation,False,1.2512216731760866,1432,2,1,A__DW,AW__D
trimMA342_1200rpm_Avv__D_14,trimMA342_1200rpm_Avv__Dvv_10,validation,test,True,1.2512598197071076,1433,3,5,Avv__D,Avv__Dvv
trimMA342_1200rpm_Avv__D_05,trimMA342_1200rpm_Avv__D_07,train,train,False,1.2513757257677631,1434,3,3,Avv__D,Avv__D
trimMA342_1200rpm_Avv__Dvv_13,trimMA342_1200rpm_AW__D_05,train,test,True,1.2514808827439112,1435,5,1,Avv__Dvv,AW__D
trimMA342_1200rpm_Avv__Dvv_08,trimMA342_1200rpm_AW__D_11,validation,test,True,1.2519290229076554,1436,5,1,Avv__Dvv,AW__D
trimMA342_1200rpm_Avv__D_03,trimMA342_1200rpm_AW__D_09,train,validation,True,1.2520091042366608,1437,3,1,Avv__D,AW__D
trimMA342_1200rpm_Avv__Dvv_05,trimMA342_1200rpm_AW__D_03,train,train,False,1.2526382848182758,1438,5,1,Avv__Dvv,AW__D
trimMA342_1200rpm_A__Dvv_04,trimMA342_1200rpm_Avv__Dvv_13,train,train,False,1.2526783716877308,1439,4,5,A__Dvv,Avv__Dvv
trimMA342_1200rpm_A__Dvv_15,trimMA342_1200rpm_Avv__Dvv_01,train,train,False,1.2527328817445502,1440,4,5,A__Dvv,Avv__Dvv
trimMA342_1200rpm_A__Dvv_05,trimMA342_1200rpm_Avv__Dvv_15,train,train,False,1.2530145946039235,1441,4,5,A__Dvv,Avv__Dvv
trimMA342_1200rpm_A__DW_03,trimMA342_1200rpm_A__DW_11,test,train,True,1.2531626819127513,1442,2,2,A__DW,A__DW
trimMA342_1200rpm_A__Dvv_00,trimMA342_1200rpm_AW__D_11,test,test,False,1.2533945442590024,1443,4,1,A__Dvv,AW__D
trimMA342_1200rpm_Avv__Dvv_10,trimMA342_1200rpm_AW__D_05,test,test,False,1.2534309206475434,1444,5,1,Avv__Dvv,AW__D
trimMA342_1200rpm_A__Dvv_14,trimMA342_1200rpm_AW__D_02,test,train,True,1.2534399334894326,1445,4,1,A__Dvv,AW__D
trimMA342_1200rpm_Avv__Dvv_10,trimMA342_1200rpm_AW__D_01,test,validation,True,1.2534513103129878,1446,5,1,Avv__Dvv,AW__D
trimMA342_1200rpm_A__DW_00,trimMA342_1200rpm_A__DW_06,train,validation,True,1.2538435337325078,1447,2,2,A__DW,A__DW
trimMA342_1200rpm_A__Dvv_10,trimMA342_1200rpm_AW__D_13,test,test,False,1.2539215349764472,1448,4,1,A__Dvv,AW__D
trimMA342_1200rpm_A__Dvv_15,trimMA342_1200rpm_AW__D_03,train,train,False,1.2539779147676684,1449,4,1,A__Dvv,AW__D
trimMA342_1200rpm_A__Dvv_01,trimMA342_1200rpm_Avv__Dvv_11,train,validation,True,1.254310511972417,1450,4,5,A__Dvv,Avv__Dvv
trimMA342_1200rpm_Avv__D_06,trimMA342_1200rpm_AW__D_03,test,train,True,1.254480315240915,1451,3,1,Avv__D,AW__D
trimMA342_1200rpm_A__Dvv_13,trimMA342_1200rpm_Avv__D_00,train,test,True,1.2545641434697015,1452,4,3,A__Dvv,Avv__D
trimMA342_1200rpm_A__Dvv_07,trimMA342_1200rpm_Avv__D_07,train,train,False,1.254973394248496,1453,4,3,A__Dvv,Avv__D
trimMA342_1200rpm_A__Dvv_13,trimMA342_1200rpm_AW__D_09,train,validation,True,1.255026568214699,1454,4,1,A__Dvv,AW__D
trimMA342_1200rpm_A__DW_02,trimMA342_1200rpm_A__DW_13,validation,train,True,1.2551399001256118,1455,2,2,A__DW,A__DW
trimMA342_1200rpm_A__DW_15,trimMA342_1200rpm_Avv__Dvv_10,validation,test,True,1.2553038481636223,1456,2,5,A__DW,Avv__Dvv
trimMA342_1200rpm_A__DW_12,trimMA342_1200rpm_AW__D_03,train,train,False,1.2555118974130242,1457,2,1,A__DW,AW__D
trimMA342_1200rpm_Avv__Dvv_09,trimMA342_1200rpm_Avv__Dvv_10,validation,test,True,1.2555138350275952,1458,5,5,Avv__Dvv,Avv__Dvv
trimMA342_1200rpm_Avv__D_13,trimMA342_1200rpm_Avv__Dvv_02,test,train,True,1.2556743701988125,1459,3,5,Avv__D,Avv__Dvv
trimMA342_1200rpm_A__D_15,trimMA342_1200rpm_A__Dvv_01,train,train,False,1.255797878151495,1460,0,4,A__D,A__Dvv
trimMA342_1200rpm_A__Dvv_08,trimMA342_1200rpm_AW__D_06,validation,test,True,1.2558462536800303,1461,4,1,A__Dvv,AW__D
trimMA342_1200rpm_Avv__D_03,trimMA342_1200rpm_Avv__Dvv_11,train,validation,True,1.2559796168211435,1462,3,5,Avv__D,Avv__Dvv
trimMA342_1200rpm_A__Dvv_00,trimMA342_1200rpm_A__Dvv_14,test,test,False,1.2561268963257028,1463,4,4,A__Dvv,A__Dvv
trimMA342_1200rpm_Avv__D_04,trimMA342_1200rpm_Avv__Dvv_05,validation,train,True,1.25629022101278,1464,3,5,Avv__D,Avv__Dvv
trimMA342_1200rpm_Avv__Dvv_02,trimMA342_1200rpm_AW__D_11,train,test,True,1.2565065864843468,1465,5,1,Avv__Dvv,AW__D
trimMA342_1200rpm_Avv__Dvv_10,trimMA342_1200rpm_AW__D_11,test,test,False,1.2565500326201129,1466,5,1,Avv__Dvv,AW__D
trimMA342_1200rpm_A__Dvv_09,trimMA342_1200rpm_Avv__Dvv_15,train,train,False,1.2565765043710027,1467,4,5,A__Dvv,Avv__Dvv
trimMA342_1200rpm_Avv__D_09,trimMA342_1200rpm_AW__D_07,validation,train,True,1.2565887406621379,1468,3,1,Avv__D,AW__D
trimMA342_1200rpm_Avv__D_01,trimMA342_1200rpm_Avv__Dvv_05,validation,train,True,1.2566071170068256,1469,3,5,Avv__D,Avv__Dvv
trimMA342_1200rpm_A__D_04,trimMA342_1200rpm_A__D_08,validation,test,True,1.2566278224148135,1470,0,0,A__D,A__D
trimMA342_1200rpm_A__Dvv_05,trimMA342_1200rpm_Avv__Dvv_09,train,validation,True,1.2569760243764565,1471,4,5,A__Dvv,Avv__Dvv
trimMA342_1200rpm_A__D_02,trimMA342_1200rpm_A__D_13,validation,test,True,1.2572753601661188,1472,0,0,A__D,A__D
trimMA342_1200rpm_Avv__Dvv_07,trimMA342_1200rpm_AW__D_02,validation,train,True,1.257718534939264,1473,5,1,Avv__Dvv,AW__D
trimMA342_1200rpm_Avv__Dvv_14,trimMA342_1200rpm_AW__D_11,test,test,False,1.2579066064010551,1474,5,1,Avv__Dvv,AW__D
trimMA342_1200rpm_A__Dvv_01,trimMA342_1200rpm_AW__D_13,train,test,True,1.2580034451602828,1475,4,1,A__Dvv,AW__D
trimMA342_1200rpm_Avv__D_05,trimMA342_1200rpm_AW__D_02,train,train,False,1.2581202794863136,1476,3,1,Avv__D,AW__D
trimMA342_1200rpm_A__Dvv_00,trimMA342_1200rpm_Avv__Dvv_11,test,validation,True,1.258318751360162,1477,4,5,A__Dvv,Avv__Dvv
trimMA342_1200rpm_Avv__D_04,trimMA342_1200rpm_Avv__Dvv_04,validation,train,True,1.258401901070538,1478,3,5,Avv__D,Avv__Dvv
trimMA342_1200rpm_A__Dvv_10,trimMA342_1200rpm_AW__D_15,test,validation,True,1.2586235158899783,1479,4,1,A__Dvv,AW__D
trimMA342_1200rpm_A__DW_09,trimMA342_1200rpm_A__DW_11,train,train,False,1.2586519484214778,1480,2,2,A__DW,A__DW
trimMA342_1200rpm_A__DW_03,trimMA342_1200rpm_AW__D_04,test,train,True,1.258870743984758,1481,2,1,A__DW,AW__D
trimMA342_1200rpm_A__Dvv_08,trimMA342_1200rpm_Avv__Dvv_06,validation,test,True,1.2593766076695054,1482,4,5,A__Dvv,Avv__Dvv
trimMA342_1200rpm_Avv__Dvv_05,trimMA342_1200rpm_Avv__Dvv_14,train,test,True,1.2596383909895037,1483,5,5,Avv__Dvv,Avv__Dvv
trimMA342_1200rpm_A__Dvv_07,trimMA342_1200rpm_AW__D_06,train,test,True,1.2596504367356107,1484,4,1,A__Dvv,AW__D
trimMA342_1200rpm_Avv__Dvv_05,trimMA342_1200rpm_AW__D_06,train,test,True,1.2596629068113494,1485,5,1,Avv__Dvv,AW__D
trimMA342_1200rpm_Avv__D_03,trimMA342_1200rpm_AW__D_06,train,test,True,1.2600394957343877,1486,3,1,Avv__D,AW__D
trimMA342_1200rpm_A__Dvv_13,trimMA342_1200rpm_Avv__D_10,train,train,False,1.2603796343303628,1487,4,3,A__Dvv,Avv__D
trimMA342_1200rpm_Avv__D_02,trimMA342_1200rpm_AW__D_15,train,validation,True,1.260433893052017,1488,3,1,Avv__D,AW__D
trimMA342_1200rpm_Avv__D_06,trimMA342_1200rpm_AW__D_07,test,train,True,1.260571158498188,1489,3,1,Avv__D,AW__D
trimMA342_1200rpm_A__DW_12,trimMA342_1200rpm_AW__D_01,train,validation,True,1.2606775657988496,1490,2,1,A__DW,AW__D
trimMA342_1200rpm_Avv__D_07,trimMA342_1200rpm_AW__D_14,train,train,False,1.2607238889826928,1491,3,1,Avv__D,AW__D
trimMA342_1200rpm_A__DW_04,trimMA342_1200rpm_AW__D_01,validation,validation,False,1.2608798541716153,1492,2,1,A__DW,AW__D
trimMA342_1200rpm_A__DW_03,trimMA342_1200rpm_AW__D_02,test,train,True,1.2609606798674633,1493,2,1,A__DW,AW__D
trimMA342_1200rpm_A__Dvv_15,trimMA342_1200rpm_Avv__D_08,train,train,False,1.261033947348755,1494,4,3,A__Dvv,Avv__D
trimMA342_1200rpm_A__DW_11,trimMA342_1200rpm_AW__D_03,train,train,False,1.2611072532866803,1495,2,1,A__DW,AW__D
trimMA342_1200rpm_Avv__D_13,trimMA342_1200rpm_Avv__Dvv_12,test,train,True,1.2611207872203511,1496,3,5,Avv__D,Avv__Dvv
trimMA342_1200rpm_Avv__D_10,trimMA342_1200rpm_AW__D_12,train,train,False,1.2612290959664079,1497,3,1,Avv__D,AW__D
trimMA342_1200rpm_A__Dvv_13,trimMA342_1200rpm_AW__D_02,train,train,False,1.261373976429274,1498,4,1,A__Dvv,AW__D
trimMA342_1200rpm_Avv__Dvv_06,trimMA342_1200rpm_AW__D_13,test,test,False,1.2614625233948846,1499,5,1,Avv__Dvv,AW__D
trimMA342_1200rpm_Avv__Dvv_03,trimMA342_1200rpm_AW__D_01,train,validation,True,1.2615152911931793,1500,5,1,Avv__Dvv,AW__D
trimMA342_1200rpm_A__Dvv_00,trimMA342_1200rpm_Avv__Dvv_05,test,train,True,1.2618542396000934,1501,4,5,A__Dvv,Avv__Dvv
trimMA342_1200rpm_A__Dvv_11,trimMA342_1200rpm_Avv__D_06,validation,test,True,1.2622381465316534,1502,4,3,A__Dvv,Avv__D
trimMA342_1200rpm_A__Dvv_09,trimMA342_1200rpm_Avv__Dvv_04,train,train,False,1.2623436576267228,1503,4,5,A__Dvv,Avv__Dvv
trimMA342_1200rpm_A__Dvv_07,trimMA342_1200rpm_Avv__D_14,train,validation,True,1.2623769727296013,1504,4,3,A__Dvv,Avv__D
trimMA342_1200rpm_Avv__D_11,trimMA342_1200rpm_Avv__Dvv_13,train,train,False,1.2624607444092049,1505,3,5,Avv__D,Avv__Dvv
trimMA342_1200rpm_Avv__D_05,trimMA342_1200rpm_AW__D_06,train,test,True,1.2626513665377685,1506,3,1,Avv__D,AW__D
trimMA342_1200rpm_A__Dvv_11,trimMA342_1200rpm_Avv__Dvv_15,validation,train,True,1.2626819970996677,1507,4,5,A__Dvv,Avv__Dvv
trimMA342_1200rpm_A__Dvv_11,trimMA342_1200rpm_AW__D_03,validation,train,True,1.2628468696128619,1508,4,1,A__Dvv,AW__D
trimMA342_1200rpm_A__D_13,trimMA342_1200rpm_A__Dvv_00,test,test,False,1.262849019461142,1509,0,4,A__D,A__Dvv
trimMA342_1200rpm_A__D_06,trimMA342_1200rpm_A__D_10,train,train,False,1.2631425289039468,1510,0,0,A__D,A__D
trimMA342_1200rpm_A__D_02,trimMA342_1200rpm_A__D_10,validation,train,True,1.2634162834908589,1511,0,0,A__D,A__D
trimMA342_1200rpm_A__DW_10,trimMA342_1200rpm_AW__D_10,test,validation,True,1.2637131230832248,1512,2,1,A__DW,AW__D
trimMA342_1200rpm_Avv__D_09,trimMA342_1200rpm_AW__D_02,validation,train,True,1.2637187387386113,1513,3,1,Avv__D,AW__D
trimMA342_1200rpm_A__Dvv_12,trimMA342_1200rpm_Avv__D_08,train,train,False,1.2637681134117131,1514,4,3,A__Dvv,Avv__D
trimMA342_1200rpm_Avv__Dvv_01,trimMA342_1200rpm_Avv__Dvv_10,train,test,True,1.263835596096296,1515,5,5,Avv__Dvv,Avv__Dvv
trimMA342_1200rpm_A__Dvv_00,trimMA342_1200rpm_Avv__Dvv_07,test,validation,True,1.2638845066276787,1516,4,5,A__Dvv,Avv__Dvv
trimMA342_1200rpm_Avv__D_05,trimMA342_1200rpm_Avv__Dvv_02,train,train,False,1.264901536818684,1517,3,5,Avv__D,Avv__Dvv
trimMA342_1200rpm_A__Dvv_13,trimMA342_1200rpm_AW__D_11,train,test,True,1.264939882728132,1518,4,1,A__Dvv,AW__D
trimMA342_1200rpm_A__Dvv_12,trimMA342_1200rpm_AW__D_06,train,test,True,1.2649567887177249,1519,4,1,A__Dvv,AW__D
trimMA342_1200rpm_A__Dvv_10,trimMA342_1200rpm_Avv__D_15,test,train,True,1.2650123043304227,1520,4,3,A__Dvv,Avv__D
trimMA342_1200rpm_Avv__D_02,trimMA342_1200rpm_Avv__Dvv_06,train,test,True,1.2651810502332705,1521,3,5,Avv__D,Avv__Dvv
trimMA342_1200rpm_A__Dvv_09,trimMA342_1200rpm_AW__D_02,train,train,False,1.265651850375015,1522,4,1,A__Dvv,AW__D
trimMA342_1200rpm_Avv__Dvv_09,trimMA342_1200rpm_AW__D_09,validation,validation,False,1.2658255874572848,1523,5,1,Avv__Dvv,AW__D
trimMA342_1200rpm_A__DW_12,trimMA342_1200rpm_AW__D_15,train,validation,True,1.2658688667496218,1524,2,1,A__DW,AW__D
trimMA342_1200rpm_A__DW_07,trimMA342_1200rpm_Avv__Dvv_00,test,test,False,1.265910640255762,1525,2,5,A__DW,Avv__Dvv
trimMA342_1200rpm_A__DW_10,trimMA342_1200rpm_Avv__Dvv_03,test,train,True,1.265914109846395,1526,2,5,A__DW,Avv__Dvv
trimMA342_1200rpm_Avv__D_09,trimMA342_1200rpm_Avv__Dvv_15,validation,train,True,1.2660403966522749,1527,3,5,Avv__D,Avv__Dvv
trimMA342_1200rpm_Avv__D_06,trimMA342_1200rpm_Avv__Dvv_04,test,train,True,1.2660805525711687,1528,3,5,Avv__D,Avv__Dvv
trimMA342_1200rpm_Avv__Dvv_06,trimMA342_1200rpm_AW__D_02,test,train,True,1.2662262312651291,1529,5,1,Avv__Dvv,AW__D
trimMA342_1200rpm_A__DW_06,trimMA342_1200rpm_Avv__Dvv_08,validation,validation,False,1.2662344828377978,1530,2,5,A__DW,Avv__Dvv
trimMA342_1200rpm_A__Dvv_03,trimMA342_1200rpm_AW__D_01,validation,validation,False,1.2664420893917014,1531,4,1,A__Dvv,AW__D
trimMA342_1200rpm_A__DW_10,trimMA342_1200rpm_AW__D_14,test,train,True,1.2665571504359125,1532,2,1,A__DW,AW__D
trimMA342_1200rpm_Avv__D_09,trimMA342_1200rpm_Avv__Dvv_06,validation,test,True,1.2666022397081724,1533,3,5,Avv__D,Avv__Dvv
trimMA342_1200rpm_Avv__D_12,trimMA342_1200rpm_AW__D_11,test,test,False,1.266917961496828,1534,3,1,Avv__D,AW__D
trimMA342_1200rpm_Avv__D_14,trimMA342_1200rpm_Avv__Dvv_06,validation,test,True,1.2670217871909701,1535,3,5,Avv__D,Avv__Dvv
trimMA342_1200rpm_A__DW_11,trimMA342_1200rpm_AW__D_02,train,train,False,1.267043266249879,1536,2,1,A__DW,AW__D
trimMA342_1200rpm_Avv__Dvv_08,trimMA342_1200rpm_Avv__Dvv_09,validation,validation,False,1.2670641869577335,1537,5,5,Avv__Dvv,Avv__Dvv
trimMA342_1200rpm_AW__D_09,trimMA342_1200rpm_AW__D_11,validation,test,True,1.2671843711010673,1538,1,1,AW__D,AW__D
trimMA342_1200rpm_A__DW_05,trimMA342_1200rpm_Avv__Dvv_10,train,test,True,1.2673050602683065,1539,2,5,A__DW,Avv__Dvv
trimMA342_1200rpm_Avv__D_00,trimMA342_1200rpm_Avv__D_14,test,validation,True,1.2673278322808756,1540,3,3,Avv__D,Avv__D
trimMA342_1200rpm_A__D_04,trimMA342_1200rpm_A__D_11,validation,train,True,1.2674442088879294,1541,0,0,A__D,A__D
trimMA342_1200rpm_Avv__D_05,trimMA342_1200rpm_Avv__Dvv_11,train,validation,True,1.2675216031458263,1542,3,5,Avv__D,Avv__Dvv
trimMA342_1200rpm_Avv__D_15,trimMA342_1200rpm_Avv__Dvv_12,train,train,False,1.2675481559008033,1543,3,5,Avv__D,Avv__Dvv
trimMA342_1200rpm_Avv__D_08,trimMA342_1200rpm_Avv__D_15,train,train,False,1.2676646232907602,1544,3,3,Avv__D,Avv__D
trimMA342_1200rpm_A__Dvv_02,trimMA342_1200rpm_Avv__Dvv_01,test,train,True,1.267824026239878,1545,4,5,A__Dvv,Avv__Dvv
trimMA342_1200rpm_A__Dvv_03,trimMA342_1200rpm_AW__D_04,validation,train,True,1.2680329183911099,1546,4,1,A__Dvv,AW__D
trimMA342_1200rpm_A__DW_10,trimMA342_1200rpm_Avv__Dvv_02,test,train,True,1.268147794948823,1547,2,5,A__DW,Avv__Dvv
trimMA342_1200rpm_Avv__Dvv_02,trimMA342_1200rpm_AW__D_01,train,validation,True,1.2684261325122064,1548,5,1,Avv__Dvv,AW__D
trimMA342_1200rpm_A__Dvv_15,trimMA342_1200rpm_Avv__Dvv_06,train,test,True,1.2684280068352842,1549,4,5,A__Dvv,Avv__Dvv
trimMA342_1200rpm_Avv__D_05,trimMA342_1200rpm_Avv__Dvv_01,train,train,False,1.2685046926532528,1550,3,5,Avv__D,Avv__Dvv
trimMA342_1200rpm_Avv__D_03,trimMA342_1200rpm_AW__D_02,train,train,False,1.2687337320577297,1551,3,1,Avv__D,AW__D
trimMA342_1200rpm_Avv__D_12,trimMA342_1200rpm_AW__D_10,test,validation,True,1.2689366802389495,1552,3,1,Avv__D,AW__D
trimMA342_1200rpm_A__DW_09,trimMA342_1200rpm_AW__D_02,train,train,False,1.2689604080409569,1553,2,1,A__DW,AW__D
trimMA342_1200rpm_A__DW_15,trimMA342_1200rpm_AW__D_06,validation,test,True,1.2690455571372348,1554,2,1,A__DW,AW__D
trimMA342_1200rpm_A__D_06,trimMA342_1200rpm_A__D_14,train,test,True,1.2692124308070214,1555,0,0,A__D,A__D
trimMA342_1200rpm_A__DW_05,trimMA342_1200rpm_AW__D_10,train,validation,True,1.269233409196111,1556,2,1,A__DW,AW__D
trimMA342_1200rpm_Avv__D_10,trimMA342_1200rpm_Avv__Dvv_15,train,train,False,1.2695209500572606,1557,3,5,Avv__D,Avv__Dvv
trimMA342_1200rpm_A__Dvv_08,trimMA342_1200rpm_Avv__Dvv_03,validation,train,True,1.2695320206481928,1558,4,5,A__Dvv,Avv__Dvv
trimMA342_1200rpm_Avv__D_00,trimMA342_1200rpm_Avv__D_04,test,validation,True,1.2695431016634444,1559,3,3,Avv__D,Avv__D
trimMA342_1200rpm_A__DW_10,trimMA342_1200rpm_AW__D_13,test,test,False,1.2695878526061828,1560,2,1,A__DW,AW__D
trimMA342_1200rpm_A__Dvv_13,trimMA342_1200rpm_Avv__Dvv_01,train,train,False,1.2696174627838532,1561,4,5,A__Dvv,Avv__Dvv
trimMA342_1200rpm_A__Dvv_01,trimMA342_1200rpm_AW__D_05,train,test,True,1.2696400405931085,1562,4,1,A__Dvv,AW__D
trimMA342_1200rpm_A__D_15,trimMA342_1200rpm_A__Dvv_09,train,train,False,1.26966403189285,1563,0,4,A__D,A__Dvv
trimMA342_1200rpm_A__D_04,trimMA342_1200rpm_Avv__D_04,validation,validation,False,1.269843513088123,1564,0,3,A__D,Avv__D
trimMA342_1200rpm_Avv__D_12,trimMA342_1200rpm_Avv__Dvv_10,test,test,False,1.2698617093747402,1565,3,5,Avv__D,Avv__Dvv
trimMA342_1200rpm_Avv__D_07,trimMA342_1200rpm_Avv__Dvv_02,train,train,False,1.269977083371803,1566,3,5,Avv__D,Avv__Dvv
trimMA342_1200rpm_AW__D_00,trimMA342_1200rpm_AW__D_07,train,train,False,1.2702415838157144,1567,1,1,AW__D,AW__D
trimMA342_1200rpm_A__Dvv_15,trimMA342_1200rpm_AW__D_14,train,train,False,1.2702666590851022,1568,4,1,A__Dvv,AW__D
trimMA342_1200rpm_Avv__D_10,trimMA342_1200rpm_Avv__Dvv_08,train,validation,True,1.2703612807647335,1569,3,5,Avv__D,Avv__Dvv
trimMA342_1200rpm_A__Dvv_15,trimMA342_1200rpm_Avv__D_13,train,test,True,1.2703795752647655,1570,4,3,A__Dvv,Avv__D
trimMA342_1200rpm_Avv__D_07,trimMA342_1200rpm_Avv__Dvv_13,train,train,False,1.2704389992167302,1571,3,5,Avv__D,Avv__Dvv
trimMA342_1200rpm_Avv__Dvv_04,trimMA342_1200rpm_Avv__Dvv_09,train,validation,True,1.2705187074241266,1572,5,5,Avv__Dvv,Avv__Dvv
trimMA342_1200rpm_A__Dvv_00,trimMA342_1200rpm_AW__D_00,test,train,True,1.2705596538023112,1573,4,1,A__Dvv,AW__D
trimMA342_1200rpm_A__DW_10,trimMA342_1200rpm_Avv__Dvv_11,test,validation,True,1.270962141090126,1574,2,5,A__DW,Avv__Dvv
trimMA342_1200rpm_Avv__Dvv_07,trimMA342_1200rpm_AW__D_03,validation,train,True,1.2711581416322886,1575,5,1,Avv__Dvv,AW__D
trimMA342_1200rpm_A__Dvv_11,trimMA342_1200rpm_Avv__Dvv_10,validation,test,True,1.2712680776545497,1576,4,5,A__Dvv,Avv__Dvv
trimMA342_1200rpm_A__Dvv_10,trimMA342_1200rpm_Avv__D_08,test,train,True,1.2712951006935707,1577,4,3,A__Dvv,Avv__D
trimMA342_1200rpm_Avv__Dvv_14,trimMA342_1200rpm_AW__D_02,test,train,True,1.271812877018164,1578,5,1,Avv__Dvv,AW__D
trimMA342_1200rpm_A__D_15,trimMA342_1200rpm_A__Dvv_05,train,train,False,1.2720320611615332,1579,0,4,A__D,A__Dvv
trimMA342_1200rpm_A__Dvv_03,trimMA342_1200rpm_AW__D_13,validation,test,True,1.2723420365135485,1580,4,1,A__Dvv,AW__D
trimMA342_1200rpm_A__DW_05,trimMA342_1200rpm_AW__D_13,train,test,True,1.2726397314691984,1581,2,1,A__DW,AW__D
trimMA342_1200rpm_A__DW_01,trimMA342_1200rpm_A__DW_08,test,train,True,1.272736560964488,1582,2,2,A__DW,A__DW
trimMA342_1200rpm_A__Dvv_05,trimMA342_1200rpm_AW__D_01,train,validation,True,1.2728292396069774,1583,4,1,A__Dvv,AW__D
trimMA342_1200rpm_Avv__D_00,trimMA342_1200rpm_Avv__Dvv_08,test,validation,True,1.2730944650352296,1584,3,5,Avv__D,Avv__Dvv
trimMA342_1200rpm_AW__D_05,trimMA342_1200rpm_AW__D_14,test,train,True,1.2731137029168156,1585,1,1,AW__D,AW__D
trimMA342_1200rpm_A__D_05,trimMA342_1200rpm_A__D_11,validation,train,True,1.2731830375251258,1586,0,0,A__D,A__D
trimMA342_1200rpm_Avv__D_11,trimMA342_1200rpm_AW__D_09,train,validation,True,1.2731994880013282,1587,3,1,Avv__D,AW__D
trimMA342_1200rpm_Avv__Dvv_15,trimMA342_1200rpm_AW__D_09,train,validation,True,1.2732447889451828,1588,5,1,Avv__Dvv,AW__D
trimMA342_1200rpm_Avv__D_14,trimMA342_1200rpm_Avv__Dvv_07,validation,validation,False,1.2733412800996007,1589,3,5,Avv__D,Avv__Dvv
trimMA342_1200rpm_Avv__D_07,trimMA342_1200rpm_Avv__Dvv_07,train,validation,True,1.2735548523392564,1590,3,5,Avv__D,Avv__Dvv
trimMA342_1200rpm_Avv__D_14,trimMA342_1200rpm_Avv__Dvv_02,validation,train,True,1.2738339019252944,1591,3,5,Avv__D,Avv__Dvv
trimMA342_1200rpm_A__Dvv_03,trimMA342_1200rpm_Avv__D_07,validation,train,True,1.2738983763675271,1592,4,3,A__Dvv,Avv__D
trimMA342_1200rpm_Avv__Dvv_11,trimMA342_1200rpm_AW__D_01,validation,validation,False,1.2740026203932362,1593,5,1,Avv__Dvv,AW__D
trimMA342_1200rpm_A__Dvv_14,trimMA342_1200rpm_AW__D_11,test,test,False,1.274506821090949,1594,4,1,A__Dvv,AW__D
trimMA342_1200rpm_A__Dvv_11,trimMA342_1200rpm_AW__D_09,validation,validation,False,1.2746096192768934,1595,4,1,A__Dvv,AW__D
trimMA342_1200rpm_A__Dvv_01,trimMA342_1200rpm_Avv__Dvv_03,train,train,False,1.2746790615288388,1596,4,5,A__Dvv,Avv__Dvv
trimMA342_1200rpm_A__DW_05,trimMA342_1200rpm_AW__D_03,train,train,False,1.274838577368953,1597,2,1,A__DW,AW__D
trimMA342_1200rpm_A__Dvv_11,trimMA342_1200rpm_Avv__Dvv_09,validation,validation,False,1.2751514756464348,1598,4,5,A__Dvv,Avv__Dvv
trimMA342_1200rpm_A__Dvv_00,trimMA342_1200rpm_Avv__D_11,test,train,True,1.2751538431131477,1599,4,3,A__Dvv,Avv__D
trimMA342_1200rpm_Avv__Dvv_06,trimMA342_1200rpm_Avv__Dvv_07,test,validation,True,1.2752858734123282,1600,5,5,Avv__Dvv,Avv__Dvv
trimMA342_1200rpm_Avv__D_05,trimMA342_1200rpm_Avv__Dvv_08,train,validation,True,1.2753405529344508,1601,3,5,Avv__D,Avv__Dvv
trimMA342_1200rpm_Avv__D_02,trimMA342_1200rpm_Avv__D_12,train,test,True,1.2755904496997712,1602,3,3,Avv__D,Avv__D
trimMA342_1200rpm_A__DW_05,trimMA342_1200rpm_Avv__Dvv_08,train,validation,True,1.2755945087600504,1603,2,5,A__DW,Avv__Dvv
trimMA342_1200rpm_Avv__D_01,trimMA342_1200rpm_AW__D_14,validation,train,True,1.2756141442878965,1604,3,1,Avv__D,AW__D
trimMA342_1200rpm_A__Dvv_15,trimMA342_1200rpm_AW__D_05,train,test,True,1.2758011502897146,1605,4,1,A__Dvv,AW__D
trimMA342_1200rpm_A__Dvv_04,trimMA342_1200rpm_Avv__Dvv_09,train,validation,True,1.2758223198667944,1606,4,5,A__Dvv,Avv__Dvv
trimMA342_1200rpm_Avv__Dvv_04,trimMA342_1200rpm_AW__D_02,train,train,False,1.2758641768563304,1607,5,1,Avv__Dvv,AW__D
trimMA342_1200rpm_A__D_05,trimMA342_1200rpm_A__Dvv_07,validation,train,True,1.276032159687704,1608,0,4,A__D,A__Dvv
trimMA342_1200rpm_A__Dvv_08,trimMA342_1200rpm_Avv__D_00,validation,test,True,1.2760929877828324,1609,4,3,A__Dvv,Avv__D
trimMA342_1200rpm_A__D_15,trimMA342_1200rpm_Avv__D_03,train,train,False,1.2761800064928583,1610,0,3,A__D,Avv__D
trimMA342_1200rpm_Avv__D_15,trimMA342_1200rpm_Avv__Dvv_10,train,test,True,1.2762231202027547,1611,3,5,Avv__D,Avv__Dvv
trimMA342_1200rpm_Avv__D_03,trimMA342_1200rpm_AW__D_07,train,train,False,1.276402907127517,1612,3,1,Avv__D,AW__D
trimMA342_1200rpm_Avv__D_02,trimMA342_1200rpm_AW__D_13,train,test,True,1.2767874205809313,1613,3,1,Avv__D,AW__D
trimMA342_1200rpm_A__Dvv_01,trimMA342_1200rpm_Avv__D_14,train,validation,True,1.276920052554192,1614,4,3,A__Dvv,Avv__D
trimMA342_1200rpm_A__Dvv_01,trimMA342_1200rpm_Avv__Dvv_06,train,test,True,1.2770842191423006,1615,4,5,A__Dvv,Avv__Dvv
trimMA342_1200rpm_A__Dvv_13,trimMA342_1200rpm_AW__D_08,train,train,False,1.2773080174014488,1616,4,1,A__Dvv,AW__D
trimMA342_1200rpm_Avv__D_08,trimMA342_1200rpm_Avv__Dvv_00,train,test,True,1.277486896705759,1617,3,5,Avv__D,Avv__Dvv
trimMA342_1200rpm_A__Dvv_04,trimMA342_1200rpm_Avv__Dvv_06,train,test,True,1.2776031942162636,1618,4,5,A__Dvv,Avv__Dvv
trimMA342_1200rpm_A__Dvv_14,trimMA342_1200rpm_AW__D_13,test,test,False,1.2776886853436362,1619,4,1,A__Dvv,AW__D
trimMA342_1200rpm_A__D_13,trimMA342_1200rpm_AW__D_00,test,train,True,1.277785684648298,1620,0,1,A__D,AW__D
trimMA342_1200rpm_A__Dvv_10,trimMA342_1200rpm_Avv__D_10,test,train,True,1.2778563717134364,1621,4,3,A__Dvv,Avv__D
trimMA342_1200rpm_Avv__D_13,trimMA342_1200rpm_AW__D_10,test,validation,True,1.2780678803835723,1622,3,1,Avv__D,AW__D
trimMA342_1200rpm_A__Dvv_00,trimMA342_1200rpm_A__Dvv_02,test,test,False,1.2784009678962063,1623,4,4,A__Dvv,A__Dvv
trimMA342_1200rpm_Avv__D_01,trimMA342_1200rpm_AW__D_12,validation,train,True,1.2784199946410097,1624,3,1,Avv__D,AW__D
trimMA342_1200rpm_A__DW_15,trimMA342_1200rpm_AW__D_04,validation,train,True,1.278445934021273,1625,2,1,A__DW,AW__D
trimMA342_1200rpm_Avv__D_14,trimMA342_1200rpm_AW__D_14,validation,train,True,1.2786166527402643,1626,3,1,Avv__D,AW__D
trimMA342_1200rpm_A__DW_03,trimMA342_1200rpm_AW__D_00,test,train,True,1.2786523289293812,1627,2,1,A__DW,AW__D
trimMA342_1200rpm_Avv__D_11,trimMA342_1200rpm_AW__D_08,train,train,False,1.2788026053120645,1628,3,1,Avv__D,AW__D
trimMA342_1200rpm_Avv__D_15,trimMA342_1200rpm_Avv__Dvv_08,train,validation,True,1.2790475157458812,1629,3,5,Avv__D,Avv__Dvv
trimMA342_1200rpm_A__DW_10,trimMA342_1200rpm_AW__D_00,test,train,True,1.279492451618809,1630,2,1,A__DW,AW__D
trimMA342_1200rpm_Avv__Dvv_07,trimMA342_1200rpm_AW__D_05,validation,test,True,1.2798644366637504,1631,5,1,Avv__Dvv,AW__D
trimMA342_1200rpm_A__DW_13,trimMA342_1200rpm_AW__D_03,train,train,False,1.2799905016912765,1632,2,1,A__DW,AW__D
trimMA342_1200rpm_Avv__D_13,trimMA342_1200rpm_Avv__Dvv_03,test,train,True,1.2800119421454212,1633,3,5,Avv__D,Avv__Dvv
trimMA342_1200rpm_A__DW_08,trimMA342_1200rpm_AW__D_05,train,test,True,1.2800402936940702,1634,2,1,A__DW,AW__D
trimMA342_1200rpm_Avv__D_15,trimMA342_1200rpm_AW__D_11,train,test,True,1.2801282995266317,1635,3,1,Avv__D,AW__D
trimMA342_1200rpm_Avv__Dvv_05,trimMA342_1200rpm_AW__D_09,train,validation,True,1.2803258622511282,1636,5,1,Avv__Dvv,AW__D
trimMA342_1200rpm_Avv__D_10,trimMA342_1200rpm_AW__D_07,train,train,False,1.2803577266558976,1637,3,1,Avv__D,AW__D
trimMA342_1200rpm_Avv__D_07,trimMA342_1200rpm_Avv__D_14,train,validation,True,1.2804078370553045,1638,3,3,Avv__D,Avv__D
trimMA342_1200rpm_A__DW_06,trimMA342_1200rpm_Avv__Dvv_10,validation,test,True,1.2804189754640238,1639,2,5,A__DW,Avv__Dvv
trimMA342_1200rpm_A__Dvv_01,trimMA342_1200rpm_AW__D_06,train,test,True,1.2804978402208635,1640,4,1,A__Dvv,AW__D
trimMA342_1200rpm_A__DW_05,trimMA342_1200rpm_AW__D_06,train,test,True,1.2806943682257188,1641,2,1,A__DW,AW__D
trimMA342_1200rpm_A__DW_15,trimMA342_1200rpm_Avv__Dvv_00,validation,test,True,1.280727334220496,1642,2,5,A__DW,Avv__Dvv
trimMA342_1200rpm_A__Dvv_05,trimMA342_1200rpm_Avv__Dvv_04,train,train,False,1.2808318350419534,1643,4,5,A__Dvv,Avv__Dvv
trimMA342_1200rpm_A__D_15,trimMA342_1200rpm_Avv__D_15,train,train,False,1.280994049561774,1644,0,3,A__D,Avv__D
trimMA342_1200rpm_Avv__D_08,trimMA342_1200rpm_Avv__Dvv_08,train,validation,True,1.2810070522586823,1645,3,5,Avv__D,Avv__Dvv
trimMA342_1200rpm_Avv__Dvv_07,trimMA342_1200rpm_AW__D_07,validation,train,True,1.2810843550019055,1646,5,1,Avv__Dvv,AW__D
trimMA342_1200rpm_A__D_04,trimMA342_1200rpm_Avv__D_09,validation,validation,False,1.2811068855346774,1647,0,3,A__D,Avv__D
trimMA342_1200rpm_Avv__Dvv_13,trimMA342_1200rpm_Avv__Dvv_15,train,train,False,1.281184576253712,1648,5,5,Avv__Dvv,Avv__Dvv
trimMA342_1200rpm_A__Dvv_01,trimMA342_1200rpm_AW__D_03,train,train,False,1.2812369568150093,1649,4,1,A__Dvv,AW__D
trimMA342_1200rpm_Avv__D_07,trimMA342_1200rpm_Avv__Dvv_03,train,train,False,1.2813607940565144,1650,3,5,Avv__D,Avv__Dvv
trimMA342_1200rpm_Avv__Dvv_07,trimMA342_1200rpm_AW__D_04,validation,train,True,1.2814166595511858,1651,5,1,Avv__Dvv,AW__D
trimMA342_1200rpm_A__Dvv_08,trimMA342_1200rpm_Avv__D_12,validation,test,True,1.281581857527433,1652,4,3,A__Dvv,Avv__D
trimMA342_1200rpm_A__DW_09,trimMA342_1200rpm_AW__D_06,train,test,True,1.2817626326879212,1653,2,1,A__DW,AW__D
trimMA342_1200rpm_A__DW_11,trimMA342_1200rpm_Avv__Dvv_02,train,train,False,1.2819731316938328,1654,2,5,A__DW,Avv__Dvv
trimMA342_1200rpm_Avv__D_08,trimMA342_1200rpm_Avv__D_10,train,train,False,1.2820593226130952,1655,3,3,Avv__D,Avv__D
trimMA342_1200rpm_A__DW_15,trimMA342_1200rpm_AW__D_10,validation,validation,False,1.2821738019714715,1656,2,1,A__DW,AW__D
trimMA342_1200rpm_A__D_15,trimMA342_1200rpm_Avv__D_04,train,validation,True,1.282183793304074,1657,0,3,A__D,Avv__D
trimMA342_1200rpm_A__Dvv_01,trimMA342_1200rpm_Avv__Dvv_01,train,train,False,1.2823897620830182,1658,4,5,A__Dvv,Avv__Dvv
trimMA342_1200rpm_A__Dvv_09,trimMA342_1200rpm_AW__D_08,train,train,False,1.282523976939569,1659,4,1,A__Dvv,AW__D
trimMA342_1200rpm_A__Dvv_03,trimMA342_1200rpm_AW__D_09,validation,validation,False,1.2826009096266684,1660,4,1,A__Dvv,AW__D
trimMA342_1200rpm_A__Dvv_15,trimMA342_1200rpm_AW__D_15,train,validation,True,1.282634856163028,1661,4,1,A__Dvv,AW__D
trimMA342_1200rpm_A__DW_12,trimMA342_1200rpm_AW__D_05,train,test,True,1.2826740675554629,1662,2,1,A__DW,AW__D
trimMA342_1200rpm_A__D_14,trimMA342_1200rpm_A__Dvv_05,test,train,True,1.28272910310484,1663,0,4,A__D,A__Dvv
trimMA342_1200rpm_A__DW_10,trimMA342_1200rpm_AW__D_07,test,train,True,1.2832268048612923,1664,2,1,A__DW,AW__D
trimMA342_1200rpm_A__D_15,trimMA342_1200rpm_Avv__D_00,train,test,True,1.2832862774988287,1665,0,3,A__D,Avv__D
trimMA342_1200rpm_Avv__D_14,trimMA342_1200rpm_Avv__Dvv_00,validation,test,True,1.2833065355289097,1666,3,5,Avv__D,Avv__Dvv
trimMA342_1200rpm_A__Dvv_07,trimMA342_1200rpm_Avv__Dvv_09,train,validation,True,1.2833613156698285,1667,4,5,A__Dvv,Avv__Dvv
trimMA342_1200rpm_Avv__D_07,trimMA342_1200rpm_Avv__Dvv_11,train,validation,True,1.2834403697267205,1668,3,5,Avv__D,Avv__Dvv
trimMA342_1200rpm_A__Dvv_12,trimMA342_1200rpm_Avv__Dvv_09,train,validation,True,1.2842735076440277,1669,4,5,A__Dvv,Avv__Dvv
trimMA342_1200rpm_A__DW_05,trimMA342_1200rpm_AW__D_08,train,train,False,1.2844048291825965,1670,2,1,A__DW,AW__D
trimMA342_1200rpm_A__DW_04,trimMA342_1200rpm_AW__D_05,validation,test,True,1.2844111944665744,1671,2,1,A__DW,AW__D
trimMA342_1200rpm_Avv__D_12,trimMA342_1200rpm_Avv__Dvv_13,test,train,True,1.2845952378429013,1672,3,5,Avv__D,Avv__Dvv
trimMA342_1200rpm_A__D_15,trimMA342_1200rpm_A__Dvv_06,train,validation,True,1.2846422069328396,1673,0,4,A__D,A__Dvv
trimMA342_1200rpm_A__Dvv_06,trimMA342_1200rpm_AW__D_04,validation,train,True,1.2846634762987577,1674,4,1,A__Dvv,AW__D
trimMA342_1200rpm_Avv__Dvv_13,trimMA342_1200rpm_AW__D_14,train,train,False,1.284715436035846,1675,5,1,Avv__Dvv,AW__D
trimMA342_1200rpm_Avv__D_06,trimMA342_1200rpm_Avv__D_12,test,test,False,1.284794013728772,1676,3,3,Avv__D,Avv__D
trimMA342_1200rpm_A__Dvv_03,trimMA342_1200rpm_Avv__D_15,validation,train,True,1.284892281891128,1677,4,3,A__Dvv,Avv__D
trimMA342_1200rpm_A__Dvv_15,trimMA342_1200rpm_AW__D_01,train,validation,True,1.284912136989572,1678,4,1,A__Dvv,AW__D
trimMA342_1200rpm_A__Dvv_10,trimMA342_1200rpm_Avv__D_01,test,validation,True,1.2852391392499158,1679,4,3,A__Dvv,Avv__D
trimMA342_1200rpm_A__D_06,trimMA342_1200rpm_A__D_11,train,train,False,1.2856173001804756,1680,0,0,A__D,A__D
trimMA342_1200rpm_A__D_02,trimMA342_1200rpm_A__D_03,validation,train,True,1.2857110034147934,1681,0,0,A__D,A__D
trimMA342_1200rpm_A__Dvv_10,trimMA342_1200rpm_AW__D_14,test,train,True,1.2858341008052967,1682,4,1,A__Dvv,AW__D
trimMA342_1200rpm_Avv__D_15,trimMA342_1200rpm_Avv__Dvv_11,train,validation,True,1.2861438247952413,1683,3,5,Avv__D,Avv__Dvv
trimMA342_1200rpm_Avv__D_10,trimMA342_1200rpm_Avv__Dvv_10,train,test,True,1.2862044400041726,1684,3,5,Avv__D,Avv__Dvv
trimMA342_1200rpm_A__Dvv_07,trimMA342_1200rpm_AW__D_03,train,train,False,1.2863213982753379,1685,4,1,A__Dvv,AW__D
trimMA342_1200rpm_A__Dvv_02,trimMA342_1200rpm_Avv__D_13,test,test,False,1.286366355679639,1686,4,3,A__Dvv,Avv__D
trimMA342_1200rpm_A__Dvv_01,trimMA342_1200rpm_Avv__Dvv_02,train,train,False,1.2866457975928123,1687,4,5,A__Dvv,Avv__Dvv
trimMA342_1200rpm_A__DW_06,trimMA342_1200rpm_AW__D_04,validation,train,True,1.2866835817887994,1688,2,1,A__DW,AW__D
trimMA342_1200rpm_A__Dvv_06,trimMA342_1200rpm_AW__D_08,validation,train,True,1.286875996064559,1689,4,1,A__Dvv,AW__D
trimMA342_1200rpm_Avv__Dvv_01,trimMA342_1200rpm_AW__D_12,train,train,False,1.286880560839427,1690,5,1,Avv__Dvv,AW__D
trimMA342_1200rpm_A__D_13,trimMA342_1200rpm_A__Dvv_07,test,train,True,1.2869080108933475,1691,0,4,A__D,A__Dvv
trimMA342_1200rpm_A__Dvv_15,trimMA342_1200rpm_Avv__Dvv_04,train,train,False,1.2869728997782366,1692,4,5,A__Dvv,Avv__Dvv
trimMA342_1200rpm_A__DW_13,trimMA342_1200rpm_AW__D_09,train,validation,True,1.287242561599131,1693,2,1,A__DW,AW__D
trimMA342_1200rpm_Avv__D_02,trimMA342_1200rpm_AW__D_09,train,validation,True,1.2876719123892322,1694,3,1,Avv__D,AW__D
trimMA342_1200rpm_A__D_05,trimMA342_1200rpm_Avv__D_09,validation,validation,False,1.2877515216599071,1695,0,3,A__D,Avv__D
trimMA342_1200rpm_Avv__D_06,trimMA342_1200rpm_Avv__Dvv_05,test,train,True,1.287777652113838,1696,3,5,Avv__D,Avv__Dvv
trimMA342_1200rpm_Avv__Dvv_09,trimMA342_1200rpm_AW__D_11,validation,test,True,1.2879753124269036,1697,5,1,Avv__Dvv,AW__D
trimMA342_1200rpm_A__Dvv_10,trimMA342_1200rpm_Avv__D_07,test,train,True,1.28813187502722,1698,4,3,A__Dvv,Avv__D
trimMA342_1200rpm_Avv__D_00,trimMA342_1200rpm_Avv__D_02,test,train,True,1.2882397734724527,1699,3,3,Avv__D,Avv__D
trimMA342_1200rpm_A__Dvv_03,trimMA342_1200rpm_Avv__Dvv_01,validation,train,True,1.2884171317056754,1700,4,5,A__Dvv,Avv__Dvv
trimMA342_1200rpm_A__Dvv_08,trimMA342_1200rpm_Avv__Dvv_15,validation,train,True,1.2885127540406047,1701,4,5,A__Dvv,Avv__Dvv
trimMA342_1200rpm_Avv__Dvv_13,trimMA342_1200rpm_AW__D_11,train,test,True,1.2885970317066706,1702,5,1,Avv__Dvv,AW__D
trimMA342_1200rpm_Avv__Dvv_09,trimMA342_1200rpm_AW__D_07,validation,train,True,1.288619690903504,1703,5,1,Avv__Dvv,AW__D
trimMA342_1200rpm_Avv__D_12,trimMA342_1200rpm_AW__D_14,test,train,True,1.2886760914643887,1704,3,1,Avv__D,AW__D
trimMA342_1200rpm_Avv__Dvv_04,trimMA342_1200rpm_AW__D_12,train,train,False,1.2890780397400456,1705,5,1,Avv__Dvv,AW__D
trimMA342_1200rpm_Avv__D_01,trimMA342_1200rpm_Avv__Dvv_15,validation,train,True,1.2893958954409777,1706,3,5,Avv__D,Avv__Dvv
trimMA342_1200rpm_AW__D_07,trimMA342_1200rpm_AW__D_11,train,test,True,1.2894054616127655,1707,1,1,AW__D,AW__D
trimMA342_1200rpm_Avv__Dvv_06,trimMA342_1200rpm_AW__D_06,test,test,False,1.289485721268644,1708,5,1,Avv__Dvv,AW__D
trimMA342_1200rpm_Avv__D_12,trimMA342_1200rpm_Avv__Dvv_08,test,validation,True,1.2900164958262608,1709,3,5,Avv__D,Avv__Dvv
trimMA342_1200rpm_A__Dvv_04,trimMA342_1200rpm_AW__D_07,train,train,False,1.2901849492463422,1710,4,1,A__Dvv,AW__D
trimMA342_1200rpm_A__Dvv_13,trimMA342_1200rpm_Avv__D_13,train,test,True,1.2902939141011305,1711,4,3,A__Dvv,Avv__D
trimMA342_1200rpm_A__D_15,trimMA342_1200rpm_AW__D_00,train,train,False,1.2903681471919288,1712,0,1,A__D,AW__D
trimMA342_1200rpm_A__DW_07,trimMA342_1200rpm_AW__D_01,test,validation,True,1.2903962382551948,1713,2,1,A__DW,AW__D
trimMA342_1200rpm_Avv__Dvv_01,trimMA342_1200rpm_AW__D_01,train,validation,True,1.2905132612843568,1714,5,1,Avv__Dvv,AW__D
trimMA342_1200rpm_A__Dvv_00,trimMA342_1200rpm_Avv__Dvv_09,test,validation,True,1.2905689425557862,1715,4,5,A__Dvv,Avv__Dvv
trimMA342_1200rpm_A__DW_03,trimMA342_1200rpm_AW__D_01,test,validation,True,1.2905819871838258,1716,2,1,A__DW,AW__D
trimMA342_1200rpm_A__Dvv_08,trimMA342_1200rpm_AW__D_13,validation,test,True,1.2907523571832171,1717,4,1,A__Dvv,AW__D
trimMA342_1200rpm_Avv__D_12,trimMA342_1200rpm_Avv__Dvv_12,test,train,True,1.290917542367453,1718,3,5,Avv__D,Avv__Dvv
trimMA342_1200rpm_A__Dvv_11,trimMA342_1200rpm_AW__D_06,validation,test,True,1.2915656686776917,1719,4,1,A__Dvv,AW__D
trimMA342_1200rpm_A__DW_05,trimMA342_1200rpm_AW__D_11,train,test,True,1.2916460045404035,1720,2,1,A__DW,AW__D
trimMA342_1200rpm_A__DW_07,trimMA342_1200rpm_AW__D_11,test,test,False,1.2918407648243053,1721,2,1,A__DW,AW__D
trimMA342_1200rpm_A__DW_03,trimMA342_1200rpm_AW__D_15,test,validation,True,1.2919140891861558,1722,2,1,A__DW,AW__D
trimMA342_1200rpm_Avv__D_06,trimMA342_1200rpm_Avv__D_14,test,validation,True,1.2920462093901963,1723,3,3,Avv__D,Avv__D
trimMA342_1200rpm_Avv__D_14,trimMA342_1200rpm_Avv__Dvv_14,validation,test,True,1.292215243013524,1724,3,5,Avv__D,Avv__Dvv
trimMA342_1200rpm_Avv__D_12,trimMA342_1200rpm_Avv__Dvv_07,test,validation,True,1.2922834323346133,1725,3,5,Avv__D,Avv__Dvv
trimMA342_1200rpm_A__DW_13,trimMA342_1200rpm_AW__D_13,train,test,True,1.2923043058258525,1726,2,1,A__DW,AW__D
trimMA342_1200rpm_A__Dvv_13,trimMA342_1200rpm_AW__D_06,train,test,True,1.2923319099260413,1727,4,1,A__Dvv,AW__D
trimMA342_1200rpm_A__D_15,trimMA342_1200rpm_AW__D_11,train,test,True,1.2923406692517485,1728,0,1,A__D,AW__D
trimMA342_1200rpm_A__D_04,trimMA342_1200rpm_A__Dvv_07,validation,train,True,1.2925539707045133,1729,0,4,A__D,A__Dvv
trimMA342_1200rpm_A__Dvv_00,trimMA342_1200rpm_AW__D_10,test,validation,True,1.292725492848824,1730,4,1,A__Dvv,AW__D
trimMA342_1200rpm_A__DW_04,trimMA342_1200rpm_A__DW_11,validation,train,True,1.292837641674772,1731,2,2,A__DW,A__DW
trimMA342_1200rpm_Avv__D_02,trimMA342_1200rpm_Avv__Dvv_13,train,train,False,1.2928989216186548,1732,3,5,Avv__D,Avv__Dvv
trimMA342_1200rpm_A__Dvv_04,trimMA342_1200rpm_AW__D_00,train,train,False,1.2929521613116295,1733,4,1,A__Dvv,AW__D
trimMA342_1200rpm_Avv__Dvv_15,trimMA342_1200rpm_AW__D_03,train,train,False,1.2933173021826665,1734,5,1,Avv__Dvv,AW__D
trimMA342_1200rpm_Avv__D_07,trimMA342_1200rpm_Avv__Dvv_00,train,test,True,1.2934350054749324,1735,3,5,Avv__D,Avv__Dvv
trimMA342_1200rpm_A__D_05,trimMA342_1200rpm_Avv__D_04,validation,validation,False,1.293554168110157,1736,0,3,A__D,Avv__D
trimMA342_1200rpm_A__Dvv_06,trimMA342_1200rpm_AW__D_00,validation,train,True,1.2935624678012307,1737,4,1,A__Dvv,AW__D
trimMA342_1200rpm_A__DW_14,trimMA342_1200rpm_AW__D_02,train,train,False,1.2938766053578323,1738,2,1,A__DW,AW__D
trimMA342_1200rpm_A__DW_06,trimMA342_1200rpm_Avv__Dvv_03,validation,train,True,1.2940613493326465,1739,2,5,A__DW,Avv__Dvv
trimMA342_1200rpm_Avv__Dvv_05,trimMA342_1200rpm_AW__D_11,train,test,True,1.29423700558356,1740,5,1,Avv__Dvv,AW__D
trimMA342_1200rpm_A__D_15,trimMA342_1200rpm_Avv__D_08,train,train,False,1.294262093511914,1741,0,3,A__D,Avv__D
trimMA342_1200rpm_Avv__Dvv_05,trimMA342_1200rpm_AW__D_04,train,train,False,1.2943469674257022,1742,5,1,Avv__Dvv,AW__D
trimMA342_1200rpm_A__Dvv_01,trimMA342_1200rpm_AW__D_04,train,train,False,1.2944046273268686,1743,4,1,A__Dvv,AW__D
trimMA342_1200rpm_A__DW_05,trimMA342_1200rpm_Avv__Dvv_12,train,train,False,1.2944109490691296,1744,2,5,A__DW,Avv__Dvv
trimMA342_1200rpm_A__DW_11,trimMA342_1200rpm_Avv__Dvv_12,train,train,False,1.2945704219015937,1745,2,5,A__DW,Avv__Dvv
trimMA342_1200rpm_A__Dvv_15,trimMA342_1200rpm_Avv__D_14,train,validation,True,1.294593835550442,1746,4,3,A__Dvv,Avv__D
trimMA342_1200rpm_A__DW_04,trimMA342_1200rpm_AW__D_06,validation,test,True,1.2946355724578815,1747,2,1,A__DW,AW__D
trimMA342_1200rpm_A__DW_12,trimMA342_1200rpm_AW__D_02,train,train,False,1.2950278292521824,1748,2,1,A__DW,AW__D
trimMA342_1200rpm_Avv__Dvv_15,trimMA342_1200rpm_AW__D_06,train,test,True,1.2951384734934075,1749,5,1,Avv__Dvv,AW__D
trimMA342_1200rpm_A__Dvv_14,trimMA342_1200rpm_Avv__Dvv_09,test,validation,True,1.2952493306621335,1750,4,5,A__Dvv,Avv__Dvv
trimMA342_1200rpm_Avv__D_15,trimMA342_1200rpm_Avv__Dvv_02,train,train,False,1.2952891440950196,1751,3,5,Avv__D,Avv__Dvv
trimMA342_1200rpm_A__Dvv_01,trimMA342_1200rpm_Avv__Dvv_09,train,validation,True,1.2954131214195586,1752,4,5,A__Dvv,Avv__Dvv
trimMA342_1200rpm_Avv__D_01,trimMA342_1200rpm_AW__D_15,validation,validation,False,1.2955277626795327,1753,3,1,Avv__D,AW__D
trimMA342_1200rpm_A__D_04,trimMA342_1200rpm_A__D_14,validation,test,True,1.2956073840429458,1754,0,0,A__D,A__D
trimMA342_1200rpm_A__D_04,trimMA342_1200rpm_A__Dvv_05,validation,train,True,1.295674854880808,1755,0,4,A__D,A__Dvv
trimMA342_1200rpm_A__Dvv_00,trimMA342_1200rpm_Avv__Dvv_06,test,test,False,1.2957878678391528,1756,4,5,A__Dvv,Avv__Dvv
trimMA342_1200rpm_Avv__D_00,trimMA342_1200rpm_Avv__D_05,test,train,True,1.2959073755970054,1757,3,3,Avv__D,Avv__D
trimMA342_1200rpm_Avv__Dvv_14,trimMA342_1200rpm_AW__D_08,test,train,True,1.2962438198008974,1758,5,1,Avv__Dvv,AW__D
trimMA342_1200rpm_A__D_04,trimMA342_1200rpm_Avv__D_11,validation,train,True,1.2963460964465765,1759,0,3,A__D,Avv__D
trimMA342_1200rpm_A__D_13,trimMA342_1200rpm_A__Dvv_04,test,train,True,1.296357324768658,1760,0,4,A__D,A__Dvv
trimMA342_1200rpm_Avv__Dvv_14,trimMA342_1200rpm_AW__D_09,test,validation,True,1.2969764935188803,1761,5,1,Avv__Dvv,AW__D
trimMA342_1200rpm_A__Dvv_14,trimMA342_1200rpm_Avv__Dvv_01,test,train,True,1.2970906463053107,1762,4,5,A__Dvv,Avv__Dvv
trimMA342_1200rpm_Avv__D_13,trimMA342_1200rpm_Avv__Dvv_05,test,train,True,1.2971532525691793,1763,3,5,Avv__D,Avv__Dvv
trimMA342_1200rpm_Avv__D_10,trimMA342_1200rpm_AW__D_11,train,test,True,1.2974517140571784,1764,3,1,Avv__D,AW__D
trimMA342_1200rpm_Avv__D_01,trimMA342_1200rpm_Avv__Dvv_04,validation,train,True,1.2975079050541891,1765,3,5,Avv__D,Avv__Dvv
trimMA342_1200rpm_A__Dvv_15,trimMA342_1200rpm_AW__D_13,train,test,True,1.2975785111026679,1766,4,1,A__Dvv,AW__D
trimMA342_1200rpm_A__Dvv_02,trimMA342_1200rpm_Avv__Dvv_06,test,test,False,1.2976876452729846,1767,4,5,A__Dvv,Avv__Dvv
trimMA342_1200rpm_A__DW_13,trimMA342_1200rpm_AW__D_01,train,validation,True,1.2978111776748726,1768,2,1,A__DW,AW__D
trimMA342_1200rpm_Avv__D_00,trimMA342_1200rpm_Avv__D_15,test,train,True,1.2979238417243564,1769,3,3,Avv__D,Avv__D
trimMA342_1200rpm_Avv__Dvv_07,trimMA342_1200rpm_AW__D_01,validation,validation,False,1.2982138375257497,1770,5,1,Avv__Dvv,AW__D
trimMA342_1200rpm_A__D_05,trimMA342_1200rpm_A__Dvv_06,validation,validation,False,1.298320121251723,1771,0,4,A__D,A__Dvv
trimMA342_1200rpm_A__Dvv_11,trimMA342_1200rpm_Avv__D_07,validation,train,True,1.298382744217198,1772,4,3,A__Dvv,Avv__D
trimMA342_1200rpm_A__DW_06,trimMA342_1200rpm_AW__D_08,validation,train,True,1.2985189627258074,1773,2,1,A__DW,AW__D
trimMA342_1200rpm_A__Dvv_13,trimMA342_1200rpm_AW__D_13,train,test,True,1.2985220016708354,1774,4,1,A__Dvv,AW__D
trimMA342_1200rpm_Avv__D_03,trimMA342_1200rpm_Avv__Dvv_04,train,train,False,1.2985656685802847,1775,3,5,Avv__D,Avv__Dvv
trimMA342_1200rpm_A__DW_02,trimMA342_1200rpm_A__DW_12,validation,train,True,1.29878467611489,1776,2,2,A__DW,A__DW
trimMA342_1200rpm_A__D_06,trimMA342_1200rpm_A__D_15,train,train,False,1.298786887891752,1777,0,0,A__D,A__D
trimMA342_1200rpm_A__DW_07,trimMA342_1200rpm_AW__D_02,test,train,True,1.2990018867768227,1778,2,1,A__DW,AW__D
trimMA342_1200rpm_A__Dvv_09,trimMA342_1200rpm_AW__D_09,train,validation,True,1.2994053889304442,1779,4,1,A__Dvv,AW__D
trimMA342_1200rpm_A__Dvv_12,trimMA342_1200rpm_AW__D_03,train,train,False,1.2994492910082613,1780,4,1,A__Dvv,AW__D
trimMA342_1200rpm_Avv__Dvv_02,trimMA342_1200rpm_Avv__Dvv_09,train,validation,True,1.2999569982113546,1781,5,5,Avv__Dvv,Avv__Dvv
trimMA342_1200rpm_AW__D_00,trimMA342_1200rpm_AW__D_09,train,validation,True,1.3000318070200942,1782,1,1,AW__D,AW__D
trimMA342_1200rpm_A__DW_02,trimMA342_1200rpm_A__DW_11,validation,train,True,1.3000407424422769,1783,2,2,A__DW,A__DW
trimMA342_1200rpm_A__Dvv_04,trimMA342_1200rpm_AW__D_03,train,train,False,1.3001275689588356,1784,4,1,A__Dvv,AW__D
trimMA342_1200rpm_A__DW_09,trimMA342_1200rpm_AW__D_15,train,validation,True,1.3003099337234398,1785,2,1,A__DW,AW__D
trimMA342_1200rpm_A__Dvv_12,trimMA342_1200rpm_AW__D_04,train,train,False,1.3004462407739643,1786,4,1,A__Dvv,AW__D
trimMA342_1200rpm_A__D_11,trimMA342_1200rpm_A__Dvv_04,train,train,False,1.3005155918843325,1787,0,4,A__D,A__Dvv
trimMA342_1200rpm_Avv__Dvv_01,trimMA342_1200rpm_AW__D_02,train,train,False,1.3009328365778046,1788,5,1,Avv__Dvv,AW__D
trimMA342_1200rpm_A__D_14,trimMA342_1200rpm_A__Dvv_07,test,train,True,1.3017605313771552,1789,0,4,A__D,A__Dvv
trimMA342_1200rpm_A__DW_11,trimMA342_1200rpm_AW__D_07,train,train,False,1.3018884494086986,1790,2,1,A__DW,AW__D
trimMA342_1200rpm_A__D_15,trimMA342_1200rpm_Avv__D_11,train,train,False,1.301955625500152,1791,0,3,A__D,Avv__D
trimMA342_1200rpm_Avv__D_06,trimMA342_1200rpm_AW__D_06,test,test,False,1.3022678222649615,1792,3,1,Avv__D,AW__D
trimMA342_1200rpm_Avv__Dvv_08,trimMA342_1200rpm_AW__D_08,validation,train,True,1.3027845332357264,1793,5,1,Avv__Dvv,AW__D
trimMA342_1200rpm_Avv__Dvv_04,trimMA342_1200rpm_Avv__Dvv_14,train,test,True,1.3033597449847532,1794,5,5,Avv__Dvv,Avv__Dvv
trimMA342_1200rpm_A__DW_08,trimMA342_1200rpm_AW__D_13,train,test,True,1.3035312660844236,1795,2,1,A__DW,AW__D
trimMA342_1200rpm_Avv__D_08,trimMA342_1200rpm_AW__D_15,train,validation,True,1.3035569545981784,1796,3,1,Avv__D,AW__D
trimMA342_1200rpm_Avv__D_06,trimMA342_1200rpm_AW__D_11,test,test,False,1.3038940104724883,1797,3,1,Avv__D,AW__D
trimMA342_1200rpm_Avv__D_04,trimMA342_1200rpm_AW__D_13,validation,test,True,1.3039807019920195,1798,3,1,Avv__D,AW__D
trimMA342_1200rpm_A__DW_15,trimMA342_1200rpm_Avv__Dvv_12,validation,train,True,1.304277420303117,1799,2,5,A__DW,Avv__Dvv
trimMA342_1200rpm_Avv__D_02,trimMA342_1200rpm_AW__D_02,train,train,False,1.3043189482142474,1800,3,1,Avv__D,AW__D
trimMA342_1200rpm_A__DW_13,trimMA342_1200rpm_AW__D_10,train,validation,True,1.3043417548820144,1801,2,1,A__DW,AW__D
trimMA342_1200rpm_Avv__Dvv_13,trimMA342_1200rpm_AW__D_13,train,test,True,1.3045048460610371,1802,5,1,Avv__Dvv,AW__D
trimMA342_1200rpm_Avv__D_07,trimMA342_1200rpm_Avv__Dvv_10,train,test,True,1.3045445052420312,1803,3,5,Avv__D,Avv__Dvv
trimMA342_1200rpm_Avv__D_09,trimMA342_1200rpm_Avv__D_14,validation,validation,False,1.3046010951614033,1804,3,3,Avv__D,Avv__D
trimMA342_1200rpm_Avv__Dvv_06,trimMA342_1200rpm_AW__D_09,test,validation,True,1.3046191681134975,1805,5,1,Avv__Dvv,AW__D
trimMA342_1200rpm_Avv__D_13,trimMA342_1200rpm_AW__D_03,test,train,True,1.3046493403235946,1806,3,1,Avv__D,AW__D
trimMA342_1200rpm_A__Dvv_11,trimMA342_1200rpm_Avv__D_09,validation,validation,False,1.3049734072589954,1807,4,3,A__Dvv,Avv__D
trimMA342_1200rpm_A__Dvv_00,trimMA342_1200rpm_Avv__D_03,test,train,True,1.3052326897490307,1808,4,3,A__Dvv,Avv__D
trimMA342_1200rpm_A__D_09,trimMA342_1200rpm_A__Dvv_00,train,test,True,1.3053684357797184,1809,0,4,A__D,A__Dvv
trimMA342_1200rpm_A__Dvv_08,trimMA342_1200rpm_AW__D_02,validation,train,True,1.3055249652388035,1810,4,1,A__Dvv,AW__D
trimMA342_1200rpm_Avv__D_12,trimMA342_1200rpm_AW__D_03,test,train,True,1.3057083231149054,1811,3,1,Avv__D,AW__D
trimMA342_1200rpm_A__Dvv_12,trimMA342_1200rpm_Avv__Dvv_13,train,train,False,1.3061033470894854,1812,4,5,A__Dvv,Avv__Dvv
trimMA342_1200rpm_A__DW_04,trimMA342_1200rpm_AW__D_04,validation,train,True,1.3063899543558175,1813,2,1,A__DW,AW__D
trimMA342_1200rpm_Avv__Dvv_01,trimMA342_1200rpm_Avv__Dvv_06,train,test,True,1.3067898229988992,1814,5,5,Avv__Dvv,Avv__Dvv
trimMA342_1200rpm_A__D_05,trimMA342_1200rpm_Avv__D_10,validation,train,True,1.3068832328473603,1815,0,3,A__D,Avv__D
trimMA342_1200rpm_Avv__D_13,trimMA342_1200rpm_AW__D_11,test,test,False,1.3073088983161125,1816,3,1,Avv__D,AW__D
trimMA342_1200rpm_A__D_00,trimMA342_1200rpm_A__D_02,train,validation,True,1.3073158105042142,1817,0,0,A__D,A__D
trimMA342_1200rpm_A__Dvv_11,trimMA342_1200rpm_Avv__Dvv_13,validation,train,True,1.3073603306809523,1818,4,5,A__Dvv,Avv__Dvv
trimMA342_1200rpm_A__Dvv_07,trimMA342_1200rpm_Avv__D_00,train,test,True,1.307408154979418,1819,4,3,A__Dvv,Avv__D
trimMA342_1200rpm_Avv__Dvv_01,trimMA342_1200rpm_Avv__Dvv_03,train,train,False,1.3078536889716303,1820,5,5,Avv__Dvv,Avv__Dvv
trimMA342_1200rpm_A__Dvv_15,trimMA342_1200rpm_AW__D_07,train,train,False,1.3083597510619265,1821,4,1,A__Dvv,AW__D
trimMA342_1200rpm_A__Dvv_15,trimMA342_1200rpm_AW__D_09,train,validation,True,1.308510661558992,1822,4,1,A__Dvv,AW__D
trimMA342_1200rpm_Avv__D_06,trimMA342_1200rpm_AW__D_02,test,train,True,1.308780643478996,1823,3,1,Avv__D,AW__D
trimMA342_1200rpm_A__Dvv_10,trimMA342_1200rpm_Avv__Dvv_06,test,test,False,1.3088567536020912,1824,4,5,A__Dvv,Avv__Dvv
trimMA342_1200rpm_Avv__Dvv_14,trimMA342_1200rpm_AW__D_01,test,validation,True,1.309437895642449,1825,5,1,Avv__Dvv,AW__D
trimMA342_1200rpm_Avv__D_08,trimMA342_1200rpm_Avv__Dvv_07,train,validation,True,1.309521020821249,1826,3,5,Avv__D,Avv__Dvv
trimMA342_1200rpm_A__Dvv_01,trimMA342_1200rpm_Avv__D_00,train,test,True,1.3096950117024986,1827,4,3,A__Dvv,Avv__D
trimMA342_1200rpm_Avv__Dvv_01,trimMA342_1200rpm_Avv__Dvv_11,train,validation,True,1.3097506037168736,1828,5,5,Avv__Dvv,Avv__Dvv
trimMA342_1200rpm_A__DW_09,trimMA342_1200rpm_AW__D_05,train,test,True,1.309834265549924,1829,2,1,A__DW,AW__D
trimMA342_1200rpm_A__DW_11,trimMA342_1200rpm_Avv__Dvv_13,train,train,False,1.3099948681555897,1830,2,5,A__DW,Avv__Dvv
trimMA342_1200rpm_A__Dvv_03,trimMA342_1200rpm_AW__D_05,validation,test,True,1.3100613743281762,1831,4,1,A__Dvv,AW__D
trimMA342_1200rpm_A__Dvv_07,trimMA342_1200rpm_AW__D_13,train,test,True,1.310476990213473,1832,4,1,A__Dvv,AW__D
trimMA342_1200rpm_A__DW_10,trimMA342_1200rpm_Avv__Dvv_08,test,validation,True,1.3105805621527866,1833,2,5,A__DW,Avv__Dvv
trimMA342_1200rpm_Avv__Dvv_01,trimMA342_1200rpm_Avv__Dvv_05,train,train,False,1.3107854326960868,1834,5,5,Avv__Dvv,Avv__Dvv
trimMA342_1200rpm_A__DW_06,trimMA342_1200rpm_Avv__Dvv_09,validation,validation,False,1.310925715477816,1835,2,5,A__DW,Avv__Dvv
trimMA342_1200rpm_Avv__Dvv_15,trimMA342_1200rpm_AW__D_13,train,test,True,1.3109545238641391,1836,5,1,Avv__Dvv,AW__D
trimMA342_1200rpm_A__Dvv_11,trimMA342_1200rpm_AW__D_02,validation,train,True,1.3109734062047422,1837,4,1,A__Dvv,AW__D
trimMA342_1200rpm_Avv__D_15,trimMA342_1200rpm_Avv__Dvv_03,train,train,False,1.311207356318687,1838,3,5,Avv__D,Avv__Dvv
trimMA342_1200rpm_Avv__D_10,trimMA342_1200rpm_AW__D_13,train,test,True,1.311460154964395,1839,3,1,Avv__D,AW__D
trimMA342_1200rpm_Avv__Dvv_15,trimMA342_1200rpm_AW__D_12,train,train,False,1.3116011390642053,1840,5,1,Avv__Dvv,AW__D
trimMA342_1200rpm_A__DW_02,trimMA342_1200rpm_AW__D_02,validation,train,True,1.3117422518516788,1841,2,1,A__DW,AW__D
trimMA342_1200rpm_A__DW_10,trimMA342_1200rpm_AW__D_11,test,test,False,1.3118453719970242,1842,2,1,A__DW,AW__D
trimMA342_1200rpm_A__DW_10,trimMA342_1200rpm_Avv__Dvv_09,test,validation,True,1.311937161447038,1843,2,5,A__DW,Avv__Dvv
trimMA342_1200rpm_A__DW_00,trimMA342_1200rpm_A__DW_08,train,train,False,1.3123555159508267,1844,2,2,A__DW,A__DW
trimMA342_1200rpm_Avv__D_02,trimMA342_1200rpm_AW__D_06,train,test,True,1.3123908301955118,1845,3,1,Avv__D,AW__D
trimMA342_1200rpm_Avv__D_06,trimMA342_1200rpm_AW__D_13,test,test,False,1.312883195299364,1846,3,1,Avv__D,AW__D
trimMA342_1200rpm_A__DW_04,trimMA342_1200rpm_AW__D_12,validation,train,True,1.3129681583244508,1847,2,1,A__DW,AW__D
trimMA342_1200rpm_Avv__D_05,trimMA342_1200rpm_Avv__Dvv_05,train,train,False,1.3132765067791834,1848,3,5,Avv__D,Avv__Dvv
trimMA342_1200rpm_Avv__D_00,trimMA342_1200rpm_Avv__Dvv_05,test,train,True,1.3133458837924865,1849,3,5,Avv__D,Avv__Dvv
trimMA342_1200rpm_A__DW_06,trimMA342_1200rpm_Avv__Dvv_05,validation,train,True,1.3133982461975735,1850,2,5,A__DW,Avv__Dvv
trimMA342_1200rpm_A__Dvv_03,trimMA342_1200rpm_AW__D_08,validation,train,True,1.3134363199825172,1851,4,1,A__Dvv,AW__D
trimMA342_1200rpm_Avv__D_15,trimMA342_1200rpm_Avv__Dvv_13,train,train,False,1.3135191660452434,1852,3,5,Avv__D,Avv__Dvv
trimMA342_1200rpm_A__Dvv_10,trimMA342_1200rpm_Avv__D_12,test,test,False,1.3136467038290456,1853,4,3,A__Dvv,Avv__D
trimMA342_1200rpm_Avv__D_10,trimMA342_1200rpm_Avv__D_12,train,test,True,1.3136713976531333,1854,3,3,Avv__D,Avv__D
trimMA342_1200rpm_Avv__Dvv_03,trimMA342_1200rpm_AW__D_11,train,test,True,1.3140432425463615,1855,5,1,Avv__Dvv,AW__D
trimMA342_1200rpm_A__Dvv_01,trimMA342_1200rpm_AW__D_02,train,train,False,1.3142613421607816,1856,4,1,A__Dvv,AW__D
trimMA342_1200rpm_A__DW_01,trimMA342_1200rpm_A__DW_07,test,test,False,1.314294143363394,1857,2,2,A__DW,A__DW
trimMA342_1200rpm_Avv__D_03,trimMA342_1200rpm_AW__D_08,train,train,False,1.3144906722933558,1858,3,1,Avv__D,AW__D
trimMA342_1200rpm_Avv__Dvv_01,trimMA342_1200rpm_Avv__Dvv_12,train,train,False,1.3148773486071699,1859,5,5,Avv__Dvv,Avv__Dvv
trimMA342_1200rpm_A__DW_00,trimMA342_1200rpm_A__DW_07,train,test,True,1.3149100137382081,1860,2,2,A__DW,A__DW
trimMA342_1200rpm_A__Dvv_02,trimMA342_1200rpm_Avv__D_14,test,validation,True,1.3150296317867238,1861,4,3,A__Dvv,Avv__D
trimMA342_1200rpm_A__Dvv_12,trimMA342_1200rpm_Avv__Dvv_04,train,train,False,1.3150313344538198,1862,4,5,A__Dvv,Avv__Dvv
trimMA342_1200rpm_A__Dvv_00,trimMA342_1200rpm_Avv__Dvv_12,test,train,True,1.3150487605357541,1863,4,5,A__Dvv,Avv__Dvv
trimMA342_1200rpm_A__DW_06,trimMA342_1200rpm_AW__D_09,validation,validation,False,1.3151582445084853,1864,2,1,A__DW,AW__D
trimMA342_1200rpm_Avv__D_14,trimMA342_1200rpm_Avv__Dvv_11,validation,validation,False,1.3151806418750114,1865,3,5,Avv__D,Avv__Dvv
trimMA342_1200rpm_Avv__Dvv_01,trimMA342_1200rpm_AW__D_03,train,train,False,1.3154728427266766,1866,5,1,Avv__Dvv,AW__D
trimMA342_1200rpm_Avv__D_07,trimMA342_1200rpm_Avv__Dvv_15,train,train,False,1.315474958550105,1867,3,5,Avv__D,Avv__Dvv
trimMA342_1200rpm_A__DW_10,trimMA342_1200rpm_AW__D_12,test,train,True,1.3155207998861034,1868,2,1,A__DW,AW__D
trimMA342_1200rpm_A__DW_06,trimMA342_1200rpm_AW__D_07,validation,train,True,1.3158284532176203,1869,2,1,A__DW,AW__D
trimMA342_1200rpm_Avv__D_11,trimMA342_1200rpm_Avv__Dvv_09,train,validation,True,1.315890203459131,1870,3,5,Avv__D,Avv__Dvv
trimMA342_1200rpm_A__Dvv_11,trimMA342_1200rpm_Avv__Dvv_06,validation,test,True,1.3159971063643165,1871,4,5,A__Dvv,Avv__Dvv
trimMA342_1200rpm_A__Dvv_12,trimMA342_1200rpm_Avv__Dvv_01,train,train,False,1.3159976533725166,1872,4,5,A__Dvv,Avv__Dvv
trimMA342_1200rpm_A__Dvv_04,trimMA342_1200rpm_A__Dvv_11,train,validation,True,1.3161424208381531,1873,4,4,A__Dvv,A__Dvv
trimMA342_1200rpm_A__D_11,trimMA342_1200rpm_A__Dvv_00,train,test,True,1.3164436127579775,1874,0,4,A__D,A__Dvv
trimMA342_1200rpm_A__DW_15,trimMA342_1200rpm_Avv__Dvv_08,validation,validation,False,1.317189541013544,1875,2,5,A__DW,Avv__Dvv
trimMA342_1200rpm_A__Dvv_03,trimMA342_1200rpm_Avv__D_10,validation,train,True,1.3172968912637768,1876,4,3,A__Dvv,Avv__D
trimMA342_1200rpm_A__Dvv_11,trimMA342_1200rpm_AW__D_07,validation,train,True,1.3173017076360045,1877,4,1,A__Dvv,AW__D
trimMA342_1200rpm_A__DW_02,trimMA342_1200rpm_A__DW_09,validation,train,True,1.3173382815549066,1878,2,2,A__DW,A__DW
trimMA342_1200rpm_Avv__Dvv_01,trimMA342_1200rpm_AW__D_04,train,train,False,1.3179752453109106,1879,5,1,Avv__Dvv,AW__D
trimMA342_1200rpm_A__Dvv_10,trimMA342_1200rpm_Avv__Dvv_01,test,train,True,1.3182220460833864,1880,4,5,A__Dvv,Avv__Dvv
trimMA342_1200rpm_Avv__D_14,trimMA342_1200rpm_AW__D_07,validation,train,True,1.3182885484371583,1881,3,1,Avv__D,AW__D
trimMA342_1200rpm_A__DW_12,trimMA342_1200rpm_Avv__Dvv_03,train,train,False,1.3183331765407027,1882,2,5,A__DW,Avv__Dvv
trimMA342_1200rpm_A__D_15,trimMA342_1200rpm_Avv__D_01,train,validation,True,1.3183516729607603,1883,0,3,A__D,Avv__D
trimMA342_1200rpm_Avv__D_13,trimMA342_1200rpm_Avv__Dvv_10,test,test,False,1.3186238251153628,1884,3,5,Avv__D,Avv__Dvv
trimMA342_1200rpm_Avv__D_08,trimMA342_1200rpm_Avv__D_14,train,validation,True,1.3189884849570002,1885,3,3,Avv__D,Avv__D
trimMA342_1200rpm_A__Dvv_07,trimMA342_1200rpm_AW__D_04,train,train,False,1.3190065613178745,1886,4,1,A__Dvv,AW__D
trimMA342_1200rpm_A__D_03,trimMA342_1200rpm_A__D_13,train,test,True,1.3190382768775573,1887,0,0,A__D,A__D
trimMA342_1200rpm_Avv__Dvv_12,trimMA342_1200rpm_AW__D_05,train,test,True,1.3190953468699709,1888,5,1,Avv__Dvv,AW__D
trimMA342_1200rpm_Avv__D_14,trimMA342_1200rpm_Avv__Dvv_08,validation,validation,False,1.3191336976154113,1889,3,5,Avv__D,Avv__Dvv
trimMA342_1200rpm_Avv__D_08,trimMA342_1200rpm_AW__D_03,train,train,False,1.3193104071650148,1890,3,1,Avv__D,AW__D
trimMA342_1200rpm_A__DW_11,trimMA342_1200rpm_Avv__Dvv_11,train,validation,True,1.319601751414406,1891,2,5,A__DW,Avv__Dvv
trimMA342_1200rpm_A__Dvv_12,trimMA342_1200rpm_AW__D_11,train,test,True,1.319686552806653,1892,4,1,A__Dvv,AW__D
trimMA342_1200rpm_A__Dvv_07,trimMA342_1200rpm_AW__D_08,train,train,False,1.3197223526111865,1893,4,1,A__Dvv,AW__D
trimMA342_1200rpm_Avv__D_08,trimMA342_1200rpm_AW__D_14,train,train,False,1.319724784565131,1894,3,1,Avv__D,AW__D
trimMA342_1200rpm_A__Dvv_10,trimMA342_1200rpm_AW__D_07,test,train,True,1.319822932167252,1895,4,1,A__Dvv,AW__D
trimMA342_1200rpm_A__Dvv_06,trimMA342_1200rpm_AW__D_09,validation,validation,False,1.3199045193149683,1896,4,1,A__Dvv,AW__D
trimMA342_1200rpm_Avv__Dvv_03,trimMA342_1200rpm_AW__D_04,train,train,False,1.319951766325341,1897,5,1,Avv__Dvv,AW__D
trimMA342_1200rpm_A__D_03,trimMA342_1200rpm_A__D_08,train,test,True,1.3199723866719266,1898,0,0,A__D,A__D
trimMA342_1200rpm_A__Dvv_02,trimMA342_1200rpm_Avv__D_08,test,train,True,1.3200857575969602,1899,4,3,A__Dvv,Avv__D
trimMA342_1200rpm_A__Dvv_11,trimMA342_1200rpm_AW__D_01,validation,validation,False,1.32013843507837,1900,4,1,A__Dvv,AW__D
trimMA342_1200rpm_A__D_05,trimMA342_1200rpm_A__Dvv_01,validation,train,True,1.3202274959842115,1901,0,4,A__D,A__Dvv
trimMA342_1200rpm_Avv__D_08,trimMA342_1200rpm_Avv__Dvv_03,train,train,False,1.3203805325955704,1902,3,5,Avv__D,Avv__Dvv
trimMA342_1200rpm_Avv__D_00,trimMA342_1200rpm_Avv__D_07,test,train,True,1.3209969349886215,1903,3,3,Avv__D,Avv__D
trimMA342_1200rpm_A__DW_15,trimMA342_1200rpm_Avv__Dvv_02,validation,train,True,1.32175699094176,1904,2,5,A__DW,Avv__Dvv
trimMA342_1200rpm_A__DW_11,trimMA342_1200rpm_AW__D_04,train,train,False,1.3218602549615368,1905,2,1,A__DW,AW__D
trimMA342_1200rpm_A__D_04,trimMA342_1200rpm_Avv__D_00,validation,test,True,1.3220800163079676,1906,0,3,A__D,Avv__D
trimMA342_1200rpm_A__Dvv_09,trimMA342_1200rpm_AW__D_00,train,train,False,1.3225471654186756,1907,4,1,A__Dvv,AW__D
trimMA342_1200rpm_Avv__Dvv_01,trimMA342_1200rpm_AW__D_13,train,test,True,1.3225881781938593,1908,5,1,Avv__Dvv,AW__D
trimMA342_1200rpm_A__D_12,trimMA342_1200rpm_A__Dvv_00,validation,test,True,1.3226024381348094,1909,0,4,A__D,A__Dvv
trimMA342_1200rpm_A__DW_07,trimMA342_1200rpm_AW__D_06,test,test,False,1.3226584358414115,1910,2,1,A__DW,AW__D
trimMA342_1200rpm_Avv__Dvv_01,trimMA342_1200rpm_AW__D_06,train,test,True,1.3227221734059587,1911,5,1,Avv__Dvv,AW__D
trimMA342_1200rpm_Avv__Dvv_13,trimMA342_1200rpm_AW__D_02,train,train,False,1.3227536543347627,1912,5,1,Avv__Dvv,AW__D
trimMA342_1200rpm_A__DW_06,trimMA342_1200rpm_AW__D_06,validation,test,True,1.322792993689361,1913,2,1,A__DW,AW__D
trimMA342_1200rpm_Avv__Dvv_08,trimMA342_1200rpm_AW__D_09,validation,validation,False,1.322838097315222,1914,5,1,Avv__Dvv,AW__D
trimMA342_1200rpm_A__Dvv_00,trimMA342_1200rpm_Avv__D_01,test,validation,True,1.3231293323360802,1915,4,3,A__Dvv,Avv__D
trimMA342_1200rpm_Avv__D_03,trimMA342_1200rpm_Avv__Dvv_01,train,train,False,1.3232599049780587,1916,3,5,Avv__D,Avv__Dvv
trimMA342_1200rpm_Avv__D_00,trimMA342_1200rpm_AW__D_12,test,train,True,1.3233987537112903,1917,3,1,Avv__D,AW__D
trimMA342_1200rpm_Avv__D_05,trimMA342_1200rpm_Avv__D_13,train,test,True,1.323519110607078,1918,3,3,Avv__D,Avv__D
trimMA342_1200rpm_A__DW_06,trimMA342_1200rpm_AW__D_00,validation,train,True,1.3239239963684246,1919,2,1,A__DW,AW__D
trimMA342_1200rpm_Avv__Dvv_06,trimMA342_1200rpm_AW__D_07,test,train,True,1.3240593531486504,1920,5,1,Avv__Dvv,AW__D
trimMA342_1200rpm_Avv__Dvv_07,trimMA342_1200rpm_AW__D_00,validation,train,True,1.3240747782061217,1921,5,1,Avv__Dvv,AW__D
trimMA342_1200rpm_A__DW_14,trimMA342_1200rpm_AW__D_15,train,validation,True,1.3241004732038202,1922,2,1,A__DW,AW__D
trimMA342_1200rpm_A__Dvv_14,trimMA342_1200rpm_AW__D_06,test,test,False,1.3243149385410855,1923,4,1,A__Dvv,AW__D
trimMA342_1200rpm_A__Dvv_11,trimMA342_1200rpm_AW__D_08,validation,train,True,1.3245411008964518,1924,4,1,A__Dvv,AW__D
trimMA342_1200rpm_A__Dvv_12,trimMA342_1200rpm_AW__D_01,train,validation,True,1.324706213382913,1925,4,1,A__Dvv,AW__D
trimMA342_1200rpm_A__D_04,trimMA342_1200rpm_A__D_13,validation,test,True,1.3251622702941883,1926,0,0,A__D,A__D
trimMA342_1200rpm_A__Dvv_10,trimMA342_1200rpm_Avv__Dvv_15,test,train,True,1.3252061432369866,1927,4,5,A__Dvv,Avv__Dvv
trimMA342_1200rpm_A__DW_05,trimMA342_1200rpm_AW__D_07,train,train,False,1.3252835336229372,1928,2,1,A__DW,AW__D
trimMA342_1200rpm_A__DW_12,trimMA342_1200rpm_AW__D_09,train,validation,True,1.3254378165404817,1929,2,1,A__DW,AW__D
trimMA342_1200rpm_A__D_14,trimMA342_1200rpm_A__Dvv_06,test,validation,True,1.325455420431085,1930,0,4,A__D,A__Dvv
trimMA342_1200rpm_Avv__D_13,trimMA342_1200rpm_Avv__Dvv_11,test,validation,True,1.325563208319971,1931,3,5,Avv__D,Avv__Dvv
trimMA342_1200rpm_A__D_15,trimMA342_1200rpm_AW__D_12,train,train,False,1.3256137107765757,1932,0,1,A__D,AW__D
trimMA342_1200rpm_A__Dvv_01,trimMA342_1200rpm_AW__D_00,train,train,False,1.3256661781438583,1933,4,1,A__Dvv,AW__D
trimMA342_1200rpm_A__DW_14,trimMA342_1200rpm_AW__D_13,train,test,True,1.3259359592707773,1934,2,1,A__DW,AW__D
trimMA342_1200rpm_Avv__D_11,trimMA342_1200rpm_AW__D_01,train,validation,True,1.326051038743499,1935,3,1,Avv__D,AW__D
trimMA342_1200rpm_A__Dvv_02,trimMA342_1200rpm_AW__D_11,test,test,False,1.3261669721072324,1936,4,1,A__Dvv,AW__D
trimMA342_1200rpm_A__DW_09,trimMA342_1200rpm_Avv__Dvv_00,train,test,True,1.3263824262600066,1937,2,5,A__DW,Avv__Dvv
trimMA342_1200rpm_Avv__D_01,trimMA342_1200rpm_AW__D_13,validation,test,True,1.326506071281616,1938,3,1,Avv__D,AW__D
trimMA342_1200rpm_A__D_05,trimMA342_1200rpm_A__Dvv_08,validation,validation,False,1.3266064196046004,1939,0,4,A__D,A__Dvv
trimMA342_1200rpm_Avv__D_13,trimMA342_1200rpm_AW__D_13,test,test,False,1.3266786894476108,1940,3,1,Avv__D,AW__D
trimMA342_1200rpm_A__DW_02,trimMA342_1200rpm_Avv__Dvv_00,validation,test,True,1.3267107541541276,1941,2,5,A__DW,Avv__Dvv
trimMA342_1200rpm_Avv__Dvv_01,trimMA342_1200rpm_AW__D_05,train,test,True,1.3267592371493275,1942,5,1,Avv__Dvv,AW__D
trimMA342_1200rpm_A__DW_07,trimMA342_1200rpm_A__DW_11,test,train,True,1.3269070464471173,1943,2,2,A__DW,A__DW
trimMA342_1200rpm_A__DW_08,trimMA342_1200rpm_AW__D_03,train,train,False,1.3269101465487807,1944,2,1,A__DW,AW__D
trimMA342_1200rpm_A__Dvv_00,trimMA342_1200rpm_AW__D_06,test,test,False,1.3270049496983427,1945,4,1,A__Dvv,AW__D
trimMA342_1200rpm_A__DW_09,trimMA342_1200rpm_AW__D_01,train,validation,True,1.3270323331199279,1946,2,1,A__DW,AW__D
trimMA342_1200rpm_A__D_05,trimMA342_1200rpm_Avv__D_00,validation,test,True,1.3271630818569897,1947,0,3,A__D,Avv__D
trimMA342_1200rpm_A__Dvv_08,trimMA342_1200rpm_AW__D_14,validation,train,True,1.327165992847997,1948,4,1,A__Dvv,AW__D
trimMA342_1200rpm_A__Dvv_14,trimMA342_1200rpm_Avv__D_00,test,test,False,1.3273820125784845,1949,4,3,A__Dvv,Avv__D
trimMA342_1200rpm_A__Dvv_00,trimMA342_1200rpm_AW__D_14,test,train,True,1.3274773431805602,1950,4,1,A__Dvv,AW__D
trimMA342_1200rpm_A__Dvv_11,trimMA342_1200rpm_Avv__D_05,validation,train,True,1.327557182357478,1951,4,3,A__Dvv,Avv__D
trimMA342_1200rpm_A__Dvv_06,trimMA342_1200rpm_AW__D_05,validation,test,True,1.3277030310039624,1952,4,1,A__Dvv,AW__D
trimMA342_1200rpm_A__DW_13,trimMA342_1200rpm_AW__D_06,train,test,True,1.3277477854908808,1953,2,1,A__DW,AW__D
trimMA342_1200rpm_A__Dvv_15,trimMA342_1200rpm_Avv__D_12,train,test,True,1.327860956649051,1954,4,3,A__Dvv,Avv__D
trimMA342_1200rpm_A__Dvv_10,trimMA342_1200rpm_AW__D_11,test,test,False,1.3280122723108831,1955,4,1,A__Dvv,AW__D
trimMA342_1200rpm_Avv__D_01,trimMA342_1200rpm_Avv__Dvv_06,validation,test,True,1.3281938949398964,1956,3,5,Avv__D,Avv__Dvv
trimMA342_1200rpm_A__D_14,trimMA342_1200rpm_A__Dvv_09,test,train,True,1.3285425749844206,1957,0,4,A__D,A__Dvv
trimMA342_1200rpm_A__D_15,trimMA342_1200rpm_Avv__D_12,train,test,True,1.3285656593916282,1958,0,3,A__D,Avv__D
trimMA342_1200rpm_Avv__Dvv_02,trimMA342_1200rpm_AW__D_04,train,train,False,1.3288244667524853,1959,5,1,Avv__Dvv,AW__D
trimMA342_1200rpm_A__DW_11,trimMA342_1200rpm_AW__D_14,train,train,False,1.3288593875140209,1960,2,1,A__DW,AW__D
trimMA342_1200rpm_Avv__D_11,trimMA342_1200rpm_AW__D_11,train,test,True,1.3289895444397553,1961,3,1,Avv__D,AW__D
trimMA342_1200rpm_Avv__Dvv_06,trimMA342_1200rpm_Avv__Dvv_13,test,train,True,1.3291149600661807,1962,5,5,Avv__Dvv,Avv__Dvv
trimMA342_1200rpm_A__D_14,trimMA342_1200rpm_Avv__D_09,test,validation,True,1.3291650888446063,1963,0,3,A__D,Avv__D
trimMA342_1200rpm_A__DW_06,trimMA342_1200rpm_AW__D_10,validation,validation,False,1.329186863080948,1964,2,1,A__DW,AW__D
trimMA342_1200rpm_Avv__D_12,trimMA342_1200rpm_Avv__D_14,test,validation,True,1.3292397315105702,1965,3,3,Avv__D,Avv__D
trimMA342_1200rpm_Avv__D_05,trimMA342_1200rpm_AW__D_09,train,validation,True,1.3294560347453506,1966,3,1,Avv__D,AW__D
trimMA342_1200rpm_A__DW_11,trimMA342_1200rpm_Avv__Dvv_07,train,validation,True,1.3297715213778216,1967,2,5,A__DW,Avv__Dvv
trimMA342_1200rpm_Avv__D_15,trimMA342_1200rpm_Avv__Dvv_15,train,train,False,1.3299344954902579,1968,3,5,Avv__D,Avv__Dvv
trimMA342_1200rpm_Avv__D_10,trimMA342_1200rpm_Avv__Dvv_07,train,validation,True,1.329964959650308,1969,3,5,Avv__D,Avv__Dvv
trimMA342_1200rpm_A__DW_13,trimMA342_1200rpm_AW__D_14,train,train,False,1.3300461460664044,1970,2,1,A__DW,AW__D
trimMA342_1200rpm_A__DW_09,trimMA342_1200rpm_AW__D_08,train,train,False,1.330127957319154,1971,2,1,A__DW,AW__D
trimMA342_1200rpm_A__DW_03,trimMA342_1200rpm_AW__D_05,test,test,False,1.3303503433201074,1972,2,1,A__DW,AW__D
trimMA342_1200rpm_A__Dvv_04,trimMA342_1200rpm_AW__D_01,train,validation,True,1.3306797316478964,1973,4,1,A__Dvv,AW__D
trimMA342_1200rpm_A__Dvv_02,trimMA342_1200rpm_Avv__D_15,test,train,True,1.3310344062561574,1974,4,3,A__Dvv,Avv__D
trimMA342_1200rpm_Avv__Dvv_08,trimMA342_1200rpm_AW__D_04,validation,train,True,1.3311371390468791,1975,5,1,Avv__Dvv,AW__D
trimMA342_1200rpm_A__Dvv_09,trimMA342_1200rpm_AW__D_04,train,train,False,1.331173988309773,1976,4,1,A__Dvv,AW__D
trimMA342_1200rpm_A__DW_11,trimMA342_1200rpm_AW__D_10,train,validation,True,1.3313330803786114,1977,2,1,A__DW,AW__D
trimMA342_1200rpm_A__DW_12,trimMA342_1200rpm_Avv__Dvv_00,train,test,True,1.3314037008050121,1978,2,5,A__DW,Avv__Dvv
trimMA342_1200rpm_Avv__D_06,trimMA342_1200rpm_Avv__Dvv_06,test,test,False,1.331578867748524,1979,3,5,Avv__D,Avv__Dvv
trimMA342_1200rpm_Avv__D_14,trimMA342_1200rpm_Avv__Dvv_15,validation,train,True,1.3320161592103543,1980,3,5,Avv__D,Avv__Dvv
trimMA342_1200rpm_Avv__Dvv_13,trimMA342_1200rpm_AW__D_07,train,train,False,1.3320554417107793,1981,5,1,Avv__Dvv,AW__D
trimMA342_1200rpm_Avv__Dvv_09,trimMA342_1200rpm_AW__D_00,validation,train,True,1.3323108774763313,1982,5,1,Avv__Dvv,AW__D
trimMA342_1200rpm_A__Dvv_13,trimMA342_1200rpm_Avv__Dvv_09,train,validation,True,1.33235630607525,1983,4,5,A__Dvv,Avv__Dvv
trimMA342_1200rpm_A__DW_02,trimMA342_1200rpm_AW__D_05,validation,test,True,1.3327206151953228,1984,2,1,A__DW,AW__D
trimMA342_1200rpm_A__Dvv_00,trimMA342_1200rpm_Avv__D_02,test,train,True,1.3330232521277114,1985,4,3,A__Dvv,Avv__D
trimMA342_1200rpm_A__DW_14,trimMA342_1200rpm_AW__D_08,train,train,False,1.3332200260981826,1986,2,1,A__DW,AW__D
trimMA342_1200rpm_A__D_15,trimMA342_1200rpm_Avv__D_10,train,train,False,1.3332343140469345,1987,0,3,A__D,Avv__D
trimMA342_1200rpm_Avv__D_08,trimMA342_1200rpm_AW__D_12,train,train,False,1.3334692676405935,1988,3,1,Avv__D,AW__D
trimMA342_1200rpm_Avv__D_04,trimMA342_1200rpm_AW__D_09,validation,validation,False,1.3336438313471004,1989,3,1,Avv__D,AW__D
trimMA342_1200rpm_Avv__D_09,trimMA342_1200rpm_AW__D_09,validation,validation,False,1.3338541655741916,1990,3,1,Avv__D,AW__D
trimMA342_1200rpm_A__DW_11,trimMA342_1200rpm_Avv__Dvv_03,train,train,False,1.33385774716886,1991,2,5,A__DW,Avv__Dvv
trimMA342_1200rpm_A__Dvv_11,trimMA342_1200rpm_AW__D_11,validation,test,True,1.3339748136246492,1992,4,1,A__Dvv,AW__D
trimMA342_1200rpm_Avv__D_03,trimMA342_1200rpm_AW__D_00,train,train,False,1.3339891575862723,1993,3,1,Avv__D,AW__D
trimMA342_1200rpm_A__D_04,trimMA342_1200rpm_A__D_10,validation,train,True,1.3341310272828442,1994,0,0,A__D,A__D
trimMA342_1200rpm_Avv__D_05,trimMA342_1200rpm_AW__D_13,train,test,True,1.3341671226615066,1995,3,1,Avv__D,AW__D
trimMA342_1200rpm_A__DW_08,trimMA342_1200rpm_AW__D_01,train,validation,True,1.3344404027582046,1996,2,1,A__DW,AW__D
trimMA342_1200rpm_Avv__Dvv_15,trimMA342_1200rpm_AW__D_02,train,train,False,1.334479835972029,1997,5,1,Avv__Dvv,AW__D
trimMA342_1200rpm_A__DW_04,trimMA342_1200rpm_Avv__Dvv_08,validation,validation,False,1.3346152864650154,1998,2,5,A__DW,Avv__Dvv
trimMA342_1200rpm_A__Dvv_07,trimMA342_1200rpm_AW__D_02,train,train,False,1.334671330911005,1999,4,1,A__Dvv,AW__D
trimMA342_1200rpm_A__D_14,trimMA342_1200rpm_A__Dvv_01,test,train,True,1.3347071176250318,2000,0,4,A__D,A__Dvv
trimMA342_1200rpm_A__DW_12,trimMA342_1200rpm_AW__D_10,train,validation,True,1.3348642433003721,2001,2,1,A__DW,AW__D
trimMA342_1200rpm_A__D_02,trimMA342_1200rpm_A__D_11,validation,train,True,1.335013801672206,2002,0,0,A__D,A__D
trimMA342_1200rpm_A__Dvv_02,trimMA342_1200rpm_AW__D_13,test,test,False,1.3354409244383854,2003,4,1,A__Dvv,AW__D
trimMA342_1200rpm_Avv__D_08,trimMA342_1200rpm_AW__D_01,train,validation,True,1.335849602565965,2004,3,1,Avv__D,AW__D
trimMA342_1200rpm_A__Dvv_14,trimMA342_1200rpm_AW__D_08,test,train,True,1.335981085268762,2005,4,1,A__Dvv,AW__D
trimMA342_1200rpm_A__Dvv_01,trimMA342_1200rpm_Avv__D_13,train,test,True,1.3360598256921246,2006,4,3,A__Dvv,Avv__D
trimMA342_1200rpm_A__D_14,trimMA342_1200rpm_Avv__D_00,test,test,False,1.3360930649780116,2007,0,3,A__D,Avv__D
trimMA342_1200rpm_A__Dvv_02,trimMA342_1200rpm_Avv__D_10,test,train,True,1.3360959581515683,2008,4,3,A__Dvv,Avv__D
trimMA342_1200rpm_Avv__Dvv_01,trimMA342_1200rpm_Avv__Dvv_14,train,test,True,1.3362145077077938,2009,5,5,Avv__Dvv,Avv__Dvv
trimMA342_1200rpm_A__DW_12,trimMA342_1200rpm_AW__D_14,train,train,False,1.3363144651556773,2010,2,1,A__DW,AW__D
trimMA342_1200rpm_A__DW_08,trimMA342_1200rpm_AW__D_10,train,validation,True,1.3363207872221778,2011,2,1,A__DW,AW__D
trimMA342_1200rpm_A__Dvv_02,trimMA342_1200rpm_AW__D_01,test,validation,True,1.3363700348990983,2012,4,1,A__Dvv,AW__D
trimMA342_1200rpm_A__Dvv_05,trimMA342_1200rpm_AW__D_09,train,validation,True,1.3363823201400684,2013,4,1,A__Dvv,AW__D
trimMA342_1200rpm_A__D_05,trimMA342_1200rpm_A__Dvv_05,validation,train,True,1.3363884740849457,2014,0,4,A__D,A__Dvv
trimMA342_1200rpm_A__Dvv_03,trimMA342_1200rpm_Avv__D_13,validation,test,True,1.336471760296358,2015,4,3,A__Dvv,Avv__D
trimMA342_1200rpm_A__D_04,trimMA342_1200rpm_A__Dvv_06,validation,validation,False,1.3366656887914485,2016,0,4,A__D,A__Dvv
trimMA342_1200rpm_Avv__D_12,trimMA342_1200rpm_Avv__Dvv_02,test,train,True,1.3368180872780486,2017,3,5,Avv__D,Avv__Dvv
trimMA342_1200rpm_A__D_13,trimMA342_1200rpm_A__Dvv_01,test,train,True,1.3368735076820806,2018,0,4,A__D,A__Dvv
trimMA342_1200rpm_A__Dvv_06,trimMA342_1200rpm_Avv__Dvv_01,validation,train,True,1.3368814474801718,2019,4,5,A__Dvv,Avv__Dvv
trimMA342_1200rpm_Avv__D_04,trimMA342_1200rpm_AW__D_01,validation,validation,False,1.337355494077746,2020,3,1,Avv__D,AW__D
trimMA342_1200rpm_Avv__Dvv_07,trimMA342_1200rpm_Avv__Dvv_15,validation,train,True,1.337868990888085,2021,5,5,Avv__Dvv,Avv__Dvv
trimMA342_1200rpm_A__DW_08,trimMA342_1200rpm_AW__D_15,train,validation,True,1.3381452307598185,2022,2,1,A__DW,AW__D
trimMA342_1200rpm_A__Dvv_08,trimMA342_1200rpm_AW__D_07,validation,train,True,1.3383644026281183,2023,4,1,A__Dvv,AW__D
trimMA342_1200rpm_A__D_02,trimMA342_1200rpm_A__D_15,validation,train,True,1.3387169412680155,2024,0,0,A__D,A__D
trimMA342_1200rpm_A__Dvv_12,trimMA342_1200rpm_Avv__D_15,train,train,False,1.3388178732364957,2025,4,3,A__Dvv,Avv__D
trimMA342_1200rpm_Avv__D_09,trimMA342_1200rpm_Avv__Dvv_05,validation,train,True,1.3391725820985283,2026,3,5,Avv__D,Avv__Dvv
trimMA342_1200rpm_A__DW_10,trimMA342_1200rpm_Avv__Dvv_12,test,train,True,1.3395163810886397,2027,2,5,A__DW,Avv__Dvv
trimMA342_1200rpm_A__Dvv_15,trimMA342_1200rpm_Avv__D_00,train,test,True,1.3395333309814657,2028,4,3,A__Dvv,Avv__D
trimMA342_1200rpm_A__DW_11,trimMA342_1200rpm_Avv__Dvv_08,train,validation,True,1.339781181015708,2029,2,5,A__DW,Avv__Dvv
trimMA342_1200rpm_A__D_05,trimMA342_1200rpm_A__D_08,validation,test,True,1.3400359879481898,2030,0,0,A__D,A__D
trimMA342_1200rpm_Avv__D_00,trimMA342_1200rpm_Avv__Dvv_00,test,test,False,1.3401013328775144,2031,3,5,Avv__D,Avv__Dvv
trimMA342_1200rpm_Avv__Dvv_15,trimMA342_1200rpm_AW__D_08,train,train,False,1.3401084057027273,2032,5,1,Avv__Dvv,AW__D
trimMA342_1200rpm_A__D_15,trimMA342_1200rpm_Avv__D_05,train,train,False,1.340213907090938,2033,0,3,A__D,Avv__D
trimMA342_1200rpm_A__DW_07,trimMA342_1200rpm_AW__D_08,test,train,True,1.3405553580576084,2034,2,1,A__DW,AW__D
trimMA342_1200rpm_Avv__D_15,trimMA342_1200rpm_AW__D_14,train,train,False,1.34059241289314,2035,3,1,Avv__D,AW__D
trimMA342_1200rpm_A__Dvv_00,trimMA342_1200rpm_Avv__Dvv_14,test,test,False,1.3407157279822803,2036,4,5,A__Dvv,Avv__Dvv
trimMA342_1200rpm_A__Dvv_03,trimMA342_1200rpm_Avv__Dvv_15,validation,train,True,1.3409063882102021,2037,4,5,A__Dvv,Avv__Dvv
trimMA342_1200rpm_Avv__D_12,trimMA342_1200rpm_Avv__Dvv_00,test,test,False,1.3409216688553134,2038,3,5,Avv__D,Avv__Dvv
trimMA342_1200rpm_Avv__D_05,trimMA342_1200rpm_AW__D_07,train,train,False,1.3409614719278538,2039,3,1,Avv__D,AW__D
trimMA342_1200rpm_Avv__D_08,trimMA342_1200rpm_Avv__Dvv_02,train,train,False,1.3409639165595355,2040,3,5,Avv__D,Avv__Dvv
trimMA342_1200rpm_Avv__Dvv_13,trimMA342_1200rpm_AW__D_06,train,test,True,1.3411329946616617,2041,5,1,Avv__Dvv,AW__D
trimMA342_1200rpm_A__D_01,trimMA342_1200rpm_A__D_02,test,validation,True,1.3411499297537959,2042,0,0,A__D,A__D
trimMA342_1200rpm_A__DW_15,trimMA342_1200rpm_Avv__Dvv_13,validation,train,True,1.3414978695144617,2043,2,5,A__DW,Avv__Dvv
trimMA342_1200rpm_A__D_15,trimMA342_1200rpm_Avv__D_13,train,test,True,1.3415356770711904,2044,0,3,A__D,Avv__D
trimMA342_1200rpm_Avv__D_15,trimMA342_1200rpm_Avv__Dvv_05,train,train,False,1.3415426408096567,2045,3,5,Avv__D,Avv__Dvv
trimMA342_1200rpm_A__Dvv_02,trimMA342_1200rpm_AW__D_04,test,train,True,1.3415627292748376,2046,4,1,A__Dvv,AW__D
trimMA342_1200rpm_Avv__D_04,trimMA342_1200rpm_Avv__Dvv_09,validation,validation,False,1.3415682786662595,2047,3,5,Avv__D,Avv__Dvv
trimMA342_1200rpm_Avv__D_10,trimMA342_1200rpm_AW__D_14,train,train,False,1.3415881703381662,2048,3,1,Avv__D,AW__D
trimMA342_1200rpm_Avv__Dvv_08,trimMA342_1200rpm_AW__D_05,validation,test,True,1.3418360129555058,2049,5,1,Avv__Dvv,AW__D
trimMA342_1200rpm_A__DW_11,trimMA342_1200rpm_AW__D_09,train,validation,True,1.3418479791327609,2050,2,1,A__DW,AW__D
trimMA342_1200rpm_A__DW_08,trimMA342_1200rpm_AW__D_12,train,train,False,1.3418996969716286,2051,2,1,A__DW,AW__D
trimMA342_1200rpm_Avv__D_09,trimMA342_1200rpm_AW__D_08,validation,train,True,1.3421716256637934,2052,3,1,Avv__D,AW__D
trimMA342_1200rpm_A__Dvv_15,trimMA342_1200rpm_AW__D_02,train,train,False,1.3424371204915062,2053,4,1,A__Dvv,AW__D
trimMA342_1200rpm_A__DW_08,trimMA342_1200rpm_Avv__Dvv_00,train,test,True,1.342662281027703,2054,2,5,A__DW,Avv__Dvv
trimMA342_1200rpm_Avv__D_08,trimMA342_1200rpm_AW__D_06,train,test,True,1.342738999142119,2055,3,1,Avv__D,AW__D
trimMA342_1200rpm_A__DW_03,trimMA342_1200rpm_Avv__Dvv_10,test,test,False,1.342938845033812,2056,2,5,A__DW,Avv__Dvv
trimMA342_1200rpm_A__D_05,trimMA342_1200rpm_Avv__D_14,validation,validation,False,1.3430486625649314,2057,0,3,A__D,Avv__D
trimMA342_1200rpm_A__DW_00,trimMA342_1200rpm_A__DW_10,train,test,True,1.343547094524113,2058,2,2,A__DW,A__DW
trimMA342_1200rpm_A__Dvv_15,trimMA342_1200rpm_AW__D_11,train,test,True,1.3436489651525514,2059,4,1,A__Dvv,AW__D
trimMA342_1200rpm_A__Dvv_08,trimMA342_1200rpm_Avv__D_07,validation,train,True,1.3437063798599906,2060,4,3,A__Dvv,Avv__D
trimMA342_1200rpm_Avv__Dvv_01,trimMA342_1200rpm_AW__D_14,train,train,False,1.343723345245371,2061,5,1,Avv__Dvv,AW__D
trimMA342_1200rpm_A__Dvv_11,trimMA342_1200rpm_Avv__D_13,validation,test,True,1.34392426501381,2062,4,3,A__Dvv,Avv__D
trimMA342_1200rpm_A__Dvv_05,trimMA342_1200rpm_AW__D_00,train,train,False,1.3441175047822647,2063,4,1,A__Dvv,AW__D
trimMA342_1200rpm_Avv__D_06,trimMA342_1200rpm_AW__D_09,test,validation,True,1.3441652637393955,2064,3,1,Avv__D,AW__D
trimMA342_1200rpm_A__DW_09,trimMA342_1200rpm_AW__D_03,train,train,False,1.344393348605854,2065,2,1,A__DW,AW__D
trimMA342_1200rpm_Avv__Dvv_14,trimMA342_1200rpm_AW__D_05,test,test,False,1.3444302406807729,2066,5,1,Avv__Dvv,AW__D
trimMA342_1200rpm_A__DW_11,trimMA342_1200rpm_AW__D_08,train,train,False,1.3447506321370064,2067,2,1,A__DW,AW__D
trimMA342_1200rpm_Avv__D_01,trimMA342_1200rpm_AW__D_07,validation,train,True,1.3447688308311436,2068,3,1,Avv__D,AW__D
trimMA342_1200rpm_A__DW_15,trimMA342_1200rpm_Avv__Dvv_05,validation,train,True,1.3449354857604254,2069,2,5,A__DW,Avv__Dvv
trimMA342_1200rpm_A__DW_06,trimMA342_1200rpm_Avv__Dvv_12,validation,train,True,1.3454431241923401,2070,2,5,A__DW,Avv__Dvv
trimMA342_1200rpm_Avv__Dvv_09,trimMA342_1200rpm_AW__D_05,validation,test,True,1.3454544027526227,2071,5,1,Avv__Dvv,AW__D
trimMA342_1200rpm_Avv__D_10,trimMA342_1200rpm_Avv__Dvv_03,train,train,False,1.3462316237644492,2072,3,5,Avv__D,Avv__Dvv
trimMA342_1200rpm_A__Dvv_00,trimMA342_1200rpm_Avv__D_00,test,test,False,1.3464757239548988,2073,4,3,A__Dvv,Avv__D
trimMA342_1200rpm_Avv__Dvv_04,trimMA342_1200rpm_AW__D_06,train,test,True,1.3466821773602253,2074,5,1,Avv__Dvv,AW__D
trimMA342_1200rpm_A__DW_04,trimMA342_1200rpm_Avv__Dvv_10,validation,test,True,1.3468694765443678,2075,2,5,A__DW,Avv__Dvv
trimMA342_1200rpm_A__DW_14,trimMA342_1200rpm_AW__D_01,train,validation,True,1.3474865508289733,2076,2,1,A__DW,AW__D
trimMA342_1200rpm_A__Dvv_08,trimMA342_1200rpm_Avv__Dvv_09,validation,validation,False,1.3475578459441955,2077,4,5,A__Dvv,Avv__Dvv
trimMA342_1200rpm_A__D_11,trimMA342_1200rpm_A__Dvv_01,train,train,False,1.3476242775567737,2078,0,4,A__D,A__Dvv
trimMA342_1200rpm_Avv__D_11,trimMA342_1200rpm_Avv__Dvv_01,train,train,False,1.3477271059880513,2079,3,5,Avv__D,Avv__Dvv
trimMA342_1200rpm_A__D_14,trimMA342_1200rpm_Avv__D_11,test,train,True,1.3480843850389197,2080,0,3,A__D,Avv__D
trimMA342_1200rpm_A__DW_04,trimMA342_1200rpm_AW__D_11,validation,test,True,1.3481417648392378,2081,2,1,A__DW,AW__D
trimMA342_1200rpm_Avv__D_02,trimMA342_1200rpm_AW__D_03,train,train,False,1.3483887760825635,2082,3,1,Avv__D,AW__D
trimMA342_1200rpm_A__Dvv_15,trimMA342_1200rpm_A__DW_11,train,train,False,1.3486011911569384,2083,4,2,A__Dvv,A__DW
trimMA342_1200rpm_Avv__D_03,trimMA342_1200rpm_Avv__Dvv_09,train,validation,True,1.348877674672016,2084,3,5,Avv__D,Avv__Dvv
trimMA342_1200rpm_A__DW_14,trimMA342_1200rpm_AW__D_03,train,train,False,1.3489121411689065,2085,2,1,A__DW,AW__D
trimMA342_1200rpm_Avv__D_08,trimMA342_1200rpm_AW__D_11,train,test,True,1.3489432075480299,2086,3,1,Avv__D,AW__D
trimMA342_1200rpm_Avv__D_15,trimMA342_1200rpm_AW__D_03,train,train,False,1.3489706290636057,2087,3,1,Avv__D,AW__D
trimMA342_1200rpm_A__DW_07,trimMA342_1200rpm_AW__D_09,test,validation,True,1.3496413659075204,2088,2,1,A__DW,AW__D
trimMA342_1200rpm_Avv__D_07,trimMA342_1200rpm_Avv__Dvv_06,train,test,True,1.3498351733971912,2089,3,5,Avv__D,Avv__Dvv
trimMA342_1200rpm_A__Dvv_03,trimMA342_1200rpm_Avv__D_00,validation,test,True,1.3506675829125687,2090,4,3,A__Dvv,Avv__D
trimMA342_1200rpm_A__DW_00,trimMA342_1200rpm_A__DW_13,train,train,False,1.3506677716922262,2091,2,2,A__DW,A__DW
trimMA342_1200rpm_A__Dvv_14,trimMA342_1200rpm_AW__D_01,test,validation,True,1.3508278064511627,2092,4,1,A__Dvv,AW__D
trimMA342_1200rpm_A__D_03,trimMA342_1200rpm_A__D_14,train,test,True,1.3511581602874754,2093,0,0,A__D,A__D
trimMA342_1200rpm_A__Dvv_07,trimMA342_1200rpm_AW__D_07,train,train,False,1.3515349445756362,2094,4,1,A__Dvv,AW__D
trimMA342_1200rpm_Avv__D_02,trimMA342_1200rpm_AW__D_11,train,test,True,1.3515983976712513,2095,3,1,Avv__D,AW__D
trimMA342_1200rpm_A__Dvv_07,trimMA342_1200rpm_Avv__Dvv_01,train,train,False,1.3518875300107975,2096,4,5,A__Dvv,Avv__Dvv
trimMA342_1200rpm_A__DW_12,trimMA342_1200rpm_Avv__Dvv_02,train,train,False,1.351982598601948,2097,2,5,A__DW,Avv__Dvv
trimMA342_1200rpm_Avv__D_06,trimMA342_1200rpm_AW__D_01,test,validation,True,1.3520414307362012,2098,3,1,Avv__D,AW__D
trimMA342_1200rpm_A__DW_10,trimMA342_1200rpm_Avv__Dvv_05,test,train,True,1.3520964164585634,2099,2,5,A__DW,Avv__Dvv
trimMA342_1200rpm_A__DW_13,trimMA342_1200rpm_Avv__Dvv_00,train,test,True,1.352165945614773,2100,2,5,A__DW,Avv__Dvv
trimMA342_1200rpm_A__Dvv_05,trimMA342_1200rpm_AW__D_08,train,train,False,1.352178203021935,2101,4,1,A__Dvv,AW__D
trimMA342_1200rpm_A__DW_04,trimMA342_1200rpm_Avv__Dvv_05,validation,train,True,1.3523225114504775,2102,2,5,A__DW,Avv__Dvv
trimMA342_1200rpm_A__DW_14,trimMA342_1200rpm_Avv__Dvv_00,train,test,True,1.3525736506707358,2103,2,5,A__DW,Avv__Dvv
trimMA342_1200rpm_A__Dvv_08,trimMA342_1200rpm_AW__D_00,validation,train,True,1.3528563996758158,2104,4,1,A__Dvv,AW__D
trimMA342_1200rpm_A__Dvv_00,trimMA342_1200rpm_Avv__Dvv_13,test,train,True,1.352909984860482,2105,4,5,A__Dvv,Avv__Dvv
trimMA342_1200rpm_A__DW_01,trimMA342_1200rpm_AW__D_05,test,test,False,1.3529705523027393,2106,2,1,A__DW,AW__D
trimMA342_1200rpm_A__DW_05,trimMA342_1200rpm_Avv__Dvv_07,train,validation,True,1.3533062126269466,2107,2,5,A__DW,Avv__Dvv
trimMA342_1200rpm_A__Dvv_00,trimMA342_1200rpm_A__Dvv_10,test,test,False,1.3533273268861963,2108,4,4,A__Dvv,A__Dvv
trimMA342_1200rpm_Avv__D_13,trimMA342_1200rpm_AW__D_14,test,train,True,1.353572978031958,2109,3,1,Avv__D,AW__D
trimMA342_1200rpm_Avv__D_09,trimMA342_1200rpm_AW__D_05,validation,test,True,1.3535810649903122,2110,3,1,Avv__D,AW__D
trimMA342_1200rpm_Avv__D_09,trimMA342_1200rpm_AW__D_00,validation,train,True,1.3545531889626579,2111,3,1,Avv__D,AW__D
trimMA342_1200rpm_A__DW_06,trimMA342_1200rpm_AW__D_14,validation,train,True,1.3546856202717101,2112,2,1,A__DW,AW__D
trimMA342_1200rpm_Avv__D_14,trimMA342_1200rpm_Avv__Dvv_04,validation,train,True,1.3546917372828908,2113,3,5,Avv__D,Avv__Dvv
trimMA342_1200rpm_Avv__Dvv_09,trimMA342_1200rpm_AW__D_14,validation,train,True,1.3548644022524112,2114,5,1,Avv__Dvv,AW__D
trimMA342_1200rpm_Avv__D_15,trimMA342_1200rpm_AW__D_13,train,test,True,1.35509100287765,2115,3,1,Avv__D,AW__D
trimMA342_1200rpm_A__DW_03,trimMA342_1200rpm_Avv__Dvv_00,test,test,False,1.3552393558749285,2116,2,5,A__DW,Avv__Dvv
trimMA342_1200rpm_Avv__D_13,trimMA342_1200rpm_AW__D_06,test,test,False,1.3556958850200627,2117,3,1,Avv__D,AW__D
trimMA342_1200rpm_A__D_04,trimMA342_1200rpm_Avv__D_01,validation,validation,False,1.3557792421009192,2118,0,3,A__D,Avv__D
trimMA342_1200rpm_A__D_15,trimMA342_1200rpm_Avv__D_02,train,train,False,1.3559868516769367,2119,0,3,A__D,Avv__D
trimMA342_1200rpm_A__Dvv_09,trimMA342_1200rpm_AW__D_05,train,test,True,1.3562780249189543,2120,4,1,A__Dvv,AW__D
trimMA342_1200rpm_A__DW_02,trimMA342_1200rpm_AW__D_01,validation,validation,False,1.3564869920944413,2121,2,1,A__DW,AW__D
trimMA342_1200rpm_Avv__D_07,trimMA342_1200rpm_Avv__Dvv_05,train,train,False,1.356488746902785,2122,3,5,Avv__D,Avv__Dvv
trimMA342_1200rpm_Avv__Dvv_05,trimMA342_1200rpm_Avv__Dvv_13,train,train,False,1.3569091103445798,2123,5,5,Avv__Dvv,Avv__Dvv
trimMA342_1200rpm_A__D_05,trimMA342_1200rpm_A__Dvv_00,validation,test,True,1.3569923119206226,2124,0,4,A__D,A__Dvv
trimMA342_1200rpm_Avv__D_02,trimMA342_1200rpm_AW__D_08,train,train,False,1.3570616771667874,2125,3,1,Avv__D,AW__D
trimMA342_1200rpm_Avv__D_05,trimMA342_1200rpm_AW__D_01,train,validation,True,1.3570759333253914,2126,3,1,Avv__D,AW__D
trimMA342_1200rpm_A__DW_07,trimMA342_1200rpm_AW__D_03,test,train,True,1.3572441550469443,2127,2,1,A__DW,AW__D
trimMA342_1200rpm_A__D_14,trimMA342_1200rpm_AW__D_00,test,train,True,1.3576152599484306,2128,0,1,A__D,AW__D
trimMA342_1200rpm_Avv__D_01,trimMA342_1200rpm_Avv__Dvv_13,validation,train,True,1.3576893810435002,2129,3,5,Avv__D,Avv__Dvv
trimMA342_1200rpm_A__D_04,trimMA342_1200rpm_A__Dvv_00,validation,test,True,1.3577029925826414,2130,0,4,A__D,A__Dvv
trimMA342_1200rpm_A__Dvv_00,trimMA342_1200rpm_A__Dvv_15,test,train,True,1.357921115897543,2131,4,4,A__Dvv,A__Dvv
trimMA342_1200rpm_Avv__D_08,trimMA342_1200rpm_Avv__Dvv_05,train,train,False,1.3581166057114782,2132,3,5,Avv__D,Avv__Dvv
trimMA342_1200rpm_A__DW_05,trimMA342_1200rpm_AW__D_09,train,validation,True,1.3584741279386812,2133,2,1,A__DW,AW__D
trimMA342_1200rpm_A__Dvv_02,trimMA342_1200rpm_Avv__D_07,test,train,True,1.358817865878855,2134,4,3,A__Dvv,Avv__D
trimMA342_1200rpm_Avv__Dvv_08,trimMA342_1200rpm_AW__D_00,validation,train,True,1.3594681518465337,2135,5,1,Avv__Dvv,AW__D
trimMA342_1200rpm_A__DW_12,trimMA342_1200rpm_Avv__Dvv_11,train,validation,True,1.3598983326037297,2136,2,5,A__DW,Avv__Dvv
trimMA342_1200rpm_A__DW_06,trimMA342_1200rpm_Avv__Dvv_07,validation,validation,False,1.3600084664343957,2137,2,5,A__DW,Avv__Dvv
trimMA342_1200rpm_A__DW_15,trimMA342_1200rpm_AW__D_12,validation,train,True,1.36016846167374,2138,2,1,A__DW,AW__D
trimMA342_1200rpm_A__DW_12,trimMA342_1200rpm_Avv__Dvv_13,train,train,False,1.3605779485242917,2139,2,5,A__DW,Avv__Dvv
trimMA342_1200rpm_Avv__D_10,trimMA342_1200rpm_AW__D_06,train,test,True,1.360720630806934,2140,3,1,Avv__D,AW__D
trimMA342_1200rpm_A__DW_05,trimMA342_1200rpm_AW__D_14,train,train,False,1.360876174116773,2141,2,1,A__DW,AW__D
trimMA342_1200rpm_A__DW_01,trimMA342_1200rpm_AW__D_00,test,train,True,1.3610251700176759,2142,2,1,A__DW,AW__D
trimMA342_1200rpm_A__DW_08,trimMA342_1200rpm_AW__D_02,train,train,False,1.3610487880272248,2143,2,1,A__DW,AW__D
trimMA342_1200rpm_A__Dvv_08,trimMA342_1200rpm_Avv__Dvv_13,validation,train,True,1.361572842424667,2144,4,5,A__Dvv,Avv__Dvv
trimMA342_1200rpm_A__Dvv_07,trimMA342_1200rpm_Avv__D_13,train,test,True,1.3616092883210429,2145,4,3,A__Dvv,Avv__D
trimMA342_1200rpm_A__Dvv_08,trimMA342_1200rpm_A__Dvv_11,validation,validation,False,1.3617608888200234,2146,4,4,A__Dvv,A__Dvv
trimMA342_1200rpm_Avv__Dvv_06,trimMA342_1200rpm_AW__D_11,test,test,False,1.361915104816013,2147,5,1,Avv__Dvv,AW__D
trimMA342_1200rpm_Avv__Dvv_04,trimMA342_1200rpm_AW__D_08,train,train,False,1.362002868783773,2148,5,1,Avv__Dvv,AW__D
trimMA342_1200rpm_A__Dvv_12,trimMA342_1200rpm_Avv__D_13,train,test,True,1.3625361949196035,2149,4,3,A__Dvv,Avv__D
trimMA342_1200rpm_A__DW_06,trimMA342_1200rpm_Avv__Dvv_13,validation,train,True,1.3628956754870016,2150,2,5,A__DW,Avv__Dvv
trimMA342_1200rpm_Avv__D_07,trimMA342_1200rpm_AW__D_03,train,train,False,1.3630722679931104,2151,3,1,Avv__D,AW__D
trimMA342_1200rpm_A__Dvv_01,trimMA342_1200rpm_Avv__Dvv_15,train,train,False,1.3630855922669558,2152,4,5,A__Dvv,Avv__Dvv
trimMA342_1200rpm_A__D_04,trimMA342_1200rpm_A__D_12,validation,validation,False,1.3632139855268837,2153,0,0,A__D,A__D
trimMA342_1200rpm_A__Dvv_04,trimMA342_1200rpm_AW__D_04,train,train,False,1.3633142042278306,2154,4,1,A__Dvv,AW__D
trimMA342_1200rpm_A__D_02,trimMA342_1200rpm_A__D_09,validation,train,True,1.3633225397950837,2155,0,0,A__D,A__D
trimMA342_1200rpm_A__DW_05,trimMA342_1200rpm_Avv__Dvv_09,train,validation,True,1.3635436212352,2156,2,5,A__DW,Avv__Dvv
trimMA342_1200rpm_A__D_10,trimMA342_1200rpm_A__Dvv_00,train,test,True,1.3636320480661908,2157,0,4,A__D,A__Dvv
trimMA342_1200rpm_A__D_04,trimMA342_1200rpm_Avv__Dvv_14,validation,test,True,1.3636543310490932,2158,0,5,A__D,Avv__Dvv
trimMA342_1200rpm_A__DW_03,trimMA342_1200rpm_AW__D_11,test,test,False,1.3636582291901131,2159,2,1,A__DW,AW__D
trimMA342_1200rpm_Avv__D_01,trimMA342_1200rpm_AW__D_11,validation,test,True,1.3638189424078035,2160,3,1,Avv__D,AW__D
trimMA342_1200rpm_A__D_14,trimMA342_1200rpm_Avv__D_04,test,validation,True,1.363820312914854,2161,0,3,A__D,Avv__D
trimMA342_1200rpm_A__DW_05,trimMA342_1200rpm_Avv__Dvv_11,train,validation,True,1.363842622644214,2162,2,5,A__DW,Avv__Dvv
trimMA342_1200rpm_Avv__D_03,trimMA342_1200rpm_AW__D_05,train,test,True,1.3638643260155556,2163,3,1,Avv__D,AW__D
trimMA342_1200rpm_Avv__D_08,trimMA342_1200rpm_Avv__Dvv_14,train,test,True,1.3646405275284714,2164,3,5,Avv__D,Avv__Dvv
trimMA342_1200rpm_A__Dvv_08,trimMA342_1200rpm_Avv__D_08,validation,train,True,1.3647174110732732,2165,4,3,A__Dvv,Avv__D
trimMA342_1200rpm_Avv__D_13,trimMA342_1200rpm_Avv__Dvv_07,test,validation,True,1.3650795202612396,2166,3,5,Avv__D,Avv__Dvv
trimMA342_1200rpm_A__D_05,trimMA342_1200rpm_A__D_09,validation,train,True,1.365313850759378,2167,0,0,A__D,A__D
trimMA342_1200rpm_Avv__D_00,trimMA342_1200rpm_AW__D_10,test,validation,True,1.3654367196317367,2168,3,1,Avv__D,AW__D
trimMA342_1200rpm_Avv__D_14,trimMA342_1200rpm_AW__D_03,validation,train,True,1.365495089174838,2169,3,1,Avv__D,AW__D
trimMA342_1200rpm_Avv__Dvv_01,trimMA342_1200rpm_AW__D_09,train,validation,True,1.3655794663397731,2170,5,1,Avv__Dvv,AW__D
trimMA342_1200rpm_Avv__Dvv_01,trimMA342_1200rpm_Avv__Dvv_13,train,train,False,1.3656842788049801,2171,5,5,Avv__Dvv,Avv__Dvv
trimMA342_1200rpm_A__D_03,trimMA342_1200rpm_A__D_10,train,train,False,1.3659881653001982,2172,0,0,A__D,A__D
trimMA342_1200rpm_A__Dvv_01,trimMA342_1200rpm_AW__D_08,train,train,False,1.366349739429152,2173,4,1,A__Dvv,AW__D
trimMA342_1200rpm_Avv__D_07,trimMA342_1200rpm_AW__D_15,train,validation,True,1.3663806364542914,2174,3,1,Avv__D,AW__D
trimMA342_1200rpm_A__DW_07,trimMA342_1200rpm_Avv__Dvv_09,test,validation,True,1.366436560149045,2175,2,5,A__DW,Avv__Dvv
trimMA342_1200rpm_A__Dvv_10,trimMA342_1200rpm_AW__D_09,test,validation,True,1.366476232624377,2176,4,1,A__Dvv,AW__D
trimMA342_1200rpm_A__D_14,trimMA342_1200rpm_A__Dvv_04,test,train,True,1.3667346887855094,2177,0,4,A__D,A__Dvv
trimMA342_1200rpm_A__DW_08,trimMA342_1200rpm_AW__D_00,train,train,False,1.3668032405079895,2178,2,1,A__DW,AW__D
trimMA342_1200rpm_Avv__D_03,trimMA342_1200rpm_AW__D_04,train,train,False,1.3673909448021087,2179,3,1,Avv__D,AW__D
trimMA342_1200rpm_A__Dvv_10,trimMA342_1200rpm_AW__D_06,test,test,False,1.3674379614617538,2180,4,1,A__Dvv,AW__D
trimMA342_1200rpm_A__Dvv_08,trimMA342_1200rpm_AW__D_15,validation,validation,False,1.367445259968563,2181,4,1,A__Dvv,AW__D
trimMA342_1200rpm_A__DW_11,trimMA342_1200rpm_AW__D_06,train,test,True,1.36762445344723,2182,2,1,A__DW,AW__D
trimMA342_1200rpm_A__DW_01,trimMA342_1200rpm_A__DW_09,test,train,True,1.3679060239031056,2183,2,2,A__DW,A__DW
trimMA342_1200rpm_A__Dvv_02,trimMA342_1200rpm_A__DW_11,test,train,True,1.3679285868237867,2184,4,2,A__Dvv,A__DW
trimMA342_1200rpm_A__D_15,trimMA342_1200rpm_A__Dvv_03,train,validation,True,1.3680674964467734,2185,0,4,A__D,A__Dvv
trimMA342_1200rpm_A__D_04,trimMA342_1200rpm_Avv__D_10,validation,train,True,1.3680808462355507,2186,0,3,A__D,Avv__D
trimMA342_1200rpm_Avv__D_04,trimMA342_1200rpm_AW__D_00,validation,train,True,1.3682464658788915,2187,3,1,Avv__D,AW__D
trimMA342_1200rpm_A__Dvv_07,trimMA342_1200rpm_AW__D_09,train,validation,True,1.3685933609346757,2188,4,1,A__Dvv,AW__D
trimMA342_1200rpm_A__DW_11,trimMA342_1200rpm_Avv__Dvv_01,train,train,False,1.3687375266390824,2189,2,5,A__DW,Avv__Dvv
trimMA342_1200rpm_A__DW_11,trimMA342_1200rpm_AW__D_12,train,train,False,1.3688278448038889,2190,2,1,A__DW,AW__D
trimMA342_1200rpm_A__Dvv_07,trimMA342_1200rpm_AW__D_01,train,validation,True,1.3695341592729136,2191,4,1,A__Dvv,AW__D
trimMA342_1200rpm_Avv__Dvv_12,trimMA342_1200rpm_AW__D_00,train,train,False,1.3697230671992344,2192,5,1,Avv__Dvv,AW__D
trimMA342_1200rpm_A__DW_04,trimMA342_1200rpm_AW__D_13,validation,test,True,1.369815060063683,2193,2,1,A__DW,AW__D
trimMA342_1200rpm_A__D_03,trimMA342_1200rpm_A__D_11,train,train,False,1.369974958331582,2194,0,0,A__D,A__D
trimMA342_1200rpm_A__Dvv_00,trimMA342_1200rpm_A__Dvv_11,test,validation,True,1.370049001303355,2195,4,4,A__Dvv,A__Dvv
trimMA342_1200rpm_A__DW_08,trimMA342_1200rpm_AW__D_06,train,test,True,1.3700981590965742,2196,2,1,A__DW,AW__D
trimMA342_1200rpm_Avv__D_06,trimMA342_1200rpm_AW__D_08,test,train,True,1.3701162674873093,2197,3,1,Avv__D,AW__D
trimMA342_1200rpm_A__Dvv_02,trimMA342_1200rpm_AW__D_08,test,train,True,1.3702827004862321,2198,4,1,A__Dvv,AW__D
trimMA342_1200rpm_Avv__D_07,trimMA342_1200rpm_AW__D_13,train,test,True,1.3706308232700448,2199,3,1,Avv__D,AW__D
trimMA342_1200rpm_Avv__Dvv_07,trimMA342_1200rpm_AW__D_09,validation,validation,False,1.3707942254601817,2200,5,1,Avv__Dvv,AW__D
trimMA342_1200rpm_Avv__D_00,trimMA342_1200rpm_Avv__Dvv_07,test,validation,True,1.3708596329951659,2201,3,5,Avv__D,Avv__Dvv
trimMA342_1200rpm_A__DW_00,trimMA342_1200rpm_AW__D_00,train,train,False,1.3709003708221272,2202,2,1,A__DW,AW__D
trimMA342_1200rpm_Avv__D_05,trimMA342_1200rpm_Avv__Dvv_09,train,validation,True,1.3710073995612275,2203,3,5,Avv__D,Avv__Dvv
trimMA342_1200rpm_A__D_05,trimMA342_1200rpm_A__D_13,validation,test,True,1.3710851585680144,2204,0,0,A__D,A__D
trimMA342_1200rpm_Avv__Dvv_07,trimMA342_1200rpm_Avv__Dvv_09,validation,validation,False,1.3713570182831614,2205,5,5,Avv__Dvv,Avv__Dvv
trimMA342_1200rpm_Avv__D_10,trimMA342_1200rpm_Avv__Dvv_06,train,test,True,1.3714135644432894,2206,3,5,Avv__D,Avv__Dvv
trimMA342_1200rpm_Avv__D_00,trimMA342_1200rpm_Avv__Dvv_11,test,validation,True,1.3717016956138357,2207,3,5,Avv__D,Avv__Dvv
trimMA342_1200rpm_A__Dvv_12,trimMA342_1200rpm_Avv__D_00,train,test,True,1.3717708977470104,2208,4,3,A__Dvv,Avv__D
trimMA342_1200rpm_A__DW_05,trimMA342_1200rpm_Avv__Dvv_02,train,train,False,1.3717828745400518,2209,2,5,A__DW,Avv__Dvv
trimMA342_1200rpm_A__DW_08,trimMA342_1200rpm_Avv__Dvv_01,train,train,False,1.372315190052629,2210,2,5,A__DW,Avv__Dvv
trimMA342_1200rpm_A__DW_15,trimMA342_1200rpm_AW__D_13,validation,test,True,1.3723479836202377,2211,2,1,A__DW,AW__D
trimMA342_1200rpm_Avv__D_15,trimMA342_1200rpm_AW__D_06,train,test,True,1.372417551657472,2212,3,1,Avv__D,AW__D
trimMA342_1200rpm_A__DW_14,trimMA342_1200rpm_AW__D_09,train,validation,True,1.3725463988533237,2213,2,1,A__DW,AW__D
trimMA342_1200rpm_Avv__Dvv_04,trimMA342_1200rpm_Avv__Dvv_13,train,train,False,1.3725502948218278,2214,5,5,Avv__Dvv,Avv__Dvv
trimMA342_1200rpm_A__DW_07,trimMA342_1200rpm_AW__D_00,test,train,True,1.3725610809998028,2215,2,1,A__DW,AW__D
trimMA342_1200rpm_A__DW_04,trimMA342_1200rpm_Avv__Dvv_09,validation,validation,False,1.373500767112397,2216,2,5,A__DW,Avv__Dvv
trimMA342_1200rpm_Avv__Dvv_01,trimMA342_1200rpm_AW__D_11,train,test,True,1.373528079358441,2217,5,1,Avv__Dvv,AW__D
trimMA342_1200rpm_A__D_13,trimMA342_1200rpm_AW__D_11,test,test,False,1.3736459442935487,2218,0,1,A__D,AW__D
trimMA342_1200rpm_A__DW_12,trimMA342_1200rpm_AW__D_04,train,train,False,1.3742815085620044,2219,2,1,A__DW,AW__D
trimMA342_1200rpm_A__D_05,trimMA342_1200rpm_A__D_14,validation,test,True,1.3746649672218882,2220,0,0,A__D,A__D
trimMA342_1200rpm_A__DW_11,trimMA342_1200rpm_Avv__Dvv_05,train,train,False,1.3747983387044458,2221,2,5,A__DW,Avv__Dvv
trimMA342_1200rpm_A__DW_13,trimMA342_1200rpm_Avv__Dvv_10,train,test,True,1.3748451550294492,2222,2,5,A__DW,Avv__Dvv
trimMA342_1200rpm_Avv__Dvv_11,trimMA342_1200rpm_AW__D_04,validation,train,True,1.3749762230936269,2223,5,1,Avv__Dvv,AW__D
trimMA342_1200rpm_A__DW_14,trimMA342_1200rpm_AW__D_04,train,train,False,1.3750567123807664,2224,2,1,A__DW,AW__D
trimMA342_1200rpm_A__DW_01,trimMA342_1200rpm_A__DW_15,test,validation,True,1.3754473977229418,2225,2,2,A__DW,A__DW
trimMA342_1200rpm_Avv__D_08,trimMA342_1200rpm_Avv__Dvv_06,train,test,True,1.3755668007684727,2226,3,5,Avv__D,Avv__Dvv
trimMA342_1200rpm_Avv__Dvv_01,trimMA342_1200rpm_Avv__Dvv_09,train,validation,True,1.375704243868827,2227,5,5,Avv__Dvv,Avv__Dvv
trimMA342_1200rpm_A__D_04,trimMA342_1200rpm_Avv__D_12,validation,test,True,1.3757408914525922,2228,0,3,A__D,Avv__D
trimMA342_1200rpm_A__DW_07,trimMA342_1200rpm_AW__D_12,test,train,True,1.3757592388331974,2229,2,1,A__DW,AW__D
trimMA342_1200rpm_A__DW_12,trimMA342_1200rpm_AW__D_13,train,test,True,1.3760586627864302,2230,2,1,A__DW,AW__D
trimMA342_1200rpm_A__D_02,trimMA342_1200rpm_A__D_14,validation,test,True,1.3760859921246615,2231,0,0,A__D,A__D
trimMA342_1200rpm_Avv__Dvv_01,trimMA342_1200rpm_Avv__Dvv_02,train,train,False,1.3761993428158723,2232,5,5,Avv__Dvv,Avv__Dvv
trimMA342_1200rpm_A__DW_03,trimMA342_1200rpm_AW__D_03,test,train,True,1.376480995008852,2233,2,1,A__DW,AW__D
trimMA342_1200rpm_A__Dvv_00,trimMA342_1200rpm_A__Dvv_12,test,train,True,1.3768171868699406,2234,4,4,A__Dvv,A__Dvv
trimMA342_1200rpm_A__Dvv_11,trimMA342_1200rpm_Avv__D_12,validation,test,True,1.3768822129497624,2235,4,3,A__Dvv,Avv__D
trimMA342_1200rpm_A__D_10,trimMA342_1200rpm_Avv__D_09,train,validation,True,1.3769591288093888,2236,0,3,A__D,Avv__D
trimMA342_1200rpm_A__Dvv_07,trimMA342_1200rpm_A__DW_05,train,train,False,1.3777555907571757,2237,4,2,A__Dvv,A__DW
trimMA342_1200rpm_A__Dvv_04,trimMA342_1200rpm_AW__D_05,train,test,True,1.3778192557313211,2238,4,1,A__Dvv,AW__D
trimMA342_1200rpm_A__DW_03,trimMA342_1200rpm_AW__D_06,test,test,False,1.3778904722297676,2239,2,1,A__DW,AW__D
trimMA342_1200rpm_Avv__D_13,trimMA342_1200rpm_AW__D_15,test,validation,True,1.378180484660609,2240,3,1,Avv__D,AW__D
trimMA342_1200rpm_A__DW_01,trimMA342_1200rpm_A__DW_14,test,train,True,1.3782013623489977,2241,2,2,A__DW,A__DW
trimMA342_1200rpm_A__Dvv_15,trimMA342_1200rpm_AW__D_04,train,train,False,1.378448234012504,2242,4,1,A__Dvv,AW__D
trimMA342_1200rpm_Avv__D_06,trimMA342_1200rpm_Avv__Dvv_01,test,train,True,1.3785599524555865,2243,3,5,Avv__D,Avv__Dvv
trimMA342_1200rpm_A__Dvv_00,trimMA342_1200rpm_AW__D_04,test,train,True,1.3785813248971468,2244,4,1,A__Dvv,AW__D
trimMA342_1200rpm_A__D_05,trimMA342_1200rpm_A__Dvv_02,validation,test,True,1.378780357273452,2245,0,4,A__D,A__Dvv
trimMA342_1200rpm_Avv__Dvv_02,trimMA342_1200rpm_AW__D_05,train,test,True,1.3788687411041387,2246,5,1,Avv__Dvv,AW__D
trimMA342_1200rpm_Avv__D_04,trimMA342_1200rpm_AW__D_04,validation,train,True,1.3790037160925972,2247,3,1,Avv__D,AW__D
trimMA342_1200rpm_A__Dvv_01,trimMA342_1200rpm_A__DW_05,train,train,False,1.3793716081482106,2248,4,2,A__Dvv,A__DW
trimMA342_1200rpm_A__Dvv_00,trimMA342_1200rpm_AW__D_02,test,train,True,1.379508831084811,2249,4,1,A__Dvv,AW__D
trimMA342_1200rpm_A__Dvv_15,trimMA342_1200rpm_Avv__Dvv_09,train,validation,True,1.3795226503447442,2250,4,5,A__Dvv,Avv__Dvv
trimMA342_1200rpm_A__D_04,trimMA342_1200rpm_A__Dvv_03,validation,validation,False,1.3795306425545069,2251,0,4,A__D,A__Dvv
trimMA342_1200rpm_Avv__Dvv_13,trimMA342_1200rpm_AW__D_04,train,train,False,1.3796856465839469,2252,5,1,Avv__Dvv,AW__D
trimMA342_1200rpm_Avv__D_12,trimMA342_1200rpm_AW__D_07,test,train,True,1.3798039288095267,2253,3,1,Avv__D,AW__D
trimMA342_1200rpm_Avv__Dvv_05,trimMA342_1200rpm_AW__D_01,train,validation,True,1.38007973621883,2254,5,1,Avv__Dvv,AW__D
trimMA342_1200rpm_Avv__Dvv_15,trimMA342_1200rpm_AW__D_15,train,validation,True,1.3802404666334844,2255,5,1,Avv__Dvv,AW__D
trimMA342_1200rpm_A__D_13,trimMA342_1200rpm_Avv__D_03,test,train,True,1.3807638638659676,2256,0,3,A__D,Avv__D
trimMA342_1200rpm_Avv__D_10,trimMA342_1200rpm_AW__D_03,train,train,False,1.3807986648858517,2257,3,1,Avv__D,AW__D
trimMA342_1200rpm_A__Dvv_03,trimMA342_1200rpm_A__DW_11,validation,train,True,1.3809696659673016,2258,4,2,A__Dvv,A__DW
trimMA342_1200rpm_A__DW_11,trimMA342_1200rpm_Avv__Dvv_14,train,test,True,1.381009960801133,2259,2,5,A__DW,Avv__Dvv
trimMA342_1200rpm_A__Dvv_04,trimMA342_1200rpm_Avv__D_08,train,train,False,1.3813113051644887,2260,4,3,A__Dvv,Avv__D
trimMA342_1200rpm_A__Dvv_01,trimMA342_1200rpm_AW__D_07,train,train,False,1.381453797788226,2261,4,1,A__Dvv,AW__D
trimMA342_1200rpm_A__Dvv_05,trimMA342_1200rpm_AW__D_04,train,train,False,1.3815854472209796,2262,4,1,A__Dvv,AW__D
trimMA342_1200rpm_A__D_04,trimMA342_1200rpm_Avv__D_02,validation,train,True,1.3817419821116492,2263,0,3,A__D,Avv__D
trimMA342_1200rpm_A__DW_13,trimMA342_1200rpm_AW__D_07,train,train,False,1.3821153403156323,2264,2,1,A__DW,AW__D
trimMA342_1200rpm_A__DW_14,trimMA342_1200rpm_AW__D_06,train,test,True,1.3822767016095303,2265,2,1,A__DW,AW__D
trimMA342_1200rpm_A__Dvv_00,trimMA342_1200rpm_Avv__D_13,test,test,False,1.3822792908262662,2266,4,3,A__Dvv,Avv__D
trimMA342_1200rpm_Avv__D_11,trimMA342_1200rpm_AW__D_04,train,train,False,1.383141706963363,2267,3,1,Avv__D,AW__D
trimMA342_1200rpm_Avv__D_00,trimMA342_1200rpm_Avv__D_06,test,test,False,1.3835865704555226,2268,3,3,Avv__D,Avv__D
trimMA342_1200rpm_A__DW_10,trimMA342_1200rpm_Avv__Dvv_13,test,train,True,1.3839472157073425,2269,2,5,A__DW,Avv__Dvv
trimMA342_1200rpm_A__Dvv_02,trimMA342_1200rpm_Avv__D_12,test,test,False,1.383997167656033,2270,4,3,A__Dvv,Avv__D
trimMA342_1200rpm_A__Dvv_06,trimMA342_1200rpm_A__DW_06,validation,validation,False,1.3841553854613773,2271,4,2,A__Dvv,A__DW
trimMA342_1200rpm_A__D_04,trimMA342_1200rpm_A__D_06,validation,train,True,1.3841768366969744,2272,0,0,A__D,A__D
trimMA342_1200rpm_A__DW_02,trimMA342_1200rpm_AW__D_11,validation,test,True,1.3843692092236424,2273,2,1,A__DW,AW__D
trimMA342_1200rpm_Avv__Dvv_06,trimMA342_1200rpm_Avv__Dvv_15,test,train,True,1.3846433394265731,2274,5,5,Avv__Dvv,Avv__Dvv
trimMA342_1200rpm_A__Dvv_04,trimMA342_1200rpm_AW__D_08,train,train,False,1.38469377198109,2275,4,1,A__Dvv,AW__D
trimMA342_1200rpm_A__DW_12,trimMA342_1200rpm_AW__D_06,train,test,True,1.3847064838991412,2276,2,1,A__DW,AW__D
trimMA342_1200rpm_A__DW_03,trimMA342_1200rpm_Avv__Dvv_08,test,validation,True,1.3848014964414705,2277,2,5,A__DW,Avv__Dvv
trimMA342_1200rpm_A__DW_04,trimMA342_1200rpm_Avv__Dvv_12,validation,train,True,1.384862321672407,2278,2,5,A__DW,Avv__Dvv
trimMA342_1200rpm_A__Dvv_08,trimMA342_1200rpm_Avv__Dvv_01,validation,train,True,1.3850434441948454,2279,4,5,A__Dvv,Avv__Dvv
trimMA342_1200rpm_A__DW_11,trimMA342_1200rpm_Avv__Dvv_15,train,train,False,1.385127110816007,2280,2,5,A__DW,Avv__Dvv
trimMA342_1200rpm_A__D_15,trimMA342_1200rpm_Avv__Dvv_07,train,validation,True,1.385189573987551,2281,0,5,A__D,Avv__Dvv
trimMA342_1200rpm_A__Dvv_13,trimMA342_1200rpm_AW__D_01,train,validation,True,1.3852112794827944,2282,4,1,A__Dvv,AW__D
trimMA342_1200rpm_A__D_13,trimMA342_1200rpm_AW__D_12,test,train,True,1.3853804783595591,2283,0,1,A__D,AW__D
trimMA342_1200rpm_A__Dvv_00,trimMA342_1200rpm_Avv__D_08,test,train,True,1.3854855804043107,2284,4,3,A__Dvv,Avv__D
trimMA342_1200rpm_A__D_11,trimMA342_1200rpm_A__Dvv_07,train,train,False,1.3855592173480895,2285,0,4,A__D,A__Dvv
trimMA342_1200rpm_A__Dvv_07,trimMA342_1200rpm_AW__D_05,train,test,True,1.3856262424035048,2286,4,1,A__Dvv,AW__D
trimMA342_1200rpm_Avv__D_14,trimMA342_1200rpm_Avv__Dvv_09,validation,validation,False,1.3859226288941944,2287,3,5,Avv__D,Avv__Dvv
trimMA342_1200rpm_A__DW_03,trimMA342_1200rpm_AW__D_13,test,test,False,1.386178336368598,2288,2,1,A__DW,AW__D
trimMA342_1200rpm_Avv__Dvv_07,trimMA342_1200rpm_AW__D_08,validation,train,True,1.3862279198444751,2289,5,1,Avv__Dvv,AW__D
trimMA342_1200rpm_Avv__Dvv_11,trimMA342_1200rpm_AW__D_05,validation,test,True,1.3865500601352596,2290,5,1,Avv__Dvv,AW__D
trimMA342_1200rpm_A__DW_06,trimMA342_1200rpm_Avv__Dvv_02,validation,train,True,1.3866085848471337,2291,2,5,A__DW,Avv__Dvv
trimMA342_1200rpm_Avv__D_15,trimMA342_1200rpm_AW__D_15,train,validation,True,1.3871003717817447,2292,3,1,Avv__D,AW__D
trimMA342_1200rpm_Avv__D_05,trimMA342_1200rpm_Avv__Dvv_15,train,train,False,1.3873021006070805,2293,3,5,Avv__D,Avv__Dvv
trimMA342_1200rpm_A__DW_12,trimMA342_1200rpm_Avv__Dvv_10,train,test,True,1.387456924074373,2294,2,5,A__DW,Avv__Dvv
trimMA342_1200rpm_A__D_14,trimMA342_1200rpm_A__Dvv_08,test,validation,True,1.3880282102512234,2295,0,4,A__D,A__Dvv
trimMA342_1200rpm_A__D_02,trimMA342_1200rpm_A__D_04,validation,validation,False,1.3883269142745487,2296,0,0,A__D,A__D
trimMA342_1200rpm_Avv__Dvv_01,trimMA342_1200rpm_Avv__Dvv_08,train,validation,True,1.3883308942336159,2297,5,5,Avv__Dvv,Avv__Dvv
trimMA342_1200rpm_A__Dvv_00,trimMA342_1200rpm_AW__D_13,test,test,False,1.3888672228645287,2298,4,1,A__Dvv,AW__D
trimMA342_1200rpm_A__Dvv_12,trimMA342_1200rpm_AW__D_00,train,train,False,1.3888672792350487,2299,4,1,A__Dvv,AW__D
trimMA342_1200rpm_A__Dvv_06,trimMA342_1200rpm_A__DW_11,validation,train,True,1.389007275937669,2300,4,2,A__Dvv,A__DW
trimMA342_1200rpm_A__D_13,trimMA342_1200rpm_A__Dvv_05,test,train,True,1.3893251488249068,2301,0,4,A__D,A__Dvv
trimMA342_1200rpm_A__D_11,trimMA342_1200rpm_A__Dvv_08,train,validation,True,1.3894287412371553,2302,0,4,A__D,A__Dvv
trimMA342_1200rpm_A__DW_13,trimMA342_1200rpm_AW__D_00,train,train,False,1.3901433937155496,2303,2,1,A__DW,AW__D
trimMA342_1200rpm_A__D_10,trimMA342_1200rpm_A__Dvv_07,train,train,False,1.3902734070863378,2304,0,4,A__D,A__Dvv
trimMA342_1200rpm_Avv__Dvv_09,trimMA342_1200rpm_Avv__Dvv_14,validation,test,True,1.390278907499045,2305,5,5,Avv__Dvv,Avv__Dvv
trimMA342_1200rpm_A__DW_13,trimMA342_1200rpm_AW__D_11,train,test,True,1.3904498027808094,2306,2,1,A__DW,AW__D
trimMA342_1200rpm_Avv__D_13,trimMA342_1200rpm_AW__D_01,test,validation,True,1.3905583922825102,2307,3,1,Avv__D,AW__D
trimMA342_1200rpm_A__DW_04,trimMA342_1200rpm_Avv__Dvv_02,validation,train,True,1.3905688856361615,2308,2,5,A__DW,Avv__Dvv
trimMA342_1200rpm_A__DW_09,trimMA342_1200rpm_AW__D_13,train,test,True,1.390642842232626,2309,2,1,A__DW,AW__D
trimMA342_1200rpm_Avv__D_12,trimMA342_1200rpm_AW__D_13,test,test,False,1.3910000219362388,2310,3,1,Avv__D,AW__D
trimMA342_1200rpm_Avv__D_13,trimMA342_1200rpm_AW__D_07,test,train,True,1.391014187116926,2311,3,1,Avv__D,AW__D
trimMA342_1200rpm_A__Dvv_07,trimMA342_1200rpm_Avv__Dvv_15,train,train,False,1.3910667537705588,2312,4,5,A__Dvv,Avv__Dvv
trimMA342_1200rpm_Avv__D_08,trimMA342_1200rpm_AW__D_02,train,train,False,1.3911428043364928,2313,3,1,Avv__D,AW__D
trimMA342_1200rpm_Avv__D_14,trimMA342_1200rpm_AW__D_15,validation,validation,False,1.3912627197158334,2314,3,1,Avv__D,AW__D
trimMA342_1200rpm_A__D_15,trimMA342_1200rpm_A__Dvv_14,train,test,True,1.3913105556819665,2315,0,4,A__D,A__Dvv
trimMA342_1200rpm_A__DW_03,trimMA342_1200rpm_AW__D_12,test,train,True,1.3914427274418866,2316,2,1,A__DW,AW__D
trimMA342_1200rpm_A__DW_13,trimMA342_1200rpm_AW__D_12,train,train,False,1.3915739516155377,2317,2,1,A__DW,AW__D
trimMA342_1200rpm_A__Dvv_12,trimMA342_1200rpm_Avv__D_12,train,test,True,1.3917071805770518,2318,4,3,A__Dvv,Avv__D
trimMA342_1200rpm_A__D_12,trimMA342_1200rpm_A__Dvv_07,validation,train,True,1.3920650974910702,2319,0,4,A__D,A__Dvv
trimMA342_1200rpm_Avv__Dvv_04,trimMA342_1200rpm_AW__D_13,train,test,True,1.3924435419864758,2320,5,1,Avv__Dvv,AW__D
trimMA342_1200rpm_Avv__D_10,trimMA342_1200rpm_AW__D_02,train,train,False,1.3924442804406905,2321,3,1,Avv__D,AW__D
trimMA342_1200rpm_A__Dvv_15,trimMA342_1200rpm_AW__D_08,train,train,False,1.392817164760463,2322,4,1,A__Dvv,AW__D
trimMA342_1200rpm_A__DW_12,trimMA342_1200rpm_Avv__Dvv_05,train,train,False,1.3929604958021131,2323,2,5,A__DW,Avv__Dvv
trimMA342_1200rpm_A__Dvv_01,trimMA342_1200rpm_Avv__Dvv_04,train,train,False,1.3933269983242238,2324,4,5,A__Dvv,Avv__Dvv
trimMA342_1200rpm_Avv__D_00,trimMA342_1200rpm_Avv__Dvv_12,test,train,True,1.3933275887439738,2325,3,5,Avv__D,Avv__Dvv
trimMA342_1200rpm_A__DW_03,trimMA342_1200rpm_Avv__Dvv_05,test,train,True,1.3938011201098262,2326,2,5,A__DW,Avv__Dvv
trimMA342_1200rpm_Avv__D_08,trimMA342_1200rpm_Avv__Dvv_13,train,train,False,1.3938124580282252,2327,3,5,Avv__D,Avv__Dvv
trimMA342_1200rpm_A__DW_12,trimMA342_1200rpm_AW__D_11,train,test,True,1.3940089004115495,2328,2,1,A__DW,AW__D
trimMA342_1200rpm_Avv__D_00,trimMA342_1200rpm_Avv__Dvv_02,test,train,True,1.394668774694375,2329,3,5,Avv__D,Avv__Dvv
trimMA342_1200rpm_Avv__D_10,trimMA342_1200rpm_Avv__Dvv_13,train,train,False,1.394677552340684,2330,3,5,Avv__D,Avv__Dvv
trimMA342_1200rpm_Avv__D_10,trimMA342_1200rpm_AW__D_15,train,validation,True,1.3948342333793873,2331,3,1,Avv__D,AW__D
trimMA342_1200rpm_A__DW_09,trimMA342_1200rpm_AW__D_09,train,validation,True,1.3948694062851128,2332,2,1,A__DW,AW__D
trimMA342_1200rpm_A__DW_15,trimMA342_1200rpm_Avv__Dvv_04,validation,train,True,1.3952275661305866,2333,2,5,A__DW,Avv__Dvv
trimMA342_1200rpm_A__D_07,trimMA342_1200rpm_A__Dvv_04,train,train,False,1.3957616917707285,2334,0,4,A__D,A__Dvv
trimMA342_1200rpm_A__D_14,trimMA342_1200rpm_Avv__D_08,test,train,True,1.3959087444901919,2335,0,3,A__D,Avv__D
trimMA342_1200rpm_A__Dvv_15,trimMA342_1200rpm_AW__D_00,train,train,False,1.3959592419973395,2336,4,1,A__Dvv,AW__D
trimMA342_1200rpm_A__DW_01,trimMA342_1200rpm_AW__D_01,test,validation,True,1.3959606580599122,2337,2,1,A__DW,AW__D
trimMA342_1200rpm_Avv__D_04,trimMA342_1200rpm_Avv__Dvv_01,validation,train,True,1.3960121491125863,2338,3,5,Avv__D,Avv__Dvv
trimMA342_1200rpm_A__DW_00,trimMA342_1200rpm_A__DW_09,train,train,False,1.3962481301880318,2339,2,2,A__DW,A__DW
trimMA342_1200rpm_A__D_15,trimMA342_1200rpm_Avv__Dvv_00,train,test,True,1.3963325592535514,2340,0,5,A__D,Avv__Dvv
trimMA342_1200rpm_Avv__Dvv_09,trimMA342_1200rpm_AW__D_04,validation,train,True,1.3963558425193061,2341,5,1,Avv__Dvv,AW__D
trimMA342_1200rpm_A__DW_07,trimMA342_1200rpm_AW__D_04,test,train,True,1.3964735108320834,2342,2,1,A__DW,AW__D
trimMA342_1200rpm_A__Dvv_04,trimMA342_1200rpm_Avv__Dvv_01,train,train,False,1.396520380519373,2343,4,5,A__Dvv,Avv__Dvv
trimMA342_1200rpm_A__D_13,trimMA342_1200rpm_Avv__D_00,test,test,False,1.3973289744819917,2344,0,3,A__D,Avv__D
trimMA342_1200rpm_A__D_12,trimMA342_1200rpm_AW__D_00,validation,train,True,1.3973782656141547,2345,0,1,A__D,AW__D
trimMA342_1200rpm_A__D_10,trimMA342_1200rpm_AW__D_00,train,train,False,1.397705110219751,2346,0,1,A__D,AW__D
trimMA342_1200rpm_A__DW_13,trimMA342_1200rpm_Avv__Dvv_02,train,train,False,1.398024225268267,2347,2,5,A__DW,Avv__Dvv
trimMA342_1200rpm_A__DW_02,trimMA342_1200rpm_Avv__Dvv_10,validation,test,True,1.398612396307102,2348,2,5,A__DW,Avv__Dvv
trimMA342_1200rpm_A__Dvv_04,trimMA342_1200rpm_AW__D_09,train,validation,True,1.3991065783050565,2349,4,1,A__Dvv,AW__D
trimMA342_1200rpm_A__D_09,trimMA342_1200rpm_A__Dvv_07,train,train,False,1.3992027553028505,2350,0,4,A__D,A__Dvv
trimMA342_1200rpm_A__D_09,trimMA342_1200rpm_A__Dvv_04,train,train,False,1.3993949372363959,2351,0,4,A__D,A__Dvv
trimMA342_1200rpm_Avv__D_12,trimMA342_1200rpm_Avv__Dvv_09,test,validation,True,1.3995699036799785,2352,3,5,Avv__D,Avv__Dvv
trimMA342_1200rpm_Avv__Dvv_01,trimMA342_1200rpm_AW__D_07,train,train,False,1.3996347792053594,2353,5,1,Avv__Dvv,AW__D
trimMA342_1200rpm_Avv__Dvv_03,trimMA342_1200rpm_AW__D_00,train,train,False,1.3997613771228854,2354,5,1,Avv__Dvv,AW__D
trimMA342_1200rpm_Avv__Dvv_11,trimMA342_1200rpm_AW__D_00,validation,train,True,1.399940166842883,2355,5,1,Avv__Dvv,AW__D
trimMA342_1200rpm_A__DW_09,trimMA342_1200rpm_AW__D_11,train,test,True,1.4000053847211034,2356,2,1,A__DW,AW__D
trimMA342_1200rpm_A__Dvv_04,trimMA342_1200rpm_A__DW_06,train,validation,True,1.40035812226647,2357,4,2,A__Dvv,A__DW
trimMA342_1200rpm_A__D_13,trimMA342_1200rpm_AW__D_04,test,train,True,1.400695658530029,2358,0,1,A__D,AW__D
trimMA342_1200rpm_Avv__D_07,trimMA342_1200rpm_AW__D_06,train,test,True,1.4007083499696504,2359,3,1,Avv__D,AW__D
trimMA342_1200rpm_A__Dvv_01,trimMA342_1200rpm_A__DW_03,train,test,True,1.4008382633117686,2360,4,2,A__Dvv,A__DW
trimMA342_1200rpm_A__D_11,trimMA342_1200rpm_Avv__D_00,train,test,True,1.4011270770983582,2361,0,3,A__D,Avv__D
trimMA342_1200rpm_A__DW_08,trimMA342_1200rpm_AW__D_04,train,train,False,1.4012223091084672,2362,2,1,A__DW,AW__D
trimMA342_1200rpm_A__D_01,trimMA342_1200rpm_A__D_06,test,train,True,1.4013446189211456,2363,0,0,A__D,A__D
trimMA342_1200rpm_A__D_05,trimMA342_1200rpm_Avv__D_13,validation,test,True,1.4017222411658414,2364,0,3,A__D,Avv__D
trimMA342_1200rpm_A__DW_08,trimMA342_1200rpm_AW__D_08,train,train,False,1.4017618723711753,2365,2,1,A__DW,AW__D
trimMA342_1200rpm_A__DW_01,trimMA342_1200rpm_AW__D_15,test,validation,True,1.4019539973550368,2366,2,1,A__DW,AW__D
trimMA342_1200rpm_A__Dvv_01,trimMA342_1200rpm_AW__D_09,train,validation,True,1.4019706223060635,2367,4,1,A__Dvv,AW__D
trimMA342_1200rpm_Avv__Dvv_01,trimMA342_1200rpm_AW__D_08,train,train,False,1.402023435805935,2368,5,1,Avv__Dvv,AW__D
trimMA342_1200rpm_A__D_15,trimMA342_1200rpm_Avv__Dvv_08,train,validation,True,1.402280412790348,2369,0,5,A__D,Avv__Dvv
trimMA342_1200rpm_A__Dvv_07,trimMA342_1200rpm_Avv__Dvv_04,train,train,False,1.402656840513207,2370,4,5,A__Dvv,Avv__Dvv
trimMA342_1200rpm_A__Dvv_07,trimMA342_1200rpm_A__DW_02,train,validation,True,1.4030030862205751,2371,4,2,A__Dvv,A__DW
trimMA342_1200rpm_A__Dvv_10,trimMA342_1200rpm_Avv__Dvv_04,test,train,True,1.4036592109551005,2372,4,5,A__Dvv,Avv__Dvv
trimMA342_1200rpm_A__DW_06,trimMA342_1200rpm_Avv__Dvv_11,validation,validation,False,1.4044351135951234,2373,2,5,A__DW,Avv__Dvv
trimMA342_1200rpm_Avv__D_10,trimMA342_1200rpm_Avv__Dvv_04,train,train,False,1.404461486776388,2374,3,5,Avv__D,Avv__Dvv
trimMA342_1200rpm_A__Dvv_14,trimMA342_1200rpm_AW__D_04,test,train,True,1.4045230730966678,2375,4,1,A__Dvv,AW__D
trimMA342_1200rpm_A__DW_10,trimMA342_1200rpm_Avv__Dvv_06,test,test,False,1.4046727127229752,2376,2,5,A__DW,Avv__Dvv
trimMA342_1200rpm_Avv__Dvv_03,trimMA342_1200rpm_AW__D_05,train,test,True,1.4049787360899821,2377,5,1,Avv__Dvv,AW__D
trimMA342_1200rpm_Avv__D_12,trimMA342_1200rpm_AW__D_01,test,validation,True,1.405005113404463,2378,3,1,Avv__D,AW__D
trimMA342_1200rpm_Avv__D_09,trimMA342_1200rpm_Avv__Dvv_04,validation,train,True,1.4053983895321092,2379,3,5,Avv__D,Avv__Dvv
trimMA342_1200rpm_Avv__D_05,trimMA342_1200rpm_Avv__Dvv_04,train,train,False,1.4054261853659227,2380,3,5,Avv__D,Avv__Dvv
trimMA342_1200rpm_Avv__Dvv_15,trimMA342_1200rpm_AW__D_01,train,validation,True,1.4054279650377812,2381,5,1,Avv__Dvv,AW__D
trimMA342_1200rpm_A__DW_07,trimMA342_1200rpm_Avv__Dvv_10,test,test,False,1.405595017852339,2382,2,5,A__DW,Avv__Dvv
trimMA342_1200rpm_A__DW_08,trimMA342_1200rpm_Avv__Dvv_07,train,validation,True,1.4057581087937259,2383,2,5,A__DW,Avv__Dvv
trimMA342_1200rpm_A__D_14,trimMA342_1200rpm_AW__D_12,test,train,True,1.4060463971554906,2384,0,1,A__D,AW__D
trimMA342_1200rpm_Avv__D_01,trimMA342_1200rpm_AW__D_06,validation,test,True,1.4061495474840051,2385,3,1,Avv__D,AW__D
trimMA342_1200rpm_Avv__D_12,trimMA342_1200rpm_AW__D_06,test,test,False,1.4063027671526651,2386,3,1,Avv__D,AW__D
trimMA342_1200rpm_Avv__Dvv_06,trimMA342_1200rpm_AW__D_01,test,validation,True,1.4064337317058724,2387,5,1,Avv__Dvv,AW__D
trimMA342_1200rpm_Avv__D_02,trimMA342_1200rpm_Avv__Dvv_01,train,train,False,1.4065344979107395,2388,3,5,Avv__D,Avv__Dvv
trimMA342_1200rpm_A__DW_13,trimMA342_1200rpm_Avv__Dvv_03,train,train,False,1.4072269416173013,2389,2,5,A__DW,Avv__Dvv
trimMA342_1200rpm_A__Dvv_03,trimMA342_1200rpm_A__DW_06,validation,validation,False,1.4073183009373091,2390,4,2,A__Dvv,A__DW
trimMA342_1200rpm_A__D_05,trimMA342_1200rpm_A__Dvv_03,validation,validation,False,1.407367439236793,2391,0,4,A__D,A__Dvv
trimMA342_1200rpm_A__Dvv_08,trimMA342_1200rpm_AW__D_03,validation,train,True,1.4077765992886517,2392,4,1,A__Dvv,AW__D
trimMA342_1200rpm_A__Dvv_02,trimMA342_1200rpm_A__DW_15,test,validation,True,1.4079324729519984,2393,4,2,A__Dvv,A__DW
trimMA342_1200rpm_A__DW_08,trimMA342_1200rpm_AW__D_14,train,train,False,1.4082053019862353,2394,2,1,A__DW,AW__D
trimMA342_1200rpm_A__DW_15,trimMA342_1200rpm_Avv__Dvv_09,validation,validation,False,1.4083908786365966,2395,2,5,A__DW,Avv__Dvv
trimMA342_1200rpm_A__Dvv_00,trimMA342_1200rpm_AW__D_03,test,train,True,1.408462855866739,2396,4,1,A__Dvv,AW__D
trimMA342_1200rpm_A__Dvv_00,trimMA342_1200rpm_Avv__Dvv_02,test,train,True,1.4088700806849426,2397,4,5,A__Dvv,Avv__Dvv
trimMA342_1200rpm_A__D_05,trimMA342_1200rpm_Avv__Dvv_14,validation,test,True,1.4091690166325204,2398,0,5,A__D,Avv__Dvv
trimMA342_1200rpm_A__DW_02,trimMA342_1200rpm_AW__D_12,validation,train,True,1.409262800978273,2399,2,1,A__DW,AW__D
trimMA342_1200rpm_A__D_13,trimMA342_1200rpm_Avv__D_09,test,validation,True,1.409264993357858,2400,0,3,A__D,Avv__D
trimMA342_1200rpm_A__D_13,trimMA342_1200rpm_Avv__Dvv_07,test,validation,True,1.4094233418121804,2401,0,5,A__D,Avv__Dvv
trimMA342_1200rpm_Avv__D_10,trimMA342_1200rpm_Avv__Dvv_05,train,train,False,1.409583329911642,2402,3,5,Avv__D,Avv__Dvv
trimMA342_1200rpm_A__Dvv_04,trimMA342_1200rpm_Avv__Dvv_04,train,train,False,1.4096039720703493,2403,4,5,A__Dvv,Avv__Dvv
trimMA342_1200rpm_A__Dvv_06,trimMA342_1200rpm_A__DW_05,validation,train,True,1.4104667815965248,2404,4,2,A__Dvv,A__DW
trimMA342_1200rpm_A__DW_08,trimMA342_1200rpm_Avv__Dvv_10,train,test,True,1.4104877636617974,2405,2,5,A__DW,Avv__Dvv
trimMA342_1200rpm_A__DW_02,trimMA342_1200rpm_AW__D_15,validation,validation,False,1.4108947710671482,2406,2,1,A__DW,AW__D
trimMA342_1200rpm_A__D_08,trimMA342_1200rpm_A__Dvv_00,test,test,False,1.4112234511022628,2407,0,4,A__D,A__Dvv
trimMA342_1200rpm_A__D_04,trimMA342_1200rpm_A__Dvv_01,validation,train,True,1.4114532304591323,2408,0,4,A__D,A__Dvv
trimMA342_1200rpm_Avv__Dvv_05,trimMA342_1200rpm_AW__D_00,train,train,False,1.411648938616414,2409,5,1,Avv__Dvv,AW__D
trimMA342_1200rpm_Avv__D_11,trimMA342_1200rpm_AW__D_00,train,train,False,1.4117088321736355,2410,3,1,Avv__D,AW__D
trimMA342_1200rpm_A__Dvv_11,trimMA342_1200rpm_A__DW_10,validation,test,True,1.4118256562140505,2411,4,2,A__Dvv,A__DW
trimMA342_1200rpm_A__D_05,trimMA342_1200rpm_AW__D_10,validation,validation,False,1.411906527355461,2412,0,1,A__D,AW__D
trimMA342_1200rpm_A__DW_04,trimMA342_1200rpm_Avv__Dvv_11,validation,validation,False,1.4120315175117908,2413,2,5,A__DW,Avv__Dvv
trimMA342_1200rpm_A__DW_07,trimMA342_1200rpm_AW__D_10,test,validation,True,1.4122584018715139,2414,2,1,A__DW,AW__D
trimMA342_1200rpm_Avv__D_13,trimMA342_1200rpm_Avv__Dvv_06,test,test,False,1.4124828355795322,2415,3,5,Avv__D,Avv__Dvv
trimMA342_1200rpm_A__D_05,trimMA342_1200rpm_Avv__D_05,validation,train,True,1.4126199567892568,2416,0,3,A__D,Avv__D
trimMA342_1200rpm_A__D_05,trimMA342_1200rpm_Avv__D_12,validation,test,True,1.41278812938196,2417,0,3,A__D,Avv__D
trimMA342_1200rpm_A__DW_09,trimMA342_1200rpm_AW__D_14,train,train,False,1.4129484529858476,2418,2,1,A__DW,AW__D
trimMA342_1200rpm_A__D_11,trimMA342_1200rpm_Avv__D_09,train,validation,True,1.4131316832162755,2419,0,3,A__D,Avv__D
trimMA342_1200rpm_A__D_10,trimMA342_1200rpm_A__Dvv_04,train,train,False,1.4131737724250881,2420,0,4,A__D,A__Dvv
trimMA342_1200rpm_A__Dvv_03,trimMA342_1200rpm_A__DW_15,validation,validation,False,1.4133510382680556,2421,4,2,A__Dvv,A__DW
trimMA342_1200rpm_A__D_11,trimMA342_1200rpm_AW__D_12,train,train,False,1.4134147186515487,2422,0,1,A__D,AW__D
trimMA342_1200rpm_Avv__D_04,trimMA342_1200rpm_AW__D_05,validation,test,True,1.413430928405573,2423,3,1,Avv__D,AW__D
trimMA342_1200rpm_Avv__Dvv_06,trimMA342_1200rpm_AW__D_04,test,train,True,1.4135327993227418,2424,5,1,Avv__Dvv,AW__D
trimMA342_1200rpm_A__Dvv_02,trimMA342_1200rpm_AW__D_05,test,test,False,1.4136279928616533,2425,4,1,A__Dvv,AW__D
trimMA342_1200rpm_A__D_13,trimMA342_1200rpm_A__Dvv_06,test,validation,True,1.4137022277485005,2426,0,4,A__D,A__Dvv
trimMA342_1200rpm_Avv__D_08,trimMA342_1200rpm_Avv__Dvv_11,train,validation,True,1.4138204448778817,2427,3,5,Avv__D,Avv__Dvv
trimMA342_1200rpm_A__DW_00,trimMA342_1200rpm_A__DW_15,train,validation,True,1.4141539836091597,2428,2,2,A__DW,A__DW
trimMA342_1200rpm_Avv__D_05,trimMA342_1200rpm_AW__D_04,train,train,False,1.4147369625335464,2429,3,1,Avv__D,AW__D
trimMA342_1200rpm_Avv__Dvv_14,trimMA342_1200rpm_AW__D_00,test,train,True,1.4147713721364785,2430,5,1,Avv__Dvv,AW__D
trimMA342_1200rpm_A__DW_13,trimMA342_1200rpm_Avv__Dvv_01,train,train,False,1.4150141888088181,2431,2,5,A__DW,Avv__Dvv
trimMA342_1200rpm_Avv__D_05,trimMA342_1200rpm_AW__D_08,train,train,False,1.415282570096991,2432,3,1,Avv__D,AW__D
trimMA342_1200rpm_A__DW_03,trimMA342_1200rpm_AW__D_08,test,train,True,1.4154622764665474,2433,2,1,A__DW,AW__D
trimMA342_1200rpm_Avv__D_07,trimMA342_1200rpm_AW__D_11,train,test,True,1.4155449862213678,2434,3,1,Avv__D,AW__D
trimMA342_1200rpm_A__D_04,trimMA342_1200rpm_A__Dvv_08,validation,validation,False,1.4158830836532754,2435,0,4,A__D,A__Dvv
trimMA342_1200rpm_A__Dvv_00,trimMA342_1200rpm_AW__D_01,test,validation,True,1.4159852320315887,2436,4,1,A__Dvv,AW__D
trimMA342_1200rpm_A__DW_07,trimMA342_1200rpm_Avv__Dvv_13,test,train,True,1.416300056684542,2437,2,5,A__DW,Avv__Dvv
trimMA342_1200rpm_A__Dvv_00,trimMA342_1200rpm_Avv__D_10,test,train,True,1.4163042571065465,2438,4,3,A__Dvv,Avv__D
trimMA342_1200rpm_A__DW_05,trimMA342_1200rpm_Avv__Dvv_05,train,train,False,1.4164165256037125,2439,2,5,A__DW,Avv__Dvv
trimMA342_1200rpm_A__Dvv_11,trimMA342_1200rpm_Avv__D_14,validation,validation,False,1.416754882773061,2440,4,3,A__Dvv,Avv__D
trimMA342_1200rpm_A__Dvv_05,trimMA342_1200rpm_AW__D_05,train,test,True,1.4172852376818856,2441,4,1,A__Dvv,AW__D
trimMA342_1200rpm_A__DW_08,trimMA342_1200rpm_Avv__Dvv_08,train,validation,True,1.4173183029440928,2442,2,5,A__DW,Avv__Dvv
trimMA342_1200rpm_Avv__D_01,trimMA342_1200rpm_AW__D_03,validation,train,True,1.4174379188405277,2443,3,1,Avv__D,AW__D
trimMA342_1200rpm_A__DW_12,trimMA342_1200rpm_Avv__Dvv_08,train,validation,True,1.4175104852086367,2444,2,5,A__DW,Avv__Dvv
trimMA342_1200rpm_A__DW_09,trimMA342_1200rpm_AW__D_07,train,train,False,1.417524417646987,2445,2,1,A__DW,AW__D
trimMA342_1200rpm_A__D_13,trimMA342_1200rpm_Avv__D_12,test,test,False,1.417554003043293,2446,0,3,A__D,Avv__D
trimMA342_1200rpm_A__D_13,trimMA342_1200rpm_Avv__D_05,test,train,True,1.4176120408736705,2447,0,3,A__D,Avv__D
trimMA342_1200rpm_A__D_13,trimMA342_1200rpm_Avv__D_11,test,train,True,1.4184433306083732,2448,0,3,A__D,Avv__D
trimMA342_1200rpm_A__D_05,trimMA342_1200rpm_A__D_10,validation,train,True,1.4184938210139184,2449,0,0,A__D,A__D
trimMA342_1200rpm_A__DW_09,trimMA342_1200rpm_AW__D_04,train,train,False,1.4184982323814348,2450,2,1,A__DW,AW__D
trimMA342_1200rpm_Avv__Dvv_05,trimMA342_1200rpm_AW__D_08,train,train,False,1.418733945585473,2451,5,1,Avv__Dvv,AW__D
trimMA342_1200rpm_Avv__D_14,trimMA342_1200rpm_AW__D_13,validation,test,True,1.4189486398726672,2452,3,1,Avv__D,AW__D
trimMA342_1200rpm_Avv__Dvv_04,trimMA342_1200rpm_AW__D_01,train,validation,True,1.4191370204068883,2453,5,1,Avv__Dvv,AW__D
trimMA342_1200rpm_A__Dvv_00,trimMA342_1200rpm_Avv__D_14,test,validation,True,1.4192026282347359,2454,4,3,A__Dvv,Avv__D
trimMA342_1200rpm_Avv__Dvv_14,trimMA342_1200rpm_AW__D_04,test,train,True,1.4193918131920837,2455,5,1,Avv__Dvv,AW__D
trimMA342_1200rpm_A__D_15,trimMA342_1200rpm_A__Dvv_13,train,train,False,1.419408398213011,2456,0,4,A__D,A__Dvv
trimMA342_1200rpm_A__DW_14,trimMA342_1200rpm_AW__D_11,train,test,True,1.419427297776412,2457,2,1,A__DW,AW__D
trimMA342_1200rpm_A__DW_07,trimMA342_1200rpm_AW__D_13,test,test,False,1.4194355567033603,2458,2,1,A__DW,AW__D
trimMA342_1200rpm_A__DW_00,trimMA342_1200rpm_AW__D_04,train,train,False,1.4199559450717385,2459,2,1,A__DW,AW__D
trimMA342_1200rpm_A__Dvv_10,trimMA342_1200rpm_AW__D_03,test,train,True,1.4203143622829053,2460,4,1,A__Dvv,AW__D
trimMA342_1200rpm_A__D_05,trimMA342_1200rpm_Avv__D_07,validation,train,True,1.4203434296069928,2461,0,3,A__D,Avv__D
trimMA342_1200rpm_A__D_14,trimMA342_1200rpm_Avv__D_05,test,train,True,1.4205520689001618,2462,0,3,A__D,Avv__D
trimMA342_1200rpm_Avv__Dvv_09,trimMA342_1200rpm_AW__D_08,validation,train,True,1.4205663474463317,2463,5,1,Avv__Dvv,AW__D
trimMA342_1200rpm_A__D_11,trimMA342_1200rpm_A__Dvv_05,train,train,False,1.4208841928682256,2464,0,4,A__D,A__Dvv
trimMA342_1200rpm_A__DW_03,trimMA342_1200rpm_Avv__Dvv_07,test,validation,True,1.4209031973725756,2465,2,5,A__DW,Avv__Dvv
trimMA342_1200rpm_A__Dvv_05,trimMA342_1200rpm_A__DW_06,train,validation,True,1.4209183922122102,2466,4,2,A__Dvv,A__DW
trimMA342_1200rpm_A__Dvv_03,trimMA342_1200rpm_A__DW_10,validation,test,True,1.4213656552101752,2467,4,2,A__Dvv,A__DW
trimMA342_1200rpm_A__D_11,trimMA342_1200rpm_Avv__D_12,train,test,True,1.4216220391662049,2468,0,3,A__D,Avv__D
trimMA342_1200rpm_A__Dvv_13,trimMA342_1200rpm_AW__D_04,train,train,False,1.422186599835123,2469,4,1,A__Dvv,AW__D
trimMA342_1200rpm_A__DW_13,trimMA342_1200rpm_Avv__Dvv_12,train,train,False,1.4225307766954032,2470,2,5,A__DW,Avv__Dvv
trimMA342_1200rpm_A__D_01,trimMA342_1200rpm_A__D_07,test,train,True,1.4229070621679223,2471,0,0,A__D,A__D
trimMA342_1200rpm_A__DW_09,trimMA342_1200rpm_AW__D_10,train,validation,True,1.4232308959358375,2472,2,1,A__DW,AW__D
trimMA342_1200rpm_A__DW_04,trimMA342_1200rpm_AW__D_14,validation,train,True,1.423337814169417,2473,2,1,A__DW,AW__D
trimMA342_1200rpm_Avv__D_00,trimMA342_1200rpm_AW__D_11,test,test,False,1.4236006501603595,2474,3,1,Avv__D,AW__D
trimMA342_1200rpm_A__D_14,trimMA342_1200rpm_Avv__D_01,test,validation,True,1.4237974567270069,2475,0,3,A__D,Avv__D
trimMA342_1200rpm_Avv__D_08,trimMA342_1200rpm_Avv__Dvv_10,train,test,True,1.4238389857704932,2476,3,5,Avv__D,Avv__Dvv
trimMA342_1200rpm_A__D_03,trimMA342_1200rpm_A__D_15,train,train,False,1.423934202871201,2477,0,0,A__D,A__D
trimMA342_1200rpm_A__DW_00,trimMA342_1200rpm_A__DW_14,train,train,False,1.4241031749058355,2478,2,2,A__DW,A__DW
trimMA342_1200rpm_A__D_05,trimMA342_1200rpm_A__D_06,validation,train,True,1.4245083273292256,2479,0,0,A__D,A__D
trimMA342_1200rpm_A__Dvv_05,trimMA342_1200rpm_A__DW_10,train,test,True,1.4245869842754995,2480,4,2,A__Dvv,A__DW
trimMA342_1200rpm_A__Dvv_10,trimMA342_1200rpm_Avv__Dvv_09,test,validation,True,1.4246946758341832,2481,4,5,A__Dvv,Avv__Dvv
trimMA342_1200rpm_A__D_08,trimMA342_1200rpm_A__Dvv_04,test,train,True,1.4247332753526805,2482,0,4,A__D,A__Dvv
trimMA342_1200rpm_A__D_04,trimMA342_1200rpm_AW__D_12,validation,train,True,1.425109564073123,2483,0,1,A__D,AW__D
trimMA342_1200rpm_A__D_04,trimMA342_1200rpm_A__Dvv_09,validation,train,True,1.4252253602568756,2484,0,4,A__D,A__Dvv
trimMA342_1200rpm_A__Dvv_10,trimMA342_1200rpm_AW__D_08,test,train,True,1.4253202829470046,2485,4,1,A__Dvv,AW__D
trimMA342_1200rpm_A__DW_12,trimMA342_1200rpm_Avv__Dvv_01,train,train,False,1.4253239782072096,2486,2,5,A__DW,Avv__Dvv
trimMA342_1200rpm_A__Dvv_11,trimMA342_1200rpm_Avv__D_10,validation,train,True,1.4254619182842048,2487,4,3,A__Dvv,Avv__D
trimMA342_1200rpm_Avv__D_08,trimMA342_1200rpm_AW__D_09,train,validation,True,1.425661484372918,2488,3,1,Avv__D,AW__D
trimMA342_1200rpm_Avv__D_07,trimMA342_1200rpm_AW__D_01,train,validation,True,1.426180196469374,2489,3,1,Avv__D,AW__D
trimMA342_1200rpm_A__D_05,trimMA342_1200rpm_A__Dvv_13,validation,train,True,1.4264415949741143,2490,0,4,A__D,A__Dvv
trimMA342_1200rpm_A__D_15,trimMA342_1200rpm_Avv__D_07,train,train,False,1.42651936081796,2491,0,3,A__D,Avv__D
trimMA342_1200rpm_A__Dvv_10,trimMA342_1200rpm_AW__D_01,test,validation,True,1.426537903805441,2492,4,1,A__Dvv,AW__D
trimMA342_1200rpm_A__D_10,trimMA342_1200rpm_Avv__D_00,train,test,True,1.4267931922540438,2493,0,3,A__D,Avv__D
trimMA342_1200rpm_Avv__Dvv_01,trimMA342_1200rpm_Avv__Dvv_04,train,train,False,1.426899702310097,2494,5,5,Avv__Dvv,Avv__Dvv
trimMA342_1200rpm_A__D_04,trimMA342_1200rpm_Avv__D_05,validation,train,True,1.4271778291930082,2495,0,3,A__D,Avv__D
trimMA342_1200rpm_A__D_05,trimMA342_1200rpm_A__Dvv_09,validation,train,True,1.4271835783404054,2496,0,4,A__D,A__Dvv
trimMA342_1200rpm_A__DW_11,trimMA342_1200rpm_Avv__Dvv_09,train,validation,True,1.4271871994955765,2497,2,5,A__DW,Avv__Dvv
trimMA342_1200rpm_A__Dvv_08,trimMA342_1200rpm_AW__D_09,validation,validation,False,1.4281812381877659,2498,4,1,A__Dvv,AW__D
trimMA342_1200rpm_Avv__D_07,trimMA342_1200rpm_AW__D_08,train,train,False,1.4281995966465468,2499,3,1,Avv__D,AW__D
trimMA342_1200rpm_A__D_14,trimMA342_1200rpm_Avv__Dvv_00,test,test,False,1.4283622728149796,2500,0,5,A__D,Avv__Dvv
trimMA342_1200rpm_Avv__D_05,trimMA342_1200rpm_AW__D_00,train,train,False,1.4285273969271546,2501,3,1,Avv__D,AW__D
trimMA342_1200rpm_Avv__D_14,trimMA342_1200rpm_AW__D_11,validation,test,True,1.4286732499777315,2502,3,1,Avv__D,AW__D
trimMA342_1200rpm_A__DW_12,trimMA342_1200rpm_Avv__Dvv_09,train,validation,True,1.428739677819697,2503,2,5,A__DW,Avv__Dvv
trimMA342_1200rpm_A__DW_01,trimMA342_1200rpm_AW__D_04,test,train,True,1.428992414881668,2504,2,1,A__DW,AW__D
trimMA342_1200rpm_Avv__Dvv_06,trimMA342_1200rpm_AW__D_00,test,train,True,1.4297215258908615,2505,5,1,Avv__Dvv,AW__D
trimMA342_1200rpm_Avv__D_13,trimMA342_1200rpm_AW__D_02,test,train,True,1.4297589504367525,2506,3,1,Avv__D,AW__D
trimMA342_1200rpm_A__DW_12,trimMA342_1200rpm_Avv__Dvv_12,train,train,False,1.42993141046067,2507,2,5,A__DW,Avv__Dvv
trimMA342_1200rpm_Avv__D_02,trimMA342_1200rpm_AW__D_04,train,train,False,1.430097149190165,2508,3,1,Avv__D,AW__D
trimMA342_1200rpm_A__DW_13,trimMA342_1200rpm_Avv__Dvv_11,train,validation,True,1.430439926054649,2509,2,5,A__DW,Avv__Dvv
trimMA342_1200rpm_A__DW_04,trimMA342_1200rpm_AW__D_09,validation,validation,False,1.4305500352407499,2510,2,1,A__DW,AW__D
trimMA342_1200rpm_Avv__D_15,trimMA342_1200rpm_AW__D_07,train,train,False,1.4307170080342206,2511,3,1,Avv__D,AW__D
trimMA342_1200rpm_Avv__D_09,trimMA342_1200rpm_Avv__Dvv_09,validation,validation,False,1.430747981091144,2512,3,5,Avv__D,Avv__Dvv
trimMA342_1200rpm_A__Dvv_01,trimMA342_1200rpm_A__DW_06,train,validation,True,1.4309450032200797,2513,4,2,A__Dvv,A__DW
trimMA342_1200rpm_A__D_13,trimMA342_1200rpm_Avv__D_04,test,validation,True,1.4310338441980497,2514,0,3,A__D,Avv__D
trimMA342_1200rpm_A__DW_03,trimMA342_1200rpm_Avv__Dvv_12,test,train,True,1.431202058434503,2515,2,5,A__DW,Avv__Dvv
trimMA342_1200rpm_Avv__D_00,trimMA342_1200rpm_Avv__Dvv_10,test,test,False,1.4312514149386741,2516,3,5,Avv__D,Avv__Dvv
trimMA342_1200rpm_A__DW_05,trimMA342_1200rpm_Avv__Dvv_14,train,test,True,1.431423700894511,2517,2,5,A__DW,Avv__Dvv
trimMA342_1200rpm_A__D_07,trimMA342_1200rpm_A__Dvv_00,train,test,True,1.4315244932224018,2518,0,4,A__D,A__Dvv
trimMA342_1200rpm_A__DW_04,trimMA342_1200rpm_Avv__Dvv_07,validation,validation,False,1.4316375853942367,2519,2,5,A__DW,Avv__Dvv
trimMA342_1200rpm_A__Dvv_08,trimMA342_1200rpm_AW__D_04,validation,train,True,1.431927080250922,2520,4,1,A__Dvv,AW__D
trimMA342_1200rpm_Avv__D_02,trimMA342_1200rpm_Avv__Dvv_09,train,validation,True,1.4320134896173022,2521,3,5,Avv__D,Avv__Dvv
trimMA342_1200rpm_A__D_14,trimMA342_1200rpm_Avv__D_03,test,train,True,1.4323028738847194,2522,0,3,A__D,Avv__D
trimMA342_1200rpm_A__DW_12,trimMA342_1200rpm_AW__D_07,train,train,False,1.4328638078786613,2523,2,1,A__DW,AW__D
trimMA342_1200rpm_Avv__D_15,trimMA342_1200rpm_Avv__Dvv_04,train,train,False,1.4329167846142297,2524,3,5,Avv__D,Avv__Dvv
trimMA342_1200rpm_A__DW_03,trimMA342_1200rpm_Avv__Dvv_09,test,validation,True,1.433618662550221,2525,2,5,A__DW,Avv__Dvv
trimMA342_1200rpm_A__D_10,trimMA342_1200rpm_AW__D_12,train,train,False,1.4337674699131722,2526,0,1,A__D,AW__D
trimMA342_1200rpm_A__D_04,trimMA342_1200rpm_Avv__D_15,validation,train,True,1.4338013692337708,2527,0,3,A__D,Avv__D
trimMA342_1200rpm_A__D_15,trimMA342_1200rpm_AW__D_01,train,validation,True,1.4338633256483322,2528,0,1,A__D,AW__D
trimMA342_1200rpm_A__Dvv_00,trimMA342_1200rpm_Avv__D_06,test,test,False,1.4347009084147353,2529,4,3,A__Dvv,Avv__D
trimMA342_1200rpm_A__DW_15,trimMA342_1200rpm_Avv__Dvv_01,validation,train,True,1.4351076119136723,2530,2,5,A__DW,Avv__Dvv
trimMA342_1200rpm_A__D_07,trimMA342_1200rpm_A__Dvv_05,train,train,False,1.4353509676244869,2531,0,4,A__D,A__Dvv
trimMA342_1200rpm_A__D_15,trimMA342_1200rpm_Avv__Dvv_06,train,test,True,1.435354178594833,2532,0,5,A__D,Avv__Dvv
trimMA342_1200rpm_Avv__Dvv_06,trimMA342_1200rpm_AW__D_08,test,train,True,1.435383385387763,2533,5,1,Avv__Dvv,AW__D
trimMA342_1200rpm_A__DW_01,trimMA342_1200rpm_AW__D_11,test,test,False,1.4354819212367946,2534,2,1,A__DW,AW__D
trimMA342_1200rpm_A__D_03,trimMA342_1200rpm_A__D_12,train,validation,True,1.4357160861009,2535,0,0,A__D,A__D
trimMA342_1200rpm_A__D_07,trimMA342_1200rpm_Avv__D_04,train,validation,True,1.4359445497881218,2536,0,3,A__D,Avv__D
trimMA342_1200rpm_Avv__D_12,trimMA342_1200rpm_Avv__Dvv_01,test,train,True,1.436109768196892,2537,3,5,Avv__D,Avv__Dvv
trimMA342_1200rpm_A__DW_01,trimMA342_1200rpm_AW__D_02,test,train,True,1.4362144512152009,2538,2,1,A__DW,AW__D
trimMA342_1200rpm_A__Dvv_06,trimMA342_1200rpm_A__DW_10,validation,test,True,1.4362628689443662,2539,4,2,A__Dvv,A__DW
trimMA342_1200rpm_A__DW_03,trimMA342_1200rpm_AW__D_10,test,validation,True,1.4364024162231175,2540,2,1,A__DW,AW__D
trimMA342_1200rpm_A__D_04,trimMA342_1200rpm_Avv__D_14,validation,validation,False,1.4365561373985416,2541,0,3,A__D,Avv__D
trimMA342_1200rpm_A__D_14,trimMA342_1200rpm_Avv__Dvv_07,test,validation,True,1.4365835090950856,2542,0,5,A__D,Avv__Dvv
trimMA342_1200rpm_A__Dvv_07,trimMA342_1200rpm_A__DW_04,train,validation,True,1.4367902372873007,2543,4,2,A__Dvv,A__DW
trimMA342_1200rpm_A__DW_14,trimMA342_1200rpm_AW__D_10,train,validation,True,1.436857240657749,2544,2,1,A__DW,AW__D
trimMA342_1200rpm_A__D_07,trimMA342_1200rpm_Avv__D_11,train,train,False,1.4368589115805812,2545,0,3,A__D,Avv__D
trimMA342_1200rpm_A__DW_12,trimMA342_1200rpm_Avv__Dvv_14,train,test,True,1.4369576889932718,2546,2,5,A__DW,Avv__Dvv
trimMA342_1200rpm_A__DW_14,trimMA342_1200rpm_Avv__Dvv_07,train,validation,True,1.4374145407218668,2547,2,5,A__DW,Avv__Dvv
trimMA342_1200rpm_Avv__D_05,trimMA342_1200rpm_AW__D_05,train,test,True,1.4382759039543385,2548,3,1,Avv__D,AW__D
trimMA342_1200rpm_A__Dvv_00,trimMA342_1200rpm_AW__D_08,test,train,True,1.4382909274143194,2549,4,1,A__Dvv,AW__D
trimMA342_1200rpm_A__DW_10,trimMA342_1200rpm_Avv__Dvv_01,test,train,True,1.438479863782991,2550,2,5,A__DW,Avv__Dvv
trimMA342_1200rpm_A__DW_04,trimMA342_1200rpm_Avv__Dvv_03,validation,train,True,1.4385284500530637,2551,2,5,A__DW,Avv__Dvv
trimMA342_1200rpm_A__D_15,trimMA342_1200rpm_Avv__Dvv_14,train,test,True,1.4387238213492763,2552,0,5,A__D,Avv__Dvv
trimMA342_1200rpm_A__D_05,trimMA342_1200rpm_Avv__Dvv_12,validation,train,True,1.4388750632817995,2553,0,5,A__D,Avv__Dvv
trimMA342_1200rpm_A__D_04,trimMA342_1200rpm_A__Dvv_02,validation,test,True,1.4390416746966233,2554,0,4,A__D,A__Dvv
trimMA342_1200rpm_Avv__D_08,trimMA342_1200rpm_Avv__Dvv_04,train,train,False,1.4390542540920828,2555,3,5,Avv__D,Avv__Dvv
trimMA342_1200rpm_A__DW_03,trimMA342_1200rpm_AW__D_14,test,train,True,1.4393805925995566,2556,2,1,A__DW,AW__D
trimMA342_1200rpm_A__D_11,trimMA342_1200rpm_Avv__Dvv_08,train,validation,True,1.4394511541808286,2557,0,5,A__D,Avv__Dvv
trimMA342_1200rpm_A__Dvv_03,trimMA342_1200rpm_AW__D_00,validation,train,True,1.439495023169618,2558,4,1,A__Dvv,AW__D
trimMA342_1200rpm_A__Dvv_06,trimMA342_1200rpm_A__DW_15,validation,validation,False,1.4394980274891431,2559,4,2,A__Dvv,A__DW
trimMA342_1200rpm_A__D_14,trimMA342_1200rpm_Avv__Dvv_08,test,validation,True,1.4395546453403998,2560,0,5,A__D,Avv__Dvv
trimMA342_1200rpm_A__DW_11,trimMA342_1200rpm_AW__D_13,train,test,True,1.4396473002638677,2561,2,1,A__DW,AW__D
trimMA342_1200rpm_A__Dvv_01,trimMA342_1200rpm_A__DW_11,train,train,False,1.4397072489545324,2562,4,2,A__Dvv,A__DW
trimMA342_1200rpm_A__Dvv_14,trimMA342_1200rpm_A__DW_11,test,train,True,1.439750495790288,2563,4,2,A__Dvv,A__DW
trimMA342_1200rpm_A__Dvv_11,trimMA342_1200rpm_AW__D_05,validation,test,True,1.439833786594625,2564,4,1,A__Dvv,AW__D
trimMA342_1200rpm_Avv__D_01,trimMA342_1200rpm_AW__D_02,validation,train,True,1.4400230260113291,2565,3,1,Avv__D,AW__D
trimMA342_1200rpm_A__D_03,trimMA342_1200rpm_A__Dvv_04,train,train,False,1.440554478816,2566,0,4,A__D,A__Dvv
trimMA342_1200rpm_A__D_07,trimMA342_1200rpm_A__Dvv_07,train,train,False,1.4407929519126983,2567,0,4,A__D,A__Dvv
trimMA342_1200rpm_A__D_11,trimMA342_1200rpm_AW__D_11,train,test,True,1.4413916934203361,2568,0,1,A__D,AW__D
trimMA342_1200rpm_A__DW_06,trimMA342_1200rpm_Avv__Dvv_14,validation,test,True,1.441596623262756,2569,2,5,A__DW,Avv__Dvv
trimMA342_1200rpm_A__Dvv_12,trimMA342_1200rpm_A__DW_13,train,train,False,1.4416865849208618,2570,4,2,A__Dvv,A__DW
trimMA342_1200rpm_Avv__D_07,trimMA342_1200rpm_AW__D_07,train,train,False,1.4421887833710514,2571,3,1,Avv__D,AW__D
trimMA342_1200rpm_A__D_13,trimMA342_1200rpm_A__Dvv_09,test,train,True,1.4422512446086775,2572,0,4,A__D,A__Dvv
trimMA342_1200rpm_A__D_15,trimMA342_1200rpm_Avv__Dvv_09,train,validation,True,1.4428929954554657,2573,0,5,A__D,Avv__Dvv
trimMA342_1200rpm_Avv__D_13,trimMA342_1200rpm_Avv__Dvv_13,test,train,True,1.4432105574685303,2574,3,5,Avv__D,Avv__Dvv
trimMA342_1200rpm_A__DW_13,trimMA342_1200rpm_Avv__Dvv_09,train,validation,True,1.4432454349383386,2575,2,5,A__DW,Avv__Dvv
trimMA342_1200rpm_A__Dvv_00,trimMA342_1200rpm_A__DW_04,test,validation,True,1.4433866965695887,2576,4,2,A__Dvv,A__DW
trimMA342_1200rpm_Avv__D_12,trimMA342_1200rpm_AW__D_02,test,train,True,1.4435588122726148,2577,3,1,Avv__D,AW__D
trimMA342_1200rpm_A__Dvv_02,trimMA342_1200rpm_Avv__D_00,test,test,False,1.443605216926862,2578,4,3,A__Dvv,Avv__D
trimMA342_1200rpm_A__DW_08,trimMA342_1200rpm_AW__D_11,train,test,True,1.443671195186549,2579,2,1,A__DW,AW__D
trimMA342_1200rpm_A__D_00,trimMA342_1200rpm_A__D_06,train,train,False,1.4439465008031658,2580,0,0,A__D,A__D
trimMA342_1200rpm_A__Dvv_09,trimMA342_1200rpm_A__DW_06,train,validation,True,1.4439690488713166,2581,4,2,A__Dvv,A__DW
trimMA342_1200rpm_Avv__D_00,trimMA342_1200rpm_Avv__Dvv_03,test,train,True,1.4443144207418754,2582,3,5,Avv__D,Avv__Dvv
trimMA342_1200rpm_Avv__D_00,trimMA342_1200rpm_Avv__D_08,test,train,True,1.4444531802107523,2583,3,3,Avv__D,Avv__D
trimMA342_1200rpm_A__DW_15,trimMA342_1200rpm_AW__D_00,validation,train,True,1.4445518822662435,2584,2,1,A__DW,AW__D
trimMA342_1200rpm_A__D_04,trimMA342_1200rpm_Avv__D_03,validation,train,True,1.444722574424368,2585,0,3,A__D,Avv__D
trimMA342_1200rpm_Avv__D_09,trimMA342_1200rpm_AW__D_04,validation,train,True,1.44475033553178,2586,3,1,Avv__D,AW__D
trimMA342_1200rpm_Avv__Dvv_05,trimMA342_1200rpm_AW__D_05,train,test,True,1.444814397616976,2587,5,1,Avv__Dvv,AW__D
trimMA342_1200rpm_A__DW_10,trimMA342_1200rpm_Avv__Dvv_14,test,test,False,1.4450774965925306,2588,2,5,A__DW,Avv__Dvv
trimMA342_1200rpm_Avv__Dvv_01,trimMA342_1200rpm_AW__D_00,train,train,False,1.4453903517822273,2589,5,1,Avv__Dvv,AW__D
trimMA342_1200rpm_A__DW_04,trimMA342_1200rpm_AW__D_10,validation,validation,False,1.4454797602994298,2590,2,1,A__DW,AW__D
trimMA342_1200rpm_A__Dvv_10,trimMA342_1200rpm_AW__D_02,test,train,True,1.4459551258255228,2591,4,1,A__Dvv,AW__D
trimMA342_1200rpm_A__Dvv_10,trimMA342_1200rpm_AW__D_05,test,test,False,1.4460021893533606,2592,4,1,A__Dvv,AW__D
trimMA342_1200rpm_A__DW_10,trimMA342_1200rpm_Avv__Dvv_04,test,train,True,1.44600891841777,2593,2,5,A__DW,Avv__Dvv
trimMA342_1200rpm_A__D_05,trimMA342_1200rpm_Avv__D_03,validation,train,True,1.4461375210810161,2594,0,3,A__D,Avv__D
trimMA342_1200rpm_A__D_12,trimMA342_1200rpm_A__Dvv_04,validation,train,True,1.4462999548788502,2595,0,4,A__D,A__Dvv
trimMA342_1200rpm_A__Dvv_04,trimMA342_1200rpm_A__DW_05,train,train,False,1.446344748873282,2596,4,2,A__Dvv,A__DW
trimMA342_1200rpm_A__D_04,trimMA342_1200rpm_Avv__D_08,validation,train,True,1.4465354652606104,2597,0,3,A__D,Avv__D
trimMA342_1200rpm_A__DW_14,trimMA342_1200rpm_AW__D_07,train,train,False,1.4466431298626434,2598,2,1,A__DW,AW__D
trimMA342_1200rpm_A__D_07,trimMA342_1200rpm_Avv__D_09,train,validation,True,1.446651626694525,2599,0,3,A__D,Avv__D
trimMA342_1200rpm_Avv__D_13,trimMA342_1200rpm_Avv__Dvv_04,test,train,True,1.4467122886816486,2600,3,5,Avv__D,Avv__Dvv
trimMA342_1200rpm_Avv__D_15,trimMA342_1200rpm_Avv__Dvv_01,train,train,False,1.4467292637568359,2601,3,5,Avv__D,Avv__Dvv
trimMA342_1200rpm_A__D_13,trimMA342_1200rpm_A__Dvv_08,test,validation,True,1.4470857873601939,2602,0,4,A__D,A__Dvv
trimMA342_1200rpm_A__D_04,trimMA342_1200rpm_A__Dvv_13,validation,train,True,1.4471773193344861,2603,0,4,A__D,A__Dvv
trimMA342_1200rpm_A__D_11,trimMA342_1200rpm_Avv__D_11,train,train,False,1.4472085388396907,2604,0,3,A__D,Avv__D
trimMA342_1200rpm_A__DW_13,trimMA342_1200rpm_Avv__Dvv_05,train,train,False,1.4472099666230813,2605,2,5,A__DW,Avv__Dvv
trimMA342_1200rpm_Avv__D_10,trimMA342_1200rpm_AW__D_00,train,train,False,1.4472664588308026,2606,3,1,Avv__D,AW__D
trimMA342_1200rpm_A__D_14,trimMA342_1200rpm_AW__D_11,test,test,False,1.447442592685326,2607,0,1,A__D,AW__D
trimMA342_1200rpm_Avv__D_09,trimMA342_1200rpm_Avv__Dvv_01,validation,train,True,1.4478950298854345,2608,3,5,Avv__D,Avv__Dvv
trimMA342_1200rpm_Avv__D_08,trimMA342_1200rpm_AW__D_07,train,train,False,1.448261819690155,2609,3,1,Avv__D,AW__D
trimMA342_1200rpm_A__Dvv_08,trimMA342_1200rpm_AW__D_08,validation,train,True,1.448561828415605,2610,4,1,A__Dvv,AW__D
trimMA342_1200rpm_A__Dvv_12,trimMA342_1200rpm_AW__D_05,train,test,True,1.448691012760155,2611,4,1,A__Dvv,AW__D
trimMA342_1200rpm_A__DW_10,trimMA342_1200rpm_Avv__Dvv_07,test,validation,True,1.4487120669888494,2612,2,5,A__DW,Avv__Dvv
trimMA342_1200rpm_A__DW_14,trimMA342_1200rpm_AW__D_14,train,train,False,1.4491437379738557,2613,2,1,A__DW,AW__D
trimMA342_1200rpm_Avv__D_06,trimMA342_1200rpm_Avv__Dvv_09,test,validation,True,1.4494399377429914,2614,3,5,Avv__D,Avv__Dvv
trimMA342_1200rpm_A__DW_09,trimMA342_1200rpm_AW__D_12,train,train,False,1.4495420448854759,2615,2,1,A__DW,AW__D
trimMA342_1200rpm_A__D_15,trimMA342_1200rpm_Avv__Dvv_10,train,test,True,1.449953097140781,2616,0,5,A__D,Avv__Dvv
trimMA342_1200rpm_A__DW_15,trimMA342_1200rpm_AW__D_11,validation,test,True,1.4502600161935009,2617,2,1,A__DW,AW__D
trimMA342_1200rpm_A__Dvv_07,trimMA342_1200rpm_A__DW_06,train,validation,True,1.4503515066928192,2618,4,2,A__Dvv,A__DW
trimMA342_1200rpm_Avv__D_00,trimMA342_1200rpm_AW__D_15,test,validation,True,1.4505535183642917,2619,3,1,Avv__D,AW__D
trimMA342_1200rpm_A__Dvv_11,trimMA342_1200rpm_Avv__D_15,validation,train,True,1.4506451003799268,2620,4,3,A__Dvv,Avv__D
trimMA342_1200rpm_A__DW_12,trimMA342_1200rpm_AW__D_12,train,train,False,1.4507427836106488,2621,2,1,A__DW,AW__D
trimMA342_1200rpm_A__Dvv_00,trimMA342_1200rpm_Avv__D_07,test,train,True,1.4512703328702703,2622,4,3,A__Dvv,Avv__D
trimMA342_1200rpm_A__DW_05,trimMA342_1200rpm_Avv__Dvv_03,train,train,False,1.451411391794868,2623,2,5,A__DW,Avv__Dvv
trimMA342_1200rpm_A__D_12,trimMA342_1200rpm_AW__D_11,validation,test,True,1.4515021622503448,2624,0,1,A__D,AW__D
trimMA342_1200rpm_A__D_14,trimMA342_1200rpm_Avv__Dvv_09,test,validation,True,1.4521399247468154,2625,0,5,A__D,Avv__Dvv
trimMA342_1200rpm_A__D_15,trimMA342_1200rpm_AW__D_15,train,validation,True,1.452246781442136,2626,0,1,A__D,AW__D
trimMA342_1200rpm_A__DW_05,trimMA342_1200rpm_Avv__Dvv_13,train,train,False,1.4524020846966994,2627,2,5,A__DW,Avv__Dvv
trimMA342_1200rpm_A__Dvv_07,trimMA342_1200rpm_A__DW_03,train,test,True,1.4524756870564295,2628,4,2,A__Dvv,A__DW
trimMA342_1200rpm_Avv__D_00,trimMA342_1200rpm_Avv__Dvv_13,test,train,True,1.4524898643298771,2629,3,5,Avv__D,Avv__Dvv
trimMA342_1200rpm_A__D_08,trimMA342_1200rpm_AW__D_00,test,train,True,1.4526598425284982,2630,0,1,A__D,AW__D
trimMA342_1200rpm_A__DW_14,trimMA342_1200rpm_AW__D_12,train,train,False,1.4527751076236493,2631,2,1,A__DW,AW__D
trimMA342_1200rpm_A__D_15,trimMA342_1200rpm_AW__D_02,train,train,False,1.4528989641849095,2632,0,1,A__D,AW__D
trimMA342_1200rpm_A__DW_04,trimMA342_1200rpm_AW__D_08,validation,train,True,1.4532778888587314,2633,2,1,A__DW,AW__D
trimMA342_1200rpm_A__D_11,trimMA342_1200rpm_A__Dvv_06,train,validation,True,1.4534285005438456,2634,0,4,A__D,A__Dvv
trimMA342_1200rpm_A__Dvv_11,trimMA342_1200rpm_AW__D_00,validation,train,True,1.4538444145123803,2635,4,1,A__Dvv,AW__D
trimMA342_1200rpm_Avv__D_00,trimMA342_1200rpm_AW__D_13,test,test,False,1.4540118694795465,2636,3,1,Avv__D,AW__D
trimMA342_1200rpm_A__Dvv_01,trimMA342_1200rpm_A__DW_07,train,test,True,1.4541753319391584,2637,4,2,A__Dvv,A__DW
trimMA342_1200rpm_A__D_14,trimMA342_1200rpm_AW__D_06,test,test,False,1.4546888669380293,2638,0,1,A__D,AW__D
trimMA342_1200rpm_Avv__D_14,trimMA342_1200rpm_AW__D_02,validation,train,True,1.454770703175633,2639,3,1,Avv__D,AW__D
trimMA342_1200rpm_Avv__D_00,trimMA342_1200rpm_Avv__Dvv_15,test,train,True,1.455368224300404,2640,3,5,Avv__D,Avv__Dvv
trimMA342_1200rpm_A__DW_11,trimMA342_1200rpm_AW__D_11,train,test,True,1.4553769415367905,2641,2,1,A__DW,AW__D
trimMA342_1200rpm_Avv__D_13,trimMA342_1200rpm_Avv__Dvv_09,test,validation,True,1.4555388077798401,2642,3,5,Avv__D,Avv__Dvv
trimMA342_1200rpm_Avv__D_14,trimMA342_1200rpm_AW__D_06,validation,test,True,1.4556388090218058,2643,3,1,Avv__D,AW__D
trimMA342_1200rpm_A__DW_15,trimMA342_1200rpm_Avv__Dvv_14,validation,test,True,1.4556708561890197,2644,2,5,A__DW,Avv__Dvv
trimMA342_1200rpm_A__D_13,trimMA342_1200rpm_Avv__D_01,test,validation,True,1.4558393508427583,2645,0,3,A__D,Avv__D
trimMA342_1200rpm_Avv__Dvv_06,trimMA342_1200rpm_AW__D_05,test,test,False,1.4564376034999433,2646,5,1,Avv__Dvv,AW__D
trimMA342_1200rpm_A__D_14,trimMA342_1200rpm_Avv__D_12,test,test,False,1.4566134849878587,2647,0,3,A__D,Avv__D
trimMA342_1200rpm_A__Dvv_05,trimMA342_1200rpm_A__DW_11,train,train,False,1.4567647023750563,2648,4,2,A__Dvv,A__DW
trimMA342_1200rpm_A__Dvv_12,trimMA342_1200rpm_A__DW_11,train,train,False,1.4573435370892907,2649,4,2,A__Dvv,A__DW
trimMA342_1200rpm_A__Dvv_11,trimMA342_1200rpm_Avv__Dvv_01,validation,train,True,1.4575175997173395,2650,4,5,A__Dvv,Avv__Dvv
trimMA342_1200rpm_A__DW_15,trimMA342_1200rpm_Avv__Dvv_07,validation,validation,False,1.4575370012807014,2651,2,5,A__DW,Avv__Dvv
trimMA342_1200rpm_A__DW_02,trimMA342_1200rpm_AW__D_06,validation,test,True,1.4576360719642745,2652,2,1,A__DW,AW__D
trimMA342_1200rpm_Avv__D_02,trimMA342_1200rpm_AW__D_01,train,validation,True,1.4576560006089465,2653,3,1,Avv__D,AW__D
trimMA342_1200rpm_A__D_05,trimMA342_1200rpm_AW__D_12,validation,train,True,1.4584452665446055,2654,0,1,A__D,AW__D
trimMA342_1200rpm_A__D_11,trimMA342_1200rpm_Avv__D_03,train,train,False,1.45847544308339,2655,0,3,A__D,Avv__D
trimMA342_1200rpm_A__DW_03,trimMA342_1200rpm_AW__D_09,test,validation,True,1.4585328800994175,2656,2,1,A__DW,AW__D
trimMA342_1200rpm_A__D_15,trimMA342_1200rpm_A__Dvv_12,train,train,False,1.4586207747404565,2657,0,4,A__D,A__Dvv
trimMA342_1200rpm_A__D_15,trimMA342_1200rpm_AW__D_10,train,validation,True,1.458827269094179,2658,0,1,A__D,AW__D
trimMA342_1200rpm_A__DW_07,trimMA342_1200rpm_Avv__Dvv_12,test,train,True,1.4588333819520445,2659,2,5,A__DW,Avv__Dvv
trimMA342_1200rpm_A__D_05,trimMA342_1200rpm_A__Dvv_14,validation,test,True,1.4589722545192,2660,0,4,A__D,A__Dvv
trimMA342_1200rpm_A__D_04,trimMA342_1200rpm_Avv__D_07,validation,train,True,1.459247622726015,2661,0,3,A__D,Avv__D
trimMA342_1200rpm_A__DW_01,trimMA342_1200rpm_A__DW_11,test,train,True,1.4595306815352893,2662,2,2,A__DW,A__DW
trimMA342_1200rpm_Avv__D_15,trimMA342_1200rpm_Avv__Dvv_09,train,validation,True,1.4596836728875051,2663,3,5,Avv__D,Avv__Dvv
trimMA342_1200rpm_A__Dvv_02,trimMA342_1200rpm_A__DW_10,test,test,False,1.4599174314102288,2664,4,2,A__Dvv,A__DW
trimMA342_1200rpm_A__D_11,trimMA342_1200rpm_Avv__Dvv_07,train,validation,True,1.4600034704783018,2665,0,5,A__D,Avv__Dvv
trimMA342_1200rpm_A__Dvv_03,trimMA342_1200rpm_A__DW_13,validation,train,True,1.4603273313386076,2666,4,2,A__Dvv,A__DW
trimMA342_1200rpm_A__D_05,trimMA342_1200rpm_Avv__Dvv_10,validation,test,True,1.4603467277109459,2667,0,5,A__D,Avv__Dvv
trimMA342_1200rpm_A__DW_03,trimMA342_1200rpm_AW__D_07,test,train,True,1.460380094390846,2668,2,1,A__DW,AW__D
trimMA342_1200rpm_A__Dvv_11,trimMA342_1200rpm_A__DW_11,validation,train,True,1.4604405208700306,2669,4,2,A__Dvv,A__DW
trimMA342_1200rpm_A__Dvv_01,trimMA342_1200rpm_A__DW_02,train,validation,True,1.4604498301316455,2670,4,2,A__Dvv,A__DW
trimMA342_1200rpm_A__D_15,trimMA342_1200rpm_Avv__Dvv_12,train,train,False,1.4615346364384925,2671,0,5,A__D,Avv__Dvv
trimMA342_1200rpm_A__Dvv_10,trimMA342_1200rpm_Avv__D_13,test,test,False,1.4619274021030373,2672,4,3,A__Dvv,Avv__D
trimMA342_1200rpm_A__D_11,trimMA342_1200rpm_A__Dvv_03,train,validation,True,1.462223169438601,2673,0,4,A__D,A__Dvv
trimMA342_1200rpm_Avv__Dvv_02,trimMA342_1200rpm_AW__D_00,train,train,False,1.4622762015596806,2674,5,1,Avv__Dvv,AW__D
trimMA342_1200rpm_A__DW_06,trimMA342_1200rpm_Avv__Dvv_06,validation,test,True,1.462479859197115,2675,2,5,A__DW,Avv__Dvv
trimMA342_1200rpm_A__D_12,trimMA342_1200rpm_Avv__D_12,validation,test,True,1.4625273966159893,2676,0,3,A__D,Avv__D
trimMA342_1200rpm_A__D_13,trimMA342_1200rpm_Avv__Dvv_10,test,test,False,1.4625572198689787,2677,0,5,A__D,Avv__Dvv
trimMA342_1200rpm_A__DW_03,trimMA342_1200rpm_Avv__Dvv_01,test,train,True,1.4627089245704898,2678,2,5,A__DW,Avv__Dvv
trimMA342_1200rpm_A__D_07,trimMA342_1200rpm_Avv__D_01,train,validation,True,1.4629850973141556,2679,0,3,A__D,Avv__D
trimMA342_1200rpm_A__D_11,trimMA342_1200rpm_A__Dvv_09,train,train,False,1.4639264787055577,2680,0,4,A__D,A__Dvv
trimMA342_1200rpm_A__D_15,trimMA342_1200rpm_AW__D_04,train,train,False,1.4647607889826875,2681,0,1,A__D,AW__D
trimMA342_1200rpm_A__D_12,trimMA342_1200rpm_Avv__D_09,validation,validation,False,1.4650520709422465,2682,0,3,A__D,Avv__D
trimMA342_1200rpm_Avv__D_06,trimMA342_1200rpm_AW__D_05,test,test,False,1.4651149342403058,2683,3,1,Avv__D,AW__D
trimMA342_1200rpm_Avv__D_15,trimMA342_1200rpm_AW__D_02,train,train,False,1.4651202031070971,2684,3,1,Avv__D,AW__D
trimMA342_1200rpm_A__D_15,trimMA342_1200rpm_A__Dvv_02,train,test,True,1.4658063062173339,2685,0,4,A__D,A__Dvv
trimMA342_1200rpm_A__DW_06,trimMA342_1200rpm_Avv__Dvv_01,validation,train,True,1.4661334253388492,2686,2,5,A__DW,Avv__Dvv
trimMA342_1200rpm_Avv__D_12,trimMA342_1200rpm_AW__D_08,test,train,True,1.4664502889514264,2687,3,1,Avv__D,AW__D
trimMA342_1200rpm_A__D_01,trimMA342_1200rpm_A__D_03,test,train,True,1.466671396552743,2688,0,0,A__D,A__D
trimMA342_1200rpm_A__D_05,trimMA342_1200rpm_Avv__Dvv_08,validation,validation,False,1.4667298652748133,2689,0,5,A__D,Avv__Dvv
trimMA342_1200rpm_A__Dvv_05,trimMA342_1200rpm_Avv__Dvv_01,train,train,False,1.4672490797075433,2690,4,5,A__Dvv,Avv__Dvv
trimMA342_1200rpm_A__DW_01,trimMA342_1200rpm_A__DW_12,test,train,True,1.4673555135455167,2691,2,2,A__DW,A__DW
trimMA342_1200rpm_A__D_11,trimMA342_1200rpm_Avv__D_13,train,test,True,1.4674627857647586,2692,0,3,A__D,Avv__D
trimMA342_1200rpm_A__Dvv_04,trimMA342_1200rpm_A__DW_11,train,train,False,1.4676799979066693,2693,4,2,A__Dvv,A__DW
trimMA342_1200rpm_A__Dvv_11,trimMA342_1200rpm_AW__D_04,validation,train,True,1.4677909916234932,2694,4,1,A__Dvv,AW__D
trimMA342_1200rpm_A__Dvv_03,trimMA342_1200rpm_A__DW_04,validation,validation,False,1.4678666395694828,2695,4,2,A__Dvv,A__DW
trimMA342_1200rpm_A__D_05,trimMA342_1200rpm_Avv__Dvv_07,validation,validation,False,1.467900855385527,2696,0,5,A__D,Avv__Dvv
trimMA342_1200rpm_A__Dvv_04,trimMA342_1200rpm_A__DW_04,train,validation,True,1.4685235152426104,2697,4,2,A__Dvv,A__DW
trimMA342_1200rpm_A__D_04,trimMA342_1200rpm_A__Dvv_14,validation,test,True,1.4685950892471602,2698,0,4,A__D,A__Dvv
trimMA342_1200rpm_A__DW_02,trimMA342_1200rpm_Avv__Dvv_09,validation,validation,False,1.4687204074370375,2699,2,5,A__DW,Avv__Dvv
trimMA342_1200rpm_A__D_14,trimMA342_1200rpm_AW__D_02,test,train,True,1.4689735140002158,2700,0,1,A__D,AW__D
trimMA342_1200rpm_A__Dvv_13,trimMA342_1200rpm_A__DW_06,train,validation,True,1.4691077427613815,2701,4,2,A__Dvv,A__DW
trimMA342_1200rpm_Avv__D_00,trimMA342_1200rpm_AW__D_14,test,train,True,1.4693903789611868,2702,3,1,Avv__D,AW__D
trimMA342_1200rpm_Avv__D_07,trimMA342_1200rpm_Avv__Dvv_04,train,train,False,1.4698221015230153,2703,3,5,Avv__D,Avv__Dvv
trimMA342_1200rpm_A__DW_09,trimMA342_1200rpm_Avv__Dvv_02,train,train,False,1.4699793751087498,2704,2,5,A__DW,Avv__Dvv
trimMA342_1200rpm_A__D_15,trimMA342_1200rpm_AW__D_06,train,test,True,1.4700649504180001,2705,0,1,A__D,AW__D
trimMA342_1200rpm_A__Dvv_00,trimMA342_1200rpm_AW__D_07,test,train,True,1.4702100695727403,2706,4,1,A__Dvv,AW__D
trimMA342_1200rpm_A__DW_11,trimMA342_1200rpm_Avv__Dvv_04,train,train,False,1.4704046144938534,2707,2,5,A__DW,Avv__Dvv
trimMA342_1200rpm_A__Dvv_02,trimMA342_1200rpm_AW__D_00,test,train,True,1.4706938367874642,2708,4,1,A__Dvv,AW__D
trimMA342_1200rpm_Avv__D_10,trimMA342_1200rpm_AW__D_09,train,validation,True,1.4706957502475113,2709,3,1,Avv__D,AW__D
trimMA342_1200rpm_A__D_05,trimMA342_1200rpm_A__D_12,validation,validation,False,1.4707255040000415,2710,0,0,A__D,A__D
trimMA342_1200rpm_Avv__D_08,trimMA342_1200rpm_Avv__Dvv_09,train,validation,True,1.470805131327434,2711,3,5,Avv__D,Avv__Dvv
trimMA342_1200rpm_A__DW_02,trimMA342_1200rpm_Avv__Dvv_07,validation,validation,False,1.4712570757777939,2712,2,5,A__DW,Avv__Dvv
trimMA342_1200rpm_A__DW_02,trimMA342_1200rpm_Avv__Dvv_05,validation,train,True,1.4715465698732215,2713,2,5,A__DW,Avv__Dvv
trimMA342_1200rpm_A__Dvv_11,trimMA342_1200rpm_AW__D_13,validation,test,True,1.471601067134774,2714,4,1,A__Dvv,AW__D
trimMA342_1200rpm_Avv__D_00,trimMA342_1200rpm_Avv__Dvv_06,test,test,False,1.4719833967597018,2715,3,5,Avv__D,Avv__Dvv
trimMA342_1200rpm_A__DW_05,trimMA342_1200rpm_Avv__Dvv_01,train,train,False,1.472208917793492,2716,2,5,A__DW,Avv__Dvv
trimMA342_1200rpm_A__Dvv_10,trimMA342_1200rpm_AW__D_04,test,train,True,1.4725340638150448,2717,4,1,A__Dvv,AW__D
trimMA342_1200rpm_A__D_14,trimMA342_1200rpm_A__Dvv_02,test,test,False,1.4726013191511014,2718,0,4,A__D,A__Dvv
trimMA342_1200rpm_A__D_11,trimMA342_1200rpm_AW__D_04,train,train,False,1.4726591068885209,2719,0,1,A__D,AW__D
trimMA342_1200rpm_A__DW_15,trimMA342_1200rpm_Avv__Dvv_15,validation,train,True,1.4727536913821062,2720,2,5,A__DW,Avv__Dvv
trimMA342_1200rpm_A__D_15,trimMA342_1200rpm_A__Dvv_15,train,train,False,1.4727836627135145,2721,0,4,A__D,A__Dvv
trimMA342_1200rpm_Avv__D_00,trimMA342_1200rpm_AW__D_06,test,test,False,1.4730516884188853,2722,3,1,Avv__D,AW__D
trimMA342_1200rpm_A__D_05,trimMA342_1200rpm_Avv__D_08,validation,train,True,1.4731592133932,2723,0,3,A__D,Avv__D
trimMA342_1200rpm_A__DW_07,trimMA342_1200rpm_Avv__Dvv_08,test,validation,True,1.47328290644919,2724,2,5,A__DW,Avv__Dvv
trimMA342_1200rpm_Avv__Dvv_04,trimMA342_1200rpm_Avv__Dvv_07,train,validation,True,1.4734983215091697,2725,5,5,Avv__Dvv,Avv__Dvv
trimMA342_1200rpm_Avv__D_01,trimMA342_1200rpm_Avv__Dvv_09,validation,validation,False,1.4735269295058897,2726,3,5,Avv__D,Avv__Dvv
trimMA342_1200rpm_A__D_14,trimMA342_1200rpm_AW__D_01,test,validation,True,1.4736683714347465,2727,0,1,A__D,AW__D
trimMA342_1200rpm_A__Dvv_01,trimMA342_1200rpm_A__DW_04,train,validation,True,1.473826864559026,2728,4,2,A__Dvv,A__DW
trimMA342_1200rpm_A__DW_12,trimMA342_1200rpm_Avv__Dvv_07,train,validation,True,1.4740756087469797,2729,2,5,A__DW,Avv__Dvv
trimMA342_1200rpm_A__D_11,trimMA342_1200rpm_Avv__D_15,train,train,False,1.4742278042595482,2730,0,3,A__D,Avv__D
trimMA342_1200rpm_A__Dvv_06,trimMA342_1200rpm_A__DW_04,validation,validation,False,1.4742473109464818,2731,4,2,A__Dvv,A__DW
trimMA342_1200rpm_A__D_12,trimMA342_1200rpm_Avv__D_00,validation,test,True,1.4743193310955025,2732,0,3,A__D,Avv__D
trimMA342_1200rpm_A__DW_14,trimMA342_1200rpm_AW__D_00,train,train,False,1.4743310930833533,2733,2,1,A__DW,AW__D
trimMA342_1200rpm_A__D_07,trimMA342_1200rpm_AW__D_00,train,train,False,1.4745586922432528,2734,0,1,A__D,AW__D
trimMA342_1200rpm_A__Dvv_08,trimMA342_1200rpm_AW__D_01,validation,validation,False,1.474981682872462,2735,4,1,A__Dvv,AW__D
trimMA342_1200rpm_A__D_10,trimMA342_1200rpm_AW__D_11,train,test,True,1.4750165277126508,2736,0,1,A__D,AW__D
trimMA342_1200rpm_Avv__D_11,trimMA342_1200rpm_AW__D_05,train,test,True,1.4756250571368128,2737,3,1,Avv__D,AW__D
trimMA342_1200rpm_A__D_14,trimMA342_1200rpm_A__Dvv_03,test,validation,True,1.4758556944070622,2738,0,4,A__D,A__Dvv
trimMA342_1200rpm_A__Dvv_09,trimMA342_1200rpm_A__DW_05,train,train,False,1.4768200427231337,2739,4,2,A__Dvv,A__DW
trimMA342_1200rpm_A__Dvv_01,trimMA342_1200rpm_A__DW_15,train,validation,True,1.4769482027429315,2740,4,2,A__Dvv,A__DW
trimMA342_1200rpm_A__Dvv_03,trimMA342_1200rpm_A__DW_05,validation,train,True,1.4778086664799563,2741,4,2,A__Dvv,A__DW
trimMA342_1200rpm_A__D_13,trimMA342_1200rpm_AW__D_15,test,validation,True,1.4779828492982319,2742,0,1,A__D,AW__D
trimMA342_1200rpm_A__Dvv_13,trimMA342_1200rpm_A__DW_10,train,test,True,1.478297844422582,2743,4,2,A__Dvv,A__DW
trimMA342_1200rpm_A__D_08,trimMA342_1200rpm_A__Dvv_07,test,train,True,1.4784758409348941,2744,0,4,A__D,A__Dvv
trimMA342_1200rpm_A__D_14,trimMA342_1200rpm_Avv__Dvv_05,test,train,True,1.4786690257469364,2745,0,5,A__D,Avv__Dvv
trimMA342_1200rpm_A__DW_07,trimMA342_1200rpm_Avv__Dvv_01,test,train,True,1.4789152383259074,2746,2,5,A__DW,Avv__Dvv
trimMA342_1200rpm_A__DW_03,trimMA342_1200rpm_Avv__Dvv_11,test,validation,True,1.4792437667342515,2747,2,5,A__DW,Avv__Dvv
trimMA342_1200rpm_A__Dvv_07,trimMA342_1200rpm_A__DW_07,train,test,True,1.479681033874655,2748,4,2,A__Dvv,A__DW
trimMA342_1200rpm_A__DW_08,trimMA342_1200rpm_Avv__Dvv_02,train,train,False,1.479685989160733,2749,2,5,A__DW,Avv__Dvv
trimMA342_1200rpm_A__D_09,trimMA342_1200rpm_A__Dvv_01,train,train,False,1.4797282902267335,2750,0,4,A__D,A__Dvv
trimMA342_1200rpm_A__D_14,trimMA342_1200rpm_A__Dvv_13,test,train,True,1.4799785317364322,2751,0,4,A__D,A__Dvv
trimMA342_1200rpm_A__DW_09,trimMA342_1200rpm_Avv__Dvv_10,train,test,True,1.4801813949902385,2752,2,5,A__DW,Avv__Dvv
trimMA342_1200rpm_A__D_12,trimMA342_1200rpm_Avv__D_03,validation,train,True,1.480247827601698,2753,0,3,A__D,Avv__D
trimMA342_1200rpm_A__D_09,trimMA342_1200rpm_Avv__D_09,train,validation,True,1.4803620116136074,2754,0,3,A__D,Avv__D
trimMA342_1200rpm_A__D_03,trimMA342_1200rpm_A__Dvv_00,train,test,True,1.4805553162370408,2755,0,4,A__D,A__Dvv
trimMA342_1200rpm_A__D_07,trimMA342_1200rpm_Avv__D_00,train,test,True,1.4808033849222042,2756,0,3,A__D,Avv__D
trimMA342_1200rpm_A__Dvv_00,trimMA342_1200rpm_Avv__Dvv_01,test,train,True,1.4810021858231852,2757,4,5,A__Dvv,Avv__Dvv
trimMA342_1200rpm_A__DW_08,trimMA342_1200rpm_AW__D_07,train,train,False,1.4813603861882316,2758,2,1,A__DW,AW__D
trimMA342_1200rpm_A__Dvv_10,trimMA342_1200rpm_Avv__D_00,test,test,False,1.4814400523188944,2759,4,3,A__Dvv,Avv__D
trimMA342_1200rpm_A__Dvv_11,trimMA342_1200rpm_A__DW_15,validation,validation,False,1.4818266378534237,2760,4,2,A__Dvv,A__DW
trimMA342_1200rpm_A__Dvv_06,trimMA342_1200rpm_A__DW_07,validation,test,True,1.4818679990808832,2761,4,2,A__Dvv,A__DW
trimMA342_1200rpm_Avv__D_01,trimMA342_1200rpm_AW__D_09,validation,validation,False,1.481972891685641,2762,3,1,Avv__D,AW__D
trimMA342_1200rpm_A__Dvv_03,trimMA342_1200rpm_A__DW_03,validation,test,True,1.482283708450953,2763,4,2,A__Dvv,A__DW
trimMA342_1200rpm_A__DW_04,trimMA342_1200rpm_AW__D_07,validation,train,True,1.4824309491695928,2764,2,1,A__DW,AW__D
trimMA342_1200rpm_Avv__D_07,trimMA342_1200rpm_AW__D_02,train,train,False,1.4827925334649306,2765,3,1,Avv__D,AW__D
trimMA342_1200rpm_A__Dvv_06,trimMA342_1200rpm_A__DW_12,validation,train,True,1.4828810996011292,2766,4,2,A__Dvv,A__DW
trimMA342_1200rpm_Avv__D_00,trimMA342_1200rpm_AW__D_07,test,train,True,1.482998633113919,2767,3,1,Avv__D,AW__D
trimMA342_1200rpm_A__DW_09,trimMA342_1200rpm_AW__D_00,train,train,False,1.4830398126667432,2768,2,1,A__DW,AW__D
trimMA342_1200rpm_Avv__Dvv_09,trimMA342_1200rpm_Avv__Dvv_13,validation,train,True,1.4835920757994,2769,5,5,Avv__Dvv,Avv__Dvv
trimMA342_1200rpm_A__D_07,trimMA342_1200rpm_A__Dvv_06,train,validation,True,1.4838547162005793,2770,0,4,A__D,A__Dvv
trimMA342_1200rpm_A__D_06,trimMA342_1200rpm_A__Dvv_00,train,test,True,1.484000657753204,2771,0,4,A__D,A__Dvv
trimMA342_1200rpm_A__Dvv_00,trimMA342_1200rpm_A__DW_06,test,validation,True,1.4841095458089726,2772,4,2,A__Dvv,A__DW
trimMA342_1200rpm_A__Dvv_14,trimMA342_1200rpm_A__DW_06,test,validation,True,1.484395722852336,2773,4,2,A__Dvv,A__DW
trimMA342_1200rpm_A__DW_02,trimMA342_1200rpm_AW__D_10,validation,validation,False,1.4845302829984273,2774,2,1,A__DW,AW__D
trimMA342_1200rpm_Avv__D_14,trimMA342_1200rpm_Avv__Dvv_13,validation,train,True,1.4848042781272648,2775,3,5,Avv__D,Avv__Dvv
trimMA342_1200rpm_A__Dvv_07,trimMA342_1200rpm_A__DW_11,train,train,False,1.485551714899968,2776,4,2,A__Dvv,A__DW
trimMA342_1200rpm_A__D_11,trimMA342_1200rpm_Avv__D_04,train,validation,True,1.4855591271174848,2777,0,3,A__D,Avv__D
trimMA342_1200rpm_A__D_13,trimMA342_1200rpm_Avv__Dvv_00,test,test,False,1.4858408122661582,2778,0,5,A__D,Avv__Dvv
trimMA342_1200rpm_A__DW_02,trimMA342_1200rpm_Avv__Dvv_08,validation,validation,False,1.485954405156155,2779,2,5,A__DW,Avv__Dvv
trimMA342_1200rpm_Avv__D_10,trimMA342_1200rpm_AW__D_08,train,train,False,1.4861290339994244,2780,3,1,Avv__D,AW__D
trimMA342_1200rpm_Avv__D_10,trimMA342_1200rpm_AW__D_01,train,validation,True,1.4862947799686008,2781,3,1,Avv__D,AW__D
trimMA342_1200rpm_A__Dvv_01,trimMA342_1200rpm_A__DW_13,train,train,False,1.4864071999513881,2782,4,2,A__Dvv,A__DW
trimMA342_1200rpm_A__Dvv_13,trimMA342_1200rpm_AW__D_00,train,train,False,1.4869663490393692,2783,4,1,A__Dvv,AW__D
trimMA342_1200rpm_A__DW_11,trimMA342_1200rpm_AW__D_00,train,train,False,1.4876114517222652,2784,2,1,A__DW,AW__D
trimMA342_1200rpm_A__Dvv_14,trimMA342_1200rpm_AW__D_05,test,test,False,1.4879054858451264,2785,4,1,A__Dvv,AW__D
trimMA342_1200rpm_A__Dvv_11,trimMA342_1200rpm_A__DW_04,validation,validation,False,1.4879953381203035,2786,4,2,A__Dvv,A__DW
trimMA342_1200rpm_A__Dvv_00,trimMA342_1200rpm_A__DW_05,test,train,True,1.4880835468224147,2787,4,2,A__Dvv,A__DW
trimMA342_1200rpm_A__Dvv_03,trimMA342_1200rpm_A__DW_12,validation,train,True,1.488118473331917,2788,4,2,A__Dvv,A__DW
trimMA342_1200rpm_A__D_15,trimMA342_1200rpm_A__Dvv_10,train,test,True,1.4884533339034298,2789,0,4,A__D,A__Dvv
trimMA342_1200rpm_A__D_15,trimMA342_1200rpm_Avv__D_06,train,test,True,1.4885033230869966,2790,0,3,A__D,Avv__D
trimMA342_1200rpm_A__DW_00,trimMA342_1200rpm_A__DW_11,train,train,False,1.4888383123154112,2791,2,2,A__DW,A__DW
trimMA342_1200rpm_A__Dvv_10,trimMA342_1200rpm_AW__D_00,test,train,True,1.4889370546621143,2792,4,1,A__Dvv,AW__D
trimMA342_1200rpm_Avv__D_12,trimMA342_1200rpm_AW__D_04,test,train,True,1.489302676045436,2793,3,1,Avv__D,AW__D
trimMA342_1200rpm_A__D_14,trimMA342_1200rpm_Avv__D_10,test,train,True,1.4898739030815045,2794,0,3,A__D,Avv__D
trimMA342_1200rpm_A__Dvv_02,trimMA342_1200rpm_A__DW_06,test,validation,True,1.4901028266945266,2795,4,2,A__Dvv,A__DW
trimMA342_1200rpm_A__DW_02,trimMA342_1200rpm_AW__D_03,validation,train,True,1.4901409547642637,2796,2,1,A__DW,AW__D
trimMA342_1200rpm_A__DW_01,trimMA342_1200rpm_A__DW_13,test,train,True,1.4903015642443596,2797,2,2,A__DW,A__DW
trimMA342_1200rpm_A__D_13,trimMA342_1200rpm_Avv__D_13,test,test,False,1.4907180902942254,2798,0,3,A__D,Avv__D
trimMA342_1200rpm_A__Dvv_15,trimMA342_1200rpm_A__DW_05,train,train,False,1.4911056662985331,2799,4,2,A__Dvv,A__DW
trimMA342_1200rpm_A__Dvv_00,trimMA342_1200rpm_AW__D_05,test,test,False,1.4912334811290915,2800,4,1,A__Dvv,AW__D
trimMA342_1200rpm_A__Dvv_10,trimMA342_1200rpm_Avv__D_14,test,validation,True,1.4913624490241872,2801,4,3,A__Dvv,Avv__D
trimMA342_1200rpm_Avv__D_08,trimMA342_1200rpm_AW__D_08,train,train,False,1.4913811557586918,2802,3,1,Avv__D,AW__D
trimMA342_1200rpm_A__Dvv_09,trimMA342_1200rpm_A__DW_11,train,train,False,1.49147612274419,2803,4,2,A__Dvv,A__DW
trimMA342_1200rpm_A__Dvv_07,trimMA342_1200rpm_A__DW_10,train,test,True,1.4914978102685155,2804,4,2,A__Dvv,A__DW
trimMA342_1200rpm_A__D_14,trimMA342_1200rpm_Avv__Dvv_10,test,test,False,1.4916568627926632,2805,0,5,A__D,Avv__Dvv
trimMA342_1200rpm_A__D_04,trimMA342_1200rpm_Avv__Dvv_07,validation,validation,False,1.4921002649557338,2806,0,5,A__D,Avv__Dvv
trimMA342_1200rpm_Avv__Dvv_01,trimMA342_1200rpm_Avv__Dvv_15,train,train,False,1.492143770927198,2807,5,5,Avv__Dvv,Avv__Dvv
trimMA342_1200rpm_A__D_12,trimMA342_1200rpm_AW__D_12,validation,train,True,1.4921765751972493,2808,0,1,A__D,AW__D
trimMA342_1200rpm_A__D_10,trimMA342_1200rpm_Avv__D_03,train,train,False,1.4924763813649757,2809,0,3,A__D,Avv__D
trimMA342_1200rpm_A__D_12,trimMA342_1200rpm_A__Dvv_01,validation,train,True,1.492586110065919,2810,0,4,A__D,A__Dvv
trimMA342_1200rpm_A__DW_00,trimMA342_1200rpm_AW__D_05,train,test,True,1.4925925330323768,2811,2,1,A__DW,AW__D
trimMA342_1200rpm_A__Dvv_09,trimMA342_1200rpm_A__DW_10,train,test,True,1.492890494178666,2812,4,2,A__Dvv,A__DW
trimMA342_1200rpm_Avv__D_08,trimMA342_1200rpm_AW__D_04,train,train,False,1.4930102388271715,2813,3,1,Avv__D,AW__D
trimMA342_1200rpm_A__DW_14,trimMA342_1200rpm_Avv__Dvv_10,train,test,True,1.4932116052185405,2814,2,5,A__DW,Avv__Dvv
trimMA342_1200rpm_A__D_05,trimMA342_1200rpm_Avv__Dvv_11,validation,validation,False,1.4932542882689996,2815,0,5,A__D,Avv__Dvv
trimMA342_1200rpm_A__D_09,trimMA342_1200rpm_A__Dvv_05,train,train,False,1.493571201434287,2816,0,4,A__D,A__Dvv
trimMA342_1200rpm_A__Dvv_14,trimMA342_1200rpm_A__DW_15,test,validation,True,1.4937247235990578,2817,4,2,A__Dvv,A__DW
trimMA342_1200rpm_A__Dvv_01,trimMA342_1200rpm_A__DW_12,train,train,False,1.4938150342952607,2818,4,2,A__Dvv,A__DW
trimMA342_1200rpm_A__D_05,trimMA342_1200rpm_AW__D_06,validation,test,True,1.4939228730987155,2819,0,1,A__D,AW__D
trimMA342_1200rpm_A__Dvv_01,trimMA342_1200rpm_A__DW_08,train,train,False,1.494189488880139,2820,4,2,A__Dvv,A__DW
trimMA342_1200rpm_A__DW_03,trimMA342_1200rpm_Avv__Dvv_02,test,train,True,1.4944478618706007,2821,2,5,A__DW,Avv__Dvv
trimMA342_1200rpm_A__D_14,trimMA342_1200rpm_Avv__D_15,test,train,True,1.4944959028992062,2822,0,3,A__D,Avv__D
trimMA342_1200rpm_A__D_11,trimMA342_1200rpm_AW__D_00,train,train,False,1.4944962297502926,2823,0,1,A__D,AW__D
trimMA342_1200rpm_A__D_05,trimMA342_1200rpm_A__Dvv_15,validation,train,True,1.4945326513665018,2824,0,4,A__D,A__Dvv
trimMA342_1200rpm_A__DW_07,trimMA342_1200rpm_Avv__Dvv_03,test,train,True,1.4948967135725817,2825,2,5,A__DW,Avv__Dvv
trimMA342_1200rpm_A__Dvv_08,trimMA342_1200rpm_Avv__Dvv_04,validation,train,True,1.4950175835397526,2826,4,5,A__Dvv,Avv__Dvv
trimMA342_1200rpm_Avv__D_15,trimMA342_1200rpm_AW__D_00,train,train,False,1.4951180103811126,2827,3,1,Avv__D,AW__D
trimMA342_1200rpm_A__D_14,trimMA342_1200rpm_AW__D_10,test,validation,True,1.495126017505499,2828,0,1,A__D,AW__D
trimMA342_1200rpm_A__D_15,trimMA342_1200rpm_Avv__D_14,train,validation,True,1.4954943266287284,2829,0,3,A__D,Avv__D
trimMA342_1200rpm_Avv__D_07,trimMA342_1200rpm_AW__D_09,train,validation,True,1.4956194034710728,2830,3,1,Avv__D,AW__D
trimMA342_1200rpm_A__Dvv_05,trimMA342_1200rpm_A__DW_03,train,test,True,1.4956220452199334,2831,4,2,A__Dvv,A__DW
trimMA342_1200rpm_A__DW_14,trimMA342_1200rpm_Avv__Dvv_11,train,validation,True,1.4957448158409967,2832,2,5,A__DW,Avv__Dvv
trimMA342_1200rpm_A__Dvv_02,trimMA342_1200rpm_A__DW_04,test,validation,True,1.4958423488062162,2833,4,2,A__Dvv,A__DW
trimMA342_1200rpm_A__D_11,trimMA342_1200rpm_Avv__D_01,train,validation,True,1.496028912789225,2834,0,3,A__D,Avv__D
trimMA342_1200rpm_A__DW_02,trimMA342_1200rpm_AW__D_13,validation,test,True,1.4965661099248422,2835,2,1,A__DW,AW__D
trimMA342_1200rpm_A__D_13,trimMA342_1200rpm_AW__D_01,test,validation,True,1.4971451888294953,2836,0,1,A__D,AW__D
trimMA342_1200rpm_A__DW_02,trimMA342_1200rpm_Avv__Dvv_12,validation,train,True,1.4973064248581496,2837,2,5,A__DW,Avv__Dvv
trimMA342_1200rpm_A__DW_00,trimMA342_1200rpm_AW__D_11,train,test,True,1.4974893422585605,2838,2,1,A__DW,AW__D
trimMA342_1200rpm_A__D_07,trimMA342_1200rpm_AW__D_12,train,train,False,1.4984744227003406,2839,0,1,A__D,AW__D
trimMA342_1200rpm_A__Dvv_09,trimMA342_1200rpm_A__DW_04,train,validation,True,1.498488993422879,2840,4,2,A__Dvv,A__DW
trimMA342_1200rpm_A__Dvv_10,trimMA342_1200rpm_A__DW_06,test,validation,True,1.4986567950841676,2841,4,2,A__Dvv,A__DW
trimMA342_1200rpm_A__Dvv_09,trimMA342_1200rpm_A__DW_15,train,validation,True,1.4987011404000965,2842,4,2,A__Dvv,A__DW
trimMA342_1200rpm_A__Dvv_12,trimMA342_1200rpm_A__DW_05,train,train,False,1.4987012203807675,2843,4,2,A__Dvv,A__DW
trimMA342_1200rpm_Avv__D_00,trimMA342_1200rpm_Avv__Dvv_09,test,validation,True,1.4988949947702956,2844,3,5,Avv__D,Avv__Dvv
trimMA342_1200rpm_Avv__Dvv_09,trimMA342_1200rpm_Avv__Dvv_15,validation,train,True,1.4989692492292486,2845,5,5,Avv__Dvv,Avv__Dvv
trimMA342_1200rpm_A__DW_08,trimMA342_1200rpm_Avv__Dvv_03,train,train,False,1.499192812536547,2846,2,5,A__DW,Avv__Dvv
trimMA342_1200rpm_Avv__Dvv_15,trimMA342_1200rpm_AW__D_11,train,test,True,1.4994482282097732,2847,5,1,Avv__Dvv,AW__D
trimMA342_1200rpm_A__D_09,trimMA342_1200rpm_AW__D_00,train,train,False,1.4995787730628383,2848,0,1,A__D,AW__D
trimMA342_1200rpm_A__Dvv_01,trimMA342_1200rpm_A__DW_10,train,test,True,1.4999564524880353,2849,4,2,A__Dvv,A__DW
trimMA342_1200rpm_A__D_12,trimMA342_1200rpm_A__Dvv_05,validation,train,True,1.5003814005828682,2850,0,4,A__D,A__Dvv
trimMA342_1200rpm_A__D_11,trimMA342_1200rpm_Avv__Dvv_00,train,test,True,1.5006516748701528,2851,0,5,A__D,Avv__Dvv
trimMA342_1200rpm_A__DW_02,trimMA342_1200rpm_Avv__Dvv_11,validation,validation,False,1.5012271723140984,2852,2,5,A__DW,Avv__Dvv
trimMA342_1200rpm_A__D_07,trimMA342_1200rpm_AW__D_11,train,test,True,1.5012622986753392,2853,0,1,A__D,AW__D
trimMA342_1200rpm_A__Dvv_02,trimMA342_1200rpm_A__DW_05,test,train,True,1.5014913917277508,2854,4,2,A__Dvv,A__DW
trimMA342_1200rpm_Avv__D_00,trimMA342_1200rpm_AW__D_03,test,train,True,1.5018798023757773,2855,3,1,Avv__D,AW__D
trimMA342_1200rpm_A__D_15,trimMA342_1200rpm_Avv__Dvv_05,train,train,False,1.5021795018526076,2856,0,5,A__D,Avv__Dvv
trimMA342_1200rpm_A__D_08,trimMA342_1200rpm_AW__D_11,test,test,False,1.5023479686077,2857,0,1,A__D,AW__D
trimMA342_1200rpm_A__D_13,trimMA342_1200rpm_A__Dvv_03,test,validation,True,1.5024047404350156,2858,0,4,A__D,A__Dvv
trimMA342_1200rpm_A__D_05,trimMA342_1200rpm_A__Dvv_12,validation,train,True,1.502449594369342,2859,0,4,A__D,A__Dvv
trimMA342_1200rpm_A__DW_09,trimMA342_1200rpm_Avv__Dvv_03,train,train,False,1.5025577311841811,2860,2,5,A__DW,Avv__Dvv
trimMA342_1200rpm_A__Dvv_05,trimMA342_1200rpm_A__DW_15,train,validation,True,1.5032079424515765,2861,4,2,A__Dvv,A__DW
trimMA342_1200rpm_A__Dvv_12,trimMA342_1200rpm_A__DW_06,train,validation,True,1.5041474433033113,2862,4,2,A__Dvv,A__DW
trimMA342_1200rpm_A__D_05,trimMA342_1200rpm_Avv__Dvv_03,validation,train,True,1.5043426172853565,2863,0,5,A__D,Avv__Dvv
trimMA342_1200rpm_A__DW_13,trimMA342_1200rpm_Avv__Dvv_08,train,validation,True,1.5043508510915367,2864,2,5,A__DW,Avv__Dvv
trimMA342_1200rpm_A__D_13,trimMA342_1200rpm_Avv__Dvv_08,test,validation,True,1.5045899143138215,2865,0,5,A__D,Avv__Dvv
trimMA342_1200rpm_Avv__D_12,trimMA342_1200rpm_Avv__Dvv_04,test,train,True,1.504875618487621,2866,3,5,Avv__D,Avv__Dvv
trimMA342_1200rpm_A__D_05,trimMA342_1200rpm_Avv__D_06,validation,test,True,1.505553686312446,2867,0,3,A__D,Avv__D
trimMA342_1200rpm_A__Dvv_12,trimMA342_1200rpm_A__DW_10,train,test,True,1.5058323142005112,2868,4,2,A__Dvv,A__DW
trimMA342_1200rpm_A__DW_13,trimMA342_1200rpm_Avv__Dvv_07,train,validation,True,1.5058488230521319,2869,2,5,A__DW,Avv__Dvv
trimMA342_1200rpm_A__DW_01,trimMA342_1200rpm_Avv__Dvv_00,test,test,False,1.5058491865530117,2870,2,5,A__DW,Avv__Dvv
trimMA342_1200rpm_A__D_01,trimMA342_1200rpm_A__D_08,test,test,False,1.5059566877917385,2871,0,0,A__D,A__D
trimMA342_1200rpm_A__D_04,trimMA342_1200rpm_AW__D_10,validation,validation,False,1.5063065001817502,2872,0,1,A__D,AW__D
trimMA342_1200rpm_A__DW_09,trimMA342_1200rpm_Avv__Dvv_08,train,validation,True,1.5064067860314294,2873,2,5,A__DW,Avv__Dvv
trimMA342_1200rpm_A__Dvv_11,trimMA342_1200rpm_Avv__D_00,validation,test,True,1.5065554352193078,2874,4,3,A__Dvv,Avv__D
trimMA342_1200rpm_A__DW_14,trimMA342_1200rpm_Avv__Dvv_02,train,train,False,1.5070579352238715,2875,2,5,A__DW,Avv__Dvv
trimMA342_1200rpm_A__D_11,trimMA342_1200rpm_Avv__D_05,train,train,False,1.5070681985750205,2876,0,3,A__D,Avv__D
trimMA342_1200rpm_A__Dvv_04,trimMA342_1200rpm_A__DW_07,train,test,True,1.507098294979879,2877,4,2,A__Dvv,A__DW
trimMA342_1200rpm_A__DW_08,trimMA342_1200rpm_Avv__Dvv_14,train,test,True,1.507331060371535,2878,2,5,A__DW,Avv__Dvv
trimMA342_1200rpm_A__DW_07,trimMA342_1200rpm_Avv__Dvv_11,test,validation,True,1.5077659903661513,2879,2,5,A__DW,Avv__Dvv
trimMA342_1200rpm_A__Dvv_05,trimMA342_1200rpm_A__DW_05,train,train,False,1.5077756224332246,2880,4,2,A__Dvv,A__DW
trimMA342_1200rpm_A__Dvv_04,trimMA342_1200rpm_A__DW_10,train,test,True,1.5079206410606791,2881,4,2,A__Dvv,A__DW
trimMA342_1200rpm_A__DW_14,trimMA342_1200rpm_Avv__Dvv_12,train,train,False,1.5079477322610506,2882,2,5,A__DW,Avv__Dvv
trimMA342_1200rpm_A__DW_14,trimMA342_1200rpm_Avv__Dvv_01,train,train,False,1.5080918188985064,2883,2,5,A__DW,Avv__Dvv
trimMA342_1200rpm_A__D_13,trimMA342_1200rpm_AW__D_02,test,train,True,1.5081021114114166,2884,0,1,A__D,AW__D
trimMA342_1200rpm_A__D_10,trimMA342_1200rpm_A__Dvv_05,train,train,False,1.5083756144940288,2885,0,4,A__D,A__Dvv
trimMA342_1200rpm_A__Dvv_04,trimMA342_1200rpm_A__DW_02,train,validation,True,1.5084788586808506,2886,4,2,A__Dvv,A__DW
trimMA342_1200rpm_A__D_05,trimMA342_1200rpm_Avv__Dvv_00,validation,test,True,1.508547804510077,2887,0,5,A__D,Avv__Dvv
trimMA342_1200rpm_Avv__D_12,trimMA342_1200rpm_AW__D_00,test,train,True,1.5089297649563946,2888,3,1,Avv__D,AW__D
trimMA342_1200rpm_A__D_15,trimMA342_1200rpm_AW__D_13,train,test,True,1.5090123196090406,2889,0,1,A__D,AW__D
trimMA342_1200rpm_A__D_04,trimMA342_1200rpm_Avv__Dvv_08,validation,validation,False,1.5092661896334045,2890,0,5,A__D,Avv__Dvv
trimMA342_1200rpm_Avv__D_12,trimMA342_1200rpm_AW__D_09,test,validation,True,1.5093350745465473,2891,3,1,Avv__D,AW__D
trimMA342_1200rpm_A__D_07,trimMA342_1200rpm_AW__D_02,train,train,False,1.5094454185373096,2892,0,1,A__D,AW__D
trimMA342_1200rpm_A__DW_09,trimMA342_1200rpm_Avv__Dvv_09,train,validation,True,1.509554722863785,2893,2,5,A__DW,Avv__Dvv
trimMA342_1200rpm_A__Dvv_09,trimMA342_1200rpm_A__DW_13,train,train,False,1.5107419424650494,2894,4,2,A__Dvv,A__DW
trimMA342_1200rpm_Avv__D_12,trimMA342_1200rpm_Avv__Dvv_15,test,train,True,1.5115253376851876,2895,3,5,Avv__D,Avv__Dvv
trimMA342_1200rpm_A__DW_09,trimMA342_1200rpm_Avv__Dvv_01,train,train,False,1.5117696852669096,2896,2,5,A__DW,Avv__Dvv
trimMA342_1200rpm_A__D_07,trimMA342_1200rpm_A__Dvv_03,train,validation,True,1.5118324054051335,2897,0,4,A__D,A__Dvv
trimMA342_1200rpm_Avv__D_01,trimMA342_1200rpm_AW__D_04,validation,train,True,1.5119270688793023,2898,3,1,Avv__D,AW__D
trimMA342_1200rpm_A__D_09,trimMA342_1200rpm_A__Dvv_09,train,train,False,1.5120249564380261,2899,0,4,A__D,A__Dvv
trimMA342_1200rpm_A__D_14,trimMA342_1200rpm_Avv__D_02,test,train,True,1.5127849924341359,2900,0,3,A__D,Avv__D
trimMA342_1200rpm_A__DW_09,trimMA342_1200rpm_Avv__Dvv_07,train,validation,True,1.513010829098748,2901,2,5,A__DW,Avv__Dvv
trimMA342_1200rpm_Avv__D_02,trimMA342_1200rpm_AW__D_00,train,train,False,1.5133064342321678,2902,3,1,Avv__D,AW__D
trimMA342_1200rpm_A__DW_15,trimMA342_1200rpm_Avv__Dvv_06,validation,test,True,1.5134148145387913,2903,2,5,A__DW,Avv__Dvv
trimMA342_1200rpm_A__DW_08,trimMA342_1200rpm_Avv__Dvv_12,train,train,False,1.5136296840788346,2904,2,5,A__DW,Avv__Dvv
trimMA342_1200rpm_A__D_05,trimMA342_1200rpm_Avv__Dvv_02,validation,train,True,1.5136784915205972,2905,0,5,A__D,Avv__Dvv
trimMA342_1200rpm_A__D_15,trimMA342_1200rpm_AW__D_03,train,train,False,1.5139008206546571,2906,0,1,A__D,AW__D
trimMA342_1200rpm_A__DW_13,trimMA342_1200rpm_Avv__Dvv_13,train,train,False,1.5139631290301157,2907,2,5,A__DW,Avv__Dvv
trimMA342_1200rpm_A__DW_07,trimMA342_1200rpm_Avv__Dvv_05,test,train,True,1.5140979105613261,2908,2,5,A__DW,Avv__Dvv
trimMA342_1200rpm_A__D_08,trimMA342_1200rpm_A__Dvv_06,test,validation,True,1.514272731387292,2909,0,4,A__D,A__Dvv
trimMA342_1200rpm_A__DW_02,trimMA342_1200rpm_AW__D_08,validation,train,True,1.514415322532751,2910,2,1,A__DW,AW__D
trimMA342_1200rpm_A__D_12,trimMA342_1200rpm_A__Dvv_08,validation,validation,False,1.5145399050686803,2911,0,4,A__D,A__Dvv
trimMA342_1200rpm_A__DW_00,trimMA342_1200rpm_A__DW_12,train,train,False,1.5145426426501836,2912,2,2,A__DW,A__DW
trimMA342_1200rpm_A__D_03,trimMA342_1200rpm_A__Dvv_07,train,train,False,1.514731425655809,2913,0,4,A__D,A__Dvv
trimMA342_1200rpm_A__D_11,trimMA342_1200rpm_Avv__D_02,train,train,False,1.5149903775953044,2914,0,3,A__D,Avv__D
trimMA342_1200rpm_A__DW_11,trimMA342_1200rpm_Avv__Dvv_06,train,test,True,1.5150461416620409,2915,2,5,A__DW,Avv__Dvv
trimMA342_1200rpm_A__D_13,trimMA342_1200rpm_AW__D_03,test,train,True,1.5156563563051182,2916,0,1,A__D,AW__D
trimMA342_1200rpm_A__DW_04,trimMA342_1200rpm_Avv__Dvv_06,validation,test,True,1.5157083751576006,2917,2,5,A__DW,Avv__Dvv
trimMA342_1200rpm_A__D_14,trimMA342_1200rpm_Avv__D_13,test,test,False,1.5158344921544027,2918,0,3,A__D,Avv__D
trimMA342_1200rpm_Avv__D_14,trimMA342_1200rpm_AW__D_09,validation,validation,False,1.5163490452857147,2919,3,1,Avv__D,AW__D
trimMA342_1200rpm_A__Dvv_14,trimMA342_1200rpm_A__DW_12,test,train,True,1.5163530496493431,2920,4,2,A__Dvv,A__DW
trimMA342_1200rpm_A__DW_09,trimMA342_1200rpm_Avv__Dvv_05,train,train,False,1.5163873541366306,2921,2,5,A__DW,Avv__Dvv
trimMA342_1200rpm_A__D_10,trimMA342_1200rpm_A__Dvv_08,train,validation,True,1.516562740448226,2922,0,4,A__D,A__Dvv
trimMA342_1200rpm_A__Dvv_03,trimMA342_1200rpm_A__DW_07,validation,test,True,1.5169536061537117,2923,4,2,A__Dvv,A__DW
trimMA342_1200rpm_A__DW_04,trimMA342_1200rpm_Avv__Dvv_14,validation,test,True,1.5169967054974831,2924,2,5,A__DW,Avv__Dvv
trimMA342_1200rpm_A__DW_08,trimMA342_1200rpm_Avv__Dvv_11,train,validation,True,1.5177808925509018,2925,2,5,A__DW,Avv__Dvv
trimMA342_1200rpm_A__DW_12,trimMA342_1200rpm_Avv__Dvv_06,train,test,True,1.5184888933141834,2926,2,5,A__DW,Avv__Dvv
trimMA342_1200rpm_A__DW_08,trimMA342_1200rpm_AW__D_09,train,validation,True,1.518489885499546,2927,2,1,A__DW,AW__D
trimMA342_1200rpm_A__D_11,trimMA342_1200rpm_Avv__D_10,train,train,False,1.518598368022988,2928,0,3,A__D,Avv__D
trimMA342_1200rpm_A__D_08,trimMA342_1200rpm_A__Dvv_01,test,train,True,1.5188522722457545,2929,0,4,A__D,A__Dvv
trimMA342_1200rpm_A__DW_13,trimMA342_1200rpm_Avv__Dvv_04,train,train,False,1.5195846823786652,2930,2,5,A__DW,Avv__Dvv
trimMA342_1200rpm_A__D_05,trimMA342_1200rpm_AW__D_14,validation,train,True,1.519873540653247,2931,0,1,A__D,AW__D
trimMA342_1200rpm_Avv__D_15,trimMA342_1200rpm_AW__D_09,train,validation,True,1.51989825770668,2932,3,1,Avv__D,AW__D
trimMA342_1200rpm_A__Dvv_10,trimMA342_1200rpm_A__DW_05,test,train,True,1.5200351386379516,2933,4,2,A__Dvv,A__DW
trimMA342_1200rpm_A__Dvv_14,trimMA342_1200rpm_AW__D_00,test,train,True,1.5206678759056318,2934,4,1,A__Dvv,AW__D
trimMA342_1200rpm_A__Dvv_00,trimMA342_1200rpm_Avv__Dvv_04,test,train,True,1.5206724121012931,2935,4,5,A__Dvv,Avv__Dvv
trimMA342_1200rpm_A__DW_01,trimMA342_1200rpm_AW__D_03,test,train,True,1.5209284425705045,2936,2,1,A__DW,AW__D
trimMA342_1200rpm_A__DW_07,trimMA342_1200rpm_AW__D_14,test,train,True,1.5212890272096662,2937,2,1,A__DW,AW__D
trimMA342_1200rpm_A__DW_02,trimMA342_1200rpm_AW__D_09,validation,validation,False,1.5213953824985131,2938,2,1,A__DW,AW__D
trimMA342_1200rpm_A__D_02,trimMA342_1200rpm_A__D_05,validation,validation,False,1.52156952418304,2939,0,0,A__D,A__D
trimMA342_1200rpm_A__D_14,trimMA342_1200rpm_AW__D_04,test,train,True,1.5216302986359844,2940,0,1,A__D,AW__D
trimMA342_1200rpm_A__D_09,trimMA342_1200rpm_AW__D_12,train,train,False,1.5218069536683272,2941,0,1,A__D,AW__D
trimMA342_1200rpm_A__D_14,trimMA342_1200rpm_A__Dvv_14,test,test,False,1.5221687140843538,2942,0,4,A__D,A__Dvv
trimMA342_1200rpm_A__D_13,trimMA342_1200rpm_Avv__D_15,test,train,True,1.5225382804121113,2943,0,3,A__D,Avv__D
trimMA342_1200rpm_A__DW_09,trimMA342_1200rpm_Avv__Dvv_11,train,validation,True,1.5231238186538538,2944,2,5,A__DW,Avv__Dvv
trimMA342_1200rpm_A__D_11,trimMA342_1200rpm_AW__D_01,train,validation,True,1.5232886341043617,2945,0,1,A__D,AW__D
trimMA342_1200rpm_A__DW_00,trimMA342_1200rpm_AW__D_01,train,validation,True,1.5235349921283121,2946,2,1,A__DW,AW__D
trimMA342_1200rpm_A__D_14,trimMA342_1200rpm_Avv__D_07,test,train,True,1.523638059282353,2947,0,3,A__D,Avv__D
trimMA342_1200rpm_A__D_09,trimMA342_1200rpm_Avv__D_04,train,validation,True,1.5238297876633458,2948,0,3,A__D,Avv__D
trimMA342_1200rpm_A__D_10,trimMA342_1200rpm_Avv__D_13,train,test,True,1.5238467812011343,2949,0,3,A__D,Avv__D
trimMA342_1200rpm_A__Dvv_15,trimMA342_1200rpm_A__DW_15,train,validation,True,1.5241055062395763,2950,4,2,A__Dvv,A__DW
trimMA342_1200rpm_A__D_04,trimMA342_1200rpm_Avv__D_13,validation,test,True,1.5241795868485688,2951,0,3,A__D,Avv__D
trimMA342_1200rpm_A__Dvv_13,trimMA342_1200rpm_A__DW_11,train,train,False,1.5242994669599994,2952,4,2,A__Dvv,A__DW
trimMA342_1200rpm_A__D_13,trimMA342_1200rpm_Avv__D_02,test,train,True,1.5243616656823076,2953,0,3,A__D,Avv__D
trimMA342_1200rpm_A__D_10,trimMA342_1200rpm_A__Dvv_01,train,train,False,1.5249338201458098,2954,0,4,A__D,A__Dvv
trimMA342_1200rpm_A__Dvv_08,trimMA342_1200rpm_A__DW_05,validation,train,True,1.5250348054216467,2955,4,2,A__Dvv,A__DW
trimMA342_1200rpm_A__Dvv_00,trimMA342_1200rpm_A__DW_02,test,validation,True,1.525040938256175,2956,4,2,A__Dvv,A__DW
trimMA342_1200rpm_A__DW_08,trimMA342_1200rpm_Avv__Dvv_05,train,train,False,1.52511438109489,2957,2,5,A__DW,Avv__Dvv
trimMA342_1200rpm_A__D_04,trimMA342_1200rpm_A__Dvv_12,validation,train,True,1.5251458887073006,2958,0,4,A__D,A__Dvv
trimMA342_1200rpm_A__D_04,trimMA342_1200rpm_AW__D_15,validation,validation,False,1.5253818623582225,2959,0,1,A__D,AW__D
trimMA342_1200rpm_A__Dvv_12,trimMA342_1200rpm_A__DW_15,train,validation,True,1.525524897436019,2960,4,2,A__Dvv,A__DW
trimMA342_1200rpm_A__Dvv_06,trimMA342_1200rpm_A__DW_02,validation,validation,False,1.5255353672314924,2961,4,2,A__Dvv,A__DW
trimMA342_1200rpm_A__DW_01,trimMA342_1200rpm_AW__D_12,test,train,True,1.5255512806585791,2962,2,1,A__DW,AW__D
trimMA342_1200rpm_A__D_12,trimMA342_1200rpm_A__Dvv_09,validation,train,True,1.5257999311713413,2963,0,4,A__D,A__Dvv
trimMA342_1200rpm_Avv__Dvv_04,trimMA342_1200rpm_AW__D_04,train,train,False,1.5262267613826102,2964,5,1,Avv__Dvv,AW__D
trimMA342_1200rpm_A__D_10,trimMA342_1200rpm_A__Dvv_06,train,validation,True,1.5263514160775409,2965,0,4,A__D,A__Dvv
trimMA342_1200rpm_A__Dvv_00,trimMA342_1200rpm_AW__D_09,test,validation,True,1.5264390704495758,2966,4,1,A__Dvv,AW__D
trimMA342_1200rpm_A__D_09,trimMA342_1200rpm_AW__D_11,train,test,True,1.526655244366618,2967,0,1,A__D,AW__D
trimMA342_1200rpm_Avv__D_01,trimMA342_1200rpm_Avv__Dvv_01,validation,train,True,1.5267049611997785,2968,3,5,Avv__D,Avv__Dvv
trimMA342_1200rpm_A__DW_07,trimMA342_1200rpm_Avv__Dvv_07,test,validation,True,1.5270868265405007,2969,2,5,A__DW,Avv__Dvv
trimMA342_1200rpm_A__D_11,trimMA342_1200rpm_AW__D_15,train,validation,True,1.5272064580773639,2970,0,1,A__D,AW__D
trimMA342_1200rpm_A__D_14,trimMA342_1200rpm_Avv__Dvv_12,test,train,True,1.5274466486805183,2971,0,5,A__D,Avv__Dvv
trimMA342_1200rpm_A__D_06,trimMA342_1200rpm_AW__D_00,train,train,False,1.5278369697252325,2972,0,1,A__D,AW__D
trimMA342_1200rpm_A__DW_12,trimMA342_1200rpm_Avv__Dvv_04,train,train,False,1.5283117426426291,2973,2,5,A__DW,Avv__Dvv
trimMA342_1200rpm_A__DW_01,trimMA342_1200rpm_Avv__Dvv_09,test,validation,True,1.5283291207526457,2974,2,5,A__DW,Avv__Dvv
trimMA342_1200rpm_A__D_10,trimMA342_1200rpm_Avv__D_04,train,validation,True,1.5284617459338508,2975,0,3,A__D,Avv__D
trimMA342_1200rpm_A__D_04,trimMA342_1200rpm_Avv__Dvv_12,validation,train,True,1.5285752937033645,2976,0,5,A__D,Avv__Dvv
trimMA342_1200rpm_A__D_12,trimMA342_1200rpm_A__Dvv_06,validation,validation,False,1.528617761921434,2977,0,4,A__D,A__Dvv
trimMA342_1200rpm_A__D_11,trimMA342_1200rpm_Avv__Dvv_10,train,test,True,1.5286199871365715,2978,0,5,A__D,Avv__Dvv
trimMA342_1200rpm_A__D_12,trimMA342_1200rpm_Avv__D_04,validation,validation,False,1.5288753922910854,2979,0,3,A__D,Avv__D
trimMA342_1200rpm_A__DW_07,trimMA342_1200rpm_AW__D_07,test,train,True,1.529004090116454,2980,2,1,A__DW,AW__D
trimMA342_1200rpm_A__D_14,trimMA342_1200rpm_Avv__Dvv_06,test,test,False,1.5290527860118377,2981,0,5,A__D,Avv__Dvv
trimMA342_1200rpm_Avv__D_06,trimMA342_1200rpm_AW__D_04,test,train,True,1.529112745024845,2982,3,1,Avv__D,AW__D
trimMA342_1200rpm_A__DW_06,trimMA342_1200rpm_Avv__D_03,validation,train,True,1.529121795330989,2983,2,3,A__DW,Avv__D
trimMA342_1200rpm_A__DW_01,trimMA342_1200rpm_Avv__Dvv_10,test,test,False,1.5291994029907134,2984,2,5,A__DW,Avv__Dvv
trimMA342_1200rpm_A__D_13,trimMA342_1200rpm_Avv__D_10,test,train,True,1.5296119499311007,2985,0,3,A__D,Avv__D
trimMA342_1200rpm_A__DW_03,trimMA342_1200rpm_Avv__Dvv_14,test,test,False,1.5298399489616394,2986,2,5,A__DW,Avv__Dvv
trimMA342_1200rpm_A__D_04,trimMA342_1200rpm_AW__D_11,validation,test,True,1.5300181072880354,2987,0,1,A__D,AW__D
trimMA342_1200rpm_A__Dvv_09,trimMA342_1200rpm_A__DW_12,train,train,False,1.530294950428921,2988,4,2,A__Dvv,A__DW
trimMA342_1200rpm_A__DW_12,trimMA342_1200rpm_AW__D_00,train,train,False,1.530342877814074,2989,2,1,A__DW,AW__D
trimMA342_1200rpm_A__Dvv_00,trimMA342_1200rpm_A__DW_03,test,test,False,1.5314227718523912,2990,4,2,A__Dvv,A__DW
trimMA342_1200rpm_A__DW_09,trimMA342_1200rpm_Avv__Dvv_12,train,train,False,1.5315769175048461,2991,2,5,A__DW,Avv__Dvv
trimMA342_1200rpm_A__D_13,trimMA342_1200rpm_Avv__D_07,test,train,True,1.5315816498146801,2992,0,3,A__D,Avv__D
trimMA342_1200rpm_A__DW_04,trimMA342_1200rpm_Avv__Dvv_01,validation,train,True,1.5316033913665865,2993,2,5,A__DW,Avv__Dvv
trimMA342_1200rpm_A__D_10,trimMA342_1200rpm_Avv__D_12,train,test,True,1.5318088635021512,2994,0,3,A__D,Avv__D
trimMA342_1200rpm_A__D_15,trimMA342_1200rpm_A__Dvv_11,train,validation,True,1.5321403075383881,2995,0,4,A__D,A__Dvv
trimMA342_1200rpm_A__Dvv_15,trimMA342_1200rpm_A__DW_08,train,train,False,1.5321952714604734,2996,4,2,A__Dvv,A__DW
trimMA342_1200rpm_A__Dvv_14,trimMA342_1200rpm_A__DW_10,test,test,False,1.532198146742808,2997,4,2,A__Dvv,A__DW
trimMA342_1200rpm_A__D_09,trimMA342_1200rpm_Avv__Dvv_07,train,validation,True,1.532441831674956,2998,0,5,A__D,Avv__Dvv
trimMA342_1200rpm_A__D_05,trimMA342_1200rpm_A__Dvv_10,validation,test,True,1.5327200714784532,2999,0,4,A__D,A__Dvv
trimMA342_1200rpm_A__D_15,trimMA342_1200rpm_AW__D_14,train,train,False,1.5327549044845237,3000,0,1,A__D,AW__D
trimMA342_1200rpm_A__DW_08,trimMA342_1200rpm_Avv__Dvv_13,train,train,False,1.532879231579967,3001,2,5,A__DW,Avv__Dvv
trimMA342_1200rpm_A__Dvv_13,trimMA342_1200rpm_A__DW_15,train,validation,True,1.5329100994157745,3002,4,2,A__Dvv,A__DW
trimMA342_1200rpm_A__Dvv_06,trimMA342_1200rpm_A__DW_13,validation,train,True,1.5335478321397267,3003,4,2,A__Dvv,A__DW
trimMA342_1200rpm_A__D_07,trimMA342_1200rpm_Avv__D_07,train,train,False,1.5335554063499353,3004,0,3,A__D,Avv__D
trimMA342_1200rpm_A__D_09,trimMA342_1200rpm_AW__D_15,train,validation,True,1.533577219785883,3005,0,1,A__D,AW__D
trimMA342_1200rpm_A__D_14,trimMA342_1200rpm_AW__D_15,test,validation,True,1.5336803857887082,3006,0,1,A__D,AW__D
trimMA342_1200rpm_A__DW_03,trimMA342_1200rpm_Avv__Dvv_06,test,test,False,1.5336893835924263,3007,2,5,A__DW,Avv__Dvv
trimMA342_1200rpm_A__Dvv_11,trimMA342_1200rpm_A__DW_06,validation,validation,False,1.5338607526671166,3008,4,2,A__Dvv,A__DW
trimMA342_1200rpm_A__D_04,trimMA342_1200rpm_Avv__Dvv_10,validation,test,True,1.5341436908103552,3009,0,5,A__D,Avv__Dvv
trimMA342_1200rpm_A__DW_12,trimMA342_1200rpm_Avv__Dvv_15,train,train,False,1.5343586254587016,3010,2,5,A__DW,Avv__Dvv
trimMA342_1200rpm_A__D_05,trimMA342_1200rpm_AW__D_07,validation,train,True,1.534761284188531,3011,0,1,A__D,AW__D
trimMA342_1200rpm_Avv__D_08,trimMA342_1200rpm_Avv__Dvv_01,train,train,False,1.5348640355484255,3012,3,5,Avv__D,Avv__Dvv
trimMA342_1200rpm_Avv__D_15,trimMA342_1200rpm_AW__D_01,train,validation,True,1.5351426720456955,3013,3,1,Avv__D,AW__D
trimMA342_1200rpm_A__D_10,trimMA342_1200rpm_Avv__D_15,train,train,False,1.5354402375235756,3014,0,3,A__D,Avv__D
trimMA342_1200rpm_A__Dvv_06,trimMA342_1200rpm_A__DW_08,validation,train,True,1.5355078937472217,3015,4,2,A__Dvv,A__DW
trimMA342_1200rpm_A__D_08,trimMA342_1200rpm_Avv__D_09,test,validation,True,1.535550865911191,3016,0,3,A__D,Avv__D
trimMA342_1200rpm_A__Dvv_04,trimMA342_1200rpm_A__DW_03,train,test,True,1.5355786322052016,3017,4,2,A__Dvv,A__DW
trimMA342_1200rpm_Avv__D_13,trimMA342_1200rpm_AW__D_00,test,train,True,1.5355797329235317,3018,3,1,Avv__D,AW__D
trimMA342_1200rpm_A__Dvv_15,trimMA342_1200rpm_A__DW_06,train,validation,True,1.5361847261059334,3019,4,2,A__Dvv,A__DW
trimMA342_1200rpm_A__DW_10,trimMA342_1200rpm_Avv__Dvv_15,test,train,True,1.5361976846054572,3020,2,5,A__DW,Avv__Dvv
trimMA342_1200rpm_Avv__D_01,trimMA342_1200rpm_AW__D_01,validation,validation,False,1.5364233831250529,3021,3,1,Avv__D,AW__D
trimMA342_1200rpm_A__Dvv_13,trimMA342_1200rpm_AW__D_05,train,test,True,1.5364720451159217,3022,4,1,A__Dvv,AW__D
trimMA342_1200rpm_A__DW_03,trimMA342_1200rpm_Avv__Dvv_03,test,train,True,1.5370249714459796,3023,2,5,A__DW,Avv__Dvv
trimMA342_1200rpm_A__D_10,trimMA342_1200rpm_A__Dvv_09,train,train,False,1.5370671823996849,3024,0,4,A__D,A__Dvv
trimMA342_1200rpm_A__D_12,trimMA342_1200rpm_Avv__D_08,validation,train,True,1.5370776010931264,3025,0,3,A__D,Avv__D
trimMA342_1200rpm_A__Dvv_02,trimMA342_1200rpm_A__DW_13,test,train,True,1.5372943892594313,3026,4,2,A__Dvv,A__DW
trimMA342_1200rpm_Avv__D_08,trimMA342_1200rpm_AW__D_13,train,test,True,1.5373317183855126,3027,3,1,Avv__D,AW__D
trimMA342_1200rpm_Avv__Dvv_15,trimMA342_1200rpm_AW__D_04,train,train,False,1.5374485069680897,3028,5,1,Avv__Dvv,AW__D
trimMA342_1200rpm_A__D_07,trimMA342_1200rpm_Avv__D_02,train,train,False,1.5375914923330753,3029,0,3,A__D,Avv__D
trimMA342_1200rpm_A__D_13,trimMA342_1200rpm_Avv__D_08,test,train,True,1.5376310168496305,3030,0,3,A__D,Avv__D
trimMA342_1200rpm_A__D_08,trimMA342_1200rpm_Avv__D_00,test,test,False,1.5377978047053946,3031,0,3,A__D,Avv__D
trimMA342_1200rpm_A__D_07,trimMA342_1200rpm_AW__D_06,train,test,True,1.53795702883754,3032,0,1,A__D,AW__D
trimMA342_1200rpm_A__D_11,trimMA342_1200rpm_Avv__D_08,train,train,False,1.538245493226579,3033,0,3,A__D,Avv__D
trimMA342_1200rpm_Avv__D_08,trimMA342_1200rpm_AW__D_05,train,test,True,1.5388231455421966,3034,3,1,Avv__D,AW__D
trimMA342_1200rpm_A__DW_11,trimMA342_1200rpm_Avv__D_11,train,train,False,1.5388799314587527,3035,2,3,A__DW,Avv__D
trimMA342_1200rpm_A__DW_07,trimMA342_1200rpm_Avv__Dvv_14,test,test,False,1.5390838814811394,3036,2,5,A__DW,Avv__Dvv
trimMA342_1200rpm_A__Dvv_09,trimMA342_1200rpm_A__DW_08,train,train,False,1.5392594695445296,3037,4,2,A__Dvv,A__DW
trimMA342_1200rpm_A__D_03,trimMA342_1200rpm_A__Dvv_03,train,validation,True,1.5393677436062134,3038,0,4,A__D,A__Dvv
trimMA342_1200rpm_A__D_03,trimMA342_1200rpm_Avv__D_04,train,validation,True,1.5394360118662709,3039,0,3,A__D,Avv__D
trimMA342_1200rpm_A__Dvv_07,trimMA342_1200rpm_A__DW_12,train,train,False,1.5400289221240444,3040,4,2,A__Dvv,A__DW
trimMA342_1200rpm_A__Dvv_04,trimMA342_1200rpm_A__DW_01,train,test,True,1.5400333516087434,3041,4,2,A__Dvv,A__DW
trimMA342_1200rpm_A__Dvv_00,trimMA342_1200rpm_A__DW_10,test,test,False,1.5402334000829327,3042,4,2,A__Dvv,A__DW
trimMA342_1200rpm_A__DW_05,trimMA342_1200rpm_Avv__Dvv_06,train,test,True,1.5404942485179507,3043,2,5,A__DW,Avv__Dvv
trimMA342_1200rpm_A__Dvv_03,trimMA342_1200rpm_A__DW_09,validation,train,True,1.540553201208067,3044,4,2,A__Dvv,A__DW
trimMA342_1200rpm_Avv__D_10,trimMA342_1200rpm_Avv__Dvv_01,train,train,False,1.5406124094992508,3045,3,5,Avv__D,Avv__Dvv
trimMA342_1200rpm_A__D_10,trimMA342_1200rpm_Avv__D_05,train,train,False,1.5407288358112317,3046,0,3,A__D,Avv__D
trimMA342_1200rpm_A__D_14,trimMA342_1200rpm_A__Dvv_10,test,test,False,1.5408232305407117,3047,0,4,A__D,A__Dvv
trimMA342_1200rpm_Avv__D_10,trimMA342_1200rpm_AW__D_04,train,train,False,1.5409855370288912,3048,3,1,Avv__D,AW__D
trimMA342_1200rpm_Avv__D_08,trimMA342_1200rpm_Avv__Dvv_15,train,train,False,1.5411611513310215,3049,3,5,Avv__D,Avv__Dvv
trimMA342_1200rpm_A__Dvv_08,trimMA342_1200rpm_A__DW_03,validation,test,True,1.5414850102950635,3050,4,2,A__Dvv,A__DW
trimMA342_1200rpm_A__D_12,trimMA342_1200rpm_Avv__D_01,validation,validation,False,1.5418737958197177,3051,0,3,A__D,Avv__D
trimMA342_1200rpm_A__DW_14,trimMA342_1200rpm_Avv__Dvv_13,train,train,False,1.5423751226939548,3052,2,5,A__DW,Avv__Dvv
trimMA342_1200rpm_A__DW_04,trimMA342_1200rpm_Avv__Dvv_04,validation,train,True,1.5423998119696323,3053,2,5,A__DW,Avv__Dvv
trimMA342_1200rpm_A__Dvv_05,trimMA342_1200rpm_A__DW_04,train,validation,True,1.5427322796568128,3054,4,2,A__Dvv,A__DW
trimMA342_1200rpm_A__D_14,trimMA342_1200rpm_AW__D_03,test,train,True,1.5428221694870146,3055,0,1,A__D,AW__D
trimMA342_1200rpm_A__Dvv_05,trimMA342_1200rpm_A__DW_12,train,train,False,1.5431202292365553,3056,4,2,A__Dvv,A__DW
trimMA342_1200rpm_A__DW_07,trimMA342_1200rpm_Avv__Dvv_02,test,train,True,1.5438709019302488,3057,2,5,A__DW,Avv__Dvv
trimMA342_1200rpm_A__D_07,trimMA342_1200rpm_Avv__Dvv_08,train,validation,True,1.5440735614418806,3058,0,5,A__D,Avv__Dvv
trimMA342_1200rpm_A__Dvv_12,trimMA342_1200rpm_A__DW_12,train,train,False,1.544100572348173,3059,4,2,A__Dvv,A__DW
trimMA342_1200rpm_Avv__D_07,trimMA342_1200rpm_Avv__Dvv_09,train,validation,True,1.5441408333161004,3060,3,5,Avv__D,Avv__Dvv
trimMA342_1200rpm_A__DW_03,trimMA342_1200rpm_Avv__Dvv_13,test,train,True,1.5445109938623338,3061,2,5,A__DW,Avv__Dvv
trimMA342_1200rpm_A__D_04,trimMA342_1200rpm_Avv__Dvv_11,validation,validation,False,1.5450138706615102,3062,0,5,A__D,Avv__Dvv
trimMA342_1200rpm_A__D_07,trimMA342_1200rpm_A__Dvv_01,train,train,False,1.5451849953826478,3063,0,4,A__D,A__Dvv
trimMA342_1200rpm_Avv__D_12,trimMA342_1200rpm_AW__D_05,test,test,False,1.5452377868187324,3064,3,1,Avv__D,AW__D
trimMA342_1200rpm_Avv__D_00,trimMA342_1200rpm_AW__D_02,test,train,True,1.545414262207248,3065,3,1,Avv__D,AW__D
trimMA342_1200rpm_A__D_07,trimMA342_1200rpm_Avv__D_03,train,train,False,1.5454434920483742,3066,0,3,A__D,Avv__D
trimMA342_1200rpm_Avv__D_08,trimMA342_1200rpm_AW__D_00,train,train,False,1.5460142188538628,3067,3,1,Avv__D,AW__D
trimMA342_1200rpm_Avv__Dvv_04,trimMA342_1200rpm_AW__D_05,train,test,True,1.5462120252009226,3068,5,1,Avv__Dvv,AW__D
trimMA342_1200rpm_A__D_05,trimMA342_1200rpm_A__Dvv_11,validation,validation,False,1.5473259062136973,3069,0,4,A__D,A__Dvv
trimMA342_1200rpm_A__D_01,trimMA342_1200rpm_A__D_04,test,validation,True,1.5474496276158798,3070,0,0,A__D,A__D
trimMA342_1200rpm_A__D_07,trimMA342_1200rpm_Avv__D_08,train,train,False,1.547513116915458,3071,0,3,A__D,Avv__D
trimMA342_1200rpm_A__D_11,trimMA342_1200rpm_AW__D_10,train,validation,True,1.5480310253895293,3072,0,1,A__D,AW__D
trimMA342_1200rpm_A__DW_06,trimMA342_1200rpm_Avv__D_09,validation,validation,False,1.548148747640588,3073,2,3,A__DW,Avv__D
trimMA342_1200rpm_A__Dvv_10,trimMA342_1200rpm_A__DW_15,test,validation,True,1.5484154117816027,3074,4,2,A__Dvv,A__DW
trimMA342_1200rpm_Avv__D_14,trimMA342_1200rpm_AW__D_00,validation,train,True,1.548891784769541,3075,3,1,Avv__D,AW__D
trimMA342_1200rpm_Avv__D_00,trimMA342_1200rpm_AW__D_01,test,validation,True,1.5495056861038032,3076,3,1,Avv__D,AW__D
trimMA342_1200rpm_A__D_13,trimMA342_1200rpm_A__Dvv_13,test,train,True,1.5495466870569503,3077,0,4,A__D,A__Dvv
trimMA342_1200rpm_A__D_08,trimMA342_1200rpm_A__Dvv_05,test,train,True,1.549878107000234,3078,0,4,A__D,A__Dvv
trimMA342_1200rpm_A__DW_07,trimMA342_1200rpm_Avv__Dvv_06,test,test,False,1.5501309400588208,3079,2,5,A__DW,Avv__Dvv
trimMA342_1200rpm_Avv__D_13,trimMA342_1200rpm_AW__D_04,test,train,True,1.550211287146091,3080,3,1,Avv__D,AW__D
trimMA342_1200rpm_A__D_14,trimMA342_1200rpm_A__Dvv_12,test,train,True,1.5507190455675555,3081,0,4,A__D,A__Dvv
trimMA342_1200rpm_A__Dvv_12,trimMA342_1200rpm_A__DW_08,train,train,False,1.5507478376608792,3082,4,2,A__Dvv,A__DW
trimMA342_1200rpm_A__DW_02,trimMA342_1200rpm_AW__D_07,validation,train,True,1.5508124939519348,3083,2,1,A__DW,AW__D
trimMA342_1200rpm_Avv__D_01,trimMA342_1200rpm_AW__D_08,validation,train,True,1.5509555556154517,3084,3,1,Avv__D,AW__D
trimMA342_1200rpm_A__D_14,trimMA342_1200rpm_Avv__Dvv_11,test,validation,True,1.5511597270202988,3085,0,5,A__D,Avv__Dvv
trimMA342_1200rpm_A__Dvv_00,trimMA342_1200rpm_A__DW_07,test,test,False,1.5513263479448822,3086,4,2,A__Dvv,A__DW
trimMA342_1200rpm_A__D_12,trimMA342_1200rpm_Avv__D_05,validation,train,True,1.551405300475805,3087,0,3,A__D,Avv__D
trimMA342_1200rpm_Avv__Dvv_13,trimMA342_1200rpm_AW__D_00,train,train,False,1.5514711235410854,3088,5,1,Avv__Dvv,AW__D
trimMA342_1200rpm_Avv__D_13,trimMA342_1200rpm_Avv__Dvv_01,test,train,True,1.5517167426500214,3089,3,5,Avv__D,Avv__Dvv
trimMA342_1200rpm_A__D_15,trimMA342_1200rpm_Avv__Dvv_11,train,validation,True,1.5518300875373263,3090,0,5,A__D,Avv__Dvv
trimMA342_1200rpm_A__D_14,trimMA342_1200rpm_Avv__Dvv_14,test,test,False,1.552013318943293,3091,0,5,A__D,Avv__Dvv
trimMA342_1200rpm_A__DW_08,trimMA342_1200rpm_Avv__Dvv_09,train,validation,True,1.552200763169139,3092,2,5,A__DW,Avv__Dvv
trimMA342_1200rpm_A__Dvv_08,trimMA342_1200rpm_AW__D_05,validation,test,True,1.5524679048110896,3093,4,1,A__Dvv,AW__D
trimMA342_1200rpm_A__Dvv_15,trimMA342_1200rpm_A__DW_13,train,train,False,1.553201251669357,3094,4,2,A__Dvv,A__DW
trimMA342_1200rpm_A__D_03,trimMA342_1200rpm_A__Dvv_01,train,train,False,1.5532671276619572,3095,0,4,A__D,A__Dvv
trimMA342_1200rpm_A__D_03,trimMA342_1200rpm_A__Dvv_05,train,train,False,1.553695612034737,3096,0,4,A__D,A__Dvv
trimMA342_1200rpm_Avv__D_07,trimMA342_1200rpm_AW__D_05,train,test,True,1.553865935996486,3097,3,1,Avv__D,AW__D
trimMA342_1200rpm_A__D_09,trimMA342_1200rpm_A__Dvv_06,train,validation,True,1.5540007222902101,3098,0,4,A__D,A__Dvv
trimMA342_1200rpm_Avv__Dvv_04,trimMA342_1200rpm_AW__D_00,train,train,False,1.554054416865661,3099,5,1,Avv__Dvv,AW__D
trimMA342_1200rpm_A__Dvv_06,trimMA342_1200rpm_A__DW_03,validation,test,True,1.5540796248825839,3100,4,2,A__Dvv,A__DW
trimMA342_1200rpm_A__D_10,trimMA342_1200rpm_Avv__Dvv_08,train,validation,True,1.554317110777878,3101,0,5,A__D,Avv__Dvv
trimMA342_1200rpm_A__D_11,trimMA342_1200rpm_A__Dvv_02,train,test,True,1.5546504561240084,3102,0,4,A__D,A__Dvv
trimMA342_1200rpm_A__Dvv_11,trimMA342_1200rpm_A__DW_12,validation,train,True,1.5546944999677037,3103,4,2,A__Dvv,A__DW
trimMA342_1200rpm_A__D_13,trimMA342_1200rpm_Avv__D_14,test,validation,True,1.5548698221449877,3104,0,3,A__D,Avv__D
trimMA342_1200rpm_A__D_05,trimMA342_1200rpm_AW__D_13,validation,test,True,1.5549184857627252,3105,0,1,A__D,AW__D
trimMA342_1200rpm_Avv__D_13,trimMA342_1200rpm_AW__D_09,test,validation,True,1.555271316789519,3106,3,1,Avv__D,AW__D
trimMA342_1200rpm_Avv__D_02,trimMA342_1200rpm_AW__D_05,train,test,True,1.5558090364529027,3107,3,1,Avv__D,AW__D
trimMA342_1200rpm_A__D_09,trimMA342_1200rpm_Avv__D_05,train,train,False,1.556233988149039,3108,0,3,A__D,Avv__D
trimMA342_1200rpm_A__Dvv_03,trimMA342_1200rpm_A__DW_02,validation,validation,False,1.5563479431108551,3109,4,2,A__Dvv,A__DW
trimMA342_1200rpm_A__Dvv_10,trimMA342_1200rpm_A__DW_11,test,train,True,1.5565258457175923,3110,4,2,A__Dvv,A__DW
trimMA342_1200rpm_A__DW_00,trimMA342_1200rpm_AW__D_02,train,train,False,1.5568911965184582,3111,2,1,A__DW,AW__D
trimMA342_1200rpm_A__D_07,trimMA342_1200rpm_AW__D_15,train,validation,True,1.557180914799205,3112,0,1,A__D,AW__D
trimMA342_1200rpm_Avv__Dvv_15,trimMA342_1200rpm_AW__D_00,train,train,False,1.5573020092083112,3113,5,1,Avv__Dvv,AW__D
trimMA342_1200rpm_A__DW_00,trimMA342_1200rpm_AW__D_15,train,validation,True,1.557377783268451,3114,2,1,A__DW,AW__D
trimMA342_1200rpm_A__Dvv_04,trimMA342_1200rpm_A__DW_15,train,validation,True,1.5582964832645543,3115,4,2,A__Dvv,A__DW
trimMA342_1200rpm_A__Dvv_13,trimMA342_1200rpm_A__DW_12,train,train,False,1.5584444583412969,3116,4,2,A__Dvv,A__DW
trimMA342_1200rpm_A__D_12,trimMA342_1200rpm_Avv__D_11,validation,train,True,1.55858508862768,3117,0,3,A__D,Avv__D
trimMA342_1200rpm_A__D_10,trimMA342_1200rpm_Avv__D_11,train,train,False,1.5590883068901389,3118,0,3,A__D,Avv__D
trimMA342_1200rpm_A__DW_01,trimMA342_1200rpm_AW__D_13,test,test,False,1.5591193046044396,3119,2,1,A__DW,AW__D
trimMA342_1200rpm_A__D_14,trimMA342_1200rpm_A__Dvv_11,test,validation,True,1.5592942633556934,3120,0,4,A__D,A__Dvv
trimMA342_1200rpm_A__D_09,trimMA342_1200rpm_A__Dvv_02,train,test,True,1.5593409531634834,3121,0,4,A__D,A__Dvv
trimMA342_1200rpm_A__DW_14,trimMA342_1200rpm_Avv__Dvv_05,train,train,False,1.5597299165341436,3122,2,5,A__DW,Avv__Dvv
trimMA342_1200rpm_A__D_10,trimMA342_1200rpm_Avv__D_10,train,train,False,1.5597925337154928,3123,0,3,A__D,Avv__D
trimMA342_1200rpm_Avv__D_10,trimMA342_1200rpm_Avv__Dvv_09,train,validation,True,1.5598505582676299,3124,3,5,Avv__D,Avv__Dvv
trimMA342_1200rpm_A__D_07,trimMA342_1200rpm_A__Dvv_09,train,train,False,1.5599413407575429,3125,0,4,A__D,A__Dvv
trimMA342_1200rpm_A__DW_13,trimMA342_1200rpm_Avv__Dvv_06,train,test,True,1.5601636008169537,3126,2,5,A__DW,Avv__Dvv
trimMA342_1200rpm_Avv__D_00,trimMA342_1200rpm_AW__D_00,test,train,True,1.5606357754988764,3127,3,1,Avv__D,AW__D
trimMA342_1200rpm_A__DW_01,trimMA342_1200rpm_AW__D_08,test,train,True,1.5606915194182949,3128,2,1,A__DW,AW__D
trimMA342_1200rpm_A__D_09,trimMA342_1200rpm_Avv__D_12,train,test,True,1.5607775937709383,3129,0,3,A__D,Avv__D
trimMA342_1200rpm_A__D_13,trimMA342_1200rpm_A__DW_02,test,validation,True,1.5607818551454369,3130,0,2,A__D,A__DW
trimMA342_1200rpm_A__DW_14,trimMA342_1200rpm_Avv__Dvv_09,train,validation,True,1.5607985776575892,3131,2,5,A__DW,Avv__Dvv
trimMA342_1200rpm_A__D_11,trimMA342_1200rpm_Avv__Dvv_05,train,train,False,1.5609763113748472,3132,0,5,A__D,Avv__Dvv
trimMA342_1200rpm_A__D_08,trimMA342_1200rpm_AW__D_12,test,train,True,1.5613622273843701,3133,0,1,A__D,AW__D
trimMA342_1200rpm_A__D_13,trimMA342_1200rpm_AW__D_14,test,train,True,1.5614253597993484,3134,0,1,A__D,AW__D
trimMA342_1200rpm_A__D_14,trimMA342_1200rpm_Avv__Dvv_03,test,train,True,1.5617502512420842,3135,0,5,A__D,Avv__Dvv
trimMA342_1200rpm_A__D_07,trimMA342_1200rpm_Avv__Dvv_10,train,test,True,1.5623213920194259,3136,0,5,A__D,Avv__Dvv
trimMA342_1200rpm_A__D_10,trimMA342_1200rpm_Avv__Dvv_00,train,test,True,1.5626715575567875,3137,0,5,A__D,Avv__Dvv
trimMA342_1200rpm_A__D_13,trimMA342_1200rpm_AW__D_10,test,validation,True,1.5629252877245823,3138,0,1,A__D,AW__D
trimMA342_1200rpm_A__D_04,trimMA342_1200rpm_Avv__D_06,validation,test,True,1.5635097178831956,3139,0,3,A__D,Avv__D
trimMA342_1200rpm_Avv__D_15,trimMA342_1200rpm_AW__D_08,train,train,False,1.5637049705892931,3140,3,1,Avv__D,AW__D
trimMA342_1200rpm_A__D_10,trimMA342_1200rpm_A__Dvv_03,train,validation,True,1.5637269365728288,3141,0,4,A__D,A__Dvv
trimMA342_1200rpm_A__D_11,trimMA342_1200rpm_AW__D_02,train,train,False,1.5641050202935214,3142,0,1,A__D,AW__D
trimMA342_1200rpm_A__DW_09,trimMA342_1200rpm_Avv__Dvv_06,train,test,True,1.5643386378333692,3143,2,5,A__DW,Avv__Dvv
trimMA342_1200rpm_A__Dvv_08,trimMA342_1200rpm_A__DW_11,validation,train,True,1.5648398989035266,3144,4,2,A__Dvv,A__DW
trimMA342_1200rpm_A__D_10,trimMA342_1200rpm_Avv__D_01,train,validation,True,1.565066902511811,3145,0,3,A__D,Avv__D
trimMA342_1200rpm_A__Dvv_07,trimMA342_1200rpm_A__DW_13,train,train,False,1.5656188516827207,3146,4,2,A__Dvv,A__DW
trimMA342_1200rpm_Avv__D_14,trimMA342_1200rpm_AW__D_08,validation,train,True,1.565959519459982,3147,3,1,Avv__D,AW__D
trimMA342_1200rpm_A__Dvv_00,trimMA342_1200rpm_Avv__Dvv_15,test,train,True,1.5660717970625235,3148,4,5,A__Dvv,Avv__Dvv
trimMA342_1200rpm_A__Dvv_14,trimMA342_1200rpm_A__DW_05,test,train,True,1.5663671612070067,3149,4,2,A__Dvv,A__DW
trimMA342_1200rpm_A__D_05,trimMA342_1200rpm_AW__D_15,validation,validation,False,1.5666483665586117,3150,0,1,A__D,AW__D
trimMA342_1200rpm_A__D_09,trimMA342_1200rpm_Avv__D_01,train,validation,True,1.5671120156984402,3151,0,3,A__D,Avv__D
trimMA342_1200rpm_A__DW_02,trimMA342_1200rpm_Avv__Dvv_02,validation,train,True,1.5676487026037564,3152,2,5,A__DW,Avv__Dvv
trimMA342_1200rpm_A__Dvv_08,trimMA342_1200rpm_A__DW_02,validation,validation,False,1.5677110654664634,3153,4,2,A__Dvv,A__DW
trimMA342_1200rpm_A__D_04,trimMA342_1200rpm_Avv__Dvv_02,validation,train,True,1.5678655721664,3154,0,5,A__D,Avv__Dvv
trimMA342_1200rpm_A__D_07,trimMA342_1200rpm_A__Dvv_08,train,validation,True,1.568423214167927,3155,0,4,A__D,A__Dvv
trimMA342_1200rpm_A__D_13,trimMA342_1200rpm_Avv__Dvv_05,test,train,True,1.5686221498704165,3156,0,5,A__D,Avv__Dvv
trimMA342_1200rpm_A__Dvv_07,trimMA342_1200rpm_A__DW_08,train,train,False,1.5687738673924763,3157,4,2,A__Dvv,A__DW
trimMA342_1200rpm_A__DW_02,trimMA342_1200rpm_Avv__Dvv_01,validation,train,True,1.5689326524424416,3158,2,5,A__DW,Avv__Dvv
trimMA342_1200rpm_A__DW_14,trimMA342_1200rpm_Avv__Dvv_03,train,train,False,1.5689400878146567,3159,2,5,A__DW,Avv__Dvv
trimMA342_1200rpm_A__D_08,trimMA342_1200rpm_Avv__D_11,test,train,True,1.5695242011190516,3160,0,3,A__D,Avv__D
trimMA342_1200rpm_A__DW_10,trimMA342_1200rpm_Avv__D_09,test,validation,True,1.5695607449417488,3161,2,3,A__DW,Avv__D
trimMA342_1200rpm_A__Dvv_11,trimMA342_1200rpm_A__DW_13,validation,train,True,1.5696373774779564,3162,4,2,A__Dvv,A__DW
trimMA342_1200rpm_A__DW_02,trimMA342_1200rpm_AW__D_14,validation,train,True,1.570407831139535,3163,2,1,A__DW,AW__D
trimMA342_1200rpm_A__DW_02,trimMA342_1200rpm_Avv__Dvv_06,validation,test,True,1.570781940193785,3164,2,5,A__DW,Avv__Dvv
trimMA342_1200rpm_A__D_10,trimMA342_1200rpm_AW__D_04,train,train,False,1.5708761460162008,3165,0,1,A__D,AW__D
trimMA342_1200rpm_A__D_07,trimMA342_1200rpm_A__Dvv_13,train,train,False,1.5712768497493337,3166,0,4,A__D,A__Dvv
trimMA342_1200rpm_A__Dvv_05,trimMA342_1200rpm_A__DW_07,train,test,True,1.5715836761053747,3167,4,2,A__Dvv,A__DW
trimMA342_1200rpm_A__D_07,trimMA342_1200rpm_A__Dvv_02,train,test,True,1.571965395625238,3168,0,4,A__D,A__Dvv
trimMA342_1200rpm_A__D_11,trimMA342_1200rpm_Avv__Dvv_14,train,test,True,1.5723936069158067,3169,0,5,A__D,Avv__Dvv
trimMA342_1200rpm_A__Dvv_13,trimMA342_1200rpm_A__DW_04,train,validation,True,1.5724011391866783,3170,4,2,A__Dvv,A__DW
trimMA342_1200rpm_Avv__Dvv_04,trimMA342_1200rpm_AW__D_11,train,test,True,1.5729697265280072,3171,5,1,Avv__Dvv,AW__D
trimMA342_1200rpm_A__D_05,trimMA342_1200rpm_Avv__Dvv_15,validation,train,True,1.5731382491836945,3172,0,5,A__D,Avv__Dvv
trimMA342_1200rpm_A__D_04,trimMA342_1200rpm_AW__D_06,validation,test,True,1.5733748616168237,3173,0,1,A__D,AW__D
trimMA342_1200rpm_A__D_04,trimMA342_1200rpm_A__Dvv_11,validation,validation,False,1.574100011291583,3174,0,4,A__D,A__Dvv
trimMA342_1200rpm_A__DW_11,trimMA342_1200rpm_Avv__D_03,train,train,False,1.5741360615378674,3175,2,3,A__DW,Avv__D
trimMA342_1200rpm_Avv__Dvv_15,trimMA342_1200rpm_AW__D_05,train,test,True,1.5743212394631843,3176,5,1,Avv__Dvv,AW__D
trimMA342_1200rpm_A__DW_04,trimMA342_1200rpm_Avv__Dvv_13,validation,train,True,1.5744140692548396,3177,2,5,A__DW,Avv__Dvv
trimMA342_1200rpm_A__DW_13,trimMA342_1200rpm_Avv__Dvv_14,train,test,True,1.5745838784016521,3178,2,5,A__DW,Avv__Dvv
trimMA342_1200rpm_A__D_04,trimMA342_1200rpm_AW__D_14,validation,train,True,1.5748058757827157,3179,0,1,A__D,AW__D
trimMA342_1200rpm_A__D_07,trimMA342_1200rpm_Avv__Dvv_00,train,test,True,1.5749896404541321,3180,0,5,A__D,Avv__Dvv
trimMA342_1200rpm_A__Dvv_12,trimMA342_1200rpm_A__DW_04,train,validation,True,1.5751090905554288,3181,4,2,A__Dvv,A__DW
trimMA342_1200rpm_A__DW_06,trimMA342_1200rpm_Avv__Dvv_15,validation,train,True,1.5760911051455893,3182,2,5,A__DW,Avv__Dvv
trimMA342_1200rpm_Avv__D_06,trimMA342_1200rpm_AW__D_00,test,train,True,1.57622240235297,3183,3,1,Avv__D,AW__D
trimMA342_1200rpm_A__D_12,trimMA342_1200rpm_Avv__D_15,validation,train,True,1.576595629493896,3184,0,3,A__D,Avv__D
trimMA342_1200rpm_A__D_09,trimMA342_1200rpm_A__Dvv_03,train,validation,True,1.5766030824409432,3185,0,4,A__D,A__Dvv
trimMA342_1200rpm_A__D_11,trimMA342_1200rpm_Avv__D_07,train,train,False,1.5767783312423695,3186,0,3,A__D,Avv__D
trimMA342_1200rpm_A__D_13,trimMA342_1200rpm_A__Dvv_02,test,test,False,1.5776106039003936,3187,0,4,A__D,A__Dvv
trimMA342_1200rpm_A__D_04,trimMA342_1200rpm_AW__D_07,validation,train,True,1.578842684320814,3188,0,1,A__D,AW__D
trimMA342_1200rpm_A__D_13,trimMA342_1200rpm_A__Dvv_15,test,train,True,1.5789087826136794,3189,0,4,A__D,A__Dvv
trimMA342_1200rpm_A__DW_01,trimMA342_1200rpm_AW__D_06,test,test,False,1.5791579030284106,3190,2,1,A__DW,AW__D
trimMA342_1200rpm_A__D_13,trimMA342_1200rpm_Avv__Dvv_09,test,validation,True,1.579179809138562,3191,0,5,A__D,Avv__Dvv
trimMA342_1200rpm_A__D_13,trimMA342_1200rpm_AW__D_13,test,test,False,1.5791910513312073,3192,0,1,A__D,AW__D
trimMA342_1200rpm_A__Dvv_02,trimMA342_1200rpm_A__DW_12,test,train,True,1.5794650640382377,3193,4,2,A__Dvv,A__DW
trimMA342_1200rpm_Avv__D_14,trimMA342_1200rpm_Avv__Dvv_01,validation,train,True,1.5795723526625436,3194,3,5,Avv__D,Avv__Dvv
trimMA342_1200rpm_A__D_14,trimMA342_1200rpm_AW__D_14,test,train,True,1.5796693136307391,3195,0,1,A__D,AW__D
trimMA342_1200rpm_A__D_07,trimMA342_1200rpm_Avv__D_05,train,train,False,1.580096189973277,3196,0,3,A__D,Avv__D
trimMA342_1200rpm_A__D_14,trimMA342_1200rpm_AW__D_13,test,test,False,1.5806556588798168,3197,0,1,A__D,AW__D
trimMA342_1200rpm_A__DW_05,trimMA342_1200rpm_Avv__D_09,train,validation,True,1.5807227032640576,3198,2,3,A__DW,Avv__D
trimMA342_1200rpm_A__D_05,trimMA342_1200rpm_Avv__Dvv_06,validation,test,True,1.5812827252108372,3199,0,5,A__D,Avv__Dvv
trimMA342_1200rpm_A__D_14,trimMA342_1200rpm_AW__D_07,test,train,True,1.5813699263550662,3200,0,1,A__D,AW__D
trimMA342_1200rpm_A__D_15,trimMA342_1200rpm_Avv__Dvv_03,train,train,False,1.5816474196519876,3201,0,5,A__D,Avv__Dvv
trimMA342_1200rpm_A__D_04,trimMA342_1200rpm_A__Dvv_15,validation,train,True,1.5823656614570105,3202,0,4,A__D,A__Dvv
trimMA342_1200rpm_Avv__D_07,trimMA342_1200rpm_AW__D_04,train,train,False,1.5827905625472098,3203,3,1,Avv__D,AW__D
trimMA342_1200rpm_A__Dvv_05,trimMA342_1200rpm_A__DW_02,train,validation,True,1.5833829216631337,3204,4,2,A__Dvv,A__DW
trimMA342_1200rpm_A__D_04,trimMA342_1200rpm_Avv__Dvv_03,validation,train,True,1.5845431481244132,3205,0,5,A__D,Avv__Dvv
trimMA342_1200rpm_A__Dvv_02,trimMA342_1200rpm_A__DW_09,test,train,True,1.5846632999581425,3206,4,2,A__Dvv,A__DW
trimMA342_1200rpm_A__D_13,trimMA342_1200rpm_AW__D_06,test,test,False,1.5851142300315548,3207,0,1,A__D,AW__D
trimMA342_1200rpm_A__D_11,trimMA342_1200rpm_AW__D_06,train,test,True,1.585295993323726,3208,0,1,A__D,AW__D
trimMA342_1200rpm_A__Dvv_08,trimMA342_1200rpm_A__DW_07,validation,test,True,1.5853805308884583,3209,4,2,A__Dvv,A__DW
trimMA342_1200rpm_A__Dvv_15,trimMA342_1200rpm_A__DW_10,train,test,True,1.5854331120332732,3210,4,2,A__Dvv,A__DW
trimMA342_1200rpm_A__D_07,trimMA342_1200rpm_Avv__D_12,train,test,True,1.5858349324716037,3211,0,3,A__D,Avv__D
trimMA342_1200rpm_A__D_05,trimMA342_1200rpm_Avv__Dvv_05,validation,train,True,1.5863052101990058,3212,0,5,A__D,Avv__Dvv
trimMA342_1200rpm_A__D_04,trimMA342_1200rpm_A__Dvv_10,validation,test,True,1.5864027964739302,3213,0,4,A__D,A__Dvv
trimMA342_1200rpm_A__Dvv_03,trimMA342_1200rpm_A__DW_08,validation,train,True,1.5864278269084697,3214,4,2,A__Dvv,A__DW
trimMA342_1200rpm_A__D_07,trimMA342_1200rpm_Avv__Dvv_12,train,train,False,1.586830844695348,3215,0,5,A__D,Avv__Dvv
trimMA342_1200rpm_A__D_09,trimMA342_1200rpm_Avv__D_00,train,test,True,1.5868515211321719,3216,0,3,A__D,Avv__D
trimMA342_1200rpm_A__Dvv_10,trimMA342_1200rpm_A__DW_10,test,test,False,1.5869127684126907,3217,4,2,A__Dvv,A__DW
trimMA342_1200rpm_Avv__D_14,trimMA342_1200rpm_AW__D_01,validation,validation,False,1.5869316822651323,3218,3,1,Avv__D,AW__D
trimMA342_1200rpm_Avv__D_01,trimMA342_1200rpm_AW__D_00,validation,train,True,1.587029241977723,3219,3,1,Avv__D,AW__D
trimMA342_1200rpm_A__D_13,trimMA342_1200rpm_A__Dvv_14,test,test,False,1.5873947379520479,3220,0,4,A__D,A__Dvv
trimMA342_1200rpm_A__D_14,trimMA342_1200rpm_Avv__D_14,test,validation,True,1.5880231906422528,3221,0,3,A__D,Avv__D
trimMA342_1200rpm_A__D_08,trimMA342_1200rpm_AW__D_04,test,train,True,1.5883427408073876,3222,0,1,A__D,AW__D
trimMA342_1200rpm_A__D_13,trimMA342_1200rpm_A__Dvv_12,test,train,True,1.588400374326278,3223,0,4,A__D,A__Dvv
trimMA342_1200rpm_A__DW_11,trimMA342_1200rpm_Avv__D_06,train,test,True,1.5884266894632504,3224,2,3,A__DW,Avv__D
trimMA342_1200rpm_A__D_07,trimMA342_1200rpm_AW__D_03,train,train,False,1.5886354264573839,3225,0,1,A__D,AW__D
trimMA342_1200rpm_A__D_15,trimMA342_1200rpm_Avv__Dvv_13,train,train,False,1.5886760418624144,3226,0,5,A__D,Avv__Dvv
trimMA342_1200rpm_A__DW_02,trimMA342_1200rpm_Avv__Dvv_14,validation,test,True,1.5888288613482342,3227,2,5,A__DW,Avv__Dvv
trimMA342_1200rpm_A__D_11,trimMA342_1200rpm_AW__D_13,train,test,True,1.5889812094960007,3228,0,1,A__D,AW__D
trimMA342_1200rpm_A__DW_10,trimMA342_1200rpm_Avv__D_04,test,validation,True,1.589079939887693,3229,2,3,A__DW,Avv__D
trimMA342_1200rpm_A__D_13,trimMA342_1200rpm_Avv__Dvv_12,test,train,True,1.589158419613736,3230,0,5,A__D,Avv__Dvv
trimMA342_1200rpm_A__D_11,trimMA342_1200rpm_A__Dvv_13,train,train,False,1.589244432724678,3231,0,4,A__D,A__Dvv
trimMA342_1200rpm_A__D_12,trimMA342_1200rpm_Avv__Dvv_07,validation,validation,False,1.5896588086836811,3232,0,5,A__D,Avv__Dvv
trimMA342_1200rpm_A__DW_09,trimMA342_1200rpm_Avv__Dvv_13,train,train,False,1.5901258450664204,3233,2,5,A__DW,Avv__Dvv
trimMA342_1200rpm_A__Dvv_02,trimMA342_1200rpm_A__DW_03,test,test,False,1.5901871613820895,3234,4,2,A__Dvv,A__DW
trimMA342_1200rpm_A__D_15,trimMA342_1200rpm_Avv__Dvv_02,train,train,False,1.5902505074806434,3235,0,5,A__D,Avv__Dvv
trimMA342_1200rpm_A__Dvv_02,trimMA342_1200rpm_A__DW_07,test,test,False,1.5902682744785268,3236,4,2,A__Dvv,A__DW
trimMA342_1200rpm_A__Dvv_09,trimMA342_1200rpm_A__DW_03,train,test,True,1.5902730228774653,3237,4,2,A__Dvv,A__DW
trimMA342_1200rpm_A__D_05,trimMA342_1200rpm_Avv__Dvv_09,validation,validation,False,1.5902970842812545,3238,0,5,A__D,Avv__Dvv
trimMA342_1200rpm_A__D_07,trimMA342_1200rpm_Avv__D_13,train,test,True,1.590397251017184,3239,0,3,A__D,Avv__D
trimMA342_1200rpm_A__DW_06,trimMA342_1200rpm_Avv__D_11,validation,train,True,1.5908139092496432,3240,2,3,A__DW,Avv__D
trimMA342_1200rpm_A__Dvv_14,trimMA342_1200rpm_A__DW_13,test,train,True,1.5911444921291107,3241,4,2,A__Dvv,A__DW
trimMA342_1200rpm_A__D_08,trimMA342_1200rpm_AW__D_02,test,train,True,1.591165632297198,3242,0,1,A__D,AW__D
trimMA342_1200rpm_A__D_06,trimMA342_1200rpm_AW__D_04,train,train,False,1.5911888794693865,3243,0,1,A__D,AW__D
trimMA342_1200rpm_A__Dvv_10,trimMA342_1200rpm_A__DW_03,test,test,False,1.5912987626181674,3244,4,2,A__Dvv,A__DW
trimMA342_1200rpm_A__D_06,trimMA342_1200rpm_AW__D_02,train,train,False,1.591299275883878,3245,0,1,A__D,AW__D
trimMA342_1200rpm_A__Dvv_01,trimMA342_1200rpm_A__DW_14,train,train,False,1.5917881153038729,3246,4,2,A__Dvv,A__DW
trimMA342_1200rpm_A__D_04,trimMA342_1200rpm_Avv__Dvv_00,validation,test,True,1.5920340981451442,3247,0,5,A__D,Avv__Dvv
trimMA342_1200rpm_A__DW_06,trimMA342_1200rpm_Avv__D_04,validation,validation,False,1.5921230116182272,3248,2,3,A__DW,Avv__D
trimMA342_1200rpm_A__D_09,trimMA342_1200rpm_Avv__Dvv_10,train,test,True,1.5921704167780701,3249,0,5,A__D,Avv__Dvv
trimMA342_1200rpm_A__Dvv_02,trimMA342_1200rpm_A__DW_08,test,train,True,1.5925744136564488,3250,4,2,A__Dvv,A__DW
trimMA342_1200rpm_A__D_06,trimMA342_1200rpm_A__Dvv_07,train,train,False,1.5929332268059007,3251,0,4,A__D,A__Dvv
trimMA342_1200rpm_A__Dvv_12,trimMA342_1200rpm_A__DW_14,train,train,False,1.5932019195577205,3252,4,2,A__Dvv,A__DW
trimMA342_1200rpm_A__D_12,trimMA342_1200rpm_A__Dvv_13,validation,train,True,1.5933360974339457,3253,0,4,A__D,A__Dvv
trimMA342_1200rpm_A__D_08,trimMA342_1200rpm_A__Dvv_08,test,validation,True,1.5942120744311217,3254,0,4,A__D,A__Dvv
trimMA342_1200rpm_A__D_06,trimMA342_1200rpm_A__Dvv_04,train,train,False,1.5944377102227494,3255,0,4,A__D,A__Dvv
trimMA342_1200rpm_A__D_09,trimMA342_1200rpm_A__Dvv_13,train,train,False,1.5944646745622135,3256,0,4,A__D,A__Dvv
trimMA342_1200rpm_A__DW_14,trimMA342_1200rpm_Avv__Dvv_08,train,validation,True,1.5950943935800301,3257,2,5,A__DW,Avv__Dvv
trimMA342_1200rpm_A__Dvv_15,trimMA342_1200rpm_A__DW_07,train,test,True,1.5952292082266886,3258,4,2,A__Dvv,A__DW
trimMA342_1200rpm_A__D_14,trimMA342_1200rpm_A__Dvv_15,test,train,True,1.5952697450966022,3259,0,4,A__D,A__Dvv
trimMA342_1200rpm_A__Dvv_07,trimMA342_1200rpm_A__DW_15,train,validation,True,1.595313157892128,3260,4,2,A__Dvv,A__DW
trimMA342_1200rpm_A__DW_11,trimMA342_1200rpm_Avv__D_13,train,test,True,1.5955241332306707,3261,2,3,A__DW,Avv__D
trimMA342_1200rpm_A__D_15,trimMA342_1200rpm_A__DW_03,train,test,True,1.595573388789506,3262,0,2,A__D,A__DW
trimMA342_1200rpm_A__D_07,trimMA342_1200rpm_AW__D_14,train,train,False,1.5957671302783454,3263,0,1,A__D,AW__D
trimMA342_1200rpm_A__Dvv_10,trimMA342_1200rpm_A__DW_04,test,validation,True,1.5961316813037387,3264,4,2,A__Dvv,A__DW
trimMA342_1200rpm_A__Dvv_09,trimMA342_1200rpm_A__DW_07,train,test,True,1.5965838670430734,3265,4,2,A__Dvv,A__DW
trimMA342_1200rpm_A__D_10,trimMA342_1200rpm_Avv__D_07,train,train,False,1.5966107895299682,3266,0,3,A__D,Avv__D
trimMA342_1200rpm_A__D_08,trimMA342_1200rpm_Avv__D_01,test,validation,True,1.596674695761599,3267,0,3,A__D,Avv__D
trimMA342_1200rpm_A__D_11,trimMA342_1200rpm_A__Dvv_15,train,train,False,1.5969898438094376,3268,0,4,A__D,A__Dvv
trimMA342_1200rpm_A__D_15,trimMA342_1200rpm_AW__D_07,train,train,False,1.5971043315039881,3269,0,1,A__D,AW__D
trimMA342_1200rpm_A__D_08,trimMA342_1200rpm_Avv__Dvv_00,test,test,False,1.597236004852191,3270,0,5,A__D,Avv__Dvv
trimMA342_1200rpm_A__Dvv_00,trimMA342_1200rpm_A__DW_01,test,test,False,1.597315258673589,3271,4,2,A__Dvv,A__DW
trimMA342_1200rpm_A__D_13,trimMA342_1200rpm_AW__D_05,test,test,False,1.5975486734088296,3272,0,1,A__D,AW__D
trimMA342_1200rpm_A__D_11,trimMA342_1200rpm_A__Dvv_10,train,test,True,1.598327557470697,3273,0,4,A__D,A__Dvv
trimMA342_1200rpm_A__D_05,trimMA342_1200rpm_AW__D_11,validation,test,True,1.5989959837420096,3274,0,1,A__D,AW__D
trimMA342_1200rpm_A__D_13,trimMA342_1200rpm_Avv__Dvv_06,test,test,False,1.599062407525835,3275,0,5,A__D,Avv__Dvv
trimMA342_1200rpm_A__Dvv_07,trimMA342_1200rpm_A__DW_01,train,test,True,1.5992907166475636,3276,4,2,A__Dvv,A__DW
trimMA342_1200rpm_A__Dvv_14,trimMA342_1200rpm_A__DW_07,test,test,False,1.599479412303897,3277,4,2,A__Dvv,A__DW
trimMA342_1200rpm_A__D_12,trimMA342_1200rpm_A__Dvv_03,validation,validation,False,1.600142422341346,3278,0,4,A__D,A__Dvv
trimMA342_1200rpm_A__D_04,trimMA342_1200rpm_Avv__Dvv_09,validation,validation,False,1.6002027013064781,3279,0,5,A__D,Avv__Dvv
trimMA342_1200rpm_A__DW_06,trimMA342_1200rpm_Avv__Dvv_04,validation,train,True,1.6005128624930296,3280,2,5,A__DW,Avv__Dvv
trimMA342_1200rpm_A__D_07,trimMA342_1200rpm_Avv__Dvv_09,train,validation,True,1.6005721778637843,3281,0,5,A__D,Avv__Dvv
trimMA342_1200rpm_A__DW_01,trimMA342_1200rpm_Avv__Dvv_07,test,validation,True,1.600892163106727,3282,2,5,A__DW,Avv__Dvv
trimMA342_1200rpm_A__Dvv_15,trimMA342_1200rpm_A__DW_12,train,train,False,1.6010060648591597,3283,4,2,A__Dvv,A__DW
trimMA342_1200rpm_A__D_12,trimMA342_1200rpm_AW__D_15,validation,validation,False,1.6013208129034613,3284,0,1,A__D,AW__D
trimMA342_1200rpm_Avv__D_13,trimMA342_1200rpm_AW__D_08,test,train,True,1.6016314209483338,3285,3,1,Avv__D,AW__D
trimMA342_1200rpm_Avv__D_07,trimMA342_1200rpm_AW__D_00,train,train,False,1.6018264647535687,3286,3,1,Avv__D,AW__D
trimMA342_1200rpm_A__Dvv_08,trimMA342_1200rpm_A__DW_08,validation,train,True,1.601988563205134,3287,4,2,A__Dvv,A__DW
trimMA342_1200rpm_A__D_10,trimMA342_1200rpm_Avv__D_08,train,train,False,1.6025134357843493,3288,0,3,A__D,Avv__D
trimMA342_1200rpm_A__D_12,trimMA342_1200rpm_Avv__Dvv_00,validation,test,True,1.603239831253988,3289,0,5,A__D,Avv__Dvv
trimMA342_1200rpm_A__D_11,trimMA342_1200rpm_A__Dvv_14,train,test,True,1.60324915792728,3290,0,4,A__D,A__Dvv
trimMA342_1200rpm_A__Dvv_03,trimMA342_1200rpm_A__DW_14,validation,train,True,1.6032661381904465,3291,4,2,A__Dvv,A__DW
trimMA342_1200rpm_A__DW_09,trimMA342_1200rpm_Avv__Dvv_14,train,test,True,1.6032856079945117,3292,2,5,A__DW,Avv__Dvv
trimMA342_1200rpm_A__D_10,trimMA342_1200rpm_Avv__Dvv_10,train,test,True,1.6035959780324347,3293,0,5,A__D,Avv__Dvv
trimMA342_1200rpm_Avv__D_14,trimMA342_1200rpm_AW__D_04,validation,train,True,1.6037026522527809,3294,3,1,Avv__D,AW__D
trimMA342_1200rpm_A__D_10,trimMA342_1200rpm_AW__D_02,train,train,False,1.604808429931111,3295,0,1,A__D,AW__D
trimMA342_1200rpm_Avv__D_15,trimMA342_1200rpm_AW__D_04,train,train,False,1.6048524710961276,3296,3,1,Avv__D,AW__D
trimMA342_1200rpm_A__Dvv_11,trimMA342_1200rpm_A__DW_05,validation,train,True,1.6050544406190705,3297,4,2,A__Dvv,A__DW
trimMA342_1200rpm_A__D_07,trimMA342_1200rpm_AW__D_01,train,validation,True,1.6051690384573352,3298,0,1,A__D,AW__D
trimMA342_1200rpm_A__DW_11,trimMA342_1200rpm_Avv__D_04,train,validation,True,1.6051898614255045,3299,2,3,A__DW,Avv__D
trimMA342_1200rpm_A__D_03,trimMA342_1200rpm_Avv__D_09,train,validation,True,1.6055519620832448,3300,0,3,A__D,Avv__D
trimMA342_1200rpm_A__Dvv_08,trimMA342_1200rpm_A__DW_06,validation,validation,False,1.6058350194342401,3301,4,2,A__Dvv,A__DW
trimMA342_1200rpm_A__D_11,trimMA342_1200rpm_Avv__Dvv_12,train,train,False,1.6064936811324673,3302,0,5,A__D,Avv__Dvv
trimMA342_1200rpm_A__Dvv_09,trimMA342_1200rpm_A__DW_02,train,validation,True,1.6064952371532293,3303,4,2,A__Dvv,A__DW
trimMA342_1200rpm_A__D_11,trimMA342_1200rpm_Avv__Dvv_09,train,validation,True,1.6067456643442346,3304,0,5,A__D,Avv__Dvv
trimMA342_1200rpm_A__D_05,trimMA342_1200rpm_AW__D_00,validation,train,True,1.6069607989840147,3305,0,1,A__D,AW__D
trimMA342_1200rpm_A__D_03,trimMA342_1200rpm_Avv__D_00,train,test,True,1.6074193721754662,3306,0,3,A__D,Avv__D
trimMA342_1200rpm_A__Dvv_11,trimMA342_1200rpm_A__DW_09,validation,train,True,1.6077760592444983,3307,4,2,A__Dvv,A__DW
trimMA342_1200rpm_Avv__D_07,trimMA342_1200rpm_Avv__Dvv_01,train,train,False,1.6080414224472108,3308,3,5,Avv__D,Avv__Dvv
trimMA342_1200rpm_A__Dvv_00,trimMA342_1200rpm_A__DW_11,test,train,True,1.6083979313436558,3309,4,2,A__Dvv,A__DW
trimMA342_1200rpm_A__D_12,trimMA342_1200rpm_Avv__Dvv_09,validation,validation,False,1.6089020726066978,3310,0,5,A__D,Avv__Dvv
trimMA342_1200rpm_A__D_12,trimMA342_1200rpm_Avv__D_13,validation,test,True,1.6092186284759147,3311,0,3,A__D,Avv__D
trimMA342_1200rpm_Avv__D_00,trimMA342_1200rpm_Avv__Dvv_04,test,train,True,1.6094175988188668,3312,3,5,Avv__D,Avv__Dvv
trimMA342_1200rpm_A__D_04,trimMA342_1200rpm_Avv__Dvv_13,validation,train,True,1.6095520275796853,3313,0,5,A__D,Avv__Dvv
trimMA342_1200rpm_A__Dvv_12,trimMA342_1200rpm_A__DW_07,train,test,True,1.609602815865245,3314,4,2,A__Dvv,A__DW
trimMA342_1200rpm_A__DW_07,trimMA342_1200rpm_Avv__D_09,test,validation,True,1.6097205078482866,3315,2,3,A__DW,Avv__D
trimMA342_1200rpm_A__Dvv_15,trimMA342_1200rpm_A__DW_04,train,validation,True,1.609729590719678,3316,4,2,A__Dvv,A__DW
trimMA342_1200rpm_A__DW_05,trimMA342_1200rpm_Avv__Dvv_04,train,train,False,1.6102048432507825,3317,2,5,A__DW,Avv__Dvv
trimMA342_1200rpm_A__D_08,trimMA342_1200rpm_Avv__D_04,test,validation,True,1.6102736164176719,3318,0,3,A__D,Avv__D
trimMA342_1200rpm_A__DW_06,trimMA342_1200rpm_Avv__D_05,validation,train,True,1.6110601437880645,3319,2,3,A__DW,Avv__D
trimMA342_1200rpm_A__D_10,trimMA342_1200rpm_AW__D_03,train,train,False,1.6117711712035971,3320,0,1,A__D,AW__D
trimMA342_1200rpm_A__D_12,trimMA342_1200rpm_Avv__D_02,validation,train,True,1.6118221792799912,3321,0,3,A__D,Avv__D
trimMA342_1200rpm_A__D_04,trimMA342_1200rpm_Avv__Dvv_06,validation,test,True,1.6119536243195243,3322,0,5,A__D,Avv__Dvv
trimMA342_1200rpm_A__D_10,trimMA342_1200rpm_AW__D_15,train,validation,True,1.6119869721496776,3323,0,1,A__D,AW__D
trimMA342_1200rpm_A__Dvv_10,trimMA342_1200rpm_A__DW_08,test,train,True,1.611989183317118,3324,4,2,A__Dvv,A__DW
trimMA342_1200rpm_A__DW_01,trimMA342_1200rpm_Avv__Dvv_13,test,train,True,1.6123847719193662,3325,2,5,A__DW,Avv__Dvv
trimMA342_1200rpm_A__DW_05,trimMA342_1200rpm_Avv__Dvv_15,train,train,False,1.6123942478451645,3326,2,5,A__DW,Avv__Dvv
trimMA342_1200rpm_A__Dvv_12,trimMA342_1200rpm_A__DW_03,train,test,True,1.612691432684276,3327,4,2,A__Dvv,A__DW
trimMA342_1200rpm_A__D_09,trimMA342_1200rpm_Avv__D_11,train,train,False,1.6129534633024767,3328,0,3,A__D,Avv__D
trimMA342_1200rpm_A__DW_14,trimMA342_1200rpm_Avv__Dvv_14,train,test,True,1.6130345675180577,3329,2,5,A__DW,Avv__Dvv
trimMA342_1200rpm_A__Dvv_01,trimMA342_1200rpm_A__DW_01,train,test,True,1.6137229947915666,3330,4,2,A__Dvv,A__DW
trimMA342_1200rpm_A__DW_10,trimMA342_1200rpm_Avv__D_11,test,train,True,1.6142705533808452,3331,2,3,A__DW,Avv__D
trimMA342_1200rpm_A__D_10,trimMA342_1200rpm_A__Dvv_13,train,train,False,1.6144444181525002,3332,0,4,A__D,A__Dvv
trimMA342_1200rpm_A__Dvv_00,trimMA342_1200rpm_A__DW_00,test,train,True,1.6145242848367967,3333,4,2,A__Dvv,A__DW
trimMA342_1200rpm_A__D_09,trimMA342_1200rpm_AW__D_04,train,train,False,1.6156589808698545,3334,0,1,A__D,AW__D
trimMA342_1200rpm_A__D_09,trimMA342_1200rpm_Avv__D_03,train,train,False,1.615745301815919,3335,0,3,A__D,Avv__D
trimMA342_1200rpm_A__Dvv_04,trimMA342_1200rpm_A__DW_08,train,train,False,1.6158344005995506,3336,4,2,A__Dvv,A__DW
trimMA342_1200rpm_A__Dvv_05,trimMA342_1200rpm_A__DW_08,train,train,False,1.6164664945095586,3337,4,2,A__Dvv,A__DW
trimMA342_1200rpm_Avv__D_00,trimMA342_1200rpm_Avv__Dvv_01,test,train,True,1.616836588645952,3338,3,5,Avv__D,Avv__Dvv
trimMA342_1200rpm_A__D_07,trimMA342_1200rpm_Avv__D_14,train,validation,True,1.6175283873451718,3339,0,3,A__D,Avv__D
trimMA342_1200rpm_A__D_07,trimMA342_1200rpm_Avv__D_10,train,train,False,1.618532051132291,3340,0,3,A__D,Avv__D
trimMA342_1200rpm_A__D_14,trimMA342_1200rpm_A__DW_02,test,validation,True,1.618569739315405,3341,0,2,A__D,A__DW
trimMA342_1200rpm_A__D_10,trimMA342_1200rpm_Avv__Dvv_07,train,validation,True,1.618720384592937,3342,0,5,A__D,Avv__Dvv
trimMA342_1200rpm_A__D_08,trimMA342_1200rpm_A__Dvv_03,test,validation,True,1.6188930954466152,3343,0,4,A__D,A__Dvv
trimMA342_1200rpm_A__DW_11,trimMA342_1200rpm_Avv__D_02,train,train,False,1.618947831718646,3344,2,3,A__DW,Avv__D
trimMA342_1200rpm_A__D_10,trimMA342_1200rpm_AW__D_01,train,validation,True,1.6194807163595442,3345,0,1,A__D,AW__D
trimMA342_1200rpm_A__D_11,trimMA342_1200rpm_AW__D_14,train,train,False,1.619800083586494,3346,0,1,A__D,AW__D
trimMA342_1200rpm_A__D_08,trimMA342_1200rpm_Avv__D_10,test,train,True,1.6199257423234046,3347,0,3,A__D,Avv__D
trimMA342_1200rpm_A__DW_15,trimMA342_1200rpm_Avv__D_11,validation,train,True,1.619936634524689,3348,2,3,A__DW,Avv__D
trimMA342_1200rpm_A__DW_02,trimMA342_1200rpm_Avv__Dvv_03,validation,train,True,1.6199881696746135,3349,2,5,A__DW,Avv__Dvv
trimMA342_1200rpm_A__D_14,trimMA342_1200rpm_Avv__D_06,test,test,False,1.6203861744909442,3350,0,3,A__D,Avv__D
trimMA342_1200rpm_A__D_08,trimMA342_1200rpm_AW__D_01,test,validation,True,1.6206034956967448,3351,0,1,A__D,AW__D
trimMA342_1200rpm_A__DW_10,trimMA342_1200rpm_Avv__D_05,test,train,True,1.6207160278163097,3352,2,3,A__DW,Avv__D
trimMA342_1200rpm_A__D_03,trimMA342_1200rpm_A__Dvv_06,train,validation,True,1.6207899922347793,3353,0,4,A__D,A__Dvv
trimMA342_1200rpm_A__D_08,trimMA342_1200rpm_Avv__D_02,test,train,True,1.6209111092429198,3354,0,3,A__D,Avv__D
trimMA342_1200rpm_A__DW_02,trimMA342_1200rpm_Avv__Dvv_13,validation,train,True,1.6213527757036126,3355,2,5,A__DW,Avv__Dvv
trimMA342_1200rpm_A__Dvv_10,trimMA342_1200rpm_A__DW_13,test,train,True,1.6222816451835262,3356,4,2,A__Dvv,A__DW
trimMA342_1200rpm_A__D_05,trimMA342_1200rpm_AW__D_02,validation,train,True,1.6222823702600933,3357,0,1,A__D,AW__D
trimMA342_1200rpm_A__DW_06,trimMA342_1200rpm_Avv__D_06,validation,test,True,1.6226166317327504,3358,2,3,A__DW,Avv__D
trimMA342_1200rpm_A__DW_01,trimMA342_1200rpm_Avv__Dvv_08,test,validation,True,1.622632979830962,3359,2,5,A__DW,Avv__Dvv
trimMA342_1200rpm_A__Dvv_10,trimMA342_1200rpm_A__DW_12,test,train,True,1.6226620124896818,3360,4,2,A__Dvv,A__DW
trimMA342_1200rpm_Avv__D_13,trimMA342_1200rpm_AW__D_05,test,test,False,1.622864322673168,3361,3,1,Avv__D,AW__D
trimMA342_1200rpm_A__D_11,trimMA342_1200rpm_Avv__D_14,train,validation,True,1.623030669066415,3362,0,3,A__D,Avv__D
trimMA342_1200rpm_A__Dvv_10,trimMA342_1200rpm_A__DW_07,test,test,False,1.6232080899645973,3363,4,2,A__Dvv,A__DW
trimMA342_1200rpm_A__D_03,trimMA342_1200rpm_Avv__D_11,train,train,False,1.6235646738441498,3364,0,3,A__D,Avv__D
trimMA342_1200rpm_A__D_08,trimMA342_1200rpm_Avv__Dvv_07,test,validation,True,1.6237172840658647,3365,0,5,A__D,Avv__Dvv
trimMA342_1200rpm_A__Dvv_13,trimMA342_1200rpm_A__DW_13,train,train,False,1.6239402940893801,3366,4,2,A__Dvv,A__DW
trimMA342_1200rpm_A__D_12,trimMA342_1200rpm_Avv__D_10,validation,train,True,1.624724140043136,3367,0,3,A__D,Avv__D
trimMA342_1200rpm_A__D_11,trimMA342_1200rpm_Avv__D_06,train,test,True,1.6247403154400093,3368,0,3,A__D,Avv__D
trimMA342_1200rpm_A__D_08,trimMA342_1200rpm_Avv__D_05,test,train,True,1.624921351606374,3369,0,3,A__D,Avv__D
trimMA342_1200rpm_A__D_04,trimMA342_1200rpm_AW__D_00,validation,train,True,1.6249234971838904,3370,0,1,A__D,AW__D
trimMA342_1200rpm_A__D_07,trimMA342_1200rpm_AW__D_04,train,train,False,1.6250995109308017,3371,0,1,A__D,AW__D
trimMA342_1200rpm_A__D_13,trimMA342_1200rpm_Avv__Dvv_14,test,test,False,1.625431318458454,3372,0,5,A__D,Avv__Dvv
trimMA342_1200rpm_A__D_09,trimMA342_1200rpm_Avv__D_07,train,train,False,1.6256223932057756,3373,0,3,A__D,Avv__D
trimMA342_1200rpm_A__D_07,trimMA342_1200rpm_Avv__D_15,train,train,False,1.6259309581772028,3374,0,3,A__D,Avv__D
trimMA342_1200rpm_A__DW_15,trimMA342_1200rpm_Avv__D_04,validation,validation,False,1.6261322626822374,3375,2,3,A__DW,Avv__D
trimMA342_1200rpm_A__D_12,trimMA342_1200rpm_Avv__Dvv_05,validation,train,True,1.6261521026381776,3376,0,5,A__D,Avv__Dvv
trimMA342_1200rpm_A__D_12,trimMA342_1200rpm_Avv__Dvv_08,validation,validation,False,1.6263834205565233,3377,0,5,A__D,Avv__Dvv
trimMA342_1200rpm_A__Dvv_08,trimMA342_1200rpm_A__DW_10,validation,test,True,1.6266526020125678,3378,4,2,A__Dvv,A__DW
trimMA342_1200rpm_A__Dvv_05,trimMA342_1200rpm_A__DW_09,train,train,False,1.6272142007992354,3379,4,2,A__Dvv,A__DW
trimMA342_1200rpm_A__DW_12,trimMA342_1200rpm_Avv__D_04,train,validation,True,1.627224947303698,3380,2,3,A__DW,Avv__D
trimMA342_1200rpm_A__D_08,trimMA342_1200rpm_Avv__D_08,test,train,True,1.6276625853352635,3381,0,3,A__D,Avv__D
trimMA342_1200rpm_A__Dvv_11,trimMA342_1200rpm_A__DW_07,validation,test,True,1.627719480370149,3382,4,2,A__Dvv,A__DW
trimMA342_1200rpm_A__D_07,trimMA342_1200rpm_AW__D_10,train,validation,True,1.6281251255639564,3383,0,1,A__D,AW__D
trimMA342_1200rpm_A__D_09,trimMA342_1200rpm_Avv__D_02,train,train,False,1.6281844118265205,3384,0,3,A__D,Avv__D
trimMA342_1200rpm_A__Dvv_02,trimMA342_1200rpm_A__DW_02,test,validation,True,1.628389412527713,3385,4,2,A__Dvv,A__DW
trimMA342_1200rpm_A__D_00,trimMA342_1200rpm_A__D_03,train,train,False,1.628529351062682,3386,0,0,A__D,A__D
trimMA342_1200rpm_A__D_07,trimMA342_1200rpm_Avv__Dvv_07,train,validation,True,1.6285663117025448,3387,0,5,A__D,Avv__Dvv
trimMA342_1200rpm_A__DW_14,trimMA342_1200rpm_Avv__Dvv_06,train,test,True,1.6287768357181416,3388,2,5,A__DW,Avv__Dvv
trimMA342_1200rpm_A__DW_08,trimMA342_1200rpm_Avv__Dvv_06,train,test,True,1.628813988373505,3389,2,5,A__DW,Avv__Dvv
trimMA342_1200rpm_A__DW_13,trimMA342_1200rpm_Avv__Dvv_15,train,train,False,1.6291270390073223,3390,2,5,A__DW,Avv__Dvv
trimMA342_1200rpm_A__Dvv_13,trimMA342_1200rpm_A__DW_05,train,train,False,1.6292222084955934,3391,4,2,A__Dvv,A__DW
trimMA342_1200rpm_A__Dvv_04,trimMA342_1200rpm_A__DW_12,train,train,False,1.6299125666229195,3392,4,2,A__Dvv,A__DW
trimMA342_1200rpm_A__D_03,trimMA342_1200rpm_AW__D_12,train,train,False,1.6300066717561479,3393,0,1,A__D,AW__D
trimMA342_1200rpm_A__D_11,trimMA342_1200rpm_Avv__Dvv_06,train,test,True,1.6301938903462119,3394,0,5,A__D,Avv__Dvv
trimMA342_1200rpm_A__Dvv_11,trimMA342_1200rpm_A__DW_03,validation,test,True,1.6306902563988666,3395,4,2,A__Dvv,A__DW
trimMA342_1200rpm_A__D_12,trimMA342_1200rpm_AW__D_04,validation,train,True,1.6308622539349291,3396,0,1,A__D,AW__D
trimMA342_1200rpm_A__Dvv_04,trimMA342_1200rpm_A__DW_13,train,train,False,1.631028851121981,3397,4,2,A__Dvv,A__DW
trimMA342_1200rpm_A__DW_05,trimMA342_1200rpm_Avv__D_02,train,train,False,1.631478367253034,3398,2,3,A__DW,Avv__D
trimMA342_1200rpm_A__Dvv_14,trimMA342_1200rpm_A__DW_03,test,test,False,1.6315149012215184,3399,4,2,A__Dvv,A__DW
trimMA342_1200rpm_A__DW_10,trimMA342_1200rpm_Avv__D_03,test,train,True,1.6316578266040958,3400,2,3,A__DW,Avv__D
trimMA342_1200rpm_A__D_04,trimMA342_1200rpm_AW__D_02,validation,train,True,1.631704347138893,3401,0,1,A__D,AW__D
trimMA342_1200rpm_A__D_13,trimMA342_1200rpm_AW__D_07,test,train,True,1.6319047107059392,3402,0,1,A__D,AW__D
trimMA342_1200rpm_A__D_03,trimMA342_1200rpm_AW__D_15,train,validation,True,1.6321859142838124,3403,0,1,A__D,AW__D
trimMA342_1200rpm_A__D_06,trimMA342_1200rpm_A__Dvv_03,train,validation,True,1.633127776298442,3404,0,4,A__D,A__Dvv
trimMA342_1200rpm_A__D_05,trimMA342_1200rpm_Avv__Dvv_13,validation,train,True,1.633185379476525,3405,0,5,A__D,Avv__Dvv
trimMA342_1200rpm_A__Dvv_13,trimMA342_1200rpm_A__DW_07,train,test,True,1.6334489451377439,3406,4,2,A__Dvv,A__DW
trimMA342_1200rpm_A__DW_08,trimMA342_1200rpm_Avv__Dvv_15,train,train,False,1.633869611664428,3407,2,5,A__DW,Avv__Dvv
trimMA342_1200rpm_A__Dvv_15,trimMA342_1200rpm_A__DW_03,train,test,True,1.6341085741109376,3408,4,2,A__Dvv,A__DW
trimMA342_1200rpm_A__DW_00,trimMA342_1200rpm_AW__D_12,train,train,False,1.6347336301715678,3409,2,1,A__DW,AW__D
trimMA342_1200rpm_A__D_08,trimMA342_1200rpm_Avv__D_03,test,train,True,1.634925417901409,3410,0,3,A__D,Avv__D
trimMA342_1200rpm_Avv__D_10,trimMA342_1200rpm_AW__D_05,train,test,True,1.6349353326246707,3411,3,1,Avv__D,AW__D
trimMA342_1200rpm_A__DW_04,trimMA342_1200rpm_Avv__Dvv_15,validation,train,True,1.6349503301498007,3412,2,5,A__DW,Avv__Dvv
trimMA342_1200rpm_A__D_12,trimMA342_1200rpm_AW__D_01,validation,validation,False,1.6352707637445527,3413,0,1,A__D,AW__D
trimMA342_1200rpm_A__D_13,trimMA342_1200rpm_A__DW_01,test,test,False,1.635707717568231,3414,0,2,A__D,A__DW
trimMA342_1200rpm_A__D_01,trimMA342_1200rpm_A__D_09,test,train,True,1.6360363656622567,3415,0,0,A__D,A__D
trimMA342_1200rpm_A__D_14,trimMA342_1200rpm_AW__D_05,test,test,False,1.6363341431334189,3416,0,1,A__D,AW__D
trimMA342_1200rpm_A__DW_12,trimMA342_1200rpm_Avv__D_11,train,train,False,1.6366222112768585,3417,2,3,A__DW,Avv__D
trimMA342_1200rpm_A__D_10,trimMA342_1200rpm_Avv__Dvv_06,train,test,True,1.6371310555308682,3418,0,5,A__D,Avv__Dvv
trimMA342_1200rpm_A__D_07,trimMA342_1200rpm_AW__D_13,train,test,True,1.6374466864798054,3419,0,1,A__D,AW__D
trimMA342_1200rpm_A__D_07,trimMA342_1200rpm_A__Dvv_11,train,validation,True,1.6376987664679254,3420,0,4,A__D,A__Dvv
trimMA342_1200rpm_A__DW_06,trimMA342_1200rpm_Avv__D_13,validation,test,True,1.637706056940118,3421,2,3,A__DW,Avv__D
trimMA342_1200rpm_A__D_05,trimMA342_1200rpm_AW__D_03,validation,train,True,1.6377126456220104,3422,0,1,A__D,AW__D
trimMA342_1200rpm_A__D_10,trimMA342_1200rpm_Avv__D_02,train,train,False,1.6382695675400711,3423,0,3,A__D,Avv__D
trimMA342_1200rpm_A__D_12,trimMA342_1200rpm_AW__D_02,validation,train,True,1.6390654893453482,3424,0,1,A__D,AW__D
trimMA342_1200rpm_A__D_04,trimMA342_1200rpm_AW__D_13,validation,test,True,1.6391104165203256,3425,0,1,A__D,AW__D
trimMA342_1200rpm_A__D_14,trimMA342_1200rpm_Avv__Dvv_13,test,train,True,1.639281668827292,3426,0,5,A__D,Avv__Dvv
trimMA342_1200rpm_A__D_08,trimMA342_1200rpm_A__Dvv_09,test,train,True,1.6395198496875631,3427,0,4,A__D,A__Dvv
trimMA342_1200rpm_A__D_12,trimMA342_1200rpm_Avv__D_07,validation,train,True,1.6397494543797495,3428,0,3,A__D,Avv__D
trimMA342_1200rpm_Avv__D_15,trimMA342_1200rpm_AW__D_05,train,test,True,1.6406368687708448,3429,3,1,Avv__D,AW__D
trimMA342_1200rpm_Avv__D_00,trimMA342_1200rpm_AW__D_04,test,train,True,1.6409567420647917,3430,3,1,Avv__D,AW__D
trimMA342_1200rpm_A__D_11,trimMA342_1200rpm_A__Dvv_12,train,train,False,1.6413765744010478,3431,0,4,A__D,A__Dvv
trimMA342_1200rpm_A__DW_04,trimMA342_1200rpm_Avv__D_09,validation,validation,False,1.641565780189146,3432,2,3,A__DW,Avv__D
trimMA342_1200rpm_A__D_02,trimMA342_1200rpm_A__Dvv_00,validation,test,True,1.641787861117824,3433,0,4,A__D,A__Dvv
trimMA342_1200rpm_A__D_15,trimMA342_1200rpm_AW__D_05,train,test,True,1.6418490981251133,3434,0,1,A__D,AW__D
trimMA342_1200rpm_A__D_04,trimMA342_1200rpm_Avv__Dvv_05,validation,train,True,1.641939850181389,3435,0,5,A__D,Avv__Dvv
trimMA342_1200rpm_A__D_09,trimMA342_1200rpm_A__Dvv_08,train,validation,True,1.6419486535693821,3436,0,4,A__D,A__Dvv
trimMA342_1200rpm_A__D_09,trimMA342_1200rpm_Avv__D_08,train,train,False,1.6419887859097604,3437,0,3,A__D,Avv__D
trimMA342_1200rpm_A__D_15,trimMA342_1200rpm_A__DW_02,train,validation,True,1.6420379066130626,3438,0,2,A__D,A__DW
trimMA342_1200rpm_A__D_12,trimMA342_1200rpm_Avv__Dvv_06,validation,test,True,1.6423577343144231,3439,0,5,A__D,Avv__Dvv
trimMA342_1200rpm_A__Dvv_06,trimMA342_1200rpm_A__DW_14,validation,train,True,1.6433441647691347,3440,4,2,A__Dvv,A__DW
trimMA342_1200rpm_A__D_13,trimMA342_1200rpm_Avv__D_06,test,test,False,1.6433596638524481,3441,0,3,A__D,Avv__D
trimMA342_1200rpm_A__Dvv_09,trimMA342_1200rpm_A__DW_09,train,train,False,1.643383404251597,3442,4,2,A__Dvv,A__DW
trimMA342_1200rpm_A__D_03,trimMA342_1200rpm_Avv__D_12,train,test,True,1.6436904896163875,3443,0,3,A__D,Avv__D
trimMA342_1200rpm_A__D_05,trimMA342_1200rpm_Avv__Dvv_04,validation,train,True,1.6439105244301584,3444,0,5,A__D,Avv__Dvv
trimMA342_1200rpm_A__DW_05,trimMA342_1200rpm_Avv__D_03,train,train,False,1.6439934393340512,3445,2,3,A__DW,Avv__D
trimMA342_1200rpm_A__Dvv_12,trimMA342_1200rpm_A__DW_09,train,train,False,1.6440230860551168,3446,4,2,A__Dvv,A__DW
trimMA342_1200rpm_A__Dvv_15,trimMA342_1200rpm_A__DW_02,train,validation,True,1.644397327082033,3447,4,2,A__Dvv,A__DW
trimMA342_1200rpm_A__Dvv_11,trimMA342_1200rpm_A__DW_08,validation,train,True,1.6451360807611497,3448,4,2,A__Dvv,A__DW
trimMA342_1200rpm_A__D_03,trimMA342_1200rpm_Avv__Dvv_07,train,validation,True,1.6459596167057002,3449,0,5,A__D,Avv__Dvv
trimMA342_1200rpm_A__D_08,trimMA342_1200rpm_AW__D_06,test,test,False,1.6460521707127016,3450,0,1,A__D,AW__D
trimMA342_1200rpm_A__D_03,trimMA342_1200rpm_Avv__Dvv_10,train,test,True,1.6462330968730023,3451,0,5,A__D,Avv__Dvv
trimMA342_1200rpm_A__Dvv_07,trimMA342_1200rpm_A__DW_14,train,train,False,1.6464280880278166,3452,4,2,A__Dvv,A__DW
trimMA342_1200rpm_A__D_08,trimMA342_1200rpm_Avv__Dvv_10,test,test,False,1.648575041294975,3453,0,5,A__D,Avv__Dvv
trimMA342_1200rpm_A__D_14,trimMA342_1200rpm_Avv__Dvv_02,test,train,True,1.6492850773460388,3454,0,5,A__D,Avv__Dvv
trimMA342_1200rpm_A__D_07,trimMA342_1200rpm_AW__D_07,train,train,False,1.6494191660116644,3455,0,1,A__D,AW__D
trimMA342_1200rpm_A__D_11,trimMA342_1200rpm_AW__D_03,train,train,False,1.6494900718241081,3456,0,1,A__D,AW__D
trimMA342_1200rpm_A__DW_00,trimMA342_1200rpm_Avv__Dvv_10,train,test,True,1.6497287233765474,3457,2,5,A__DW,Avv__Dvv
trimMA342_1200rpm_A__D_12,trimMA342_1200rpm_Avv__Dvv_10,validation,test,True,1.6499458092590595,3458,0,5,A__D,Avv__Dvv
trimMA342_1200rpm_A__D_11,trimMA342_1200rpm_AW__D_05,train,test,True,1.650010472842313,3459,0,1,A__D,AW__D
trimMA342_1200rpm_A__Dvv_00,trimMA342_1200rpm_A__DW_12,test,train,True,1.6502788360870764,3460,4,2,A__Dvv,A__DW
trimMA342_1200rpm_A__Dvv_14,trimMA342_1200rpm_A__DW_04,test,validation,True,1.6505574953549798,3461,4,2,A__Dvv,A__DW
trimMA342_1200rpm_A__DW_11,trimMA342_1200rpm_Avv__D_09,train,validation,True,1.650784866196995,3462,2,3,A__DW,Avv__D
trimMA342_1200rpm_A__DW_05,trimMA342_1200rpm_Avv__D_11,train,train,False,1.6517993962781172,3463,2,3,A__DW,Avv__D
trimMA342_1200rpm_A__D_10,trimMA342_1200rpm_Avv__Dvv_14,train,test,True,1.651859736339514,3464,0,5,A__D,Avv__Dvv
trimMA342_1200rpm_A__DW_00,trimMA342_1200rpm_Avv__Dvv_00,train,test,True,1.6520156976473,3465,2,5,A__DW,Avv__Dvv
trimMA342_1200rpm_A__Dvv_07,trimMA342_1200rpm_A__DW_09,train,train,False,1.6520817957015836,3466,4,2,A__Dvv,A__DW
trimMA342_1200rpm_A__Dvv_06,trimMA342_1200rpm_A__DW_09,validation,train,True,1.6523556439841307,3467,4,2,A__Dvv,A__DW
trimMA342_1200rpm_A__D_10,trimMA342_1200rpm_A__Dvv_02,train,test,True,1.6524571503612866,3468,0,4,A__D,A__Dvv
trimMA342_1200rpm_A__Dvv_08,trimMA342_1200rpm_A__DW_12,validation,train,True,1.6524978286102219,3469,4,2,A__Dvv,A__DW
trimMA342_1200rpm_A__DW_04,trimMA342_1200rpm_Avv__D_11,validation,train,True,1.6525052235474684,3470,2,3,A__DW,Avv__D
trimMA342_1200rpm_A__D_14,trimMA342_1200rpm_A__DW_03,test,test,False,1.6527397767487224,3471,0,2,A__D,A__DW
trimMA342_1200rpm_A__D_06,trimMA342_1200rpm_Avv__D_04,train,validation,True,1.6529349281377037,3472,0,3,A__D,Avv__D
trimMA342_1200rpm_A__D_13,trimMA342_1200rpm_Avv__Dvv_03,test,train,True,1.653238398630369,3473,0,5,A__D,Avv__Dvv
trimMA342_1200rpm_A__Dvv_08,trimMA342_1200rpm_A__DW_04,validation,validation,False,1.6535016096216062,3474,4,2,A__Dvv,A__DW
trimMA342_1200rpm_A__D_15,trimMA342_1200rpm_AW__D_09,train,validation,True,1.6535849958651645,3475,0,1,A__D,AW__D
trimMA342_1200rpm_A__Dvv_01,trimMA342_1200rpm_A__DW_00,train,train,False,1.653812268413987,3476,4,2,A__Dvv,A__DW
trimMA342_1200rpm_A__DW_07,trimMA342_1200rpm_Avv__D_05,test,train,True,1.653945096468367,3477,2,3,A__DW,Avv__D
trimMA342_1200rpm_A__DW_00,trimMA342_1200rpm_AW__D_06,train,test,True,1.6544633911334845,3478,2,1,A__DW,AW__D
trimMA342_1200rpm_A__D_07,trimMA342_1200rpm_A__Dvv_14,train,test,True,1.6547990117568074,3479,0,4,A__D,A__Dvv
trimMA342_1200rpm_A__D_10,trimMA342_1200rpm_Avv__Dvv_09,train,validation,True,1.6548510572309896,3480,0,5,A__D,Avv__Dvv
trimMA342_1200rpm_A__Dvv_00,trimMA342_1200rpm_A__DW_15,test,validation,True,1.6549806620181369,3481,4,2,A__Dvv,A__DW
trimMA342_1200rpm_A__D_10,trimMA342_1200rpm_Avv__D_06,train,test,True,1.6555499014762878,3482,0,3,A__D,Avv__D
trimMA342_1200rpm_A__D_11,trimMA342_1200rpm_A__DW_02,train,validation,True,1.65704287235993,3483,0,2,A__D,A__DW
trimMA342_1200rpm_A__D_02,trimMA342_1200rpm_AW__D_00,validation,train,True,1.6573216333668732,3484,0,1,A__D,AW__D
trimMA342_1200rpm_A__D_14,trimMA342_1200rpm_AW__D_08,test,train,True,1.6575040160917898,3485,0,1,A__D,AW__D
trimMA342_1200rpm_A__D_03,trimMA342_1200rpm_A__Dvv_09,train,train,False,1.6575298791068789,3486,0,4,A__D,A__Dvv
trimMA342_1200rpm_A__DW_05,trimMA342_1200rpm_Avv__D_04,train,validation,True,1.658411439605542,3487,2,3,A__DW,Avv__D
trimMA342_1200rpm_A__Dvv_00,trimMA342_1200rpm_A__DW_13,test,train,True,1.6593735723812917,3488,4,2,A__Dvv,A__DW
trimMA342_1200rpm_A__D_07,trimMA342_1200rpm_Avv__Dvv_11,train,validation,True,1.659664414536303,3489,0,5,A__D,Avv__Dvv
trimMA342_1200rpm_A__DW_06,trimMA342_1200rpm_Avv__D_02,validation,train,True,1.659923562029538,3490,2,3,A__DW,Avv__D
trimMA342_1200rpm_A__D_11,trimMA342_1200rpm_Avv__Dvv_03,train,train,False,1.6604366397082386,3491,0,5,A__D,Avv__Dvv
trimMA342_1200rpm_A__Dvv_05,trimMA342_1200rpm_A__DW_01,train,test,True,1.6605525032170163,3492,4,2,A__Dvv,A__DW
trimMA342_1200rpm_A__D_08,trimMA342_1200rpm_Avv__Dvv_12,test,train,True,1.6605555603052071,3493,0,5,A__D,Avv__Dvv
trimMA342_1200rpm_A__Dvv_13,trimMA342_1200rpm_A__DW_03,train,test,True,1.660848618797061,3494,4,2,A__Dvv,A__DW
trimMA342_1200rpm_Avv__D_00,trimMA342_1200rpm_AW__D_09,test,validation,True,1.6608873168143117,3495,3,1,Avv__D,AW__D
trimMA342_1200rpm_A__D_03,trimMA342_1200rpm_AW__D_00,train,train,False,1.6619839035383708,3496,0,1,A__D,AW__D
trimMA342_1200rpm_A__Dvv_01,trimMA342_1200rpm_A__DW_09,train,train,False,1.662370000100963,3497,4,2,A__Dvv,A__DW
trimMA342_1200rpm_A__D_07,trimMA342_1200rpm_Avv__Dvv_14,train,test,True,1.6626505000349447,3498,0,5,A__D,Avv__Dvv
trimMA342_1200rpm_A__D_03,trimMA342_1200rpm_A__Dvv_13,train,train,False,1.662662593070075,3499,0,4,A__D,A__Dvv
trimMA342_1200rpm_A__D_06,trimMA342_1200rpm_Avv__D_05,train,train,False,1.6631784716334999,3500,0,3,A__D,Avv__D
trimMA342_1200rpm_A__DW_00,trimMA342_1200rpm_AW__D_03,train,train,False,1.663565733544317,3501,2,1,A__DW,AW__D
trimMA342_1200rpm_A__D_05,trimMA342_1200rpm_AW__D_01,validation,validation,False,1.66412033928584,3502,0,1,A__D,AW__D
trimMA342_1200rpm_A__DW_03,trimMA342_1200rpm_Avv__D_11,test,train,True,1.6641376496701652,3503,2,3,A__DW,Avv__D
trimMA342_1200rpm_A__Dvv_10,trimMA342_1200rpm_A__DW_14,test,train,True,1.6642442980245533,3504,4,2,A__Dvv,A__DW
trimMA342_1200rpm_A__D_09,trimMA342_1200rpm_AW__D_01,train,validation,True,1.6646085324236692,3505,0,1,A__D,AW__D
trimMA342_1200rpm_A__D_06,trimMA342_1200rpm_AW__D_15,train,validation,True,1.6647848627277182,3506,0,1,A__D,AW__D
trimMA342_1200rpm_A__DW_06,trimMA342_1200rpm_Avv__D_12,validation,test,True,1.6649223422487673,3507,2,3,A__DW,Avv__D
trimMA342_1200rpm_A__D_06,trimMA342_1200rpm_AW__D_11,train,test,True,1.6656123903061864,3508,0,1,A__D,AW__D
trimMA342_1200rpm_A__D_07,trimMA342_1200rpm_A__Dvv_12,train,train,False,1.6664652636064725,3509,0,4,A__D,A__Dvv
trimMA342_1200rpm_A__Dvv_14,trimMA342_1200rpm_A__DW_08,test,train,True,1.6665306027635827,3510,4,2,A__Dvv,A__DW
trimMA342_1200rpm_A__D_09,trimMA342_1200rpm_A__Dvv_12,train,train,False,1.666611083659235,3511,0,4,A__D,A__Dvv
trimMA342_1200rpm_A__D_12,trimMA342_1200rpm_A__Dvv_14,validation,test,True,1.6667929398098233,3512,0,4,A__D,A__Dvv
trimMA342_1200rpm_A__D_15,trimMA342_1200rpm_Avv__Dvv_01,train,train,False,1.667262074848033,3513,0,5,A__D,Avv__Dvv
trimMA342_1200rpm_A__D_09,trimMA342_1200rpm_AW__D_02,train,train,False,1.6678565804087675,3514,0,1,A__D,AW__D
trimMA342_1200rpm_A__DW_03,trimMA342_1200rpm_Avv__Dvv_04,test,train,True,1.6680812191453656,3515,2,5,A__DW,Avv__Dvv
trimMA342_1200rpm_A__D_08,trimMA342_1200rpm_Avv__D_15,test,train,True,1.6685694413103687,3516,0,3,A__D,Avv__D
trimMA342_1200rpm_A__D_13,trimMA342_1200rpm_A__Dvv_10,test,test,False,1.6687098570655814,3517,0,4,A__D,A__Dvv
trimMA342_1200rpm_A__D_10,trimMA342_1200rpm_AW__D_06,train,test,True,1.6689006386390925,3518,0,1,A__D,AW__D
trimMA342_1200rpm_A__Dvv_05,trimMA342_1200rpm_A__DW_13,train,train,False,1.6691135390582987,3519,4,2,A__Dvv,A__DW
trimMA342_1200rpm_A__DW_10,trimMA342_1200rpm_Avv__D_02,test,train,True,1.6699283923091015,3520,2,3,A__DW,Avv__D
trimMA342_1200rpm_A__DW_01,trimMA342_1200rpm_Avv__Dvv_05,test,train,True,1.6700406461602992,3521,2,5,A__DW,Avv__Dvv
trimMA342_1200rpm_A__DW_15,trimMA342_1200rpm_Avv__D_02,validation,train,True,1.6705671809512093,3522,2,3,A__DW,Avv__D
trimMA342_1200rpm_A__Dvv_09,trimMA342_1200rpm_A__DW_14,train,train,False,1.6712515351487243,3523,4,2,A__Dvv,A__DW
trimMA342_1200rpm_A__DW_11,trimMA342_1200rpm_Avv__D_05,train,train,False,1.67163377762549,3524,2,3,A__DW,Avv__D
trimMA342_1200rpm_A__DW_15,trimMA342_1200rpm_Avv__D_03,validation,train,True,1.6718029418954254,3525,2,3,A__DW,Avv__D
trimMA342_1200rpm_A__D_00,trimMA342_1200rpm_A__D_07,train,train,False,1.671965995551631,3526,0,0,A__D,A__D
trimMA342_1200rpm_A__D_10,trimMA342_1200rpm_Avv__Dvv_05,train,train,False,1.6723002456522953,3527,0,5,A__D,Avv__Dvv
trimMA342_1200rpm_A__D_04,trimMA342_1200rpm_AW__D_03,validation,train,True,1.6735670969210448,3528,0,1,A__D,AW__D
trimMA342_1200rpm_A__D_03,trimMA342_1200rpm_Avv__D_05,train,train,False,1.6736561288701355,3529,0,3,A__D,Avv__D
trimMA342_1200rpm_A__DW_10,trimMA342_1200rpm_Avv__D_06,test,test,False,1.6745274876484018,3530,2,3,A__DW,Avv__D
trimMA342_1200rpm_A__DW_01,trimMA342_1200rpm_Avv__Dvv_14,test,test,False,1.6745332326126816,3531,2,5,A__DW,Avv__Dvv
trimMA342_1200rpm_A__DW_01,trimMA342_1200rpm_Avv__Dvv_01,test,train,True,1.6747374158572255,3532,2,5,A__DW,Avv__Dvv
trimMA342_1200rpm_A__DW_07,trimMA342_1200rpm_Avv__Dvv_15,test,train,True,1.674767733194416,3533,2,5,A__DW,Avv__Dvv
trimMA342_1200rpm_A__D_11,trimMA342_1200rpm_A__DW_03,train,test,True,1.6749281972439591,3534,0,2,A__D,A__DW
trimMA342_1200rpm_A__DW_04,trimMA342_1200rpm_Avv__D_05,validation,train,True,1.6753376060955665,3535,2,3,A__DW,Avv__D
trimMA342_1200rpm_A__D_00,trimMA342_1200rpm_A__D_08,train,test,True,1.6757676252902867,3536,0,0,A__D,A__D
trimMA342_1200rpm_A__Dvv_15,trimMA342_1200rpm_A__DW_14,train,train,False,1.6758120506921883,3537,4,2,A__Dvv,A__DW
trimMA342_1200rpm_A__D_03,trimMA342_1200rpm_A__Dvv_02,train,test,True,1.676232266045211,3538,0,4,A__D,A__Dvv
trimMA342_1200rpm_A__DW_15,trimMA342_1200rpm_Avv__D_06,validation,test,True,1.6765742406383783,3539,2,3,A__DW,Avv__D
trimMA342_1200rpm_A__D_13,trimMA342_1200rpm_A__Dvv_11,test,validation,True,1.6773987352951678,3540,0,4,A__D,A__Dvv
trimMA342_1200rpm_A__DW_00,trimMA342_1200rpm_Avv__Dvv_09,train,validation,True,1.6775400613114055,3541,2,5,A__DW,Avv__Dvv
trimMA342_1200rpm_A__D_09,trimMA342_1200rpm_A__Dvv_14,train,test,True,1.677603892504601,3542,0,4,A__D,A__Dvv
trimMA342_1200rpm_A__DW_01,trimMA342_1200rpm_Avv__Dvv_11,test,validation,True,1.6776545567011545,3543,2,5,A__DW,Avv__Dvv
trimMA342_1200rpm_Avv__D_01,trimMA342_1200rpm_AW__D_05,validation,test,True,1.6779333809490684,3544,3,1,Avv__D,AW__D
trimMA342_1200rpm_A__D_06,trimMA342_1200rpm_Avv__Dvv_10,train,test,True,1.678080868432853,3545,0,5,A__D,Avv__Dvv
trimMA342_1200rpm_A__D_09,trimMA342_1200rpm_AW__D_06,train,test,True,1.6782085539888631,3546,0,1,A__D,AW__D
trimMA342_1200rpm_A__Dvv_03,trimMA342_1200rpm_A__DW_01,validation,test,True,1.6783160582130212,3547,4,2,A__Dvv,A__DW
trimMA342_1200rpm_A__Dvv_02,trimMA342_1200rpm_A__DW_14,test,train,True,1.6791899170306155,3548,4,2,A__Dvv,A__DW
trimMA342_1200rpm_A__Dvv_12,trimMA342_1200rpm_A__DW_02,train,validation,True,1.6793229958720346,3549,4,2,A__Dvv,A__DW
trimMA342_1200rpm_A__D_09,trimMA342_1200rpm_Avv__Dvv_09,train,validation,True,1.6793391183455635,3550,0,5,A__D,Avv__Dvv
trimMA342_1200rpm_Avv__D_00,trimMA342_1200rpm_AW__D_08,test,train,True,1.6794338270659315,3551,3,1,Avv__D,AW__D
trimMA342_1200rpm_A__D_04,trimMA342_1200rpm_AW__D_01,validation,validation,False,1.6794990475415894,3552,0,1,A__D,AW__D
trimMA342_1200rpm_A__DW_12,trimMA342_1200rpm_Avv__D_12,train,test,True,1.6799108712303574,3553,2,3,A__DW,Avv__D
trimMA342_1200rpm_A__D_03,trimMA342_1200rpm_Avv__D_14,train,validation,True,1.6800359761899224,3554,0,3,A__D,Avv__D
trimMA342_1200rpm_A__DW_03,trimMA342_1200rpm_Avv__D_03,test,train,True,1.6801971795826864,3555,2,3,A__DW,Avv__D
trimMA342_1200rpm_A__D_08,trimMA342_1200rpm_A__Dvv_02,test,test,False,1.6804136475277054,3556,0,4,A__D,A__Dvv
trimMA342_1200rpm_A__D_13,trimMA342_1200rpm_A__DW_03,test,test,False,1.6806051213914868,3557,0,2,A__D,A__DW
trimMA342_1200rpm_A__D_09,trimMA342_1200rpm_AW__D_14,train,train,False,1.680708553548729,3558,0,1,A__D,AW__D
trimMA342_1200rpm_A__D_11,trimMA342_1200rpm_A__DW_01,train,test,True,1.6818011137625757,3559,0,2,A__D,A__DW
trimMA342_1200rpm_A__Dvv_10,trimMA342_1200rpm_A__DW_09,test,train,True,1.681809932473064,3560,4,2,A__Dvv,A__DW
trimMA342_1200rpm_A__D_10,trimMA342_1200rpm_AW__D_14,train,train,False,1.6819112167777375,3561,0,1,A__D,AW__D
trimMA342_1200rpm_A__DW_08,trimMA342_1200rpm_Avv__D_03,train,train,False,1.6819227060343211,3562,2,3,A__DW,Avv__D
trimMA342_1200rpm_A__DW_12,trimMA342_1200rpm_Avv__D_05,train,train,False,1.6823083925891549,3563,2,3,A__DW,Avv__D
trimMA342_1200rpm_A__D_07,trimMA342_1200rpm_Avv__Dvv_05,train,train,False,1.6827158789091634,3564,0,5,A__D,Avv__Dvv
trimMA342_1200rpm_A__D_13,trimMA342_1200rpm_Avv__Dvv_11,test,validation,True,1.683008179860852,3565,0,5,A__D,Avv__Dvv
trimMA342_1200rpm_A__DW_07,trimMA342_1200rpm_Avv__Dvv_04,test,train,True,1.683212068442839,3566,2,5,A__DW,Avv__Dvv
trimMA342_1200rpm_A__D_15,trimMA342_1200rpm_AW__D_08,train,train,False,1.683335772523984,3567,0,1,A__D,AW__D
trimMA342_1200rpm_A__Dvv_14,trimMA342_1200rpm_A__DW_09,test,train,True,1.6833865579678124,3568,4,2,A__Dvv,A__DW
trimMA342_1200rpm_A__DW_01,trimMA342_1200rpm_AW__D_14,test,train,True,1.6838104170669388,3569,2,1,A__DW,AW__D
trimMA342_1200rpm_A__DW_01,trimMA342_1200rpm_AW__D_10,test,validation,True,1.6838783565155957,3570,2,1,A__DW,AW__D
trimMA342_1200rpm_A__D_09,trimMA342_1200rpm_AW__D_10,train,validation,True,1.6839987870774449,3571,0,1,A__D,AW__D
trimMA342_1200rpm_A__D_13,trimMA342_1200rpm_AW__D_08,test,train,True,1.6842941639641311,3572,0,1,A__D,AW__D
trimMA342_1200rpm_A__D_15,trimMA342_1200rpm_A__DW_04,train,validation,True,1.6843287037421113,3573,0,2,A__D,A__DW
trimMA342_1200rpm_A__D_03,trimMA342_1200rpm_AW__D_14,train,train,False,1.6846606077556379,3574,0,1,A__D,AW__D
trimMA342_1200rpm_A__D_12,trimMA342_1200rpm_AW__D_03,validation,train,True,1.6848334781563832,3575,0,1,A__D,AW__D
trimMA342_1200rpm_A__DW_01,trimMA342_1200rpm_Avv__Dvv_02,test,train,True,1.6852197315145463,3576,2,5,A__DW,Avv__Dvv
trimMA342_1200rpm_A__Dvv_08,trimMA342_1200rpm_A__DW_09,validation,train,True,1.685426214109057,3577,4,2,A__Dvv,A__DW
trimMA342_1200rpm_A__D_08,trimMA342_1200rpm_Avv__Dvv_08,test,validation,True,1.6857889413569733,3578,0,5,A__D,Avv__Dvv
trimMA342_1200rpm_A__D_12,trimMA342_1200rpm_Avv__D_14,validation,validation,False,1.6864602078290916,3579,0,3,A__D,Avv__D
trimMA342_1200rpm_A__DW_01,trimMA342_1200rpm_AW__D_07,test,train,True,1.6868973310232118,3580,2,1,A__DW,AW__D
trimMA342_1200rpm_A__DW_05,trimMA342_1200rpm_Avv__D_05,train,train,False,1.686990394114566,3581,2,3,A__DW,Avv__D
trimMA342_1200rpm_A__DW_04,trimMA342_1200rpm_Avv__D_02,validation,train,True,1.6871086262415518,3582,2,3,A__DW,Avv__D
trimMA342_1200rpm_A__Dvv_13,trimMA342_1200rpm_A__DW_09,train,train,False,1.6873078391875924,3583,4,2,A__Dvv,A__DW
trimMA342_1200rpm_A__D_06,trimMA342_1200rpm_AW__D_01,train,validation,True,1.6876837941799483,3584,0,1,A__D,AW__D
trimMA342_1200rpm_A__D_06,trimMA342_1200rpm_AW__D_06,train,test,True,1.687773222874249,3585,0,1,A__D,AW__D
trimMA342_1200rpm_A__D_01,trimMA342_1200rpm_A__D_05,test,validation,True,1.6878474158023438,3586,0,0,A__D,A__D
trimMA342_1200rpm_A__D_07,trimMA342_1200rpm_Avv__Dvv_03,train,train,False,1.687909031695517,3587,0,5,A__D,Avv__Dvv
trimMA342_1200rpm_A__D_12,trimMA342_1200rpm_Avv__Dvv_12,validation,train,True,1.6882447557479945,3588,0,5,A__D,Avv__Dvv
trimMA342_1200rpm_A__D_08,trimMA342_1200rpm_Avv__D_12,test,test,False,1.6889318104334807,3589,0,3,A__D,Avv__D
trimMA342_1200rpm_A__DW_05,trimMA342_1200rpm_Avv__D_13,train,test,True,1.6891675498205279,3590,2,3,A__DW,Avv__D
trimMA342_1200rpm_A__DW_00,trimMA342_1200rpm_Avv__Dvv_07,train,validation,True,1.6898209685981254,3591,2,5,A__DW,Avv__Dvv
trimMA342_1200rpm_A__D_11,trimMA342_1200rpm_Avv__Dvv_11,train,validation,True,1.689974227823771,3592,0,5,A__D,Avv__Dvv
trimMA342_1200rpm_A__D_10,trimMA342_1200rpm_A__DW_01,train,test,True,1.6903324518185499,3593,0,2,A__D,A__DW
trimMA342_1200rpm_A__DW_00,trimMA342_1200rpm_AW__D_13,train,test,True,1.6904623414617668,3594,2,1,A__DW,AW__D
trimMA342_1200rpm_A__D_01,trimMA342_1200rpm_A__D_10,test,train,True,1.6906656424404076,3595,0,0,A__D,A__D
trimMA342_1200rpm_A__D_03,trimMA342_1200rpm_AW__D_11,train,test,True,1.6913547960437478,3596,0,1,A__D,AW__D
trimMA342_1200rpm_A__DW_03,trimMA342_1200rpm_Avv__D_02,test,train,True,1.691412753913311,3597,2,3,A__DW,Avv__D
trimMA342_1200rpm_A__D_06,trimMA342_1200rpm_A__Dvv_01,train,train,False,1.691424383391748,3598,0,4,A__D,A__Dvv
trimMA342_1200rpm_A__D_10,trimMA342_1200rpm_A__DW_02,train,validation,True,1.6915666882550884,3599,0,2,A__D,A__DW
trimMA342_1200rpm_A__D_08,trimMA342_1200rpm_Avv__Dvv_09,test,validation,True,1.6917521223053897,3600,0,5,A__D,Avv__Dvv
trimMA342_1200rpm_A__DW_04,trimMA342_1200rpm_Avv__D_03,validation,train,True,1.6918104982660243,3601,2,3,A__DW,Avv__D
trimMA342_1200rpm_A__DW_07,trimMA342_1200rpm_Avv__D_03,test,train,True,1.692157144585428,3602,2,3,A__DW,Avv__D
trimMA342_1200rpm_A__Dvv_08,trimMA342_1200rpm_A__DW_13,validation,train,True,1.6925566162820547,3603,4,2,A__Dvv,A__DW
trimMA342_1200rpm_A__D_13,trimMA342_1200rpm_A__DW_05,test,train,True,1.6928815430279565,3604,0,2,A__D,A__DW
trimMA342_1200rpm_A__D_11,trimMA342_1200rpm_AW__D_07,train,train,False,1.6929828687160196,3605,0,1,A__D,AW__D
trimMA342_1200rpm_A__D_11,trimMA342_1200rpm_Avv__Dvv_13,train,train,False,1.694186541483355,3606,0,5,A__D,Avv__Dvv
trimMA342_1200rpm_A__DW_00,trimMA342_1200rpm_AW__D_08,train,train,False,1.6946755734825971,3607,2,1,A__DW,AW__D
trimMA342_1200rpm_A__DW_07,trimMA342_1200rpm_Avv__D_04,test,validation,True,1.6947777559155661,3608,2,3,A__DW,Avv__D
trimMA342_1200rpm_A__D_09,trimMA342_1200rpm_Avv__D_15,train,train,False,1.6948816093989418,3609,0,3,A__D,Avv__D
trimMA342_1200rpm_A__DW_08,trimMA342_1200rpm_Avv__D_09,train,validation,True,1.6950095846945885,3610,2,3,A__DW,Avv__D
trimMA342_1200rpm_A__DW_15,trimMA342_1200rpm_Avv__D_09,validation,validation,False,1.6951131320750952,3611,2,3,A__DW,Avv__D
trimMA342_1200rpm_A__D_09,trimMA342_1200rpm_AW__D_03,train,train,False,1.6955158547351559,3612,0,1,A__D,AW__D
trimMA342_1200rpm_A__D_10,trimMA342_1200rpm_Avv__D_14,train,validation,True,1.69571591084433,3613,0,3,A__D,Avv__D
trimMA342_1200rpm_A__D_04,trimMA342_1200rpm_Avv__Dvv_15,validation,train,True,1.6959999181396346,3614,0,5,A__D,Avv__Dvv
trimMA342_1200rpm_A__DW_04,trimMA342_1200rpm_Avv__D_04,validation,validation,False,1.6961001491672556,3615,2,3,A__DW,Avv__D
trimMA342_1200rpm_A__D_07,trimMA342_1200rpm_Avv__Dvv_06,train,test,True,1.6972176003130879,3616,0,5,A__D,Avv__Dvv
trimMA342_1200rpm_A__D_09,trimMA342_1200rpm_Avv__Dvv_08,train,validation,True,1.697235063646968,3617,0,5,A__D,Avv__Dvv
trimMA342_1200rpm_A__DW_12,trimMA342_1200rpm_Avv__D_06,train,test,True,1.6976706550341585,3618,2,3,A__DW,Avv__D
trimMA342_1200rpm_A__D_09,trimMA342_1200rpm_Avv__Dvv_14,train,test,True,1.697710735128066,3619,0,5,A__D,Avv__Dvv
trimMA342_1200rpm_A__D_10,trimMA342_1200rpm_Avv__Dvv_12,train,train,False,1.6979247211459023,3620,0,5,A__D,Avv__Dvv
trimMA342_1200rpm_A__D_09,trimMA342_1200rpm_A__DW_01,train,test,True,1.6979557779066805,3621,0,2,A__D,A__DW
trimMA342_1200rpm_A__D_03,trimMA342_1200rpm_Avv__D_01,train,validation,True,1.6985381324678603,3622,0,3,A__D,Avv__D
trimMA342_1200rpm_A__D_08,trimMA342_1200rpm_Avv__D_13,test,test,False,1.6986363087093264,3623,0,3,A__D,Avv__D
trimMA342_1200rpm_A__D_09,trimMA342_1200rpm_AW__D_13,train,test,True,1.6989142595704219,3624,0,1,A__D,AW__D
trimMA342_1200rpm_A__Dvv_00,trimMA342_1200rpm_A__DW_08,test,train,True,1.6989361756693595,3625,4,2,A__Dvv,A__DW
trimMA342_1200rpm_A__D_08,trimMA342_1200rpm_AW__D_15,test,validation,True,1.698966561218782,3626,0,1,A__D,AW__D
trimMA342_1200rpm_A__D_09,trimMA342_1200rpm_A__Dvv_11,train,validation,True,1.6989786402701366,3627,0,4,A__D,A__Dvv
trimMA342_1200rpm_A__DW_13,trimMA342_1200rpm_Avv__D_03,train,train,False,1.6990965890549141,3628,2,3,A__DW,Avv__D
trimMA342_1200rpm_A__Dvv_07,trimMA342_1200rpm_A__DW_00,train,train,False,1.6991376268951928,3629,4,2,A__Dvv,A__DW
trimMA342_1200rpm_A__Dvv_10,trimMA342_1200rpm_A__DW_02,test,validation,True,1.699725724205183,3630,4,2,A__Dvv,A__DW
trimMA342_1200rpm_A__D_06,trimMA342_1200rpm_Avv__D_11,train,train,False,1.6999128137449444,3631,0,3,A__D,Avv__D
trimMA342_1200rpm_A__DW_10,trimMA342_1200rpm_Avv__D_13,test,test,False,1.7000829765256746,3632,2,3,A__DW,Avv__D
trimMA342_1200rpm_A__D_03,trimMA342_1200rpm_Avv__Dvv_11,train,validation,True,1.7003535784683264,3633,0,5,A__D,Avv__Dvv
trimMA342_1200rpm_A__D_08,trimMA342_1200rpm_AW__D_10,test,validation,True,1.7004032110932228,3634,0,1,A__D,AW__D
trimMA342_1200rpm_A__DW_09,trimMA342_1200rpm_Avv__Dvv_15,train,train,False,1.7004658902972043,3635,2,5,A__DW,Avv__Dvv
trimMA342_1200rpm_A__Dvv_14,trimMA342_1200rpm_A__DW_14,test,train,True,1.700893595581663,3636,4,2,A__Dvv,A__DW
trimMA342_1200rpm_A__D_07,trimMA342_1200rpm_AW__D_09,train,validation,True,1.7016040428838708,3637,0,1,A__D,AW__D
trimMA342_1200rpm_A__DW_11,trimMA342_1200rpm_Avv__D_12,train,test,True,1.701626463332586,3638,2,3,A__DW,Avv__D
trimMA342_1200rpm_A__D_12,trimMA342_1200rpm_A__Dvv_12,validation,train,True,1.7027923832782799,3639,0,4,A__D,A__Dvv
trimMA342_1200rpm_A__D_13,trimMA342_1200rpm_Avv__Dvv_13,test,train,True,1.7029222561497366,3640,0,5,A__D,Avv__Dvv
trimMA342_1200rpm_A__D_07,trimMA342_1200rpm_Avv__D_06,train,test,True,1.703099982259749,3641,0,3,A__D,Avv__D
trimMA342_1200rpm_A__D_06,trimMA342_1200rpm_Avv__Dvv_07,train,validation,True,1.703654976589009,3642,0,5,A__D,Avv__Dvv
trimMA342_1200rpm_A__D_15,trimMA342_1200rpm_A__DW_05,train,train,False,1.7041581678184643,3643,0,2,A__D,A__DW
trimMA342_1200rpm_A__DW_05,trimMA342_1200rpm_Avv__D_10,train,train,False,1.7043349268625925,3644,2,3,A__DW,Avv__D
trimMA342_1200rpm_Avv__D_14,trimMA342_1200rpm_AW__D_05,validation,test,True,1.70482266234236,3645,3,1,Avv__D,AW__D
trimMA342_1200rpm_A__D_03,trimMA342_1200rpm_Avv__D_15,train,train,False,1.7050512996554974,3646,0,3,A__D,Avv__D
trimMA342_1200rpm_A__D_12,trimMA342_1200rpm_AW__D_06,validation,test,True,1.705435912123107,3647,0,1,A__D,AW__D
trimMA342_1200rpm_A__D_09,trimMA342_1200rpm_A__Dvv_10,train,test,True,1.7055492930345493,3648,0,4,A__D,A__Dvv
trimMA342_1200rpm_Avv__D_00,trimMA342_1200rpm_AW__D_05,test,test,False,1.7059066543420478,3649,3,1,Avv__D,AW__D
trimMA342_1200rpm_A__D_03,trimMA342_1200rpm_Avv__Dvv_08,train,validation,True,1.7059254108793063,3650,0,5,A__D,Avv__Dvv
trimMA342_1200rpm_A__D_07,trimMA342_1200rpm_Avv__Dvv_02,train,train,False,1.706000300557966,3651,0,5,A__D,Avv__Dvv
trimMA342_1200rpm_A__DW_06,trimMA342_1200rpm_Avv__D_08,validation,train,True,1.7060909443716723,3652,2,3,A__DW,Avv__D
trimMA342_1200rpm_A__DW_10,trimMA342_1200rpm_Avv__D_12,test,test,False,1.7061826610558546,3653,2,3,A__DW,Avv__D
trimMA342_1200rpm_A__DW_12,trimMA342_1200rpm_Avv__D_03,train,train,False,1.7064034303674438,3654,2,3,A__DW,Avv__D
trimMA342_1200rpm_A__D_08,trimMA342_1200rpm_Avv__D_14,test,validation,True,1.7070448044705584,3655,0,3,A__D,Avv__D
trimMA342_1200rpm_A__D_09,trimMA342_1200rpm_AW__D_08,train,train,False,1.707497959418689,3656,0,1,A__D,AW__D
trimMA342_1200rpm_A__D_13,trimMA342_1200rpm_A__DW_04,test,validation,True,1.707768833786745,3657,0,2,A__D,A__DW
trimMA342_1200rpm_A__D_13,trimMA342_1200rpm_Avv__Dvv_02,test,train,True,1.708302249554061,3658,0,5,A__D,Avv__Dvv
trimMA342_1200rpm_A__DW_04,trimMA342_1200rpm_Avv__D_13,validation,test,True,1.7088824215120693,3659,2,3,A__DW,Avv__D
trimMA342_1200rpm_A__D_03,trimMA342_1200rpm_AW__D_06,train,test,True,1.7090450211733372,3660,0,1,A__D,AW__D
trimMA342_1200rpm_A__D_04,trimMA342_1200rpm_AW__D_04,validation,train,True,1.7091010216592748,3661,0,1,A__D,AW__D
trimMA342_1200rpm_A__DW_08,trimMA342_1200rpm_Avv__Dvv_04,train,train,False,1.7091587596058169,3662,2,5,A__DW,Avv__Dvv
trimMA342_1200rpm_A__DW_03,trimMA342_1200rpm_Avv__D_04,test,validation,True,1.7094308841843717,3663,2,3,A__DW,Avv__D
trimMA342_1200rpm_A__D_12,trimMA342_1200rpm_AW__D_14,validation,train,True,1.7096191520405757,3664,0,1,A__D,AW__D
trimMA342_1200rpm_A__Dvv_15,trimMA342_1200rpm_A__DW_09,train,train,False,1.7096938710385963,3665,4,2,A__Dvv,A__DW
trimMA342_1200rpm_A__D_12,trimMA342_1200rpm_Avv__Dvv_14,validation,test,True,1.7100210717789537,3666,0,5,A__D,Avv__Dvv
trimMA342_1200rpm_A__DW_12,trimMA342_1200rpm_Avv__D_09,train,validation,True,1.7111050515101642,3667,2,3,A__DW,Avv__D
trimMA342_1200rpm_A__DW_01,trimMA342_1200rpm_Avv__Dvv_06,test,test,False,1.711725241148019,3668,2,5,A__DW,Avv__Dvv
trimMA342_1200rpm_A__Dvv_13,trimMA342_1200rpm_A__DW_08,train,train,False,1.711866286633878,3669,4,2,A__Dvv,A__DW
trimMA342_1200rpm_A__DW_06,trimMA342_1200rpm_Avv__D_14,validation,validation,False,1.7121643160742377,3670,2,3,A__DW,Avv__D
trimMA342_1200rpm_A__D_03,trimMA342_1200rpm_AW__D_10,train,validation,True,1.7125565144316959,3671,0,1,A__D,AW__D
trimMA342_1200rpm_A__DW_12,trimMA342_1200rpm_Avv__D_02,train,train,False,1.713111044729207,3672,2,3,A__DW,Avv__D
trimMA342_1200rpm_A__DW_15,trimMA342_1200rpm_Avv__D_05,validation,train,True,1.7131345943240588,3673,2,3,A__DW,Avv__D
trimMA342_1200rpm_A__D_07,trimMA342_1200rpm_A__Dvv_15,train,train,False,1.7135535137553384,3674,0,4,A__D,A__Dvv
trimMA342_1200rpm_A__D_09,trimMA342_1200rpm_Avv__Dvv_00,train,test,True,1.7142372276305289,3675,0,5,A__D,Avv__Dvv
trimMA342_1200rpm_A__DW_00,trimMA342_1200rpm_Avv__Dvv_08,train,validation,True,1.7143202410842504,3676,2,5,A__DW,Avv__Dvv
trimMA342_1200rpm_A__D_08,trimMA342_1200rpm_Avv__D_07,test,train,True,1.7145730743906675,3677,0,3,A__D,Avv__D
trimMA342_1200rpm_A__DW_09,trimMA342_1200rpm_Avv__Dvv_04,train,train,False,1.7147499941022852,3678,2,5,A__DW,Avv__Dvv
trimMA342_1200rpm_A__D_14,trimMA342_1200rpm_AW__D_09,test,validation,True,1.7158583632228752,3679,0,1,A__D,AW__D
trimMA342_1200rpm_A__Dvv_08,trimMA342_1200rpm_A__DW_15,validation,validation,False,1.7161264901967694,3680,4,2,A__Dvv,A__DW
trimMA342_1200rpm_A__D_10,trimMA342_1200rpm_A__Dvv_11,train,validation,True,1.716587677489399,3681,0,4,A__D,A__Dvv
trimMA342_1200rpm_A__DW_10,trimMA342_1200rpm_Avv__D_08,test,train,True,1.71659814091277,3682,2,3,A__DW,Avv__D
trimMA342_1200rpm_A__DW_01,trimMA342_1200rpm_Avv__Dvv_12,test,train,True,1.7170705217050195,3683,2,5,A__DW,Avv__Dvv
trimMA342_1200rpm_A__D_06,trimMA342_1200rpm_A__Dvv_05,train,train,False,1.7172273115725794,3684,0,4,A__D,A__Dvv
trimMA342_1200rpm_A__DW_06,trimMA342_1200rpm_Avv__D_07,validation,train,True,1.717358236078779,3685,2,3,A__DW,Avv__D
trimMA342_1200rpm_A__D_11,trimMA342_1200rpm_Avv__Dvv_02,train,train,False,1.718397728218583,3686,0,5,A__D,Avv__Dvv
trimMA342_1200rpm_A__DW_01,trimMA342_1200rpm_AW__D_09,test,validation,True,1.7184654497453318,3687,2,1,A__DW,AW__D
trimMA342_1200rpm_A__D_03,trimMA342_1200rpm_AW__D_01,train,validation,True,1.7191518911849732,3688,0,1,A__D,AW__D
trimMA342_1200rpm_A__D_15,trimMA342_1200rpm_Avv__Dvv_04,train,train,False,1.719192237234903,3689,0,5,A__D,Avv__Dvv
trimMA342_1200rpm_A__Dvv_08,trimMA342_1200rpm_A__DW_14,validation,train,True,1.719235900792791,3690,4,2,A__Dvv,A__DW
trimMA342_1200rpm_A__D_15,trimMA342_1200rpm_A__DW_01,train,test,True,1.7194211477875023,3691,0,2,A__D,A__DW
trimMA342_1200rpm_A__Dvv_14,trimMA342_1200rpm_A__DW_02,test,validation,True,1.7194462660422993,3692,4,2,A__Dvv,A__DW
trimMA342_1200rpm_A__D_09,trimMA342_1200rpm_Avv__Dvv_13,train,train,False,1.7203863852265262,3693,0,5,A__D,Avv__Dvv
trimMA342_1200rpm_A__D_12,trimMA342_1200rpm_A__Dvv_11,validation,validation,False,1.7204130299456597,3694,0,4,A__D,A__Dvv
trimMA342_1200rpm_A__D_08,trimMA342_1200rpm_AW__D_14,test,train,True,1.7208611806449805,3695,0,1,A__D,AW__D
trimMA342_1200rpm_A__Dvv_05,trimMA342_1200rpm_A__DW_14,train,train,False,1.7213761792517546,3696,4,2,A__Dvv,A__DW
trimMA342_1200rpm_A__D_12,trimMA342_1200rpm_AW__D_13,validation,test,True,1.721695688024418,3697,0,1,A__D,AW__D
trimMA342_1200rpm_A__D_08,trimMA342_1200rpm_A__DW_02,test,validation,True,1.7219957296921782,3698,0,2,A__D,A__DW
trimMA342_1200rpm_A__D_10,trimMA342_1200rpm_A__Dvv_12,train,train,False,1.723148550029955,3699,0,4,A__D,A__Dvv
trimMA342_1200rpm_A__D_06,trimMA342_1200rpm_AW__D_12,train,train,False,1.7233238063217633,3700,0,1,A__D,AW__D
trimMA342_1200rpm_A__D_09,trimMA342_1200rpm_Avv__Dvv_03,train,train,False,1.7234381915954362,3701,0,5,A__D,Avv__Dvv
trimMA342_1200rpm_A__D_09,trimMA342_1200rpm_AW__D_05,train,test,True,1.7236415781888537,3702,0,1,A__D,AW__D
trimMA342_1200rpm_A__D_06,trimMA342_1200rpm_A__Dvv_06,train,validation,True,1.7237135963074033,3703,0,4,A__D,A__Dvv
trimMA342_1200rpm_A__D_12,trimMA342_1200rpm_Avv__D_06,validation,test,True,1.7241927590532207,3704,0,3,A__D,Avv__D
trimMA342_1200rpm_A__D_10,trimMA342_1200rpm_A__DW_04,train,validation,True,1.7242136597560478,3705,0,2,A__D,A__DW
trimMA342_1200rpm_A__D_08,trimMA342_1200rpm_A__Dvv_13,test,train,True,1.7245713995494727,3706,0,4,A__D,A__Dvv
trimMA342_1200rpm_A__Dvv_06,trimMA342_1200rpm_A__DW_01,validation,test,True,1.7248943638898926,3707,4,2,A__Dvv,A__DW
trimMA342_1200rpm_A__D_08,trimMA342_1200rpm_AW__D_03,test,train,True,1.724968051457933,3708,0,1,A__D,AW__D
trimMA342_1200rpm_A__D_09,trimMA342_1200rpm_Avv__D_10,train,train,False,1.7256232265421012,3709,0,3,A__D,Avv__D
trimMA342_1200rpm_A__Dvv_04,trimMA342_1200rpm_A__DW_14,train,train,False,1.7256926421995888,3710,4,2,A__Dvv,A__DW
trimMA342_1200rpm_A__D_12,trimMA342_1200rpm_A__Dvv_02,validation,test,True,1.7260194606009218,3711,0,4,A__D,A__Dvv
trimMA342_1200rpm_A__DW_00,trimMA342_1200rpm_AW__D_10,train,validation,True,1.7260443501247196,3712,2,1,A__DW,AW__D
trimMA342_1200rpm_A__D_06,trimMA342_1200rpm_Avv__D_09,train,validation,True,1.7261100275365384,3713,0,3,A__D,Avv__D
trimMA342_1200rpm_A__DW_11,trimMA342_1200rpm_Avv__D_15,train,train,False,1.7262546823888716,3714,2,3,A__DW,Avv__D
trimMA342_1200rpm_A__D_11,trimMA342_1200rpm_A__DW_00,train,train,False,1.7263388921567153,3715,0,2,A__D,A__DW
trimMA342_1200rpm_A__D_10,trimMA342_1200rpm_A__Dvv_14,train,test,True,1.7273481341243426,3716,0,4,A__D,A__Dvv
trimMA342_1200rpm_A__DW_14,trimMA342_1200rpm_Avv__Dvv_04,train,train,False,1.7282028186585412,3717,2,5,A__DW,Avv__Dvv
trimMA342_1200rpm_A__DW_03,trimMA342_1200rpm_Avv__D_09,test,validation,True,1.728834899368159,3718,2,3,A__DW,Avv__D
trimMA342_1200rpm_A__D_11,trimMA342_1200rpm_Avv__Dvv_01,train,train,False,1.7288780133065755,3719,0,5,A__D,Avv__Dvv
trimMA342_1200rpm_A__Dvv_13,trimMA342_1200rpm_A__DW_14,train,train,False,1.7290437862820567,3720,4,2,A__Dvv,A__DW
trimMA342_1200rpm_A__DW_11,trimMA342_1200rpm_Avv__D_14,train,validation,True,1.7293163847936275,3721,2,3,A__DW,Avv__D
trimMA342_1200rpm_A__DW_06,trimMA342_1200rpm_Avv__D_15,validation,train,True,1.7293421657829373,3722,2,3,A__DW,Avv__D
trimMA342_1200rpm_A__DW_08,trimMA342_1200rpm_Avv__D_11,train,train,False,1.7296411059608565,3723,2,3,A__DW,Avv__D
trimMA342_1200rpm_A__D_13,trimMA342_1200rpm_A__DW_00,test,train,True,1.7301076681058944,3724,0,2,A__D,A__DW
trimMA342_1200rpm_A__D_12,trimMA342_1200rpm_A__Dvv_15,validation,train,True,1.7301196747143575,3725,0,4,A__D,A__Dvv
trimMA342_1200rpm_A__D_12,trimMA342_1200rpm_Avv__Dvv_11,validation,validation,False,1.7317053947921,3726,0,5,A__D,Avv__Dvv
trimMA342_1200rpm_A__DW_05,trimMA342_1200rpm_Avv__D_06,train,test,True,1.7324565792529327,3727,2,3,A__DW,Avv__D
trimMA342_1200rpm_A__D_06,trimMA342_1200rpm_AW__D_14,train,train,False,1.7324884088696062,3728,0,1,A__D,AW__D
trimMA342_1200rpm_A__DW_13,trimMA342_1200rpm_Avv__D_04,train,validation,True,1.7325044499733127,3729,2,3,A__DW,Avv__D
trimMA342_1200rpm_A__D_15,trimMA342_1200rpm_A__DW_06,train,validation,True,1.7326645249269446,3730,0,2,A__D,A__DW
trimMA342_1200rpm_A__DW_13,trimMA342_1200rpm_Avv__D_11,train,train,False,1.7328197214251841,3731,2,3,A__DW,Avv__D
trimMA342_1200rpm_A__D_14,trimMA342_1200rpm_A__DW_04,test,validation,True,1.7333361321536502,3732,0,2,A__D,A__DW
trimMA342_1200rpm_A__D_09,trimMA342_1200rpm_AW__D_07,train,train,False,1.7333400339541636,3733,0,1,A__D,AW__D
trimMA342_1200rpm_A__DW_07,trimMA342_1200rpm_Avv__D_11,test,train,True,1.7334212418252364,3734,2,3,A__DW,Avv__D
trimMA342_1200rpm_A__D_14,trimMA342_1200rpm_A__DW_01,test,test,False,1.733723114800025,3735,0,2,A__D,A__DW
trimMA342_1200rpm_A__D_13,trimMA342_1200rpm_AW__D_09,test,validation,True,1.733786011001696,3736,0,1,A__D,AW__D
trimMA342_1200rpm_A__D_10,trimMA342_1200rpm_A__Dvv_15,train,train,False,1.7343113144479991,3737,0,4,A__D,A__Dvv
trimMA342_1200rpm_A__D_09,trimMA342_1200rpm_Avv__D_06,train,test,True,1.7356831651771094,3738,0,3,A__D,Avv__D
trimMA342_1200rpm_A__D_08,trimMA342_1200rpm_AW__D_13,test,test,False,1.7357311057284055,3739,0,1,A__D,AW__D
trimMA342_1200rpm_A__D_03,trimMA342_1200rpm_Avv__Dvv_06,train,test,True,1.7362610465773158,3740,0,5,A__D,Avv__Dvv
trimMA342_1200rpm_A__Dvv_11,trimMA342_1200rpm_A__DW_02,validation,validation,False,1.736375023381624,3741,4,2,A__Dvv,A__DW
trimMA342_1200rpm_A__DW_09,trimMA342_1200rpm_Avv__D_09,train,validation,True,1.7363759411526032,3742,2,3,A__DW,Avv__D
trimMA342_1200rpm_A__DW_13,trimMA342_1200rpm_Avv__D_05,train,train,False,1.7363985602820204,3743,2,3,A__DW,Avv__D
trimMA342_1200rpm_A__D_09,trimMA342_1200rpm_Avv__Dvv_12,train,train,False,1.7367306908619393,3744,0,5,A__D,Avv__Dvv
trimMA342_1200rpm_A__Dvv_04,trimMA342_1200rpm_A__DW_09,train,train,False,1.7370556383604194,3745,4,2,A__Dvv,A__DW
trimMA342_1200rpm_A__DW_06,trimMA342_1200rpm_Avv__D_10,validation,train,True,1.737182700447385,3746,2,3,A__DW,Avv__D
trimMA342_1200rpm_A__D_06,trimMA342_1200rpm_A__Dvv_02,train,test,True,1.737226670002865,3747,0,4,A__D,A__Dvv
trimMA342_1200rpm_A__D_04,trimMA342_1200rpm_Avv__Dvv_04,validation,train,True,1.7374013240388477,3748,0,5,A__D,Avv__Dvv
trimMA342_1200rpm_A__D_12,trimMA342_1200rpm_AW__D_10,validation,validation,False,1.7375113649823812,3749,0,1,A__D,AW__D
trimMA342_1200rpm_A__DW_08,trimMA342_1200rpm_Avv__D_06,train,test,True,1.7377659001868213,3750,2,3,A__DW,Avv__D
trimMA342_1200rpm_A__D_03,trimMA342_1200rpm_Avv__D_03,train,train,False,1.7377824469351186,3751,0,3,A__D,Avv__D
trimMA342_1200rpm_A__D_07,trimMA342_1200rpm_AW__D_08,train,train,False,1.7385443756093777,3752,0,1,A__D,AW__D
trimMA342_1200rpm_A__D_03,trimMA342_1200rpm_Avv__Dvv_03,train,train,False,1.7392495959746606,3753,0,5,A__D,Avv__Dvv
trimMA342_1200rpm_A__D_09,trimMA342_1200rpm_Avv__Dvv_06,train,test,True,1.7393976607044828,3754,0,5,A__D,Avv__Dvv
trimMA342_1200rpm_A__Dvv_11,trimMA342_1200rpm_A__DW_14,validation,train,True,1.7394879385916386,3755,4,2,A__Dvv,A__DW
trimMA342_1200rpm_A__DW_02,trimMA342_1200rpm_Avv__D_11,validation,train,True,1.7397810439803072,3756,2,3,A__DW,Avv__D
trimMA342_1200rpm_A__D_01,trimMA342_1200rpm_A__D_15,test,train,True,1.7399147814840428,3757,0,0,A__D,A__D
trimMA342_1200rpm_A__D_14,trimMA342_1200rpm_A__DW_05,test,train,True,1.7402826440401504,3758,0,2,A__D,A__DW
trimMA342_1200rpm_A__DW_04,trimMA342_1200rpm_Avv__D_07,validation,train,True,1.7405562833156056,3759,2,3,A__DW,Avv__D
trimMA342_1200rpm_A__D_05,trimMA342_1200rpm_AW__D_04,validation,train,True,1.7406441047170798,3760,0,1,A__D,AW__D
trimMA342_1200rpm_A__DW_13,trimMA342_1200rpm_Avv__D_02,train,train,False,1.742726222695206,3761,2,3,A__DW,Avv__D
trimMA342_1200rpm_A__DW_08,trimMA342_1200rpm_Avv__D_02,train,train,False,1.7428336617593654,3762,2,3,A__DW,Avv__D
trimMA342_1200rpm_A__D_01,trimMA342_1200rpm_A__D_11,test,train,True,1.7435024202311258,3763,0,0,A__D,A__D
trimMA342_1200rpm_A__D_06,trimMA342_1200rpm_AW__D_13,train,test,True,1.744587099634727,3764,0,1,A__D,AW__D
trimMA342_1200rpm_A__DW_02,trimMA342_1200rpm_Avv__D_09,validation,validation,False,1.744717470397572,3765,2,3,A__DW,Avv__D
trimMA342_1200rpm_A__D_15,trimMA342_1200rpm_Avv__Dvv_15,train,train,False,1.7448843609720306,3766,0,5,A__D,Avv__Dvv
trimMA342_1200rpm_A__D_09,trimMA342_1200rpm_Avv__Dvv_11,train,validation,True,1.7451102113124366,3767,0,5,A__D,Avv__Dvv
trimMA342_1200rpm_A__Dvv_13,trimMA342_1200rpm_A__DW_02,train,validation,True,1.7452036878725066,3768,4,2,A__Dvv,A__DW
trimMA342_1200rpm_A__DW_05,trimMA342_1200rpm_Avv__D_15,train,train,False,1.7453907476907449,3769,2,3,A__DW,Avv__D
trimMA342_1200rpm_A__D_10,trimMA342_1200rpm_AW__D_13,train,test,True,1.7455662159968148,3770,0,1,A__D,AW__D
trimMA342_1200rpm_A__D_07,trimMA342_1200rpm_Avv__Dvv_13,train,train,False,1.7460084143635195,3771,0,5,A__D,Avv__Dvv
trimMA342_1200rpm_A__D_06,trimMA342_1200rpm_Avv__D_01,train,validation,True,1.7464146397296436,3772,0,3,A__D,Avv__D
trimMA342_1200rpm_A__D_05,trimMA342_1200rpm_AW__D_08,validation,train,True,1.746612884603151,3773,0,1,A__D,AW__D
trimMA342_1200rpm_A__D_00,trimMA342_1200rpm_A__D_09,train,train,False,1.7468271830731898,3774,0,0,A__D,A__D
trimMA342_1200rpm_A__D_11,trimMA342_1200rpm_A__Dvv_11,train,validation,True,1.7469978242389719,3775,0,4,A__D,A__Dvv
trimMA342_1200rpm_A__D_10,trimMA342_1200rpm_AW__D_10,train,validation,True,1.7477658234751476,3776,0,1,A__D,AW__D
trimMA342_1200rpm_A__DW_01,trimMA342_1200rpm_Avv__Dvv_03,test,train,True,1.7481235427242532,3777,2,5,A__DW,Avv__Dvv
trimMA342_1200rpm_A__DW_13,trimMA342_1200rpm_Avv__D_09,train,validation,True,1.7483277555569903,3778,2,3,A__DW,Avv__D
trimMA342_1200rpm_A__D_09,trimMA342_1200rpm_Avv__Dvv_05,train,train,False,1.748439730129174,3779,0,5,A__D,Avv__Dvv
trimMA342_1200rpm_A__D_05,trimMA342_1200rpm_Avv__Dvv_01,validation,train,True,1.7487694142163355,3780,0,5,A__D,Avv__Dvv
trimMA342_1200rpm_A__D_04,trimMA342_1200rpm_AW__D_09,validation,validation,False,1.7487862989189107,3781,0,1,A__D,AW__D
trimMA342_1200rpm_A__D_02,trimMA342_1200rpm_A__Dvv_07,validation,train,True,1.7489163921606885,3782,0,4,A__D,A__Dvv
trimMA342_1200rpm_A__DW_03,trimMA342_1200rpm_Avv__Dvv_15,test,train,True,1.7490565631455384,3783,2,5,A__DW,Avv__Dvv
trimMA342_1200rpm_A__DW_11,trimMA342_1200rpm_Avv__D_08,train,train,False,1.749680122219822,3784,2,3,A__DW,Avv__D
trimMA342_1200rpm_A__D_03,trimMA342_1200rpm_AW__D_02,train,train,False,1.749839029507618,3785,0,1,A__D,AW__D
trimMA342_1200rpm_A__D_08,trimMA342_1200rpm_A__DW_01,test,test,False,1.7501651129369131,3786,0,2,A__D,A__DW
trimMA342_1200rpm_A__D_06,trimMA342_1200rpm_A__Dvv_13,train,train,False,1.7502593407447133,3787,0,4,A__D,A__Dvv
trimMA342_1200rpm_A__D_06,trimMA342_1200rpm_Avv__Dvv_00,train,test,True,1.750574431973073,3788,0,5,A__D,Avv__Dvv
trimMA342_1200rpm_A__DW_00,trimMA342_1200rpm_Avv__Dvv_01,train,train,False,1.750957742954989,3789,2,5,A__DW,Avv__Dvv
trimMA342_1200rpm_A__D_11,trimMA342_1200rpm_AW__D_08,train,train,False,1.7512594418802716,3790,0,1,A__D,AW__D
trimMA342_1200rpm_A__D_06,trimMA342_1200rpm_AW__D_07,train,train,False,1.7518534792163596,3791,0,1,A__D,AW__D
trimMA342_1200rpm_A__D_03,trimMA342_1200rpm_AW__D_07,train,train,False,1.7519632937863991,3792,0,1,A__D,AW__D
trimMA342_1200rpm_A__DW_11,trimMA342_1200rpm_Avv__D_07,train,train,False,1.752014278019191,3793,2,3,A__DW,Avv__D
trimMA342_1200rpm_A__D_09,trimMA342_1200rpm_Avv__D_14,train,validation,True,1.752844225768566,3794,0,3,A__D,Avv__D
trimMA342_1200rpm_A__D_03,trimMA342_1200rpm_AW__D_13,train,test,True,1.7532498774117267,3795,0,1,A__D,AW__D
trimMA342_1200rpm_A__DW_07,trimMA342_1200rpm_Avv__D_06,test,test,False,1.753511415117051,3796,2,3,A__DW,Avv__D
trimMA342_1200rpm_A__D_03,trimMA342_1200rpm_Avv__D_07,train,train,False,1.7535492441240106,3797,0,3,A__D,Avv__D
trimMA342_1200rpm_A__D_01,trimMA342_1200rpm_A__D_13,test,test,False,1.754957680380957,3798,0,0,A__D,A__D
trimMA342_1200rpm_A__D_07,trimMA342_1200rpm_A__DW_04,train,validation,True,1.7550589561792098,3799,0,2,A__D,A__DW
trimMA342_1200rpm_A__D_12,trimMA342_1200rpm_A__DW_02,validation,validation,False,1.7556335094424849,3800,0,2,A__D,A__DW
trimMA342_1200rpm_A__Dvv_00,trimMA342_1200rpm_A__DW_09,test,train,True,1.7560174138749134,3801,4,2,A__Dvv,A__DW
trimMA342_1200rpm_A__D_03,trimMA342_1200rpm_Avv__D_10,train,train,False,1.7566910107761784,3802,0,3,A__D,Avv__D
trimMA342_1200rpm_A__D_03,trimMA342_1200rpm_Avv__Dvv_09,train,validation,True,1.7571465617515576,3803,0,5,A__D,Avv__Dvv
trimMA342_1200rpm_A__D_06,trimMA342_1200rpm_Avv__D_12,train,test,True,1.7572391356103818,3804,0,3,A__D,Avv__D
trimMA342_1200rpm_A__D_08,trimMA342_1200rpm_A__Dvv_10,test,test,False,1.7575748590242313,3805,0,4,A__D,A__Dvv
trimMA342_1200rpm_A__D_10,trimMA342_1200rpm_AW__D_05,train,test,True,1.7577440798961035,3806,0,1,A__D,AW__D
trimMA342_1200rpm_A__DW_01,trimMA342_1200rpm_Avv__D_09,test,validation,True,1.7578773481019208,3807,2,3,A__DW,Avv__D
trimMA342_1200rpm_A__D_04,trimMA342_1200rpm_AW__D_08,validation,train,True,1.75800755837123,3808,0,1,A__D,AW__D
trimMA342_1200rpm_A__D_07,trimMA342_1200rpm_A__DW_03,train,test,True,1.7585256524680457,3809,0,2,A__D,A__DW
trimMA342_1200rpm_A__D_05,trimMA342_1200rpm_AW__D_09,validation,validation,False,1.7586156327267886,3810,0,1,A__D,AW__D
trimMA342_1200rpm_A__Dvv_04,trimMA342_1200rpm_A__DW_00,train,train,False,1.7602620025991944,3811,4,2,A__Dvv,A__DW
trimMA342_1200rpm_A__D_03,trimMA342_1200rpm_Avv__D_08,train,train,False,1.761237133210434,3812,0,3,A__D,Avv__D
trimMA342_1200rpm_A__D_08,trimMA342_1200rpm_Avv__Dvv_14,test,test,False,1.761658544126294,3813,0,5,A__D,Avv__Dvv
trimMA342_1200rpm_A__DW_09,trimMA342_1200rpm_Avv__D_03,train,train,False,1.7617625911327432,3814,2,3,A__DW,Avv__D
trimMA342_1200rpm_A__D_03,trimMA342_1200rpm_A__Dvv_14,train,test,True,1.7619669882821432,3815,0,4,A__D,A__Dvv
trimMA342_1200rpm_A__DW_00,trimMA342_1200rpm_Avv__Dvv_05,train,train,False,1.7622657623157323,3816,2,5,A__DW,Avv__Dvv
trimMA342_1200rpm_A__DW_07,trimMA342_1200rpm_Avv__D_12,test,test,False,1.7622720949226252,3817,2,3,A__DW,Avv__D
trimMA342_1200rpm_A__D_13,trimMA342_1200rpm_A__DW_06,test,validation,True,1.7625775209041628,3818,0,2,A__D,A__DW
trimMA342_1200rpm_A__DW_10,trimMA342_1200rpm_Avv__D_01,test,validation,True,1.7630452694353997,3819,2,3,A__DW,Avv__D
trimMA342_1200rpm_A__D_03,trimMA342_1200rpm_Avv__D_02,train,train,False,1.7632384261321123,3820,0,3,A__D,Avv__D
trimMA342_1200rpm_A__D_08,trimMA342_1200rpm_A__DW_03,test,test,False,1.763534285908947,3821,0,2,A__D,A__DW
trimMA342_1200rpm_A__DW_14,trimMA342_1200rpm_Avv__Dvv_15,train,train,False,1.7637201379495073,3822,2,5,A__DW,Avv__Dvv
trimMA342_1200rpm_A__D_03,trimMA342_1200rpm_Avv__Dvv_14,train,test,True,1.764605808761396,3823,0,5,A__D,Avv__Dvv
trimMA342_1200rpm_A__D_12,trimMA342_1200rpm_A__Dvv_10,validation,test,True,1.7656517588151837,3824,0,4,A__D,A__Dvv
trimMA342_1200rpm_A__D_06,trimMA342_1200rpm_Avv__D_02,train,train,False,1.7658243023996258,3825,0,3,A__D,Avv__D
trimMA342_1200rpm_A__DW_05,trimMA342_1200rpm_Avv__D_12,train,test,True,1.76594775782407,3826,2,3,A__DW,Avv__D
trimMA342_1200rpm_A__D_09,trimMA342_1200rpm_A__DW_00,train,train,False,1.7662589250871916,3827,0,2,A__D,A__DW
trimMA342_1200rpm_A__D_11,trimMA342_1200rpm_A__DW_05,train,train,False,1.7664036542752257,3828,0,2,A__D,A__DW
trimMA342_1200rpm_A__DW_12,trimMA342_1200rpm_Avv__D_07,train,train,False,1.766654894188651,3829,2,3,A__DW,Avv__D
trimMA342_1200rpm_A__D_06,trimMA342_1200rpm_A__DW_02,train,validation,True,1.7667021053683478,3830,0,2,A__D,A__DW
trimMA342_1200rpm_A__D_14,trimMA342_1200rpm_A__DW_00,test,train,True,1.7668560391929777,3831,0,2,A__D,A__DW
trimMA342_1200rpm_A__Dvv_02,trimMA342_1200rpm_A__DW_01,test,test,False,1.7673077934127723,3832,4,2,A__Dvv,A__DW
trimMA342_1200rpm_A__DW_03,trimMA342_1200rpm_Avv__D_06,test,test,False,1.7673679553764685,3833,2,3,A__DW,Avv__D
trimMA342_1200rpm_A__DW_10,trimMA342_1200rpm_Avv__D_15,test,train,True,1.7682938268254236,3834,2,3,A__DW,Avv__D
trimMA342_1200rpm_A__DW_04,trimMA342_1200rpm_Avv__D_06,validation,test,True,1.7685182135865685,3835,2,3,A__DW,Avv__D
trimMA342_1200rpm_A__D_03,trimMA342_1200rpm_Avv__Dvv_05,train,train,False,1.768847550964814,3836,0,5,A__D,Avv__Dvv
trimMA342_1200rpm_A__D_06,trimMA342_1200rpm_AW__D_03,train,train,False,1.7691526516252982,3837,0,1,A__D,AW__D
trimMA342_1200rpm_A__D_06,trimMA342_1200rpm_AW__D_10,train,validation,True,1.769273166162009,3838,0,1,A__D,AW__D
trimMA342_1200rpm_A__D_11,trimMA342_1200rpm_A__DW_04,train,validation,True,1.7698706869993,3839,0,2,A__D,A__DW
trimMA342_1200rpm_A__DW_08,trimMA342_1200rpm_Avv__D_04,train,validation,True,1.770088817102454,3840,2,3,A__DW,Avv__D
trimMA342_1200rpm_A__D_08,trimMA342_1200rpm_A__DW_04,test,validation,True,1.7708833988285413,3841,0,2,A__D,A__DW
trimMA342_1200rpm_A__DW_08,trimMA342_1200rpm_Avv__D_13,train,test,True,1.7714049470579076,3842,2,3,A__DW,Avv__D
trimMA342_1200rpm_A__DW_11,trimMA342_1200rpm_Avv__D_01,train,validation,True,1.7716581214651306,3843,2,3,A__DW,Avv__D
trimMA342_1200rpm_A__D_07,trimMA342_1200rpm_Avv__Dvv_04,train,train,False,1.7720274387391037,3844,0,5,A__D,Avv__Dvv
trimMA342_1200rpm_A__DW_03,trimMA342_1200rpm_Avv__D_15,test,train,True,1.7724862968919692,3845,2,3,A__DW,Avv__D
trimMA342_1200rpm_A__D_03,trimMA342_1200rpm_AW__D_03,train,train,False,1.7732531929306132,3846,0,1,A__D,AW__D
trimMA342_1200rpm_A__Dvv_08,trimMA342_1200rpm_A__DW_01,validation,test,True,1.7733187134511492,3847,4,2,A__Dvv,A__DW
trimMA342_1200rpm_A__D_07,trimMA342_1200rpm_AW__D_05,train,test,True,1.7733287655000685,3848,0,1,A__D,AW__D
trimMA342_1200rpm_A__D_06,trimMA342_1200rpm_A__Dvv_09,train,train,False,1.7734487559504943,3849,0,4,A__D,A__Dvv
trimMA342_1200rpm_A__DW_14,trimMA342_1200rpm_Avv__D_03,train,train,False,1.773511208991535,3850,2,3,A__DW,Avv__D
trimMA342_1200rpm_A__Dvv_09,trimMA342_1200rpm_A__DW_01,train,test,True,1.7742198733820012,3851,4,2,A__Dvv,A__DW
trimMA342_1200rpm_A__D_09,trimMA342_1200rpm_Avv__D_13,train,test,True,1.7744520797057557,3852,0,3,A__D,Avv__D
trimMA342_1200rpm_A__DW_07,trimMA342_1200rpm_Avv__D_02,test,train,True,1.7749028966832823,3853,2,3,A__DW,Avv__D
trimMA342_1200rpm_A__D_10,trimMA342_1200rpm_Avv__Dvv_11,train,validation,True,1.7756253773020998,3854,0,5,A__D,Avv__Dvv
trimMA342_1200rpm_A__DW_00,trimMA342_1200rpm_AW__D_14,train,train,False,1.7756355902040037,3855,2,1,A__DW,AW__D
trimMA342_1200rpm_A__DW_10,trimMA342_1200rpm_Avv__D_10,test,train,True,1.775768379918514,3856,2,3,A__DW,Avv__D
trimMA342_1200rpm_A__D_10,trimMA342_1200rpm_Avv__Dvv_13,train,train,False,1.7758079488190817,3857,0,5,A__D,Avv__Dvv
trimMA342_1200rpm_A__D_08,trimMA342_1200rpm_Avv__Dvv_05,test,train,True,1.7761525858999025,3858,0,5,A__D,Avv__Dvv
trimMA342_1200rpm_A__DW_02,trimMA342_1200rpm_Avv__D_03,validation,train,True,1.776433852352676,3859,2,3,A__DW,Avv__D
trimMA342_1200rpm_A__DW_03,trimMA342_1200rpm_Avv__D_05,test,train,True,1.776595927119953,3860,2,3,A__DW,Avv__D
trimMA342_1200rpm_A__D_06,trimMA342_1200rpm_Avv__D_03,train,train,False,1.7768803806268982,3861,0,3,A__D,Avv__D
trimMA342_1200rpm_A__D_01,trimMA342_1200rpm_A__D_14,test,test,False,1.776889252521069,3862,0,0,A__D,A__D
trimMA342_1200rpm_A__DW_12,trimMA342_1200rpm_Avv__D_08,train,train,False,1.776945528578991,3863,2,3,A__DW,Avv__D
trimMA342_1200rpm_A__D_14,trimMA342_1200rpm_A__DW_06,test,validation,True,1.7772882107437467,3864,0,2,A__D,A__DW
trimMA342_1200rpm_A__DW_04,trimMA342_1200rpm_Avv__D_12,validation,test,True,1.7776481253759617,3865,2,3,A__DW,Avv__D
trimMA342_1200rpm_A__D_15,trimMA342_1200rpm_A__DW_10,train,test,True,1.7780629490827091,3866,0,2,A__D,A__DW
trimMA342_1200rpm_A__D_04,trimMA342_1200rpm_AW__D_05,validation,test,True,1.778124784249822,3867,0,1,A__D,AW__D
trimMA342_1200rpm_A__Dvv_03,trimMA342_1200rpm_A__DW_00,validation,train,True,1.7789488329398246,3868,4,2,A__Dvv,A__DW
trimMA342_1200rpm_A__Dvv_00,trimMA342_1200rpm_A__DW_14,test,train,True,1.779193808925932,3869,4,2,A__Dvv,A__DW
trimMA342_1200rpm_A__DW_05,trimMA342_1200rpm_Avv__D_14,train,validation,True,1.7794630672508238,3870,2,3,A__DW,Avv__D
trimMA342_1200rpm_A__DW_04,trimMA342_1200rpm_Avv__D_08,validation,train,True,1.7795073960236172,3871,2,3,A__DW,Avv__D
trimMA342_1200rpm_A__DW_13,trimMA342_1200rpm_Avv__D_06,train,test,True,1.7797584330307232,3872,2,3,A__DW,Avv__D
trimMA342_1200rpm_A__D_01,trimMA342_1200rpm_A__D_12,test,validation,True,1.7802433999418201,3873,0,0,A__D,A__D
trimMA342_1200rpm_A__D_09,trimMA342_1200rpm_A__Dvv_15,train,train,False,1.7805295573195454,3874,0,4,A__D,A__Dvv
trimMA342_1200rpm_A__DW_07,trimMA342_1200rpm_Avv__D_08,test,train,True,1.7806506189513687,3875,2,3,A__DW,Avv__D
trimMA342_1200rpm_A__DW_02,trimMA342_1200rpm_Avv__D_04,validation,validation,False,1.7822613346326162,3876,2,3,A__DW,Avv__D
trimMA342_1200rpm_A__DW_12,trimMA342_1200rpm_Avv__D_13,train,test,True,1.7824657024413186,3877,2,3,A__DW,Avv__D
trimMA342_1200rpm_A__D_08,trimMA342_1200rpm_A__Dvv_14,test,test,False,1.782893514126889,3878,0,4,A__D,A__Dvv
trimMA342_1200rpm_A__DW_04,trimMA342_1200rpm_Avv__D_15,validation,train,True,1.7833616352860693,3879,2,3,A__DW,Avv__D
trimMA342_1200rpm_A__D_03,trimMA342_1200rpm_Avv__Dvv_02,train,train,False,1.783604863997256,3880,0,5,A__D,Avv__Dvv
trimMA342_1200rpm_A__D_09,trimMA342_1200rpm_A__DW_02,train,validation,True,1.7837529051683294,3881,0,2,A__D,A__DW
trimMA342_1200rpm_A__DW_07,trimMA342_1200rpm_Avv__D_15,test,train,True,1.7837884789840859,3882,2,3,A__DW,Avv__D
trimMA342_1200rpm_A__DW_02,trimMA342_1200rpm_Avv__D_05,validation,train,True,1.7845584806150063,3883,2,3,A__DW,Avv__D
trimMA342_1200rpm_A__D_12,trimMA342_1200rpm_A__DW_01,validation,test,True,1.7848579879635809,3884,0,2,A__D,A__DW
trimMA342_1200rpm_A__DW_09,trimMA342_1200rpm_Avv__D_11,train,train,False,1.7850612805513524,3885,2,3,A__DW,Avv__D
trimMA342_1200rpm_A__D_10,trimMA342_1200rpm_Avv__Dvv_02,train,train,False,1.7858279898285085,3886,0,5,A__D,Avv__Dvv
trimMA342_1200rpm_A__DW_08,trimMA342_1200rpm_Avv__D_05,train,train,False,1.785894609064518,3887,2,3,A__DW,Avv__D
trimMA342_1200rpm_A__D_03,trimMA342_1200rpm_Avv__Dvv_12,train,train,False,1.7864579980044046,3888,0,5,A__D,Avv__Dvv
trimMA342_1200rpm_A__D_08,trimMA342_1200rpm_AW__D_07,test,train,True,1.786469997830871,3889,0,1,A__D,AW__D
trimMA342_1200rpm_A__DW_05,trimMA342_1200rpm_Avv__D_07,train,train,False,1.7865921463817065,3890,2,3,A__DW,Avv__D
trimMA342_1200rpm_A__D_10,trimMA342_1200rpm_Avv__Dvv_03,train,train,False,1.7869800379769916,3891,0,5,A__D,Avv__Dvv
trimMA342_1200rpm_A__D_03,trimMA342_1200rpm_A__Dvv_08,train,validation,True,1.7874184914959115,3892,0,4,A__D,A__Dvv
trimMA342_1200rpm_A__DW_04,trimMA342_1200rpm_Avv__D_14,validation,validation,False,1.7877330209902962,3893,2,3,A__DW,Avv__D
trimMA342_1200rpm_A__DW_07,trimMA342_1200rpm_Avv__D_14,test,validation,True,1.7883198411407353,3894,2,3,A__DW,Avv__D
trimMA342_1200rpm_A__DW_09,trimMA342_1200rpm_Avv__D_06,train,test,True,1.7891516958054399,3895,2,3,A__DW,Avv__D
trimMA342_1200rpm_A__Dvv_02,trimMA342_1200rpm_A__DW_00,test,train,True,1.7898425742715343,3896,4,2,A__Dvv,A__DW
trimMA342_1200rpm_A__DW_07,trimMA342_1200rpm_Avv__D_10,test,train,True,1.7901165561783545,3897,2,3,A__DW,Avv__D
trimMA342_1200rpm_A__D_12,trimMA342_1200rpm_A__DW_03,validation,test,True,1.7901812223253593,3898,0,2,A__D,A__DW
trimMA342_1200rpm_A__DW_03,trimMA342_1200rpm_Avv__D_10,test,train,True,1.7906776840256096,3899,2,3,A__DW,Avv__D
trimMA342_1200rpm_A__DW_09,trimMA342_1200rpm_Avv__D_04,train,validation,True,1.7907299432066395,3900,2,3,A__DW,Avv__D
trimMA342_1200rpm_A__DW_06,trimMA342_1200rpm_Avv__D_01,validation,validation,False,1.7912098292809293,3901,2,3,A__DW,Avv__D
trimMA342_1200rpm_A__DW_10,trimMA342_1200rpm_Avv__D_07,test,train,True,1.7930693484222717,3902,2,3,A__DW,Avv__D
trimMA342_1200rpm_A__D_11,trimMA342_1200rpm_A__DW_06,train,validation,True,1.7931407083608537,3903,0,2,A__D,A__DW
trimMA342_1200rpm_A__D_03,trimMA342_1200rpm_Avv__Dvv_00,train,test,True,1.7931518713821375,3904,0,5,A__D,Avv__Dvv
trimMA342_1200rpm_A__DW_15,trimMA342_1200rpm_Avv__D_12,validation,test,True,1.7933353443705853,3905,2,3,A__DW,Avv__D
trimMA342_1200rpm_A__D_08,trimMA342_1200rpm_A__Dvv_12,test,train,True,1.7935857189869502,3906,0,4,A__D,A__Dvv
trimMA342_1200rpm_A__D_06,trimMA342_1200rpm_Avv__D_00,train,test,True,1.793635335303604,3907,0,3,A__D,Avv__D
trimMA342_1200rpm_A__D_08,trimMA342_1200rpm_AW__D_05,test,test,False,1.7936903545663763,3908,0,1,A__D,AW__D
trimMA342_1200rpm_A__DW_06,trimMA342_1200rpm_Avv__D_00,validation,test,True,1.7939479094860242,3909,2,3,A__DW,Avv__D
trimMA342_1200rpm_A__D_02,trimMA342_1200rpm_AW__D_11,validation,test,True,1.7941217003722183,3910,0,1,A__D,AW__D
trimMA342_1200rpm_A__Dvv_05,trimMA342_1200rpm_A__DW_00,train,train,False,1.794826546728885,3911,4,2,A__Dvv,A__DW
trimMA342_1200rpm_A__D_06,trimMA342_1200rpm_AW__D_08,train,train,False,1.7951263232360453,3912,0,1,A__D,AW__D
trimMA342_1200rpm_A__D_02,trimMA342_1200rpm_AW__D_12,validation,train,True,1.7958654599660826,3913,0,1,A__D,AW__D
trimMA342_1200rpm_A__D_02,trimMA342_1200rpm_A__Dvv_04,validation,train,True,1.7962113155062176,3914,0,4,A__D,A__Dvv
trimMA342_1200rpm_A__D_10,trimMA342_1200rpm_AW__D_07,train,train,False,1.796919936113657,3915,0,1,A__D,AW__D
trimMA342_1200rpm_A__D_07,trimMA342_1200rpm_A__DW_02,train,validation,True,1.7970506336455982,3916,0,2,A__D,A__DW
trimMA342_1200rpm_A__D_02,trimMA342_1200rpm_AW__D_04,validation,train,True,1.7970886147608565,3917,0,1,A__D,AW__D
trimMA342_1200rpm_A__D_07,trimMA342_1200rpm_A__Dvv_10,train,test,True,1.7971277678385293,3918,0,4,A__D,A__Dvv
trimMA342_1200rpm_A__D_14,trimMA342_1200rpm_Avv__Dvv_15,test,train,True,1.7983188515008608,3919,0,5,A__D,Avv__Dvv
trimMA342_1200rpm_A__D_13,trimMA342_1200rpm_Avv__Dvv_01,test,train,True,1.7983427016846851,3920,0,5,A__D,Avv__Dvv
trimMA342_1200rpm_A__D_06,trimMA342_1200rpm_Avv__Dvv_09,train,validation,True,1.7987801696286765,3921,0,5,A__D,Avv__Dvv
trimMA342_1200rpm_A__DW_07,trimMA342_1200rpm_Avv__D_13,test,test,False,1.7990201445312441,3922,2,3,A__DW,Avv__D
trimMA342_1200rpm_A__D_06,trimMA342_1200rpm_Avv__D_15,train,train,False,1.7990609996163034,3923,0,3,A__D,Avv__D
trimMA342_1200rpm_A__DW_00,trimMA342_1200rpm_AW__D_07,train,train,False,1.7992735119606658,3924,2,1,A__DW,AW__D
trimMA342_1200rpm_A__DW_02,trimMA342_1200rpm_Avv__Dvv_15,validation,train,True,1.79929846090936,3925,2,5,A__DW,Avv__Dvv
trimMA342_1200rpm_A__D_06,trimMA342_1200rpm_Avv__Dvv_12,train,train,False,1.799377134623436,3926,0,5,A__D,Avv__Dvv
trimMA342_1200rpm_A__D_06,trimMA342_1200rpm_Avv__D_08,train,train,False,1.7999711339579656,3927,0,3,A__D,Avv__D
trimMA342_1200rpm_A__DW_11,trimMA342_1200rpm_Avv__D_10,train,train,False,1.799999434691283,3928,2,3,A__DW,Avv__D
trimMA342_1200rpm_A__D_09,trimMA342_1200rpm_Avv__Dvv_02,train,train,False,1.8002923757219196,3929,0,5,A__D,Avv__Dvv
trimMA342_1200rpm_A__DW_09,trimMA342_1200rpm_Avv__D_05,train,train,False,1.8007165563821677,3930,2,3,A__DW,Avv__D
trimMA342_1200rpm_A__DW_12,trimMA342_1200rpm_Avv__D_15,train,train,False,1.8022218112583521,3931,2,3,A__DW,Avv__D
trimMA342_1200rpm_A__D_15,trimMA342_1200rpm_A__DW_00,train,train,False,1.8022872196153517,3932,0,2,A__D,A__DW
trimMA342_1200rpm_A__D_01,trimMA342_1200rpm_AW__D_00,test,train,True,1.8025995685275642,3933,0,1,A__D,AW__D
trimMA342_1200rpm_A__DW_10,trimMA342_1200rpm_Avv__D_14,test,validation,True,1.802729011880466,3934,2,3,A__DW,Avv__D
trimMA342_1200rpm_A__D_06,trimMA342_1200rpm_A__DW_03,train,test,True,1.802876638689016,3935,0,2,A__D,A__DW
trimMA342_1200rpm_A__D_03,trimMA342_1200rpm_AW__D_04,train,train,False,1.804473414903145,3936,0,1,A__D,AW__D
trimMA342_1200rpm_A__D_10,trimMA342_1200rpm_A__Dvv_10,train,test,True,1.8046056317395491,3937,0,4,A__D,A__Dvv
trimMA342_1200rpm_A__D_12,trimMA342_1200rpm_AW__D_05,validation,test,True,1.8049232424155812,3938,0,1,A__D,AW__D
trimMA342_1200rpm_A__DW_05,trimMA342_1200rpm_Avv__D_01,train,validation,True,1.8054651735680365,3939,2,3,A__DW,Avv__D
trimMA342_1200rpm_A__DW_14,trimMA342_1200rpm_Avv__D_05,train,train,False,1.805473793604016,3940,2,3,A__DW,Avv__D
trimMA342_1200rpm_A__D_07,trimMA342_1200rpm_Avv__Dvv_15,train,train,False,1.8054779283992353,3941,0,5,A__D,Avv__Dvv
trimMA342_1200rpm_A__D_06,trimMA342_1200rpm_A__Dvv_08,train,validation,True,1.8057119987428476,3942,0,4,A__D,A__Dvv
trimMA342_1200rpm_A__Dvv_13,trimMA342_1200rpm_A__DW_01,train,test,True,1.8069947936323427,3943,4,2,A__Dvv,A__DW
trimMA342_1200rpm_A__D_03,trimMA342_1200rpm_A__Dvv_12,train,train,False,1.8072530366250297,3944,0,4,A__D,A__Dvv
trimMA342_1200rpm_A__D_05,trimMA342_1200rpm_AW__D_05,validation,test,True,1.8077582818269293,3945,0,1,A__D,AW__D
trimMA342_1200rpm_A__DW_15,trimMA342_1200rpm_Avv__D_13,validation,test,True,1.8080399600902675,3946,2,3,A__DW,Avv__D
trimMA342_1200rpm_A__D_12,trimMA342_1200rpm_Avv__Dvv_03,validation,train,True,1.8082286164183217,3947,0,5,A__D,Avv__Dvv
trimMA342_1200rpm_A__D_15,trimMA342_1200rpm_A__DW_07,train,test,True,1.808431041138976,3948,0,2,A__D,A__DW
trimMA342_1200rpm_A__D_12,trimMA342_1200rpm_A__DW_04,validation,validation,False,1.8084836329774554,3949,0,2,A__D,A__DW
trimMA342_1200rpm_A__D_14,trimMA342_1200rpm_Avv__Dvv_01,test,train,True,1.8089411042647605,3950,0,5,A__D,Avv__Dvv
trimMA342_1200rpm_A__DW_14,trimMA342_1200rpm_Avv__D_04,train,validation,True,1.808983279841599,3951,2,3,A__DW,Avv__D
trimMA342_1200rpm_A__D_03,trimMA342_1200rpm_A__DW_01,train,test,True,1.8093274045044305,3952,0,2,A__D,A__DW
trimMA342_1200rpm_A__D_01,trimMA342_1200rpm_AW__D_15,test,validation,True,1.8093614246248875,3953,0,1,A__D,AW__D
trimMA342_1200rpm_A__DW_08,trimMA342_1200rpm_Avv__D_10,train,train,False,1.8100524994470764,3954,2,3,A__DW,Avv__D
trimMA342_1200rpm_A__D_14,trimMA342_1200rpm_A__DW_10,test,test,False,1.8104220350455653,3955,0,2,A__D,A__DW
trimMA342_1200rpm_A__D_06,trimMA342_1200rpm_Avv__Dvv_11,train,validation,True,1.8104736644493475,3956,0,5,A__D,Avv__Dvv
trimMA342_1200rpm_A__D_00,trimMA342_1200rpm_A__D_11,train,train,False,1.8109113155999774,3957,0,0,A__D,A__D
trimMA342_1200rpm_A__D_03,trimMA342_1200rpm_Avv__Dvv_13,train,train,False,1.8112561419757556,3958,0,5,A__D,Avv__Dvv
trimMA342_1200rpm_A__DW_15,trimMA342_1200rpm_Avv__D_07,validation,train,True,1.811275506315577,3959,2,3,A__DW,Avv__D
trimMA342_1200rpm_A__DW_02,trimMA342_1200rpm_Avv__Dvv_04,validation,train,True,1.8121690028787047,3960,2,5,A__DW,Avv__Dvv
trimMA342_1200rpm_A__D_08,trimMA342_1200rpm_Avv__Dvv_11,test,validation,True,1.81272654985527,3961,0,5,A__D,Avv__Dvv
trimMA342_1200rpm_A__D_12,trimMA342_1200rpm_AW__D_07,validation,train,True,1.8130761812735514,3962,0,1,A__D,AW__D
trimMA342_1200rpm_A__D_00,trimMA342_1200rpm_A__D_13,train,test,True,1.813934664182289,3963,0,0,A__D,A__D
trimMA342_1200rpm_A__D_03,trimMA342_1200rpm_A__Dvv_11,train,validation,True,1.8140447172225396,3964,0,4,A__D,A__Dvv
trimMA342_1200rpm_A__D_06,trimMA342_1200rpm_A__DW_04,train,validation,True,1.8143017067180782,3965,0,2,A__D,A__DW
trimMA342_1200rpm_A__DW_14,trimMA342_1200rpm_Avv__D_11,train,train,False,1.8151499361535788,3966,2,3,A__DW,Avv__D
trimMA342_1200rpm_A__D_08,trimMA342_1200rpm_A__Dvv_15,test,train,True,1.8166193958104064,3967,0,4,A__D,A__Dvv
trimMA342_1200rpm_A__D_03,trimMA342_1200rpm_AW__D_08,train,train,False,1.816690323140229,3968,0,1,A__D,AW__D
trimMA342_1200rpm_A__DW_03,trimMA342_1200rpm_Avv__D_12,test,test,False,1.816884916680703,3969,2,3,A__DW,Avv__D
trimMA342_1200rpm_A__DW_03,trimMA342_1200rpm_Avv__D_08,test,train,True,1.8174077128308244,3970,2,3,A__DW,Avv__D
trimMA342_1200rpm_A__D_14,trimMA342_1200rpm_Avv__Dvv_04,test,train,True,1.8181343089160806,3971,0,5,A__D,Avv__Dvv
trimMA342_1200rpm_A__D_11,trimMA342_1200rpm_Avv__Dvv_15,train,train,False,1.8190410321846784,3972,0,5,A__D,Avv__Dvv
trimMA342_1200rpm_A__D_10,trimMA342_1200rpm_A__DW_03,train,test,True,1.8191891233633772,3973,0,2,A__D,A__DW
trimMA342_1200rpm_A__DW_04,trimMA342_1200rpm_Avv__D_10,validation,train,True,1.8194206479575132,3974,2,3,A__DW,Avv__D
trimMA342_1200rpm_A__D_06,trimMA342_1200rpm_AW__D_05,train,test,True,1.8201620132461502,3975,0,1,A__D,AW__D
trimMA342_1200rpm_A__DW_00,trimMA342_1200rpm_Avv__Dvv_13,train,train,False,1.8203372307565682,3976,2,5,A__DW,Avv__Dvv
trimMA342_1200rpm_A__DW_05,trimMA342_1200rpm_Avv__D_00,train,test,True,1.820457368990398,3977,2,3,A__DW,Avv__D
trimMA342_1200rpm_A__DW_03,trimMA342_1200rpm_Avv__D_13,test,test,False,1.8212382881788716,3978,2,3,A__DW,Avv__D
trimMA342_1200rpm_A__D_06,trimMA342_1200rpm_A__DW_01,train,test,True,1.8215817841417201,3979,0,2,A__D,A__DW
trimMA342_1200rpm_A__DW_04,trimMA342_1200rpm_Avv__D_00,validation,test,True,1.8217612572261068,3980,2,3,A__DW,Avv__D
trimMA342_1200rpm_A__DW_04,trimMA342_1200rpm_Avv__D_01,validation,validation,False,1.8220599649367781,3981,2,3,A__DW,Avv__D
trimMA342_1200rpm_A__D_03,trimMA342_1200rpm_A__Dvv_10,train,test,True,1.8221904598528187,3982,0,4,A__D,A__Dvv
trimMA342_1200rpm_A__D_10,trimMA342_1200rpm_A__DW_05,train,train,False,1.8224380902871806,3983,0,2,A__D,A__DW
trimMA342_1200rpm_A__D_09,trimMA342_1200rpm_A__DW_03,train,test,True,1.8226298495843019,3984,0,2,A__D,A__DW
trimMA342_1200rpm_A__D_09,trimMA342_1200rpm_A__DW_04,train,validation,True,1.8233609725520228,3985,0,2,A__D,A__DW
trimMA342_1200rpm_A__D_06,trimMA342_1200rpm_Avv__Dvv_02,train,train,False,1.823605073084583,3986,0,5,A__D,Avv__Dvv
trimMA342_1200rpm_A__DW_00,trimMA342_1200rpm_AW__D_09,train,validation,True,1.82374938978336,3987,2,1,A__DW,AW__D
trimMA342_1200rpm_A__DW_14,trimMA342_1200rpm_Avv__D_09,train,validation,True,1.8246387123262833,3988,2,3,A__DW,Avv__D
trimMA342_1200rpm_A__D_08,trimMA342_1200rpm_Avv__Dvv_06,test,test,False,1.8248474944134345,3989,0,5,A__D,Avv__Dvv
trimMA342_1200rpm_A__DW_14,trimMA342_1200rpm_Avv__D_02,train,train,False,1.8252272007508485,3990,2,3,A__DW,Avv__D
trimMA342_1200rpm_A__D_06,trimMA342_1200rpm_AW__D_09,train,validation,True,1.8257051186150928,3991,0,1,A__D,AW__D
trimMA342_1200rpm_A__D_06,trimMA342_1200rpm_Avv__Dvv_06,train,test,True,1.8262215320323476,3992,0,5,A__D,Avv__Dvv
trimMA342_1200rpm_A__D_11,trimMA342_1200rpm_AW__D_09,train,validation,True,1.826441752062476,3993,0,1,A__D,AW__D
trimMA342_1200rpm_A__D_01,trimMA342_1200rpm_AW__D_04,test,train,True,1.826552135676642,3994,0,1,A__D,AW__D
trimMA342_1200rpm_A__D_03,trimMA342_1200rpm_Avv__D_06,train,test,True,1.8271050502778599,3995,0,3,A__D,Avv__D
trimMA342_1200rpm_A__DW_08,trimMA342_1200rpm_Avv__D_15,train,train,False,1.8276827289867668,3996,2,3,A__DW,Avv__D
trimMA342_1200rpm_A__D_08,trimMA342_1200rpm_A__DW_00,test,train,True,1.8284101388573866,3997,0,2,A__D,A__DW
trimMA342_1200rpm_A__DW_08,trimMA342_1200rpm_Avv__D_07,train,train,False,1.8289392503076787,3998,2,3,A__DW,Avv__D
trimMA342_1200rpm_A__DW_03,trimMA342_1200rpm_Avv__D_14,test,validation,True,1.8291571738022958,3999,2,3,A__DW,Avv__D
trimMA342_1200rpm_A__D_06,trimMA342_1200rpm_Avv__D_10,train,train,False,1.8299926223844654,4000,0,3,A__D,Avv__D
trimMA342_1200rpm_A__DW_09,trimMA342_1200rpm_Avv__D_02,train,train,False,1.83023356897493,4001,2,3,A__DW,Avv__D
trimMA342_1200rpm_A__D_08,trimMA342_1200rpm_A__Dvv_11,test,validation,True,1.8306171328627865,4002,0,4,A__D,A__Dvv
trimMA342_1200rpm_A__D_07,trimMA342_1200rpm_A__DW_06,train,validation,True,1.8307481843778157,4003,0,2,A__D,A__DW
trimMA342_1200rpm_A__D_08,trimMA342_1200rpm_A__DW_05,test,train,True,1.830979396373844,4004,0,2,A__D,A__DW
trimMA342_1200rpm_A__DW_00,trimMA342_1200rpm_Avv__Dvv_12,train,train,False,1.8311139072506095,4005,2,5,A__DW,Avv__Dvv
trimMA342_1200rpm_A__DW_05,trimMA342_1200rpm_Avv__D_08,train,train,False,1.8313785618591034,4006,2,3,A__DW,Avv__D
trimMA342_1200rpm_A__D_14,trimMA342_1200rpm_A__DW_07,test,test,False,1.8313959109202216,4007,0,2,A__D,A__DW
trimMA342_1200rpm_A__D_01,trimMA342_1200rpm_AW__D_02,test,train,True,1.8317359705880247,4008,0,1,A__D,AW__D
trimMA342_1200rpm_A__Dvv_11,trimMA342_1200rpm_A__DW_01,validation,test,True,1.831918645089142,4009,4,2,A__Dvv,A__DW
trimMA342_1200rpm_A__DW_02,trimMA342_1200rpm_Avv__D_10,validation,train,True,1.832095599521099,4010,2,3,A__DW,Avv__D
trimMA342_1200rpm_A__DW_02,trimMA342_1200rpm_Avv__D_12,validation,test,True,1.8342473551582872,4011,2,3,A__DW,Avv__D
trimMA342_1200rpm_A__DW_12,trimMA342_1200rpm_Avv__D_14,train,validation,True,1.8345936685810973,4012,2,3,A__DW,Avv__D
trimMA342_1200rpm_A__D_03,trimMA342_1200rpm_A__DW_02,train,validation,True,1.8349856875712438,4013,0,2,A__D,A__DW
trimMA342_1200rpm_A__D_10,trimMA342_1200rpm_AW__D_08,train,train,False,1.8358830732364537,4014,0,1,A__D,AW__D
trimMA342_1200rpm_A__DW_00,trimMA342_1200rpm_Avv__Dvv_03,train,train,False,1.8362685536622945,4015,2,5,A__DW,Avv__Dvv
trimMA342_1200rpm_A__Dvv_06,trimMA342_1200rpm_A__DW_00,validation,train,True,1.8384402316005093,4016,4,2,A__Dvv,A__DW
trimMA342_1200rpm_A__DW_15,trimMA342_1200rpm_Avv__D_14,validation,validation,False,1.8387316941641652,4017,2,3,A__DW,Avv__D
trimMA342_1200rpm_A__D_02,trimMA342_1200rpm_Avv__D_00,validation,test,True,1.8394397358351657,4018,0,3,A__D,Avv__D
trimMA342_1200rpm_A__D_06,trimMA342_1200rpm_Avv__D_14,train,validation,True,1.839824492207555,4019,0,3,A__D,Avv__D
trimMA342_1200rpm_A__D_08,trimMA342_1200rpm_Avv__D_06,test,test,False,1.8405707254906387,4020,0,3,A__D,Avv__D
trimMA342_1200rpm_A__DW_15,trimMA342_1200rpm_Avv__D_08,validation,train,True,1.8412524402695025,4021,2,3,A__DW,Avv__D
trimMA342_1200rpm_A__DW_02,trimMA342_1200rpm_Avv__D_02,validation,train,True,1.8414427515731764,4022,2,3,A__DW,Avv__D
trimMA342_1200rpm_A__D_12,trimMA342_1200rpm_Avv__Dvv_13,validation,train,True,1.8414876007800325,4023,0,5,A__D,Avv__Dvv
trimMA342_1200rpm_A__D_01,trimMA342_1200rpm_AW__D_06,test,test,False,1.8416485016593183,4024,0,1,A__D,AW__D
trimMA342_1200rpm_A__DW_03,trimMA342_1200rpm_Avv__D_07,test,train,True,1.8417609293397856,4025,2,3,A__DW,Avv__D
trimMA342_1200rpm_A__D_02,trimMA342_1200rpm_A__DW_02,validation,validation,False,1.8417966787969466,4026,0,2,A__D,A__DW
trimMA342_1200rpm_A__Dvv_08,trimMA342_1200rpm_A__DW_00,validation,train,True,1.841813938575711,4027,4,2,A__Dvv,A__DW
trimMA342_1200rpm_A__D_07,trimMA342_1200rpm_A__DW_01,train,test,True,1.8423714136524647,4028,0,2,A__D,A__DW
trimMA342_1200rpm_A__D_10,trimMA342_1200rpm_AW__D_09,train,validation,True,1.8426072351336167,4029,0,1,A__D,AW__D
trimMA342_1200rpm_A__D_09,trimMA342_1200rpm_AW__D_09,train,validation,True,1.8426408003090546,4030,0,1,A__D,AW__D
trimMA342_1200rpm_A__DW_01,trimMA342_1200rpm_Avv__D_12,test,test,False,1.8442622440398264,4031,2,3,A__DW,Avv__D
trimMA342_1200rpm_A__Dvv_09,trimMA342_1200rpm_A__DW_00,train,train,False,1.8448155003553783,4032,4,2,A__Dvv,A__DW
trimMA342_1200rpm_A__D_12,trimMA342_1200rpm_Avv__Dvv_02,validation,train,True,1.8454300728433166,4033,0,5,A__D,Avv__Dvv
trimMA342_1200rpm_A__D_08,trimMA342_1200rpm_Avv__Dvv_03,test,train,True,1.846535371867811,4034,0,5,A__D,Avv__Dvv
trimMA342_1200rpm_A__DW_08,trimMA342_1200rpm_Avv__D_14,train,validation,True,1.8466836632398378,4035,2,3,A__DW,Avv__D
trimMA342_1200rpm_A__DW_02,trimMA342_1200rpm_Avv__D_00,validation,test,True,1.8474502577185739,4036,2,3,A__DW,Avv__D
trimMA342_1200rpm_A__DW_15,trimMA342_1200rpm_Avv__D_10,validation,train,True,1.8480566227279547,4037,2,3,A__DW,Avv__D
trimMA342_1200rpm_A__DW_07,trimMA342_1200rpm_Avv__D_07,test,train,True,1.8481268357910419,4038,2,3,A__DW,Avv__D
trimMA342_1200rpm_A__DW_13,trimMA342_1200rpm_Avv__D_14,train,validation,True,1.850157407501461,4039,2,3,A__DW,Avv__D
trimMA342_1200rpm_A__DW_13,trimMA342_1200rpm_Avv__D_08,train,train,False,1.8504902374896304,4040,2,3,A__DW,Avv__D
trimMA342_1200rpm_A__D_09,trimMA342_1200rpm_A__DW_05,train,train,False,1.8509845027414835,4041,0,2,A__D,A__DW
trimMA342_1200rpm_A__D_08,trimMA342_1200rpm_Avv__Dvv_02,test,train,True,1.8511650530344959,4042,0,5,A__D,Avv__Dvv
trimMA342_1200rpm_A__D_06,trimMA342_1200rpm_Avv__Dvv_05,train,train,False,1.8516516245058803,4043,0,5,A__D,Avv__Dvv
trimMA342_1200rpm_A__DW_01,trimMA342_1200rpm_Avv__D_00,test,test,False,1.8521493757970966,4044,2,3,A__DW,Avv__D
trimMA342_1200rpm_A__DW_14,trimMA342_1200rpm_Avv__D_06,train,test,True,1.8525902731932151,4045,2,3,A__DW,Avv__D
trimMA342_1200rpm_A__D_06,trimMA342_1200rpm_Avv__Dvv_08,train,validation,True,1.8531030197508216,4046,0,5,A__D,Avv__Dvv
trimMA342_1200rpm_A__DW_10,trimMA342_1200rpm_Avv__D_00,test,test,False,1.8543009503278682,4047,2,3,A__DW,Avv__D
trimMA342_1200rpm_A__D_04,trimMA342_1200rpm_Avv__Dvv_01,validation,train,True,1.8547360804845145,4048,0,5,A__D,Avv__Dvv
trimMA342_1200rpm_A__D_13,trimMA342_1200rpm_A__DW_10,test,test,False,1.8549401190801933,4049,0,2,A__D,A__DW
trimMA342_1200rpm_A__D_12,trimMA342_1200rpm_AW__D_08,validation,train,True,1.8551959402763163,4050,0,1,A__D,AW__D
trimMA342_1200rpm_A__DW_13,trimMA342_1200rpm_Avv__D_12,train,test,True,1.8557122752880242,4051,2,3,A__DW,Avv__D
trimMA342_1200rpm_A__D_13,trimMA342_1200rpm_Avv__Dvv_15,test,train,True,1.857557689012663,4052,0,5,A__D,Avv__Dvv
trimMA342_1200rpm_A__D_07,trimMA342_1200rpm_A__DW_05,train,train,False,1.8581179447010996,4053,0,2,A__D,A__DW
trimMA342_1200rpm_A__D_03,trimMA342_1200rpm_A__DW_04,train,validation,True,1.859956838205675,4054,0,2,A__D,A__DW
trimMA342_1200rpm_A__D_06,trimMA342_1200rpm_A__Dvv_12,train,train,False,1.8610234350404165,4055,0,4,A__D,A__Dvv
trimMA342_1200rpm_A__D_10,trimMA342_1200rpm_A__DW_00,train,train,False,1.8610473082921088,4056,0,2,A__D,A__DW
trimMA342_1200rpm_A__D_01,trimMA342_1200rpm_AW__D_11,test,test,False,1.8612851414672364,4057,0,1,A__D,AW__D
trimMA342_1200rpm_A__DW_01,trimMA342_1200rpm_Avv__D_03,test,train,True,1.8618171366808887,4058,2,3,A__DW,Avv__D
trimMA342_1200rpm_A__D_12,trimMA342_1200rpm_AW__D_09,validation,validation,False,1.8619060118364372,4059,0,1,A__D,AW__D
trimMA342_1200rpm_A__D_10,trimMA342_1200rpm_A__DW_06,train,validation,True,1.8621646246116477,4060,0,2,A__D,A__DW
trimMA342_1200rpm_A__Dvv_12,trimMA342_1200rpm_A__DW_01,train,test,True,1.8623561412075293,4061,4,2,A__Dvv,A__DW
trimMA342_1200rpm_A__D_08,trimMA342_1200rpm_A__DW_06,test,validation,True,1.864643140009314,4062,0,2,A__D,A__DW
trimMA342_1200rpm_A__D_01,trimMA342_1200rpm_A__Dvv_00,test,test,False,1.8655991882706324,4063,0,4,A__D,A__Dvv
trimMA342_1200rpm_A__D_03,trimMA342_1200rpm_AW__D_05,train,test,True,1.8673210365554915,4064,0,1,A__D,AW__D
trimMA342_1200rpm_A__D_06,trimMA342_1200rpm_Avv__Dvv_03,train,train,False,1.867620385271338,4065,0,5,A__D,Avv__Dvv
trimMA342_1200rpm_A__D_03,trimMA342_1200rpm_A__DW_03,train,test,True,1.8678246412715314,4066,0,2,A__D,A__DW
trimMA342_1200rpm_A__D_04,trimMA342_1200rpm_A__DW_06,validation,validation,False,1.867904989539331,4067,0,2,A__D,A__DW
trimMA342_1200rpm_A__DW_00,trimMA342_1200rpm_Avv__Dvv_06,train,test,True,1.8681245919375071,4068,2,5,A__DW,Avv__Dvv
trimMA342_1200rpm_A__D_03,trimMA342_1200rpm_Avv__D_13,train,test,True,1.8682502551125628,4069,0,3,A__D,Avv__D
trimMA342_1200rpm_A__DW_02,trimMA342_1200rpm_Avv__D_13,validation,test,True,1.8690842182619583,4070,2,3,A__DW,Avv__D
trimMA342_1200rpm_A__D_02,trimMA342_1200rpm_AW__D_02,validation,train,True,1.8706019319429839,4071,0,1,A__D,AW__D
trimMA342_1200rpm_A__DW_15,trimMA342_1200rpm_Avv__D_15,validation,train,True,1.871611050062488,4072,2,3,A__DW,Avv__D
trimMA342_1200rpm_A__D_04,trimMA342_1200rpm_A__DW_03,validation,test,True,1.8721247082733938,4073,0,2,A__D,A__DW
trimMA342_1200rpm_A__D_05,trimMA342_1200rpm_A__DW_04,validation,validation,False,1.8726011784749135,4074,0,2,A__D,A__DW
trimMA342_1200rpm_A__D_12,trimMA342_1200rpm_A__DW_05,validation,train,True,1.8730694353477992,4075,0,2,A__D,A__DW
trimMA342_1200rpm_A__DW_00,trimMA342_1200rpm_Avv__Dvv_11,train,validation,True,1.8752346562021789,4076,2,5,A__DW,Avv__Dvv
trimMA342_1200rpm_A__D_02,trimMA342_1200rpm_A__Dvv_01,validation,train,True,1.875879338003668,4077,0,4,A__D,A__Dvv
trimMA342_1200rpm_A__D_02,trimMA342_1200rpm_Avv__D_12,validation,test,True,1.8766931419185175,4078,0,3,A__D,Avv__D
trimMA342_1200rpm_A__D_06,trimMA342_1200rpm_A__Dvv_14,train,test,True,1.8769913516946917,4079,0,4,A__D,A__Dvv
trimMA342_1200rpm_A__DW_11,trimMA342_1200rpm_Avv__D_00,train,test,True,1.8780443196927235,4080,2,3,A__DW,Avv__D
trimMA342_1200rpm_A__DW_08,trimMA342_1200rpm_Avv__D_12,train,test,True,1.8783777896629825,4081,2,3,A__DW,Avv__D
trimMA342_1200rpm_A__D_00,trimMA342_1200rpm_A__D_10,train,train,False,1.8788643563024736,4082,0,0,A__D,A__D
trimMA342_1200rpm_A__D_06,trimMA342_1200rpm_Avv__Dvv_14,train,test,True,1.879887002909493,4083,0,5,A__D,Avv__Dvv
trimMA342_1200rpm_A__D_09,trimMA342_1200rpm_A__DW_06,train,validation,True,1.8800111436972042,4084,0,2,A__D,A__DW
trimMA342_1200rpm_A__D_08,trimMA342_1200rpm_AW__D_08,test,train,True,1.8800496345535882,4085,0,1,A__D,AW__D
trimMA342_1200rpm_A__DW_13,trimMA342_1200rpm_Avv__D_07,train,train,False,1.8804181657252932,4086,2,3,A__DW,Avv__D
trimMA342_1200rpm_A__DW_15,trimMA342_1200rpm_Avv__D_01,validation,validation,False,1.8805667963041488,4087,2,3,A__DW,Avv__D
trimMA342_1200rpm_A__DW_03,trimMA342_1200rpm_Avv__D_00,test,test,False,1.8807990170377409,4088,2,3,A__DW,Avv__D
trimMA342_1200rpm_A__D_08,trimMA342_1200rpm_Avv__Dvv_13,test,train,True,1.8816884462600114,4089,0,5,A__D,Avv__Dvv
trimMA342_1200rpm_A__D_01,trimMA342_1200rpm_A__DW_03,test,test,False,1.8821002765711268,4090,0,2,A__D,A__DW
trimMA342_1200rpm_A__DW_02,trimMA342_1200rpm_Avv__D_15,validation,train,True,1.882240812424572,4091,2,3,A__DW,Avv__D
trimMA342_1200rpm_A__Dvv_10,trimMA342_1200rpm_A__DW_01,test,test,False,1.8829092571866992,4092,4,2,A__Dvv,A__DW
trimMA342_1200rpm_A__DW_00,trimMA342_1200rpm_Avv__Dvv_02,train,train,False,1.8833986109883216,4093,2,5,A__DW,Avv__Dvv
trimMA342_1200rpm_A__D_05,trimMA342_1200rpm_A__DW_03,validation,test,True,1.8835963071697528,4094,0,2,A__D,A__DW
trimMA342_1200rpm_A__D_02,trimMA342_1200rpm_AW__D_06,validation,test,True,1.883789498002222,4095,0,1,A__D,AW__D
trimMA342_1200rpm_A__DW_13,trimMA342_1200rpm_Avv__D_10,train,train,False,1.8849406867077334,4096,2,3,A__DW,Avv__D
trimMA342_1200rpm_A__DW_12,trimMA342_1200rpm_Avv__D_10,train,train,False,1.884959309169204,4097,2,3,A__DW,Avv__D
trimMA342_1200rpm_A__D_11,trimMA342_1200rpm_A__DW_10,train,test,True,1.8854894304730467,4098,0,2,A__D,A__DW
trimMA342_1200rpm_A__D_02,trimMA342_1200rpm_A__DW_00,validation,train,True,1.8859893986952265,4099,0,2,A__D,A__DW
trimMA342_1200rpm_A__D_14,trimMA342_1200rpm_A__DW_15,test,validation,True,1.8866887821538614,4100,0,2,A__D,A__DW
trimMA342_1200rpm_A__DW_13,trimMA342_1200rpm_Avv__D_15,train,train,False,1.8869457396712332,4101,2,3,A__DW,Avv__D
trimMA342_1200rpm_A__D_12,trimMA342_1200rpm_A__DW_00,validation,train,True,1.8869702448021828,4102,0,2,A__D,A__DW
trimMA342_1200rpm_A__D_07,trimMA342_1200rpm_A__DW_10,train,test,True,1.8871711265056716,4103,0,2,A__D,A__DW
trimMA342_1200rpm_A__DW_02,trimMA342_1200rpm_Avv__D_06,validation,test,True,1.8873612427423263,4104,2,3,A__DW,Avv__D
trimMA342_1200rpm_A__Dvv_15,trimMA342_1200rpm_A__DW_01,train,test,True,1.8874372365747842,4105,4,2,A__Dvv,A__DW
trimMA342_1200rpm_A__D_05,trimMA342_1200rpm_A__DW_05,validation,train,True,1.8874672411917575,4106,0,2,A__D,A__DW
trimMA342_1200rpm_A__D_15,trimMA342_1200rpm_A__DW_11,train,train,False,1.8875622391245088,4107,0,2,A__D,A__DW
trimMA342_1200rpm_A__D_02,trimMA342_1200rpm_A__Dvv_06,validation,validation,False,1.888284734576825,4108,0,4,A__D,A__Dvv
trimMA342_1200rpm_A__D_13,trimMA342_1200rpm_A__DW_11,test,train,True,1.8882903818688932,4109,0,2,A__D,A__DW
trimMA342_1200rpm_A__DW_13,trimMA342_1200rpm_Avv__D_01,train,validation,True,1.8895345123958829,4110,2,3,A__DW,Avv__D
trimMA342_1200rpm_A__D_02,trimMA342_1200rpm_A__DW_01,validation,test,True,1.8898268791215045,4111,0,2,A__D,A__DW
trimMA342_1200rpm_A__D_06,trimMA342_1200rpm_Avv__D_06,train,test,True,1.8901409462996754,4112,0,3,A__D,Avv__D
trimMA342_1200rpm_A__D_10,trimMA342_1200rpm_Avv__Dvv_15,train,train,False,1.8915046785464105,4113,0,5,A__D,Avv__Dvv
trimMA342_1200rpm_A__D_02,trimMA342_1200rpm_A__Dvv_08,validation,validation,False,1.8916338570775129,4114,0,4,A__D,A__Dvv
trimMA342_1200rpm_A__DW_09,trimMA342_1200rpm_Avv__D_12,train,test,True,1.8928103091613127,4115,2,3,A__DW,Avv__D
trimMA342_1200rpm_A__DW_09,trimMA342_1200rpm_Avv__D_08,train,train,False,1.8937743315737259,4116,2,3,A__DW,Avv__D
trimMA342_1200rpm_A__D_05,trimMA342_1200rpm_A__DW_06,validation,validation,False,1.8940887240029958,4117,0,2,A__D,A__DW
trimMA342_1200rpm_A__D_02,trimMA342_1200rpm_Avv__D_04,validation,validation,False,1.894314486713234,4118,0,3,A__D,Avv__D
trimMA342_1200rpm_A__DW_03,trimMA342_1200rpm_Avv__D_01,test,validation,True,1.8947595206252563,4119,2,3,A__DW,Avv__D
trimMA342_1200rpm_A__D_12,trimMA342_1200rpm_A__DW_06,validation,validation,False,1.8956016429355502,4120,0,2,A__D,A__DW
trimMA342_1200rpm_A__D_02,trimMA342_1200rpm_Avv__Dvv_09,validation,validation,False,1.8957752402453618,4121,0,5,A__D,Avv__Dvv
trimMA342_1200rpm_A__D_02,trimMA342_1200rpm_A__Dvv_05,validation,train,True,1.8959486193058985,4122,0,4,A__D,A__Dvv
trimMA342_1200rpm_A__DW_00,trimMA342_1200rpm_Avv__Dvv_14,train,test,True,1.8990136498714127,4123,2,5,A__DW,Avv__Dvv
trimMA342_1200rpm_A__DW_01,trimMA342_1200rpm_Avv__D_04,test,validation,True,1.90097595082294,4124,2,3,A__DW,Avv__D
trimMA342_1200rpm_A__D_00,trimMA342_1200rpm_A__D_04,train,validation,True,1.9013493386312044,4125,0,0,A__D,A__D
trimMA342_1200rpm_A__D_02,trimMA342_1200rpm_A__Dvv_03,validation,validation,False,1.9019699506290666,4126,0,4,A__D,A__Dvv
trimMA342_1200rpm_A__D_09,trimMA342_1200rpm_Avv__Dvv_01,train,train,False,1.9021943255813263,4127,0,5,A__D,Avv__Dvv
trimMA342_1200rpm_A__D_01,trimMA342_1200rpm_A__Dvv_03,test,validation,True,1.9022108155910145,4128,0,4,A__D,A__Dvv
trimMA342_1200rpm_A__D_02,trimMA342_1200rpm_AW__D_01,validation,validation,False,1.902255567966902,4129,0,1,A__D,AW__D
trimMA342_1200rpm_A__D_13,trimMA342_1200rpm_Avv__Dvv_04,test,train,True,1.9022730062768565,4130,0,5,A__D,Avv__Dvv
trimMA342_1200rpm_A__DW_02,trimMA342_1200rpm_Avv__D_14,validation,validation,False,1.9025531639199424,4131,2,3,A__DW,Avv__D
trimMA342_1200rpm_A__D_10,trimMA342_1200rpm_A__DW_10,train,test,True,1.903218918417867,4132,0,2,A__D,A__DW
trimMA342_1200rpm_A__D_08,trimMA342_1200rpm_AW__D_09,test,validation,True,1.9036957063576108,4133,0,1,A__D,AW__D
trimMA342_1200rpm_A__DW_07,trimMA342_1200rpm_Avv__D_00,test,test,False,1.9042501328126407,4134,2,3,A__DW,Avv__D
trimMA342_1200rpm_A__D_13,trimMA342_1200rpm_A__DW_07,test,test,False,1.9047738020098657,4135,0,2,A__D,A__DW
trimMA342_1200rpm_A__D_04,trimMA342_1200rpm_A__DW_05,validation,train,True,1.905409468360586,4136,0,2,A__D,A__DW
trimMA342_1200rpm_A__D_02,trimMA342_1200rpm_AW__D_15,validation,validation,False,1.9071329234714862,4137,0,1,A__D,AW__D
trimMA342_1200rpm_A__D_04,trimMA342_1200rpm_A__DW_04,validation,validation,False,1.9072668611010284,4138,0,2,A__D,A__DW
trimMA342_1200rpm_A__D_01,trimMA342_1200rpm_A__Dvv_07,test,train,True,1.9083370458433004,4139,0,4,A__D,A__Dvv
trimMA342_1200rpm_A__DW_15,trimMA342_1200rpm_Avv__D_00,validation,test,True,1.908535933035564,4140,2,3,A__DW,Avv__D
trimMA342_1200rpm_A__D_04,trimMA342_1200rpm_A__DW_01,validation,test,True,1.9087123010682936,4141,0,2,A__D,A__DW
trimMA342_1200rpm_A__D_02,trimMA342_1200rpm_Avv__D_09,validation,validation,False,1.910384930206596,4142,0,3,A__D,Avv__D
trimMA342_1200rpm_A__D_06,trimMA342_1200rpm_A__DW_05,train,train,False,1.9103906495230865,4143,0,2,A__D,A__DW
trimMA342_1200rpm_A__D_11,trimMA342_1200rpm_Avv__Dvv_04,train,train,False,1.9112435903687444,4144,0,5,A__D,Avv__Dvv
trimMA342_1200rpm_A__D_03,trimMA342_1200rpm_A__DW_06,train,validation,True,1.9130542269354858,4145,0,2,A__D,A__DW
trimMA342_1200rpm_A__D_03,trimMA342_1200rpm_A__Dvv_15,train,train,False,1.913319650941442,4146,0,4,A__D,A__Dvv
trimMA342_1200rpm_A__Dvv_15,trimMA342_1200rpm_A__DW_00,train,train,False,1.9148404155337218,4147,4,2,A__Dvv,A__DW
trimMA342_1200rpm_A__D_02,trimMA342_1200rpm_A__DW_03,validation,test,True,1.9154299701902588,4148,0,2,A__D,A__DW
trimMA342_1200rpm_A__DW_09,trimMA342_1200rpm_Avv__D_13,train,test,True,1.917226114712188,4149,2,3,A__DW,Avv__D
trimMA342_1200rpm_A__DW_08,trimMA342_1200rpm_Avv__D_00,train,test,True,1.9181130115969423,4150,2,3,A__DW,Avv__D
trimMA342_1200rpm_A__D_06,trimMA342_1200rpm_A__Dvv_10,train,test,True,1.9191484698109031,4151,0,4,A__D,A__Dvv
trimMA342_1200rpm_A__DW_13,trimMA342_1200rpm_Avv__D_13,train,test,True,1.9194633991224443,4152,2,3,A__DW,Avv__D
trimMA342_1200rpm_A__D_06,trimMA342_1200rpm_Avv__D_07,train,train,False,1.9195972193830517,4153,0,3,A__D,Avv__D
trimMA342_1200rpm_A__DW_01,trimMA342_1200rpm_Avv__D_05,test,train,True,1.9198608997187163,4154,2,3,A__DW,Avv__D
trimMA342_1200rpm_A__D_06,trimMA342_1200rpm_A__DW_00,train,train,False,1.9200470748689977,4155,0,2,A__D,A__DW
trimMA342_1200rpm_A__Dvv_14,trimMA342_1200rpm_A__DW_01,test,test,False,1.9201099836914892,4156,4,2,A__Dvv,A__DW
trimMA342_1200rpm_A__D_09,trimMA342_1200rpm_A__DW_10,train,test,True,1.920492593510649,4157,0,2,A__D,A__DW
trimMA342_1200rpm_A__Dvv_10,trimMA342_1200rpm_A__DW_00,test,train,True,1.9207332611906014,4158,4,2,A__Dvv,A__DW
trimMA342_1200rpm_A__D_01,trimMA342_1200rpm_A__Dvv_04,test,train,True,1.9209655411229825,4159,0,4,A__D,A__Dvv
trimMA342_1200rpm_A__D_07,trimMA342_1200rpm_A__DW_00,train,train,False,1.921010568090406,4160,0,2,A__D,A__DW
trimMA342_1200rpm_A__D_00,trimMA342_1200rpm_A__D_14,train,test,True,1.9210779392565185,4161,0,0,A__D,A__D
trimMA342_1200rpm_A__D_15,trimMA342_1200rpm_A__DW_08,train,train,False,1.9212483785415526,4162,0,2,A__D,A__DW
trimMA342_1200rpm_A__DW_09,trimMA342_1200rpm_Avv__D_15,train,train,False,1.9212513114791336,4163,2,3,A__DW,Avv__D
trimMA342_1200rpm_A__DW_02,trimMA342_1200rpm_Avv__D_07,validation,train,True,1.9217072409615379,4164,2,3,A__DW,Avv__D
trimMA342_1200rpm_A__D_01,trimMA342_1200rpm_AW__D_12,test,train,True,1.9221896826278209,4165,0,1,A__D,AW__D
trimMA342_1200rpm_A__DW_07,trimMA342_1200rpm_Avv__D_01,test,validation,True,1.9230452508905613,4166,2,3,A__DW,Avv__D
trimMA342_1200rpm_A__D_03,trimMA342_1200rpm_A__DW_05,train,train,False,1.9249153432880457,4167,0,2,A__D,A__DW
trimMA342_1200rpm_A__DW_12,trimMA342_1200rpm_Avv__D_01,train,validation,True,1.9250889273068565,4168,2,3,A__DW,Avv__D
trimMA342_1200rpm_A__DW_14,trimMA342_1200rpm_Avv__D_10,train,train,False,1.9251164595920418,4169,2,3,A__DW,Avv__D
trimMA342_1200rpm_A__D_00,trimMA342_1200rpm_A__D_12,train,validation,True,1.9251851533727784,4170,0,0,A__D,A__D
trimMA342_1200rpm_A__D_06,trimMA342_1200rpm_A__Dvv_11,train,validation,True,1.9253556558248532,4171,0,4,A__D,A__Dvv
trimMA342_1200rpm_A__D_10,trimMA342_1200rpm_Avv__Dvv_04,train,train,False,1.9260290102311957,4172,0,5,A__D,Avv__Dvv
trimMA342_1200rpm_A__DW_14,trimMA342_1200rpm_Avv__D_12,train,test,True,1.9267954927725504,4173,2,3,A__DW,Avv__D
trimMA342_1200rpm_A__DW_12,trimMA342_1200rpm_Avv__D_00,train,test,True,1.9270369292292602,4174,2,3,A__DW,Avv__D
trimMA342_1200rpm_A__DW_14,trimMA342_1200rpm_Avv__D_15,train,train,False,1.9285524194117165,4175,2,3,A__DW,Avv__D
trimMA342_1200rpm_A__DW_01,trimMA342_1200rpm_Avv__D_11,test,train,True,1.9289430707554596,4176,2,3,A__DW,Avv__D
trimMA342_1200rpm_A__D_05,trimMA342_1200rpm_A__DW_10,validation,test,True,1.9312300524639574,4177,0,2,A__D,A__DW
trimMA342_1200rpm_A__DW_08,trimMA342_1200rpm_Avv__D_01,train,validation,True,1.9332922870368767,4178,2,3,A__DW,Avv__D
trimMA342_1200rpm_A__Dvv_12,trimMA342_1200rpm_A__DW_00,train,train,False,1.9354772568125396,4179,4,2,A__Dvv,A__DW
trimMA342_1200rpm_A__DW_02,trimMA342_1200rpm_Avv__D_08,validation,train,True,1.935622625070166,4180,2,3,A__DW,Avv__D
trimMA342_1200rpm_A__D_01,trimMA342_1200rpm_AW__D_07,test,train,True,1.9356494567964653,4181,0,1,A__D,AW__D
trimMA342_1200rpm_A__D_01,trimMA342_1200rpm_A__DW_04,test,validation,True,1.9362612713533824,4182,0,2,A__D,A__DW
trimMA342_1200rpm_A__D_11,trimMA342_1200rpm_A__DW_07,train,test,True,1.9370116245603153,4183,0,2,A__D,A__DW
trimMA342_1200rpm_A__D_03,trimMA342_1200rpm_AW__D_09,train,validation,True,1.937769726681164,4184,0,1,A__D,AW__D
trimMA342_1200rpm_A__D_04,trimMA342_1200rpm_A__DW_02,validation,validation,False,1.9379851777946149,4185,0,2,A__D,A__DW
trimMA342_1200rpm_A__D_05,trimMA342_1200rpm_A__DW_02,validation,validation,False,1.9384493181537241,4186,0,2,A__D,A__DW
trimMA342_1200rpm_A__D_02,trimMA342_1200rpm_Avv__Dvv_08,validation,validation,False,1.939804442135091,4187,0,5,A__D,Avv__Dvv
trimMA342_1200rpm_A__D_12,trimMA342_1200rpm_Avv__Dvv_04,validation,train,True,1.940123678542719,4188,0,5,A__D,Avv__Dvv
trimMA342_1200rpm_A__DW_08,trimMA342_1200rpm_Avv__D_08,train,train,False,1.9418312802905136,4189,2,3,A__DW,Avv__D
trimMA342_1200rpm_A__D_01,trimMA342_1200rpm_A__Dvv_05,test,train,True,1.9425304636813394,4190,0,4,A__D,A__Dvv
trimMA342_1200rpm_A__D_01,trimMA342_1200rpm_AW__D_01,test,validation,True,1.942942804868945,4191,0,1,A__D,AW__D
trimMA342_1200rpm_A__D_01,trimMA342_1200rpm_A__DW_01,test,test,False,1.944287796941011,4192,0,2,A__D,A__DW
trimMA342_1200rpm_A__D_02,trimMA342_1200rpm_Avv__D_11,validation,train,True,1.9448288961404898,4193,0,3,A__D,Avv__D
trimMA342_1200rpm_A__D_04,trimMA342_1200rpm_A__DW_07,validation,test,True,1.9456148733619685,4194,0,2,A__D,A__DW
trimMA342_1200rpm_A__D_01,trimMA342_1200rpm_A__DW_02,test,validation,True,1.9461942290471426,4195,0,2,A__D,A__DW
trimMA342_1200rpm_A__D_10,trimMA342_1200rpm_Avv__Dvv_01,train,train,False,1.9462278801816368,4196,0,5,A__D,Avv__Dvv
trimMA342_1200rpm_A__D_15,trimMA342_1200rpm_A__DW_12,train,train,False,1.9468900199632462,4197,0,2,A__D,A__DW
trimMA342_1200rpm_A__D_12,trimMA342_1200rpm_Avv__Dvv_01,validation,train,True,1.9477955007502932,4198,0,5,A__D,Avv__Dvv
trimMA342_1200rpm_A__D_11,trimMA342_1200rpm_A__DW_11,train,train,False,1.9484663595791691,4199,0,2,A__D,A__DW
trimMA342_1200rpm_A__D_08,trimMA342_1200rpm_A__DW_10,test,test,False,1.9495470968510322,4200,0,2,A__D,A__DW
trimMA342_1200rpm_A__D_14,trimMA342_1200rpm_A__DW_11,test,train,True,1.9499470349225867,4201,0,2,A__D,A__DW
trimMA342_1200rpm_A__D_06,trimMA342_1200rpm_Avv__D_13,train,test,True,1.9501155743234344,4202,0,3,A__D,Avv__D
trimMA342_1200rpm_A__D_03,trimMA342_1200rpm_A__DW_00,train,train,False,1.9519594545791494,4203,0,2,A__D,A__DW
trimMA342_1200rpm_A__D_15,trimMA342_1200rpm_A__DW_15,train,validation,True,1.952746100792329,4204,0,2,A__D,A__DW
trimMA342_1200rpm_A__DW_01,trimMA342_1200rpm_Avv__D_13,test,test,False,1.9544143708223487,4205,2,3,A__DW,Avv__D
trimMA342_1200rpm_A__DW_02,trimMA342_1200rpm_Avv__D_01,validation,validation,False,1.954454280700161,4206,2,3,A__DW,Avv__D
trimMA342_1200rpm_A__DW_09,trimMA342_1200rpm_Avv__D_14,train,validation,True,1.9546073053728785,4207,2,3,A__DW,Avv__D
trimMA342_1200rpm_A__Dvv_14,trimMA342_1200rpm_A__DW_00,test,train,True,1.9565028871655195,4208,4,2,A__Dvv,A__DW
trimMA342_1200rpm_A__D_04,trimMA342_1200rpm_A__DW_10,validation,test,True,1.9567419613364836,4209,0,2,A__D,A__DW
trimMA342_1200rpm_A__D_02,trimMA342_1200rpm_A__Dvv_09,validation,train,True,1.9591281876455995,4210,0,4,A__D,A__Dvv
trimMA342_1200rpm_A__D_06,trimMA342_1200rpm_A__Dvv_15,train,train,False,1.9604036791508803,4211,0,4,A__D,A__Dvv
trimMA342_1200rpm_A__D_07,trimMA342_1200rpm_A__DW_07,train,test,True,1.9605867762324343,4212,0,2,A__D,A__DW
trimMA342_1200rpm_A__DW_14,trimMA342_1200rpm_Avv__D_14,train,validation,True,1.9609330132416392,4213,2,3,A__DW,Avv__D
trimMA342_1200rpm_A__DW_01,trimMA342_1200rpm_Avv__Dvv_15,test,train,True,1.961835811858235,4214,2,5,A__DW,Avv__Dvv
trimMA342_1200rpm_A__D_14,trimMA342_1200rpm_A__DW_12,test,train,True,1.9622700509595203,4215,0,2,A__D,A__DW
trimMA342_1200rpm_A__D_12,trimMA342_1200rpm_Avv__Dvv_15,validation,train,True,1.962341155697463,4216,0,5,A__D,Avv__Dvv
trimMA342_1200rpm_A__Dvv_11,trimMA342_1200rpm_A__DW_00,validation,train,True,1.9623999366399145,4217,4,2,A__Dvv,A__DW
trimMA342_1200rpm_A__D_06,trimMA342_1200rpm_Avv__Dvv_13,train,train,False,1.9633912847573807,4218,0,5,A__D,Avv__Dvv
trimMA342_1200rpm_A__DW_00,trimMA342_1200rpm_Avv__D_09,train,validation,True,1.9641851654122688,4219,2,3,A__DW,Avv__D
trimMA342_1200rpm_A__D_05,trimMA342_1200rpm_A__DW_11,validation,train,True,1.9647626685262913,4220,0,2,A__D,A__DW
trimMA342_1200rpm_A__D_02,trimMA342_1200rpm_A__DW_04,validation,validation,False,1.965705060071794,4221,0,2,A__D,A__DW
trimMA342_1200rpm_A__D_05,trimMA342_1200rpm_A__DW_01,validation,test,True,1.9691504399523132,4222,0,2,A__D,A__DW
trimMA342_1200rpm_A__DW_09,trimMA342_1200rpm_Avv__D_10,train,train,False,1.9703106731195754,4223,2,3,A__DW,Avv__D
trimMA342_1200rpm_A__D_02,trimMA342_1200rpm_Avv__Dvv_00,validation,test,True,1.9705082628017674,4224,0,5,A__D,Avv__Dvv
trimMA342_1200rpm_A__DW_01,trimMA342_1200rpm_Avv__D_06,test,test,False,1.9724212426377545,4225,2,3,A__DW,Avv__D
trimMA342_1200rpm_A__D_02,trimMA342_1200rpm_Avv__Dvv_07,validation,validation,False,1.9725283392295363,4226,0,5,A__D,Avv__Dvv
trimMA342_1200rpm_A__D_11,trimMA342_1200rpm_A__DW_08,train,train,False,1.9729162802202629,4227,0,2,A__D,A__DW
trimMA342_1200rpm_A__DW_14,trimMA342_1200rpm_Avv__D_07,train,train,False,1.974763974171813,4228,2,3,A__DW,Avv__D
trimMA342_1200rpm_A__DW_09,trimMA342_1200rpm_Avv__D_07,train,train,False,1.9759784231855282,4229,2,3,A__DW,Avv__D
trimMA342_1200rpm_A__D_01,trimMA342_1200rpm_A__DW_00,test,train,True,1.9768011606016798,4230,0,2,A__D,A__DW
trimMA342_1200rpm_A__D_08,trimMA342_1200rpm_Avv__Dvv_15,test,train,True,1.9779149817081143,4231,0,5,A__D,Avv__Dvv
trimMA342_1200rpm_A__D_15,trimMA342_1200rpm_A__DW_09,train,train,False,1.9782385446411865,4232,0,2,A__D,A__DW
trimMA342_1200rpm_A__D_03,trimMA342_1200rpm_Avv__Dvv_15,train,train,False,1.9789106372124805,4233,0,5,A__D,Avv__Dvv
trimMA342_1200rpm_A__D_13,trimMA342_1200rpm_A__DW_15,test,validation,True,1.9798559719198616,4234,0,2,A__D,A__DW
trimMA342_1200rpm_A__D_01,trimMA342_1200rpm_A__Dvv_01,test,train,True,1.9800200370014398,4235,0,4,A__D,A__Dvv
trimMA342_1200rpm_A__D_02,trimMA342_1200rpm_Avv__D_13,validation,test,True,1.9806344965724212,4236,0,3,A__D,Avv__D
trimMA342_1200rpm_A__D_03,trimMA342_1200rpm_A__DW_10,train,test,True,1.9808288138657468,4237,0,2,A__D,A__DW
trimMA342_1200rpm_A__D_15,trimMA342_1200rpm_A__DW_13,train,train,False,1.98112037776381,4238,0,2,A__D,A__DW
trimMA342_1200rpm_A__D_13,trimMA342_1200rpm_A__DW_08,test,train,True,1.9821755308411975,4239,0,2,A__D,A__DW
trimMA342_1200rpm_A__D_06,trimMA342_1200rpm_Avv__Dvv_04,train,train,False,1.9829018490857506,4240,0,5,A__D,Avv__Dvv
trimMA342_1200rpm_A__D_01,trimMA342_1200rpm_AW__D_14,test,train,True,1.9836295854943382,4241,0,1,A__D,AW__D
trimMA342_1200rpm_A__D_05,trimMA342_1200rpm_A__DW_07,validation,test,True,1.9838288299229547,4242,0,2,A__D,A__DW
trimMA342_1200rpm_A__D_02,trimMA342_1200rpm_Avv__D_08,validation,train,True,1.9839938643273616,4243,0,3,A__D,Avv__D
trimMA342_1200rpm_A__D_02,trimMA342_1200rpm_Avv__Dvv_10,validation,test,True,1.9850851519196933,4244,0,5,A__D,Avv__Dvv
trimMA342_1200rpm_A__D_02,trimMA342_1200rpm_Avv__D_05,validation,train,True,1.985462693398988,4245,0,3,A__D,Avv__D
trimMA342_1200rpm_A__Dvv_13,trimMA342_1200rpm_A__DW_00,train,train,False,1.9864414384230569,4246,4,2,A__Dvv,A__DW
trimMA342_1200rpm_A__D_08,trimMA342_1200rpm_A__DW_07,test,test,False,1.986984922670135,4247,0,2,A__D,A__DW
trimMA342_1200rpm_A__D_03,trimMA342_1200rpm_Avv__Dvv_04,train,train,False,1.9872625566125555,4248,0,5,A__D,Avv__Dvv
trimMA342_1200rpm_A__D_09,trimMA342_1200rpm_A__DW_07,train,test,True,1.9874249752840403,4249,0,2,A__D,A__DW
trimMA342_1200rpm_A__D_02,trimMA342_1200rpm_Avv__D_01,validation,validation,False,1.9878343306629538,4250,0,3,A__D,Avv__D
trimMA342_1200rpm_A__DW_01,trimMA342_1200rpm_Avv__D_15,test,train,True,1.988222620312599,4251,2,3,A__DW,Avv__D
trimMA342_1200rpm_A__D_02,trimMA342_1200rpm_AW__D_13,validation,test,True,1.9886252706298837,4252,0,1,A__D,AW__D
trimMA342_1200rpm_A__D_07,trimMA342_1200rpm_A__DW_15,train,validation,True,1.9886882933663834,4253,0,2,A__D,A__DW
trimMA342_1200rpm_A__DW_14,trimMA342_1200rpm_Avv__D_13,train,test,True,1.9888033678547914,4254,2,3,A__DW,Avv__D
trimMA342_1200rpm_A__D_14,trimMA342_1200rpm_A__DW_08,test,train,True,1.9888121569515795,4255,0,2,A__D,A__DW
trimMA342_1200rpm_A__DW_01,trimMA342_1200rpm_Avv__Dvv_04,test,train,True,1.990001449633212,4256,2,5,A__DW,Avv__Dvv
trimMA342_1200rpm_A__D_01,trimMA342_1200rpm_A__Dvv_02,test,test,False,1.9915215091808507,4257,0,4,A__D,A__Dvv
trimMA342_1200rpm_A__D_12,trimMA342_1200rpm_A__DW_10,validation,test,True,1.9935432239218989,4258,0,2,A__D,A__DW
trimMA342_1200rpm_A__D_06,trimMA342_1200rpm_A__DW_10,train,test,True,1.9940162586865118,4259,0,2,A__D,A__DW
trimMA342_1200rpm_A__D_00,trimMA342_1200rpm_A__D_15,train,train,False,1.9942168169138232,4260,0,0,A__D,A__D
trimMA342_1200rpm_A__D_02,trimMA342_1200rpm_Avv__D_14,validation,validation,False,1.9948646262120961,4261,0,3,A__D,Avv__D
trimMA342_1200rpm_A__D_08,trimMA342_1200rpm_Avv__Dvv_01,test,train,True,1.9950757759939868,4262,0,5,A__D,Avv__Dvv
trimMA342_1200rpm_A__DW_01,trimMA342_1200rpm_Avv__D_02,test,train,True,1.9952152391755298,4263,2,3,A__DW,Avv__D
trimMA342_1200rpm_A__DW_09,trimMA342_1200rpm_Avv__D_01,train,validation,True,1.995686139744277,4264,2,3,A__DW,Avv__D
trimMA342_1200rpm_A__D_00,trimMA342_1200rpm_A__DW_01,train,test,True,1.9965003543855762,4265,0,2,A__D,A__DW
trimMA342_1200rpm_A__D_04,trimMA342_1200rpm_A__DW_11,validation,train,True,1.996590562364199,4266,0,2,A__D,A__DW
trimMA342_1200rpm_A__D_06,trimMA342_1200rpm_A__DW_06,train,validation,True,1.9968903670684026,4267,0,2,A__D,A__DW
trimMA342_1200rpm_A__D_10,trimMA342_1200rpm_A__DW_07,train,test,True,1.9979326499051537,4268,0,2,A__D,A__DW
trimMA342_1200rpm_A__D_02,trimMA342_1200rpm_AW__D_14,validation,train,True,1.9982326853789982,4269,0,1,A__D,AW__D
trimMA342_1200rpm_A__D_01,trimMA342_1200rpm_A__Dvv_06,test,validation,True,1.9985074541898644,4270,0,4,A__D,A__Dvv
trimMA342_1200rpm_A__D_02,trimMA342_1200rpm_AW__D_10,validation,validation,False,1.9987066512147467,4271,0,1,A__D,AW__D
trimMA342_1200rpm_A__D_06,trimMA342_1200rpm_Avv__Dvv_01,train,train,False,1.999035575566577,4272,0,5,A__D,Avv__Dvv
trimMA342_1200rpm_A__D_02,trimMA342_1200rpm_Avv__Dvv_05,validation,train,True,1.9997793854350792,4273,0,5,A__D,Avv__Dvv
trimMA342_1200rpm_A__D_09,trimMA342_1200rpm_Avv__Dvv_15,train,train,False,2.000150727974276,4274,0,5,A__D,Avv__Dvv
trimMA342_1200rpm_A__DW_14,trimMA342_1200rpm_Avv__D_08,train,train,False,2.001993042333911,4275,2,3,A__DW,Avv__D
trimMA342_1200rpm_A__DW_01,trimMA342_1200rpm_Avv__D_10,test,train,True,2.0045582367296757,4276,2,3,A__DW,Avv__D
trimMA342_1200rpm_A__D_07,trimMA342_1200rpm_Avv__Dvv_01,train,train,False,2.0052649111322003,4277,0,5,A__D,Avv__Dvv
trimMA342_1200rpm_A__D_01,trimMA342_1200rpm_AW__D_10,test,validation,True,2.005436154813014,4278,0,1,A__D,AW__D
trimMA342_1200rpm_A__D_02,trimMA342_1200rpm_A__DW_05,validation,train,True,2.006788341346875,4279,0,2,A__D,A__DW
trimMA342_1200rpm_A__D_11,trimMA342_1200rpm_A__DW_15,train,validation,True,2.0081260817177293,4280,0,2,A__D,A__DW
trimMA342_1200rpm_A__D_03,trimMA342_1200rpm_Avv__Dvv_01,train,train,False,2.008578379300467,4281,0,5,A__D,Avv__Dvv
trimMA342_1200rpm_A__D_02,trimMA342_1200rpm_A__Dvv_02,validation,test,True,2.010082302380441,4282,0,4,A__D,A__Dvv
trimMA342_1200rpm_A__D_01,trimMA342_1200rpm_AW__D_13,test,test,False,2.0106744839351105,4283,0,1,A__D,AW__D
trimMA342_1200rpm_A__D_15,trimMA342_1200rpm_A__DW_14,train,train,False,2.011127811579105,4284,0,2,A__D,A__DW
trimMA342_1200rpm_A__D_02,trimMA342_1200rpm_AW__D_03,validation,train,True,2.0126543344407932,4285,0,1,A__D,AW__D
trimMA342_1200rpm_A__D_01,trimMA342_1200rpm_A__DW_06,test,validation,True,2.0136592389814982,4286,0,2,A__D,A__DW
trimMA342_1200rpm_A__D_00,trimMA342_1200rpm_A__D_05,train,validation,True,2.0146040161742196,4287,0,0,A__D,A__D
trimMA342_1200rpm_A__D_05,trimMA342_1200rpm_A__DW_08,validation,train,True,2.0157323300853927,4288,0,2,A__D,A__DW
trimMA342_1200rpm_A__D_02,trimMA342_1200rpm_Avv__D_15,validation,train,True,2.0165951142671106,4289,0,3,A__D,Avv__D
trimMA342_1200rpm_A__D_14,trimMA342_1200rpm_A__DW_13,test,train,True,2.01805475864005,4290,0,2,A__D,A__DW
trimMA342_1200rpm_A__D_02,trimMA342_1200rpm_Avv__Dvv_06,validation,test,True,2.018230771924159,4291,0,5,A__D,Avv__Dvv
trimMA342_1200rpm_A__D_01,trimMA342_1200rpm_Avv__Dvv_07,test,validation,True,2.0182858442477376,4292,0,5,A__D,Avv__Dvv
trimMA342_1200rpm_A__D_01,trimMA342_1200rpm_Avv__Dvv_09,test,validation,True,2.018392328640382,4293,0,5,A__D,Avv__Dvv
trimMA342_1200rpm_A__DW_00,trimMA342_1200rpm_Avv__D_05,train,train,False,2.018634775405288,4294,2,3,A__DW,Avv__D
trimMA342_1200rpm_A__D_14,trimMA342_1200rpm_A__DW_09,test,train,True,2.0201848868221473,4295,0,2,A__D,A__DW
trimMA342_1200rpm_A__DW_00,trimMA342_1200rpm_Avv__D_04,train,validation,True,2.0204661910569595,4296,2,3,A__DW,Avv__D
trimMA342_1200rpm_A__DW_00,trimMA342_1200rpm_Avv__D_13,train,test,True,2.020723796749263,4297,2,3,A__DW,Avv__D
trimMA342_1200rpm_A__DW_01,trimMA342_1200rpm_Avv__D_07,test,train,True,2.0229413437521266,4298,2,3,A__DW,Avv__D
trimMA342_1200rpm_A__D_01,trimMA342_1200rpm_Avv__D_09,test,validation,True,2.023866932267743,4299,0,3,A__D,Avv__D
trimMA342_1200rpm_A__D_13,trimMA342_1200rpm_A__DW_12,test,train,True,2.0242449676526095,4300,0,2,A__D,A__DW
trimMA342_1200rpm_A__D_02,trimMA342_1200rpm_Avv__D_02,validation,train,True,2.0250093921141787,4301,0,3,A__D,Avv__D
trimMA342_1200rpm_A__D_07,trimMA342_1200rpm_A__DW_11,train,train,False,2.025975255048075,4302,0,2,A__D,A__DW
trimMA342_1200rpm_A__D_02,trimMA342_1200rpm_AW__D_07,validation,train,True,2.026311075527639,4303,0,1,A__D,AW__D
trimMA342_1200rpm_A__D_05,trimMA342_1200rpm_A__DW_15,validation,validation,False,2.026503275884545,4304,0,2,A__D,A__DW
trimMA342_1200rpm_A__D_02,trimMA342_1200rpm_Avv__D_10,validation,train,True,2.026561509339012,4305,0,3,A__D,Avv__D
trimMA342_1200rpm_A__DW_01,trimMA342_1200rpm_Avv__D_14,test,validation,True,2.0276717418945824,4306,2,3,A__DW,Avv__D
trimMA342_1200rpm_A__D_03,trimMA342_1200rpm_A__DW_15,train,validation,True,2.0286605123201715,4307,0,2,A__D,A__DW
trimMA342_1200rpm_A__D_08,trimMA342_1200rpm_Avv__Dvv_04,test,train,True,2.028837385956417,4308,0,5,A__D,Avv__Dvv
trimMA342_1200rpm_A__D_00,trimMA342_1200rpm_A__DW_02,train,validation,True,2.0294362936545403,4309,0,2,A__D,A__DW
trimMA342_1200rpm_A__D_02,trimMA342_1200rpm_Avv__D_03,validation,train,True,2.0294566604238065,4310,0,3,A__D,Avv__D
trimMA342_1200rpm_A__DW_14,trimMA342_1200rpm_Avv__D_01,train,validation,True,2.0297419007876654,4311,2,3,A__DW,Avv__D
trimMA342_1200rpm_A__D_01,trimMA342_1200rpm_AW__D_05,test,test,False,2.0301622545119,4312,0,1,A__D,AW__D
trimMA342_1200rpm_A__D_11,trimMA342_1200rpm_A__DW_09,train,train,False,2.030453005286557,4313,0,2,A__D,A__DW
trimMA342_1200rpm_A__D_01,trimMA342_1200rpm_Avv__Dvv_10,test,test,False,2.030626817646581,4314,0,5,A__D,Avv__Dvv
trimMA342_1200rpm_A__D_11,trimMA342_1200rpm_A__DW_12,train,train,False,2.0319605188505037,4315,0,2,A__D,A__DW
trimMA342_1200rpm_A__D_09,trimMA342_1200rpm_A__DW_15,train,validation,True,2.0320654535034244,4316,0,2,A__D,A__DW
trimMA342_1200rpm_A__D_00,trimMA342_1200rpm_A__DW_00,train,train,False,2.0324051130104324,4317,0,2,A__D,A__DW
trimMA342_1200rpm_A__D_09,trimMA342_1200rpm_Avv__Dvv_04,train,train,False,2.0326098528583834,4318,0,5,A__D,Avv__Dvv
trimMA342_1200rpm_A__D_09,trimMA342_1200rpm_A__DW_11,train,train,False,2.033169452069112,4319,0,2,A__D,A__DW
trimMA342_1200rpm_A__D_13,trimMA342_1200rpm_A__DW_13,test,train,True,2.03367960194166,4320,0,2,A__D,A__DW
trimMA342_1200rpm_A__D_02,trimMA342_1200rpm_Avv__Dvv_14,validation,test,True,2.0348438997817984,4321,0,5,A__D,Avv__Dvv
trimMA342_1200rpm_A__D_02,trimMA342_1200rpm_Avv__Dvv_12,validation,train,True,2.0368211574709374,4322,0,5,A__D,Avv__Dvv
trimMA342_1200rpm_A__D_02,trimMA342_1200rpm_AW__D_05,validation,test,True,2.039094133107014,4323,0,1,A__D,AW__D
trimMA342_1200rpm_A__D_01,trimMA342_1200rpm_Avv__Dvv_12,test,train,True,2.039421997521213,4324,0,5,A__D,Avv__Dvv
trimMA342_1200rpm_A__DW_00,trimMA342_1200rpm_Avv__D_12,train,test,True,2.040294881562103,4325,2,3,A__DW,Avv__D
trimMA342_1200rpm_A__D_02,trimMA342_1200rpm_A__Dvv_13,validation,train,True,2.040361446436561,4326,0,4,A__D,A__Dvv
trimMA342_1200rpm_A__D_01,trimMA342_1200rpm_Avv__D_04,test,validation,True,2.041272862385606,4327,0,3,A__D,Avv__D
trimMA342_1200rpm_A__D_01,trimMA342_1200rpm_Avv__D_08,test,train,True,2.04131324792892,4328,0,3,A__D,Avv__D
trimMA342_1200rpm_A__DW_00,trimMA342_1200rpm_Avv__D_03,train,train,False,2.041343108097979,4329,2,3,A__DW,Avv__D
trimMA342_1200rpm_A__D_01,trimMA342_1200rpm_Avv__Dvv_05,test,train,True,2.04215767511954,4330,0,5,A__D,Avv__Dvv
trimMA342_1200rpm_A__D_01,trimMA342_1200rpm_Avv__Dvv_08,test,validation,True,2.0422178998009866,4331,0,5,A__D,Avv__Dvv
trimMA342_1200rpm_A__D_04,trimMA342_1200rpm_A__DW_15,validation,validation,False,2.0439598737439946,4332,0,2,A__D,A__DW
trimMA342_1200rpm_A__DW_00,trimMA342_1200rpm_Avv__D_11,train,train,False,2.044380004504105,4333,2,3,A__DW,Avv__D
trimMA342_1200rpm_A__D_14,trimMA342_1200rpm_A__DW_14,test,train,True,2.0448318390284763,4334,0,2,A__D,A__DW
trimMA342_1200rpm_A__D_01,trimMA342_1200rpm_Avv__D_11,test,train,True,2.0453450927730614,4335,0,3,A__D,Avv__D
trimMA342_1200rpm_A__D_01,trimMA342_1200rpm_A__DW_05,test,train,True,2.047811870470485,4336,0,2,A__D,A__DW
trimMA342_1200rpm_A__DW_13,trimMA342_1200rpm_Avv__D_00,train,test,True,2.047873486601243,4337,2,3,A__DW,Avv__D
trimMA342_1200rpm_A__D_12,trimMA342_1200rpm_A__DW_11,validation,train,True,2.048380049857342,4338,0,2,A__D,A__DW
trimMA342_1200rpm_A__D_04,trimMA342_1200rpm_A__DW_08,validation,train,True,2.049756170372118,4339,0,2,A__D,A__DW
trimMA342_1200rpm_A__D_07,trimMA342_1200rpm_A__DW_09,train,train,False,2.0497591079327595,4340,0,2,A__D,A__DW
trimMA342_1200rpm_A__D_01,trimMA342_1200rpm_AW__D_09,test,validation,True,2.0524686453438483,4341,0,1,A__D,AW__D
trimMA342_1200rpm_A__D_00,trimMA342_1200rpm_A__DW_03,train,test,True,2.053882872252375,4342,0,2,A__D,A__DW
trimMA342_1200rpm_A__D_06,trimMA342_1200rpm_Avv__Dvv_15,train,train,False,2.05429985874543,4343,0,5,A__D,Avv__Dvv
trimMA342_1200rpm_A__DW_14,trimMA342_1200rpm_Avv__D_00,train,test,True,2.0549300244904027,4344,2,3,A__DW,Avv__D
trimMA342_1200rpm_A__D_10,trimMA342_1200rpm_A__DW_08,train,train,False,2.0563209244254588,4345,0,2,A__D,A__DW
trimMA342_1200rpm_A__DW_09,trimMA342_1200rpm_Avv__D_00,train,test,True,2.0563702911211093,4346,2,3,A__DW,Avv__D
trimMA342_1200rpm_A__D_11,trimMA342_1200rpm_A__DW_13,train,train,False,2.0576195070674204,4347,0,2,A__D,A__DW
trimMA342_1200rpm_A__D_00,trimMA342_1200rpm_AW__D_00,train,train,False,2.058809652246834,4348,0,1,A__D,AW__D
trimMA342_1200rpm_A__D_13,trimMA342_1200rpm_A__DW_14,test,train,True,2.0592323946718736,4349,0,2,A__D,A__DW
trimMA342_1200rpm_A__D_02,trimMA342_1200rpm_A__DW_06,validation,validation,False,2.059462350918357,4350,0,2,A__D,A__DW
trimMA342_1200rpm_A__D_01,trimMA342_1200rpm_AW__D_03,test,train,True,2.06025472242082,4351,0,1,A__D,AW__D
trimMA342_1200rpm_A__DW_00,trimMA342_1200rpm_Avv__D_15,train,train,False,2.0623550238629242,4352,2,3,A__DW,Avv__D
trimMA342_1200rpm_A__D_09,trimMA342_1200rpm_A__DW_08,train,train,False,2.06256500319706,4353,0,2,A__D,A__DW
trimMA342_1200rpm_A__D_01,trimMA342_1200rpm_Avv__D_02,test,train,True,2.063170577013879,4354,0,3,A__D,Avv__D
trimMA342_1200rpm_A__D_12,trimMA342_1200rpm_A__DW_07,validation,test,True,2.065754658506503,4355,0,2,A__D,A__DW
trimMA342_1200rpm_A__D_10,trimMA342_1200rpm_A__DW_11,train,train,False,2.065828563098583,4356,0,2,A__D,A__DW
trimMA342_1200rpm_A__D_01,trimMA342_1200rpm_Avv__D_12,test,test,False,2.066494007988908,4357,0,3,A__D,Avv__D
trimMA342_1200rpm_A__D_04,trimMA342_1200rpm_A__DW_12,validation,train,True,2.0674858596410215,4358,0,2,A__D,A__DW
trimMA342_1200rpm_A__D_01,trimMA342_1200rpm_Avv__D_01,test,validation,True,2.069101537080684,4359,0,3,A__D,Avv__D
trimMA342_1200rpm_A__D_01,trimMA342_1200rpm_AW__D_08,test,train,True,2.069273341203179,4360,0,1,A__D,AW__D
trimMA342_1200rpm_A__D_03,trimMA342_1200rpm_A__DW_11,train,train,False,2.070533728412971,4361,0,2,A__D,A__DW
trimMA342_1200rpm_A__D_01,trimMA342_1200rpm_A__DW_10,test,test,False,2.0740474983076,4362,0,2,A__D,A__DW
trimMA342_1200rpm_A__D_07,trimMA342_1200rpm_A__DW_13,train,train,False,2.075509615642372,4363,0,2,A__D,A__DW
trimMA342_1200rpm_A__D_13,trimMA342_1200rpm_A__DW_09,test,train,True,2.075872884933997,4364,0,2,A__D,A__DW
trimMA342_1200rpm_A__D_01,trimMA342_1200rpm_Avv__Dvv_00,test,test,False,2.076140023514948,4365,0,5,A__D,Avv__Dvv
trimMA342_1200rpm_A__D_05,trimMA342_1200rpm_A__DW_12,validation,train,True,2.0778600506995772,4366,0,2,A__D,A__DW
trimMA342_1200rpm_A__D_09,trimMA342_1200rpm_A__DW_13,train,train,False,2.0779796939400073,4367,0,2,A__D,A__DW
trimMA342_1200rpm_A__DW_00,trimMA342_1200rpm_Avv__Dvv_15,train,train,False,2.0779817485881606,4368,2,5,A__DW,Avv__Dvv
trimMA342_1200rpm_A__D_01,trimMA342_1200rpm_A__Dvv_08,test,validation,True,2.079061684477352,4369,0,4,A__D,A__Dvv
trimMA342_1200rpm_A__D_03,trimMA342_1200rpm_A__DW_07,train,test,True,2.0797460882246357,4370,0,2,A__D,A__DW
trimMA342_1200rpm_A__D_07,trimMA342_1200rpm_A__DW_08,train,train,False,2.080063541882977,4371,0,2,A__D,A__DW
trimMA342_1200rpm_A__D_07,trimMA342_1200rpm_A__DW_12,train,train,False,2.0802183384262123,4372,0,2,A__D,A__DW
trimMA342_1200rpm_A__DW_01,trimMA342_1200rpm_Avv__D_01,test,validation,True,2.0824280836449627,4373,2,3,A__DW,Avv__D
trimMA342_1200rpm_A__DW_01,trimMA342_1200rpm_Avv__D_08,test,train,True,2.083393413158155,4374,2,3,A__DW,Avv__D
trimMA342_1200rpm_A__D_01,trimMA342_1200rpm_A__Dvv_11,test,validation,True,2.0838645423491533,4375,0,4,A__D,A__Dvv
trimMA342_1200rpm_A__D_01,trimMA342_1200rpm_A__Dvv_13,test,train,True,2.087697876709327,4376,0,4,A__D,A__Dvv
trimMA342_1200rpm_A__D_05,trimMA342_1200rpm_A__DW_09,validation,train,True,2.088639326429458,4377,0,2,A__D,A__DW
trimMA342_1200rpm_A__D_01,trimMA342_1200rpm_A__Dvv_09,test,train,True,2.0921397103878214,4378,0,4,A__D,A__Dvv
trimMA342_1200rpm_A__D_02,trimMA342_1200rpm_Avv__Dvv_11,validation,validation,False,2.0948983658608498,4379,0,5,A__D,Avv__Dvv
trimMA342_1200rpm_A__D_09,trimMA342_1200rpm_A__DW_09,train,train,False,2.096997137039829,4380,0,2,A__D,A__DW
trimMA342_1200rpm_A__D_04,trimMA342_1200rpm_A__DW_00,validation,train,True,2.09792424928937,4381,0,2,A__D,A__DW
trimMA342_1200rpm_A__D_01,trimMA342_1200rpm_A__DW_07,test,test,False,2.0979297187446235,4382,0,2,A__D,A__DW
trimMA342_1200rpm_A__D_02,trimMA342_1200rpm_A__Dvv_14,validation,test,True,2.098524556478657,4383,0,4,A__D,A__Dvv
trimMA342_1200rpm_A__DW_00,trimMA342_1200rpm_Avv__Dvv_04,train,train,False,2.0986857069940967,4384,2,5,A__DW,Avv__Dvv
trimMA342_1200rpm_A__D_06,trimMA342_1200rpm_A__DW_15,train,validation,True,2.099173790531455,4385,0,2,A__D,A__DW
trimMA342_1200rpm_A__D_01,trimMA342_1200rpm_A__DW_09,test,train,True,2.1003791889860395,4386,0,2,A__D,A__DW
trimMA342_1200rpm_A__D_05,trimMA342_1200rpm_A__DW_00,validation,train,True,2.1011853959185953,4387,0,2,A__D,A__DW
trimMA342_1200rpm_A__D_01,trimMA342_1200rpm_Avv__Dvv_02,test,train,True,2.1012083452847463,4388,0,5,A__D,Avv__Dvv
trimMA342_1200rpm_A__D_10,trimMA342_1200rpm_A__DW_15,train,validation,True,2.102311213186994,4389,0,2,A__D,A__DW
trimMA342_1200rpm_A__D_02,trimMA342_1200rpm_A__Dvv_12,validation,train,True,2.102933876381982,4390,0,4,A__D,A__Dvv
trimMA342_1200rpm_A__DW_00,trimMA342_1200rpm_Avv__D_02,train,train,False,2.104463044402554,4391,2,3,A__DW,Avv__D
trimMA342_1200rpm_A__D_01,trimMA342_1200rpm_Avv__Dvv_03,test,train,True,2.105921767566258,4392,0,5,A__D,Avv__Dvv
trimMA342_1200rpm_A__DW_00,trimMA342_1200rpm_Avv__D_00,train,test,True,2.1066449998997214,4393,2,3,A__DW,Avv__D
trimMA342_1200rpm_A__D_06,trimMA342_1200rpm_A__DW_11,train,train,False,2.107494737539843,4394,0,2,A__D,A__DW
trimMA342_1200rpm_A__DW_00,trimMA342_1200rpm_Avv__D_08,train,train,False,2.1080642717065476,4395,2,3,A__DW,Avv__D
trimMA342_1200rpm_A__D_01,trimMA342_1200rpm_Avv__D_05,test,train,True,2.108932122040979,4396,0,3,A__D,Avv__D
trimMA342_1200rpm_A__D_02,trimMA342_1200rpm_Avv__Dvv_03,validation,train,True,2.109965971927829,4397,0,5,A__D,Avv__Dvv
trimMA342_1200rpm_A__D_01,trimMA342_1200rpm_Avv__Dvv_11,test,validation,True,2.111015440704696,4398,0,5,A__D,Avv__Dvv
trimMA342_1200rpm_A__D_05,trimMA342_1200rpm_A__DW_13,validation,train,True,2.1117416176257597,4399,0,2,A__D,A__DW
trimMA342_1200rpm_A__D_02,trimMA342_1200rpm_A__Dvv_11,validation,validation,False,2.1131699443924923,4400,0,4,A__D,A__Dvv
trimMA342_1200rpm_A__D_03,trimMA342_1200rpm_A__DW_09,train,train,False,2.1132693536603844,4401,0,2,A__D,A__DW
trimMA342_1200rpm_A__D_11,trimMA342_1200rpm_A__DW_14,train,train,False,2.113472200637623,4402,0,2,A__D,A__DW
trimMA342_1200rpm_A__D_01,trimMA342_1200rpm_Avv__D_10,test,train,True,2.1136323647623905,4403,0,3,A__D,Avv__D
trimMA342_1200rpm_A__D_08,trimMA342_1200rpm_A__DW_11,test,train,True,2.114544784965203,4404,0,2,A__D,A__DW
trimMA342_1200rpm_A__D_07,trimMA342_1200rpm_A__DW_14,train,train,False,2.1146088178816207,4405,0,2,A__D,A__DW
trimMA342_1200rpm_A__D_02,trimMA342_1200rpm_Avv__D_07,validation,train,True,2.116134311320292,4406,0,3,A__D,Avv__D
trimMA342_1200rpm_A__D_01,trimMA342_1200rpm_Avv__D_00,test,test,False,2.118339569576606,4407,0,3,A__D,Avv__D
trimMA342_1200rpm_A__D_09,trimMA342_1200rpm_A__DW_12,train,train,False,2.1202170187235994,4408,0,2,A__D,A__DW
trimMA342_1200rpm_A__D_04,trimMA342_1200rpm_A__DW_09,validation,train,True,2.120911930561984,4409,0,2,A__D,A__DW
trimMA342_1200rpm_A__D_10,trimMA342_1200rpm_A__DW_09,train,train,False,2.1244129814245514,4410,0,2,A__D,A__DW
trimMA342_1200rpm_A__D_06,trimMA342_1200rpm_A__DW_09,train,train,False,2.1255330144409235,4411,0,2,A__D,A__DW
trimMA342_1200rpm_A__D_08,trimMA342_1200rpm_A__DW_15,test,validation,True,2.1264182948038077,4412,0,2,A__D,A__DW
trimMA342_1200rpm_A__D_06,trimMA342_1200rpm_A__DW_07,train,test,True,2.12684114382042,4413,0,2,A__D,A__DW
trimMA342_1200rpm_A__D_09,trimMA342_1200rpm_A__DW_14,train,train,False,2.1270724070015397,4414,0,2,A__D,A__DW
trimMA342_1200rpm_A__D_00,trimMA342_1200rpm_AW__D_04,train,train,False,2.128030790837675,4415,0,1,A__D,AW__D
trimMA342_1200rpm_A__DW_00,trimMA342_1200rpm_Avv__D_06,train,test,True,2.1285080899758317,4416,2,3,A__DW,Avv__D
trimMA342_1200rpm_A__D_01,trimMA342_1200rpm_Avv__D_14,test,validation,True,2.131808307943614,4417,0,3,A__D,Avv__D
trimMA342_1200rpm_A__D_02,trimMA342_1200rpm_AW__D_08,validation,train,True,2.1322745146265256,4418,0,1,A__D,AW__D
trimMA342_1200rpm_A__D_06,trimMA342_1200rpm_A__DW_13,train,train,False,2.1322914583241857,4419,0,2,A__D,A__DW
trimMA342_1200rpm_A__D_01,trimMA342_1200rpm_Avv__D_03,test,train,True,2.132398577310787,4420,0,3,A__D,Avv__D
trimMA342_1200rpm_A__DW_00,trimMA342_1200rpm_Avv__D_14,train,validation,True,2.13258075501018,4421,2,3,A__DW,Avv__D
trimMA342_1200rpm_A__D_08,trimMA342_1200rpm_A__DW_08,test,train,True,2.1341397221899086,4422,0,2,A__D,A__DW
trimMA342_1200rpm_A__D_02,trimMA342_1200rpm_Avv__Dvv_02,validation,train,True,2.138220385896581,4423,0,5,A__D,Avv__Dvv
trimMA342_1200rpm_A__D_01,trimMA342_1200rpm_Avv__Dvv_14,test,test,False,2.1397470428364995,4424,0,5,A__D,Avv__Dvv
trimMA342_1200rpm_A__D_02,trimMA342_1200rpm_AW__D_09,validation,validation,False,2.1408266547784054,4425,0,1,A__D,AW__D
trimMA342_1200rpm_A__D_10,trimMA342_1200rpm_A__DW_12,train,train,False,2.1442210710593326,4426,0,2,A__D,A__DW
trimMA342_1200rpm_A__D_00,trimMA342_1200rpm_A__Dvv_00,train,test,True,2.144241760949506,4427,0,4,A__D,A__Dvv
trimMA342_1200rpm_A__D_03,trimMA342_1200rpm_A__DW_12,train,train,False,2.1478153440200223,4428,0,2,A__D,A__DW
trimMA342_1200rpm_A__D_12,trimMA342_1200rpm_A__DW_15,validation,validation,False,2.148803691126767,4429,0,2,A__D,A__DW
trimMA342_1200rpm_A__DW_00,trimMA342_1200rpm_Avv__D_01,train,validation,True,2.149248227074247,4430,2,3,A__DW,Avv__D
trimMA342_1200rpm_A__D_10,trimMA342_1200rpm_A__DW_13,train,train,False,2.1506225150321847,4431,0,2,A__D,A__DW
trimMA342_1200rpm_A__D_01,trimMA342_1200rpm_A__Dvv_12,test,train,True,2.1517341618908845,4432,0,4,A__D,A__Dvv
trimMA342_1200rpm_A__D_06,trimMA342_1200rpm_A__DW_14,train,train,False,2.152168912401449,4433,0,2,A__D,A__DW
trimMA342_1200rpm_A__D_04,trimMA342_1200rpm_A__DW_13,validation,train,True,2.1550843437346066,4434,0,2,A__D,A__DW
trimMA342_1200rpm_A__D_00,trimMA342_1200rpm_A__DW_04,train,validation,True,2.15701479045629,4435,0,2,A__D,A__DW
trimMA342_1200rpm_A__D_08,trimMA342_1200rpm_A__DW_09,test,train,True,2.1570202776724594,4436,0,2,A__D,A__DW
trimMA342_1200rpm_A__D_02,trimMA342_1200rpm_A__Dvv_15,validation,train,True,2.157301031002607,4437,0,4,A__D,A__Dvv
trimMA342_1200rpm_A__D_02,trimMA342_1200rpm_A__DW_10,validation,test,True,2.1581642600465774,4438,0,2,A__D,A__DW
trimMA342_1200rpm_A__D_12,trimMA342_1200rpm_A__DW_12,validation,train,True,2.158482649370416,4439,0,2,A__D,A__DW
trimMA342_1200rpm_A__D_05,trimMA342_1200rpm_A__DW_14,validation,train,True,2.1636129342402075,4440,0,2,A__D,A__DW
trimMA342_1200rpm_A__DW_00,trimMA342_1200rpm_Avv__D_10,train,train,False,2.1642641214562355,4441,2,3,A__DW,Avv__D
trimMA342_1200rpm_A__D_01,trimMA342_1200rpm_A__Dvv_10,test,test,False,2.1657838717742037,4442,0,4,A__D,A__Dvv
trimMA342_1200rpm_A__D_12,trimMA342_1200rpm_A__DW_08,validation,train,True,2.165975709243667,4443,0,2,A__D,A__DW
trimMA342_1200rpm_A__D_06,trimMA342_1200rpm_A__DW_12,train,train,False,2.167597558859422,4444,0,2,A__D,A__DW
trimMA342_1200rpm_A__D_03,trimMA342_1200rpm_A__DW_13,train,train,False,2.1685619142240173,4445,0,2,A__D,A__DW
trimMA342_1200rpm_A__D_01,trimMA342_1200rpm_A__Dvv_14,test,test,False,2.1709945381137974,4446,0,4,A__D,A__Dvv
trimMA342_1200rpm_A__D_12,trimMA342_1200rpm_A__DW_13,validation,train,True,2.172270915953084,4447,0,2,A__D,A__DW
trimMA342_1200rpm_A__D_01,trimMA342_1200rpm_Avv__Dvv_06,test,test,False,2.178596344446356,4448,0,5,A__D,Avv__Dvv
trimMA342_1200rpm_A__D_00,trimMA342_1200rpm_AW__D_02,train,train,False,2.179433073513905,4449,0,1,A__D,AW__D
trimMA342_1200rpm_A__D_02,trimMA342_1200rpm_A__Dvv_10,validation,test,True,2.179509541196223,4450,0,4,A__D,A__Dvv
trimMA342_1200rpm_A__D_03,trimMA342_1200rpm_A__DW_08,train,train,False,2.1803266036306295,4451,0,2,A__D,A__DW
trimMA342_1200rpm_A__D_04,trimMA342_1200rpm_A__DW_14,validation,train,True,2.180683810707308,4452,0,2,A__D,A__DW
trimMA342_1200rpm_A__D_08,trimMA342_1200rpm_A__DW_13,test,train,True,2.1814315361648315,4453,0,2,A__D,A__DW
trimMA342_1200rpm_A__D_02,trimMA342_1200rpm_A__DW_07,validation,test,True,2.1865389639738124,4454,0,2,A__D,A__DW
trimMA342_1200rpm_A__DW_00,trimMA342_1200rpm_Avv__D_07,train,train,False,2.187212923897134,4455,2,3,A__DW,Avv__D
trimMA342_1200rpm_A__D_01,trimMA342_1200rpm_A__DW_15,test,validation,True,2.1876634403259043,4456,0,2,A__D,A__DW
trimMA342_1200rpm_A__D_03,trimMA342_1200rpm_A__DW_14,train,train,False,2.191265628456888,4457,0,2,A__D,A__DW
trimMA342_1200rpm_A__D_12,trimMA342_1200rpm_A__DW_09,validation,train,True,2.1929243492834485,4458,0,2,A__D,A__DW
trimMA342_1200rpm_A__D_01,trimMA342_1200rpm_Avv__D_13,test,test,False,2.193558280289658,4459,0,3,A__D,Avv__D
trimMA342_1200rpm_A__D_01,trimMA342_1200rpm_Avv__D_15,test,train,True,2.1996419457247014,4460,0,3,A__D,Avv__D
trimMA342_1200rpm_A__D_10,trimMA342_1200rpm_A__DW_14,train,train,False,2.2033178976521075,4461,0,2,A__D,A__DW
trimMA342_1200rpm_A__D_08,trimMA342_1200rpm_A__DW_12,test,train,True,2.2035678434860544,4462,0,2,A__D,A__DW
trimMA342_1200rpm_A__D_08,trimMA342_1200rpm_A__DW_14,test,train,True,2.2080536293342057,4463,0,2,A__D,A__DW
trimMA342_1200rpm_A__D_01,trimMA342_1200rpm_Avv__D_06,test,test,False,2.209510273432801,4464,0,3,A__D,Avv__D
trimMA342_1200rpm_A__D_12,trimMA342_1200rpm_A__DW_14,validation,train,True,2.209779065123902,4465,0,2,A__D,A__DW
trimMA342_1200rpm_A__D_02,trimMA342_1200rpm_Avv__Dvv_13,validation,train,True,2.212857875131342,4466,0,5,A__D,Avv__Dvv
trimMA342_1200rpm_A__D_06,trimMA342_1200rpm_A__DW_08,train,train,False,2.216763474264982,4467,0,2,A__D,A__DW
trimMA342_1200rpm_A__D_01,trimMA342_1200rpm_Avv__Dvv_04,test,train,True,2.2183560400611193,4468,0,5,A__D,Avv__Dvv
trimMA342_1200rpm_A__D_01,trimMA342_1200rpm_Avv__D_07,test,train,True,2.219079928605803,4469,0,3,A__D,Avv__D
trimMA342_1200rpm_A__D_01,trimMA342_1200rpm_A__DW_13,test,train,True,2.2202398677788153,4470,0,2,A__D,A__DW
trimMA342_1200rpm_A__D_00,trimMA342_1200rpm_AW__D_15,train,validation,True,2.2216484020032516,4471,0,1,A__D,AW__D
trimMA342_1200rpm_A__D_02,trimMA342_1200rpm_Avv__D_06,validation,test,True,2.2298858558563897,4472,0,3,A__D,Avv__D
trimMA342_1200rpm_A__D_00,trimMA342_1200rpm_A__DW_05,train,train,False,2.2382553025788092,4473,0,2,A__D,A__DW
trimMA342_1200rpm_A__D_01,trimMA342_1200rpm_A__DW_08,test,train,True,2.2391936881230694,4474,0,2,A__D,A__DW
trimMA342_1200rpm_A__D_01,trimMA342_1200rpm_Avv__Dvv_01,test,train,True,2.2416010973802702,4475,0,5,A__D,Avv__Dvv
trimMA342_1200rpm_A__D_00,trimMA342_1200rpm_A__Dvv_04,train,train,False,2.2416762733749334,4476,0,4,A__D,A__Dvv
trimMA342_1200rpm_A__D_00,trimMA342_1200rpm_AW__D_01,train,validation,True,2.2507707957539473,4477,0,1,A__D,AW__D
trimMA342_1200rpm_A__D_02,trimMA342_1200rpm_Avv__Dvv_01,validation,train,True,2.2550385744399364,4478,0,5,A__D,Avv__Dvv
trimMA342_1200rpm_A__D_01,trimMA342_1200rpm_A__DW_14,test,train,True,2.269319591369382,4479,0,2,A__D,A__DW
trimMA342_1200rpm_A__D_00,trimMA342_1200rpm_AW__D_11,train,test,True,2.2716475325293755,4480,0,1,A__D,AW__D
trimMA342_1200rpm_A__D_00,trimMA342_1200rpm_AW__D_12,train,train,False,2.2771260474413704,4481,0,1,A__D,AW__D
trimMA342_1200rpm_A__D_02,trimMA342_1200rpm_Avv__Dvv_04,validation,train,True,2.2784191191707297,4482,0,5,A__D,Avv__Dvv
trimMA342_1200rpm_A__D_01,trimMA342_1200rpm_Avv__Dvv_13,test,train,True,2.2785857391205924,4483,0,5,A__D,Avv__Dvv
trimMA342_1200rpm_A__D_00,trimMA342_1200rpm_A__Dvv_07,train,train,False,2.289672366993146,4484,0,4,A__D,A__Dvv
trimMA342_1200rpm_A__D_02,trimMA342_1200rpm_A__DW_09,validation,train,True,2.290910242866199,4485,0,2,A__D,A__DW
trimMA342_1200rpm_A__D_01,trimMA342_1200rpm_A__DW_11,test,train,True,2.291670065543588,4486,0,2,A__D,A__DW
trimMA342_1200rpm_A__D_01,trimMA342_1200rpm_A__DW_12,test,train,True,2.2927763817744395,4487,0,2,A__D,A__DW
trimMA342_1200rpm_A__D_00,trimMA342_1200rpm_AW__D_06,train,test,True,2.2928746266939863,4488,0,1,A__D,AW__D
trimMA342_1200rpm_A__D_01,trimMA342_1200rpm_Avv__Dvv_15,test,train,True,2.293646250465973,4489,0,5,A__D,Avv__Dvv
trimMA342_1200rpm_A__D_00,trimMA342_1200rpm_AW__D_05,train,test,True,2.298771313820513,4490,0,1,A__D,AW__D
trimMA342_1200rpm_A__D_01,trimMA342_1200rpm_A__Dvv_15,test,train,True,2.2998702761422645,4491,0,4,A__D,A__Dvv
trimMA342_1200rpm_A__D_00,trimMA342_1200rpm_A__DW_06,train,validation,True,2.3026563865622287,4492,0,2,A__D,A__DW
trimMA342_1200rpm_A__D_02,trimMA342_1200rpm_A__DW_15,validation,validation,False,2.310050409281677,4493,0,2,A__D,A__DW
trimMA342_1200rpm_A__D_00,trimMA342_1200rpm_AW__D_07,train,train,False,2.311477138398456,4494,0,1,A__D,AW__D
trimMA342_1200rpm_A__D_02,trimMA342_1200rpm_A__DW_08,validation,train,True,2.3135023883056163,4495,0,2,A__D,A__DW
trimMA342_1200rpm_A__D_02,trimMA342_1200rpm_Avv__Dvv_15,validation,train,True,2.3201712627720963,4496,0,5,A__D,Avv__Dvv
trimMA342_1200rpm_A__D_00,trimMA342_1200rpm_A__Dvv_01,train,train,False,2.3295026002267405,4497,0,4,A__D,A__Dvv
trimMA342_1200rpm_A__D_02,trimMA342_1200rpm_A__DW_11,validation,train,True,2.3295871561653976,4498,0,2,A__D,A__DW
trimMA342_1200rpm_A__D_00,trimMA342_1200rpm_Avv__Dvv_10,train,test,True,2.3328715611022495,4499,0,5,A__D,Avv__Dvv
trimMA342_1200rpm_A__D_00,trimMA342_1200rpm_AW__D_13,train,test,True,2.335709763906519,4500,0,1,A__D,AW__D
trimMA342_1200rpm_A__D_00,trimMA342_1200rpm_Avv__Dvv_09,train,validation,True,2.3403279622313784,4501,0,5,A__D,Avv__Dvv
trimMA342_1200rpm_A__D_00,trimMA342_1200rpm_A__Dvv_03,train,validation,True,2.345636594216484,4502,0,4,A__D,A__Dvv
trimMA342_1200rpm_A__D_02,trimMA342_1200rpm_A__DW_13,validation,train,True,2.350942780805482,4503,0,2,A__D,A__DW
trimMA342_1200rpm_A__D_02,trimMA342_1200rpm_A__DW_12,validation,train,True,2.3574423637512436,4504,0,2,A__D,A__DW
trimMA342_1200rpm_A__D_00,trimMA342_1200rpm_A__Dvv_05,train,train,False,2.361681179866215,4505,0,4,A__D,A__Dvv
trimMA342_1200rpm_A__D_02,trimMA342_1200rpm_A__DW_14,validation,train,True,2.3657874655887867,4506,0,2,A__D,A__DW
trimMA342_1200rpm_A__D_00,trimMA342_1200rpm_A__DW_10,train,test,True,2.367495601121548,4507,0,2,A__D,A__DW
trimMA342_1200rpm_A__D_00,trimMA342_1200rpm_Avv__Dvv_08,train,validation,True,2.3687002880933226,4508,0,5,A__D,Avv__Dvv
trimMA342_1200rpm_A__D_00,trimMA342_1200rpm_AW__D_08,train,train,False,2.377267951060693,4509,0,1,A__D,AW__D
trimMA342_1200rpm_A__D_00,trimMA342_1200rpm_Avv__Dvv_07,train,validation,True,2.3819152757310356,4510,0,5,A__D,Avv__Dvv
trimMA342_1200rpm_A__D_00,trimMA342_1200rpm_Avv__D_00,train,test,True,2.3830111985869973,4511,0,3,A__D,Avv__D
trimMA342_1200rpm_A__D_00,trimMA342_1200rpm_AW__D_14,train,train,False,2.3845115979145097,4512,0,1,A__D,AW__D
trimMA342_1200rpm_A__D_00,trimMA342_1200rpm_AW__D_03,train,train,False,2.396785581913779,4513,0,1,A__D,AW__D
trimMA342_1200rpm_A__D_00,trimMA342_1200rpm_AW__D_10,train,validation,True,2.4020130127153307,4514,0,1,A__D,AW__D
trimMA342_1200rpm_A__D_00,trimMA342_1200rpm_Avv__Dvv_05,train,train,False,2.406242668982103,4515,0,5,A__D,Avv__Dvv
trimMA342_1200rpm_A__D_00,trimMA342_1200rpm_A__Dvv_06,train,validation,True,2.409157867766767,4516,0,4,A__D,A__Dvv
trimMA342_1200rpm_A__D_00,trimMA342_1200rpm_A__Dvv_02,train,test,True,2.4157015826542767,4517,0,4,A__D,A__Dvv
trimMA342_1200rpm_A__D_00,trimMA342_1200rpm_Avv__Dvv_00,train,test,True,2.4330989278750854,4518,0,5,A__D,Avv__Dvv
trimMA342_1200rpm_A__D_00,trimMA342_1200rpm_Avv__Dvv_11,train,validation,True,2.439318465432815,4519,0,5,A__D,Avv__Dvv
trimMA342_1200rpm_A__D_00,trimMA342_1200rpm_Avv__D_12,train,test,True,2.43956518470338,4520,0,3,A__D,Avv__D
trimMA342_1200rpm_A__D_00,trimMA342_1200rpm_A__DW_07,train,test,True,2.440985634257498,4521,0,2,A__D,A__DW
trimMA342_1200rpm_A__D_00,trimMA342_1200rpm_Avv__D_04,train,validation,True,2.442152941023854,4522,0,3,A__D,Avv__D
trimMA342_1200rpm_A__D_00,trimMA342_1200rpm_A__DW_15,train,validation,True,2.443272982215071,4523,0,2,A__D,A__DW
trimMA342_1200rpm_A__D_00,trimMA342_1200rpm_Avv__D_11,train,train,False,2.4467690907406956,4524,0,3,A__D,Avv__D
trimMA342_1200rpm_A__D_00,trimMA342_1200rpm_Avv__D_09,train,validation,True,2.447100773742177,4525,0,3,A__D,Avv__D
trimMA342_1200rpm_A__D_00,trimMA342_1200rpm_A__Dvv_08,train,validation,True,2.4642906759257803,4526,0,4,A__D,A__Dvv
trimMA342_1200rpm_A__D_00,trimMA342_1200rpm_Avv__Dvv_03,train,train,False,2.4714475887978993,4527,0,5,A__D,Avv__Dvv
trimMA342_1200rpm_A__D_00,trimMA342_1200rpm_AW__D_09,train,validation,True,2.471674093259579,4528,0,1,A__D,AW__D
trimMA342_1200rpm_A__D_00,trimMA342_1200rpm_Avv__Dvv_12,train,train,False,2.473654647962173,4529,0,5,A__D,Avv__Dvv
trimMA342_1200rpm_A__D_00,trimMA342_1200rpm_A__DW_09,train,train,False,2.475866501274712,4530,0,2,A__D,A__DW
trimMA342_1200rpm_A__D_00,trimMA342_1200rpm_Avv__Dvv_02,train,train,False,2.47760553432757,4531,0,5,A__D,Avv__Dvv
trimMA342_1200rpm_A__D_00,trimMA342_1200rpm_A__Dvv_09,train,train,False,2.478556929913006,4532,0,4,A__D,A__Dvv
trimMA342_1200rpm_A__D_00,trimMA342_1200rpm_Avv__D_02,train,train,False,2.4919813271713163,4533,0,3,A__D,Avv__D
trimMA342_1200rpm_A__D_00,trimMA342_1200rpm_Avv__Dvv_14,train,test,True,2.4957161435688806,4534,0,5,A__D,Avv__Dvv
trimMA342_1200rpm_A__D_00,trimMA342_1200rpm_A__DW_13,train,train,False,2.5113429154043945,4535,0,2,A__D,A__DW
trimMA342_1200rpm_A__D_00,trimMA342_1200rpm_Avv__D_01,train,validation,True,2.514185613947887,4536,0,3,A__D,Avv__D
trimMA342_1200rpm_A__D_00,trimMA342_1200rpm_A__DW_08,train,train,False,2.5211229628801504,4537,0,2,A__D,A__DW
trimMA342_1200rpm_A__D_00,trimMA342_1200rpm_Avv__D_14,train,validation,True,2.521903912419796,4538,0,3,A__D,Avv__D
trimMA342_1200rpm_A__D_00,trimMA342_1200rpm_Avv__Dvv_06,train,test,True,2.5237680981788024,4539,0,5,A__D,Avv__Dvv
trimMA342_1200rpm_A__D_00,trimMA342_1200rpm_A__Dvv_13,train,train,False,2.527593986122621,4540,0,4,A__D,A__Dvv
trimMA342_1200rpm_A__D_00,trimMA342_1200rpm_A__DW_14,train,train,False,2.5286052078143273,4541,0,2,A__D,A__DW
trimMA342_1200rpm_A__D_00,trimMA342_1200rpm_Avv__D_05,train,train,False,2.5333567856950734,4542,0,3,A__D,Avv__D
trimMA342_1200rpm_A__D_00,trimMA342_1200rpm_Avv__D_10,train,train,False,2.5422119633641347,4543,0,3,A__D,Avv__D
trimMA342_1200rpm_A__D_00,trimMA342_1200rpm_Avv__D_03,train,train,False,2.5534936858028185,4544,0,3,A__D,Avv__D
trimMA342_1200rpm_A__D_00,trimMA342_1200rpm_A__Dvv_11,train,validation,True,2.567349806341878,4545,0,4,A__D,A__Dvv
trimMA342_1200rpm_A__D_00,trimMA342_1200rpm_A__DW_11,train,train,False,2.5715871859795865,4546,0,2,A__D,A__DW
trimMA342_1200rpm_A__D_00,trimMA342_1200rpm_Avv__D_13,train,test,True,2.5754561057961043,4547,0,3,A__D,Avv__D
trimMA342_1200rpm_A__D_00,trimMA342_1200rpm_Avv__D_08,train,train,False,2.5784592862331994,4548,0,3,A__D,Avv__D
trimMA342_1200rpm_A__D_00,trimMA342_1200rpm_A__Dvv_12,train,train,False,2.5820233304100193,4549,0,4,A__D,A__Dvv
trimMA342_1200rpm_A__D_00,trimMA342_1200rpm_A__DW_12,train,train,False,2.5828266683050627,4550,0,2,A__D,A__DW
trimMA342_1200rpm_A__D_00,trimMA342_1200rpm_Avv__Dvv_13,train,train,False,2.598433023552715,4551,0,5,A__D,Avv__Dvv
trimMA342_1200rpm_A__D_00,trimMA342_1200rpm_Avv__D_15,train,train,False,2.602220004756152,4552,0,3,A__D,Avv__D
trimMA342_1200rpm_A__D_00,trimMA342_1200rpm_Avv__D_07,train,train,False,2.602253607269239,4553,0,3,A__D,Avv__D
trimMA342_1200rpm_A__D_00,trimMA342_1200rpm_A__Dvv_10,train,test,True,2.6094232561046082,4554,0,4,A__D,A__Dvv
trimMA342_1200rpm_A__D_00,trimMA342_1200rpm_A__Dvv_14,train,test,True,2.618696116266287,4555,0,4,A__D,A__Dvv
trimMA342_1200rpm_A__D_00,trimMA342_1200rpm_Avv__Dvv_04,train,train,False,2.63930983674341,4556,0,5,A__D,Avv__Dvv
trimMA342_1200rpm_A__D_00,trimMA342_1200rpm_Avv__Dvv_01,train,train,False,2.667066505888541,4557,0,5,A__D,Avv__Dvv
trimMA342_1200rpm_A__D_00,trimMA342_1200rpm_A__Dvv_15,train,train,False,2.6809421566797926,4558,0,4,A__D,A__Dvv
trimMA342_1200rpm_A__D_00,trimMA342_1200rpm_Avv__D_06,train,test,True,2.6961685481740694,4559,0,3,A__D,Avv__D
trimMA342_1200rpm_A__D_00,trimMA342_1200rpm_Avv__Dvv_15,train,train,False,2.714979384922029,4560,0,5,A__D,Avv__Dvv
