profile,split,recording_id,window_id,start_sample,end_sample_exclusive,class_id,binary_label,fs_hz,rpm
k2,train,trimMA342_1200rpm_AW__D_03,trimMA342_1200rpm_AW__D_03:0,0,3000,1,1,3000,1200
k2,train,trimMA342_1200rpm_AW__D_03,trimMA342_1200rpm_AW__D_03:3000,3000,6000,1,1,3000,1200
k2,train,trimMA342_1200rpm_AW__D_03,trimMA342_1200rpm_AW__D_03:6000,6000,9000,1,1,3000,1200
k2,train,trimMA342_1200rpm_AW__D_03,trimMA342_1200rpm_AW__D_03:9000,9000,12000,1,1,3000,1200
k2,train,trimMA342_1200rpm_AW__D_03,trimMA342_1200rpm_AW__D_03:12000,12000,15000,1,1,3000,1200
k2,train,trimMA342_1200rpm_AW__D_03,trimMA342_1200rpm_AW__D_03:15000,15000,18000,1,1,3000,1200
k2,train,trimMA342_1200rpm_AW__D_03,trimMA342_1200rpm_AW__D_03:18000,18000,21000,1,1,3000,1200
k2,train,trimMA342_1200rpm_AW__D_03,trimMA342_1200rpm_AW__D_03:21000,21000,24000,1,1,3000,1200
k2,train,trimMA342_1200rpm_AW__D_03,trimMA342_1200rpm_AW__D_03:24000,24000,27000,1,1,3000,1200
k2,train,trimMA342_1200rpm_AW__D_03,trimMA342_1200rpm_AW__D_03:27000,27000,30000,1,1,3000,1200
k2,train,trimMA342_1200rpm_AW__D_03,trimMA342_1200rpm_AW__D_03:30000,30000,33000,1,1,3000,1200
k2,train,trimMA342_1200rpm_AW__D_03,trimMA342_1200rpm_AW__D_03:33000,33000,36000,1,1,3000,1200
k2,train,trimMA342_1200rpm_AW__D_03,trimMA342_1200rpm_AW__D_03:36000,36000,39000,1,1,3000,1200
k2,train,trimMA342_1200rpm_AW__D_03,trimMA342_1200rpm_AW__D_03:39000,39000,42000,1,1,3000,1200
k2,train,trimMA342_1200rpm_AW__D_03,trimMA342_1200rpm_AW__D_03:42000,42000,45000,1,1,3000,1200
k2,train,trimMA342_1200rpm_AW__D_03,trimMA342_1200rpm_AW__D_03:45000,45000,48000,1,1,3000,1200
k2,train,trimMA342_1200rpm_AW__D_03,trimMA342_1200rpm_AW__D_03:48000,48000,51000,1,1,3000,1200
k2,train,trimMA342_1200rpm_AW__D_03,trimMA342_1200rpm_AW__D_03:51000,51000,54000,1,1,3000,1200
k2,train,trimMA342_1200rpm_AW__D_03,trimMA342_1200rpm_AW__D_03:54000,54000,57000,1,1,3000,1200
k2,train,trimMA342_1200rpm_AW__D_03,trimMA342_1200rpm_AW__D_03:57000,57000,60000,1,1,3000,1200
k2,train,trimMA342_1200rpm_AW__D_03,trimMA342_1200rpm_AW__D_03:60000,60000,63000,1,1,3000,1200
k2,train,trimMA342_1200rpm_AW__D_03,trimMA342_1200rpm_AW__D_03:63000,63000,66000,1,1,3000,1200
k2,train,trimMA342_1200rpm_AW__D_03,trimMA342_1200rpm_AW__D_03:66000,66000,69000,1,1,3000,1200
k2,train,trimMA342_1200rpm_AW__D_03,trimMA342_1200rpm_AW__D_03:69000,69000,72000,1,1,3000,1200
k2,train,trimMA342_1200rpm_AW__D_03,trimMA342_1200rpm_AW__D_03:72000,72000,75000,1,1,3000,1200
k2,train,trimMA342_1200rpm_AW__D_03,trimMA342_1200rpm_AW__D_03:75000,75000,78000,1,1,3000,1200
k2,train,trimMA342_1200rpm_AW__D_03,trimMA342_1200rpm_AW__D_03:78000,78000,81000,1,1,3000,1200
k2,train,trimMA342_1200rpm_AW__D_03,trimMA342_1200rpm_AW__D_03:81000,81000,84000,1,1,3000,1200
k2,train,trimMA342_1200rpm_AW__D_03,trimMA342_1200rpm_AW__D_03:84000,84000,87000,1,1,3000,1200
k2,train,trimMA342_1200rpm_AW__D_03,trimMA342_1200rpm_AW__D_03:87000,87000,90000,1,1,3000,1200
k2,train,trimMA342_1200rpm_AW__D_03,trimMA342_1200rpm_AW__D_03:90000,90000,93000,1,1,3000,1200
k2,train,trimMA342_1200rpm_AW__D_03,trimMA342_1200rpm_AW__D_03:93000,93000,96000,1,1,3000,1200
k2,train,trimMA342_1200rpm_AW__D_03,trimMA342_1200rpm_AW__D_03:96000,96000,99000,1,1,3000,1200
k2,train,trimMA342_1200rpm_AW__D_03,trimMA342_1200rpm_AW__D_03:99000,99000,102000,1,1,3000,1200
k2,train,trimMA342_1200rpm_AW__D_03,trimMA342_1200rpm_AW__D_03:102000,102000,105000,1,1,3000,1200
k2,train,trimMA342_1200rpm_AW__D_03,trimMA342_1200rpm_AW__D_03:105000,105000,108000,1,1,3000,1200
k2,train,trimMA342_1200rpm_AW__D_03,trimMA342_1200rpm_AW__D_03:108000,108000,111000,1,1,3000,1200
k2,train,trimMA342_1200rpm_AW__D_03,trimMA342_1200rpm_AW__D_03:111000,111000,114000,1,1,3000,1200
k2,train,trimMA342_1200rpm_AW__D_03,trimMA342_1200rpm_AW__D_03:114000,114000,117000,1,1,3000,1200
k2,train,trimMA342_1200rpm_AW__D_03,trimMA342_1200rpm_AW__D_03:117000,117000,120000,1,1,3000,1200
k2,train,trimMA342_1200rpm_AW__D_03,trimMA342_1200rpm_AW__D_03:120000,120000,123000,1,1,3000,1200
k2,train,trimMA342_1200rpm_AW__D_03,trimMA342_1200rpm_AW__D_03:123000,123000,126000,1,1,3000,1200
k2,train,trimMA342_1200rpm_AW__D_03,trimMA342_1200rpm_AW__D_03:126000,126000,129000,1,1,3000,1200
k2,train,trimMA342_1200rpm_AW__D_03,trimMA342_1200rpm_AW__D_03:129000,129000,132000,1,1,3000,1200
k2,train,trimMA342_1200rpm_AW__D_03,trimMA342_1200rpm_AW__D_03:132000,132000,135000,1,1,3000,1200
k2,train,trimMA342_1200rpm_AW__D_03,trimMA342_1200rpm_AW__D_03:135000,135000,138000,1,1,3000,1200
k2,train,trimMA342_1200rpm_AW__D_03,trimMA342_1200rpm_AW__D_03:138000,138000,141000,1,1,3000,1200
k2,train,trimMA342_1200rpm_AW__D_03,trimMA342_1200rpm_AW__D_03:141000,141000,144000,1,1,3000,1200
k2,train,trimMA342_1200rpm_AW__D_03,trimMA342_1200rpm_AW__D_03:144000,144000,147000,1,1,3000,1200
k2,train,trimMA342_1200rpm_AW__D_03,trimMA342_1200rpm_AW__D_03:147000,147000,150000,1,1,3000,1200
k2,train,trimMA342_1200rpm_AW__D_03,trimMA342_1200rpm_AW__D_03:150000,150000,153000,1,1,3000,1200
k2,train,trimMA342_1200rpm_AW__D_03,trimMA342_1200rpm_AW__D_03:153000,153000,156000,1,1,3000,1200
k2,train,trimMA342_1200rpm_AW__D_03,trimMA342_1200rpm_AW__D_03:156000,156000,159000,1,1,3000,1200
k2,train,trimMA342_1200rpm_AW__D_03,trimMA342_1200rpm_AW__D_03:159000,159000,162000,1,1,3000,1200
k2,train,trimMA342_1200rpm_AW__D_03,trimMA342_1200rpm_AW__D_03:162000,162000,165000,1,1,3000,1200
k2,train,trimMA342_1200rpm_AW__D_03,trimMA342_1200rpm_AW__D_03:165000,165000,168000,1,1,3000,1200
k2,train,trimMA342_1200rpm_AW__D_03,trimMA342_1200rpm_AW__D_03:168000,168000,171000,1,1,3000,1200
k2,train,trimMA342_1200rpm_AW__D_03,trimMA342_1200rpm_AW__D_03:171000,171000,174000,1,1,3000,1200
k2,train,trimMA342_1200rpm_AW__D_03,trimMA342_1200rpm_AW__D_03:174000,174000,177000,1,1,3000,1200
k2,train,trimMA342_1200rpm_AW__D_03,trimMA342_1200rpm_AW__D_03:177000,177000,180000,1,1,3000,1200
k2,train,trimMA342_1200rpm_AW__D_03,trimMA342_1200rpm_AW__D_03:180000,180000,183000,1,1,3000,1200
k2,train,trimMA342_1200rpm_AW__D_03,trimMA342_1200rpm_AW__D_03:183000,183000,186000,1,1,3000,1200
k2,train,trimMA342_1200rpm_AW__D_03,trimMA342_1200rpm_AW__D_03:186000,186000,189000,1,1,3000,1200
k2,train,trimMA342_1200rpm_AW__D_03,trimMA342_1200rpm_AW__D_03:189000,189000,192000,1,1,3000,1200
k2,train,trimMA342_1200rpm_AW__D_03,trimMA342_1200rpm_AW__D_03:192000,192000,195000,1,1,3000,1200
k2,train,trimMA342_1200rpm_AW__D_03,trimMA342_1200rpm_AW__D_03:195000,195000,198000,1,1,3000,1200
k2,train,trimMA342_1200rpm_AW__D_03,trimMA342_1200rpm_AW__D_03:198000,198000,201000,1,1,3000,1200
k2,train,trimMA342_1200rpm_AW__D_03,trimMA342_1200rpm_AW__D_03:201000,201000,204000,1,1,3000,1200
k2,train,trimMA342_1200rpm_AW__D_03,trimMA342_1200rpm_AW__D_03:204000,204000,207000,1,1,3000,1200
k2,train,trimMA342_1200rpm_AW__D_03,trimMA342_1200rpm_AW__D_03:207000,207000,210000,1,1,3000,1200
k2,train,trimMA342_1200rpm_AW__D_03,trimMA342_1200rpm_AW__D_03:210000,210000,213000,1,1,3000,1200
k2,train,trimMA342_1200rpm_AW__D_03,trimMA342_1200rpm_AW__D_03:213000,213000,216000,1,1,3000,1200
k2,train,trimMA342_1200rpm_AW__D_03,trimMA342_1200rpm_AW__D_03:216000,216000,219000,1,1,3000,1200
k2,train,trimMA342_1200rpm_AW__D_03,trimMA342_1200rpm_AW__D_03:219000,219000,222000,1,1,3000,1200
k2,train,trimMA342_1200rpm_AW__D_03,trimMA342_1200rpm_AW__D_03:222000,222000,225000,1,1,3000,1200
k2,train,trimMA342_1200rpm_AW__D_03,trimMA342_1200rpm_AW__D_03:225000,225000,228000,1,1,3000,1200
k2,train,trimMA342_1200rpm_AW__D_03,trimMA342_1200rpm_AW__D_03:228000,228000,231000,1,1,3000,1200
k2,train,trimMA342_1200rpm_AW__D_03,trimMA342_1200rpm_AW__D_03:231000,231000,234000,1,1,3000,1200
k2,train,trimMA342_1200rpm_AW__D_03,trimMA342_1200rpm_AW__D_03:234000,234000,237000,1,1,3000,1200
k2,train,trimMA342_1200rpm_AW__D_03,trimMA342_1200rpm_AW__D_03:237000,237000,240000,1,1,3000,1200
k2,train,trimMA342_1200rpm_AW__D_03,trimMA342_1200rpm_AW__D_03:240000,240000,243000,1,1,3000,1200
k2,train,trimMA342_1200rpm_AW__D_03,trimMA342_1200rpm_AW__D_03:243000,243000,246000,1,1,3000,1200
k2,train,trimMA342_1200rpm_AW__D_03,trimMA342_1200rpm_AW__D_03:246000,246000,249000,1,1,3000,1200
k2,train,trimMA342_1200rpm_AW__D_03,trimMA342_1200rpm_AW__D_03:249000,249000,252000,1,1,3000,1200
k2,train,trimMA342_1200rpm_AW__D_03,trimMA342_1200rpm_AW__D_03:252000,252000,255000,1,1,3000,1200
k2,train,trimMA342_1200rpm_AW__D_03,trimMA342_1200rpm_AW__D_03:255000,255000,258000,1,1,3000,1200
k2,train,trimMA342_1200rpm_AW__D_03,trimMA342_1200rpm_AW__D_03:258000,258000,261000,1,1,3000,1200
k2,train,trimMA342_1200rpm_AW__D_03,trimMA342_1200rpm_AW__D_03:261000,261000,264000,1,1,3000,1200
k2,train,trimMA342_1200rpm_AW__D_03,trimMA342_1200rpm_AW__D_03:264000,264000,267000,1,1,3000,1200
k2,train,trimMA342_1200rpm_AW__D_03,trimMA342_1200rpm_AW__D_03:267000,267000,270000,1,1,3000,1200
k2,train,trimMA342_1200rpm_AW__D_03,trimMA342_1200rpm_AW__D_03:270000,270000,273000,1,1,3000,1200
k2,train,trimMA342_1200rpm_AW__D_03,trimMA342_1200rpm_AW__D_03:273000,273000,276000,1,1,3000,1200
k2,train,trimMA342_1200rpm_AW__D_03,trimMA342_1200rpm_AW__D_03:276000,276000,279000,1,1,3000,1200
k2,train,trimMA342_1200rpm_AW__D_03,trimMA342_1200rpm_AW__D_03:279000,279000,282000,1,1,3000,1200
k2,train,trimMA342_1200rpm_AW__D_14,trimMA342_1200rpm_AW__D_14:0,0,3000,1,1,3000,1200
k2,train,trimMA342_1200rpm_AW__D_14,trimMA342_1200rpm_AW__D_14:3000,3000,6000,1,1,3000,1200
k2,train,trimMA342_1200rpm_AW__D_14,trimMA342_1200rpm_AW__D_14:6000,6000,9000,1,1,3000,1200
k2,train,trimMA342_1200rpm_AW__D_14,trimMA342_1200rpm_AW__D_14:9000,9000,12000,1,1,3000,1200
k2,train,trimMA342_1200rpm_AW__D_14,trimMA342_1200rpm_AW__D_14:12000,12000,15000,1,1,3000,1200
k2,train,trimMA342_1200rpm_AW__D_14,trimMA342_1200rpm_AW__D_14:15000,15000,18000,1,1,3000,1200
k2,train,trimMA342_1200rpm_AW__D_14,trimMA342_1200rpm_AW__D_14:18000,18000,21000,1,1,3000,1200
k2,train,trimMA342_1200rpm_AW__D_14,trimMA342_1200rpm_AW__D_14:21000,21000,24000,1,1,3000,1200
k2,train,trimMA342_1200rpm_AW__D_14,trimMA342_1200rpm_AW__D_14:24000,24000,27000,1,1,3000,1200
k2,train,trimMA342_1200rpm_AW__D_14,trimMA342_1200rpm_AW__D_14:27000,27000,30000,1,1,3000,1200
k2,train,trimMA342_1200rpm_AW__D_14,trimMA342_1200rpm_AW__D_14:30000,30000,33000,1,1,3000,1200
k2,train,trimMA342_1200rpm_AW__D_14,trimMA342_1200rpm_AW__D_14:33000,33000,36000,1,1,3000,1200
k2,train,trimMA342_1200rpm_AW__D_14,trimMA342_1200rpm_AW__D_14:36000,36000,39000,1,1,3000,1200
k2,train,trimMA342_1200rpm_AW__D_14,trimMA342_1200rpm_AW__D_14:39000,39000,42000,1,1,3000,1200
k2,train,trimMA342_1200rpm_AW__D_14,trimMA342_1200rpm_AW__D_14:42000,42000,45000,1,1,3000,1200
k2,train,trimMA342_1200rpm_AW__D_14,trimMA342_1200rpm_AW__D_14:45000,45000,48000,1,1,3000,1200
k2,train,trimMA342_1200rpm_AW__D_14,trimMA342_1200rpm_AW__D_14:48000,48000,51000,1,1,3000,1200
k2,train,trimMA342_1200rpm_AW__D_14,trimMA342_1200rpm_AW__D_14:51000,51000,54000,1,1,3000,1200
k2,train,trimMA342_1200rpm_AW__D_14,trimMA342_1200rpm_AW__D_14:54000,54000,57000,1,1,3000,1200
k2,train,trimMA342_1200rpm_AW__D_14,trimMA342_1200rpm_AW__D_14:57000,57000,60000,1,1,3000,1200
k2,train,trimMA342_1200rpm_AW__D_14,trimMA342_1200rpm_AW__D_14:60000,60000,63000,1,1,3000,1200
k2,train,trimMA342_1200rpm_AW__D_14,trimMA342_1200rpm_AW__D_14:63000,63000,66000,1,1,3000,1200
k2,train,trimMA342_1200rpm_AW__D_14,trimMA342_1200rpm_AW__D_14:66000,66000,69000,1,1,3000,1200
k2,train,trimMA342_1200rpm_AW__D_14,trimMA342_1200rpm_AW__D_14:69000,69000,72000,1,1,3000,1200
k2,train,trimMA342_1200rpm_AW__D_14,trimMA342_1200rpm_AW__D_14:72000,72000,75000,1,1,3000,1200
k2,train,trimMA342_1200rpm_AW__D_14,trimMA342_1200rpm_AW__D_14:75000,75000,78000,1,1,3000,1200
k2,train,trimMA342_1200rpm_AW__D_14,trimMA342_1200rpm_AW__D_14:78000,78000,81000,1,1,3000,1200
k2,train,trimMA342_1200rpm_AW__D_14,trimMA342_1200rpm_AW__D_14:81000,81000,84000,1,1,3000,1200
k2,train,trimMA342_1200rpm_AW__D_14,trimMA342_1200rpm_AW__D_14:84000,84000,87000,1,1,3000,1200
k2,train,trimMA342_1200rpm_AW__D_14,trimMA342_1200rpm_AW__D_14:87000,87000,90000,1,1,3000,1200
k2,train,trimMA342_1200rpm_AW__D_14,trimMA342_1200rpm_AW__D_14:90000,90000,93000,1,1,3000,1200
k2,train,trimMA342_1200rpm_AW__D_14,trimMA342_1200rpm_AW__D_14:93000,93000,96000,1,1,3000,1200
k2,train,trimMA342_1200rpm_AW__D_14,trimMA342_1200rpm_AW__D_14:96000,96000,99000,1,1,3000,1200
k2,train,trimMA342_1200rpm_AW__D_14,trimMA342_1200rpm_AW__D_14:99000,99000,102000,1,1,3000,1200
k2,train,trimMA342_1200rpm_AW__D_14,trimMA342_1200rpm_AW__D_14:102000,102000,105000,1,1,3000,1200
k2,train,trimMA342_1200rpm_AW__D_14,trimMA342_1200rpm_AW__D_14:105000,105000,108000,1,1,3000,1200
k2,train,trimMA342_1200rpm_AW__D_14,trimMA342_1200rpm_AW__D_14:108000,108000,111000,1,1,3000,1200
k2,train,trimMA342_1200rpm_AW__D_14,trimMA342_1200rpm_AW__D_14:111000,111000,114000,1,1,3000,1200
k2,train,trimMA342_1200rpm_AW__D_14,trimMA342_1200rpm_AW__D_14:114000,114000,117000,1,1,3000,1200
k2,train,trimMA342_1200rpm_AW__D_14,trimMA342_1200rpm_AW__D_14:117000,117000,120000,1,1,3000,1200
k2,train,trimMA342_1200rpm_AW__D_14,trimMA342_1200rpm_AW__D_14:120000,120000,123000,1,1,3000,1200
k2,train,trimMA342_1200rpm_AW__D_14,trimMA342_1200rpm_AW__D_14:123000,123000,126000,1,1,3000,1200
k2,train,trimMA342_1200rpm_AW__D_14,trimMA342_1200rpm_AW__D_14:126000,126000,129000,1,1,3000,1200
k2,train,trimMA342_1200rpm_AW__D_14,trimMA342_1200rpm_AW__D_14:129000,129000,132000,1,1,3000,1200
k2,train,trimMA342_1200rpm_AW__D_14,trimMA342_1200rpm_AW__D_14:132000,132000,135000,1,1,3000,1200
k2,train,trimMA342_1200rpm_AW__D_14,trimMA342_1200rpm_AW__D_14:135000,135000,138000,1,1,3000,1200
k2,train,trimMA342_1200rpm_AW__D_14,trimMA342_1200rpm_AW__D_14:138000,138000,141000,1,1,3000,1200
k2,train,trimMA342_1200rpm_AW__D_14,trimMA342_1200rpm_AW__D_14:141000,141000,144000,1,1,3000,1200
k2,train,trimMA342_1200rpm_AW__D_14,trimMA342_1200rpm_AW__D_14:144000,144000,147000,1,1,3000,1200
k2,train,trimMA342_1200rpm_AW__D_14,trimMA342_1200rpm_AW__D_14:147000,147000,150000,1,1,3000,1200
k2,train,trimMA342_1200rpm_AW__D_14,trimMA342_1200rpm_AW__D_14:150000,150000,153000,1,1,3000,1200
k2,train,trimMA342_1200rpm_AW__D_14,trimMA342_1200rpm_AW__D_14:153000,153000,156000,1,1,3000,1200
k2,train,trimMA342_1200rpm_AW__D_14,trimMA342_1200rpm_AW__D_14:156000,156000,159000,1,1,3000,1200
k2,train,trimMA342_1200rpm_AW__D_14,trimMA342_1200rpm_AW__D_14:159000,159000,162000,1,1,3000,1200
k2,train,trimMA342_1200rpm_AW__D_14,trimMA342_1200rpm_AW__D_14:162000,162000,165000,1,1,3000,1200
k2,train,trimMA342_1200rpm_AW__D_14,trimMA342_1200rpm_AW__D_14:165000,165000,168000,1,1,3000,1200
k2,train,trimMA342_1200rpm_AW__D_14,trimMA342_1200rpm_AW__D_14:168000,168000,171000,1,1,3000,1200
k2,train,trimMA342_1200rpm_AW__D_14,trimMA342_1200rpm_AW__D_14:171000,171000,174000,1,1,3000,1200
k2,train,trimMA342_1200rpm_AW__D_14,trimMA342_1200rpm_AW__D_14:174000,174000,177000,1,1,3000,1200
k2,train,trimMA342_1200rpm_AW__D_14,trimMA342_1200rpm_AW__D_14:177000,177000,180000,1,1,3000,1200
k2,train,trimMA342_1200rpm_AW__D_14,trimMA342_1200rpm_AW__D_14:180000,180000,183000,1,1,3000,1200
k2,train,trimMA342_1200rpm_AW__D_14,trimMA342_1200rpm_AW__D_14:183000,183000,186000,1,1,3000,1200
k2,train,trimMA342_1200rpm_AW__D_14,trimMA342_1200rpm_AW__D_14:186000,186000,189000,1,1,3000,1200
k2,train,trimMA342_1200rpm_AW__D_14,trimMA342_1200rpm_AW__D_14:189000,189000,192000,1,1,3000,1200
k2,train,trimMA342_1200rpm_AW__D_14,trimMA342_1200rpm_AW__D_14:192000,192000,195000,1,1,3000,1200
k2,train,trimMA342_1200rpm_AW__D_14,trimMA342_1200rpm_AW__D_14:195000,195000,198000,1,1,3000,1200
k2,train,trimMA342_1200rpm_AW__D_14,trimMA342_1200rpm_AW__D_14:198000,198000,201000,1,1,3000,1200
k2,train,trimMA342_1200rpm_AW__D_14,trimMA342_1200rpm_AW__D_14:201000,201000,204000,1,1,3000,1200
k2,train,trimMA342_1200rpm_AW__D_14,trimMA342_1200rpm_AW__D_14:204000,204000,207000,1,1,3000,1200
k2,train,trimMA342_1200rpm_AW__D_14,trimMA342_1200rpm_AW__D_14:207000,207000,210000,1,1,3000,1200
k2,train,trimMA342_1200rpm_AW__D_14,trimMA342_1200rpm_AW__D_14:210000,210000,213000,1,1,3000,1200
k2,train,trimMA342_1200rpm_AW__D_14,trimMA342_1200rpm_AW__D_14:213000,213000,216000,1,1,3000,1200
k2,train,trimMA342_1200rpm_AW__D_14,trimMA342_1200rpm_AW__D_14:216000,216000,219000,1,1,3000,1200
k2,train,trimMA342_1200rpm_AW__D_14,trimMA342_1200rpm_AW__D_14:219000,219000,222000,1,1,3000,1200
k2,train,trimMA342_1200rpm_AW__D_14,trimMA342_1200rpm_AW__D_14:222000,222000,225000,1,1,3000,1200
k2,train,trimMA342_1200rpm_AW__D_14,trimMA342_1200rpm_AW__D_14:225000,225000,228000,1,1,3000,1200
k2,train,trimMA342_1200rpm_AW__D_14,trimMA342_1200rpm_AW__D_14:228000,228000,231000,1,1,3000,1200
k2,train,trimMA342_1200rpm_AW__D_14,trimMA342_1200rpm_AW__D_14:231000,231000,234000,1,1,3000,1200
k2,train,trimMA342_1200rpm_AW__D_14,trimMA342_1200rpm_AW__D_14:234000,234000,237000,1,1,3000,1200
k2,train,trimMA342_1200rpm_AW__D_14,trimMA342_1200rpm_AW__D_14:237000,237000,240000,1,1,3000,1200
k2,train,trimMA342_1200rpm_AW__D_14,trimMA342_1200rpm_AW__D_14:240000,240000,243000,1,1,3000,1200
k2,train,trimMA342_1200rpm_AW__D_14,trimMA342_1200rpm_AW__D_14:243000,243000,246000,1,1,3000,1200
k2,train,trimMA342_1200rpm_AW__D_14,trimMA342_1200rpm_AW__D_14:246000,246000,249000,1,1,3000,1200
k2,train,trimMA342_1200rpm_AW__D_14,trimMA342_1200rpm_AW__D_14:249000,249000,252000,1,1,3000,1200
k2,train,trimMA342_1200rpm_AW__D_14,trimMA342_1200rpm_AW__D_14:252000,252000,255000,1,1,3000,1200
k2,train,trimMA342_1200rpm_AW__D_14,trimMA342_1200rpm_AW__D_14:255000,255000,258000,1,1,3000,1200
k2,train,trimMA342_1200rpm_AW__D_14,trimMA342_1200rpm_AW__D_14:258000,258000,261000,1,1,3000,1200
k2,train,trimMA342_1200rpm_AW__D_14,trimMA342_1200rpm_AW__D_14:261000,261000,264000,1,1,3000,1200
k2,train,trimMA342_1200rpm_AW__D_14,trimMA342_1200rpm_AW__D_14:264000,264000,267000,1,1,3000,1200
k2,train,trimMA342_1200rpm_AW__D_14,trimMA342_1200rpm_AW__D_14:267000,267000,270000,1,1,3000,1200
k2,train,trimMA342_1200rpm_AW__D_14,trimMA342_1200rpm_AW__D_14:270000,270000,273000,1,1,3000,1200
k2,train,trimMA342_1200rpm_AW__D_14,trimMA342_1200rpm_AW__D_14:273000,273000,276000,1,1,3000,1200
k2,train,trimMA342_1200rpm_AW__D_14,trimMA342_1200rpm_AW__D_14:276000,276000,279000,1,1,3000,1200
k2,train,trimMA342_1200rpm_AW__D_14,trimMA342_1200rpm_AW__D_14:279000,279000,282000,1,1,3000,1200
k2,train,trimMA342_1200rpm_A__DW_00,trimMA342_1200rpm_A__DW_00:0,0,3000,2,1,3000,1200
k2,train,trimMA342_1200rpm_A__DW_00,trimMA342_1200rpm_A__DW_00:3000,3000,6000,2,1,3000,1200
k2,train,trimMA342_1200rpm_A__DW_00,trimMA342_1200rpm_A__DW_00:6000,6000,9000,2,1,3000,1200
k2,train,trimMA342_1200rpm_A__DW_00,trimMA342_1200rpm_A__DW_00:9000,9000,12000,2,1,3000,1200
k2,train,trimMA342_1200rpm_A__DW_00,trimMA342_1200rpm_A__DW_00:12000,12000,15000,2,1,3000,1200
k2,train,trimMA342_1200rpm_A__DW_00,trimMA342_1200rpm_A__DW_00:15000,15000,18000,2,1,3000,1200
k2,train,trimMA342_1200rpm_A__DW_00,trimMA342_1200rpm_A__DW_00:18000,18000,21000,2,1,3000,1200
k2,train,trimMA342_1200rpm_A__DW_00,trimMA342_1200rpm_A__DW_00:21000,21000,24000,2,1,3000,1200
k2,train,trimMA342_1200rpm_A__DW_00,trimMA342_1200rpm_A__DW_00:24000,24000,27000,2,1,3000,1200
k2,train,trimMA342_1200rpm_A__DW_00,trimMA342_1200rpm_A__DW_00:27000,27000,30000,2,1,3000,1200
k2,train,trimMA342_1200rpm_A__DW_00,trimMA342_1200rpm_A__DW_00:30000,30000,33000,2,1,3000,1200
k2,train,trimMA342_1200rpm_A__DW_00,trimMA342_1200rpm_A__DW_00:33000,33000,36000,2,1,3000,1200
k2,train,trimMA342_1200rpm_A__DW_00,trimMA342_1200rpm_A__DW_00:36000,36000,39000,2,1,3000,1200
k2,train,trimMA342_1200rpm_A__DW_00,trimMA342_1200rpm_A__DW_00:39000,39000,42000,2,1,3000,1200
k2,train,trimMA342_1200rpm_A__DW_00,trimMA342_1200rpm_A__DW_00:42000,42000,45000,2,1,3000,1200
k2,train,trimMA342_1200rpm_A__DW_00,trimMA342_1200rpm_A__DW_00:45000,45000,48000,2,1,3000,1200
k2,train,trimMA342_1200rpm_A__DW_00,trimMA342_1200rpm_A__DW_00:48000,48000,51000,2,1,3000,1200
k2,train,trimMA342_1200rpm_A__DW_00,trimMA342_1200rpm_A__DW_00:51000,51000,54000,2,1,3000,1200
k2,train,trimMA342_1200rpm_A__DW_00,trimMA342_1200rpm_A__DW_00:54000,54000,57000,2,1,3000,1200
k2,train,trimMA342_1200rpm_A__DW_00,trimMA342_1200rpm_A__DW_00:57000,57000,60000,2,1,3000,1200
k2,train,trimMA342_1200rpm_A__DW_00,trimMA342_1200rpm_A__DW_00:60000,60000,63000,2,1,3000,1200
k2,train,trimMA342_1200rpm_A__DW_00,trimMA342_1200rpm_A__DW_00:63000,63000,66000,2,1,3000,1200
k2,train,trimMA342_1200rpm_A__DW_00,trimMA342_1200rpm_A__DW_00:66000,66000,69000,2,1,3000,1200
k2,train,trimMA342_1200rpm_A__DW_00,trimMA342_1200rpm_A__DW_00:69000,69000,72000,2,1,3000,1200
k2,train,trimMA342_1200rpm_A__DW_00,trimMA342_1200rpm_A__DW_00:72000,72000,75000,2,1,3000,1200
k2,train,trimMA342_1200rpm_A__DW_00,trimMA342_1200rpm_A__DW_00:75000,75000,78000,2,1,3000,1200
k2,train,trimMA342_1200rpm_A__DW_00,trimMA342_1200rpm_A__DW_00:78000,78000,81000,2,1,3000,1200
k2,train,trimMA342_1200rpm_A__DW_00,trimMA342_1200rpm_A__DW_00:81000,81000,84000,2,1,3000,1200
k2,train,trimMA342_1200rpm_A__DW_00,trimMA342_1200rpm_A__DW_00:84000,84000,87000,2,1,3000,1200
k2,train,trimMA342_1200rpm_A__DW_00,trimMA342_1200rpm_A__DW_00:87000,87000,90000,2,1,3000,1200
k2,train,trimMA342_1200rpm_A__DW_00,trimMA342_1200rpm_A__DW_00:90000,90000,93000,2,1,3000,1200
k2,train,trimMA342_1200rpm_A__DW_00,trimMA342_1200rpm_A__DW_00:93000,93000,96000,2,1,3000,1200
k2,train,trimMA342_1200rpm_A__DW_00,trimMA342_1200rpm_A__DW_00:96000,96000,99000,2,1,3000,1200
k2,train,trimMA342_1200rpm_A__DW_00,trimMA342_1200rpm_A__DW_00:99000,99000,102000,2,1,3000,1200
k2,train,trimMA342_1200rpm_A__DW_00,trimMA342_1200rpm_A__DW_00:102000,102000,105000,2,1,3000,1200
k2,train,trimMA342_1200rpm_A__DW_00,trimMA342_1200rpm_A__DW_00:105000,105000,108000,2,1,3000,1200
k2,train,trimMA342_1200rpm_A__DW_00,trimMA342_1200rpm_A__DW_00:108000,108000,111000,2,1,3000,1200
k2,train,trimMA342_1200rpm_A__DW_00,trimMA342_1200rpm_A__DW_00:111000,111000,114000,2,1,3000,1200
k2,train,trimMA342_1200rpm_A__DW_00,trimMA342_1200rpm_A__DW_00:114000,114000,117000,2,1,3000,1200
k2,train,trimMA342_1200rpm_A__DW_00,trimMA342_1200rpm_A__DW_00:117000,117000,120000,2,1,3000,1200
k2,train,trimMA342_1200rpm_A__DW_00,trimMA342_1200rpm_A__DW_00:120000,120000,123000,2,1,3000,1200
k2,train,trimMA342_1200rpm_A__DW_00,trimMA342_1200rpm_A__DW_00:123000,123000,126000,2,1,3000,1200
k2,train,trimMA342_1200rpm_A__DW_00,trimMA342_1200rpm_A__DW_00:126000,126000,129000,2,1,3000,1200
k2,train,trimMA342_1200rpm_A__DW_00,trimMA342_1200rpm_A__DW_00:129000,129000,132000,2,1,3000,1200
k2,train,trimMA342_1200rpm_A__DW_00,trimMA342_1200rpm_A__DW_00:132000,132000,135000,2,1,3000,1200
k2,train,trimMA342_1200rpm_A__DW_00,trimMA342_1200rpm_A__DW_00:135000,135000,138000,2,1,3000,1200
k2,train,trimMA342_1200rpm_A__DW_00,trimMA342_1200rpm_A__DW_00:138000,138000,141000,2,1,3000,1200
k2,train,trimMA342_1200rpm_A__DW_00,trimMA342_1200rpm_A__DW_00:141000,141000,144000,2,1,3000,1200
k2,train,trimMA342_1200rpm_A__DW_00,trimMA342_1200rpm_A__DW_00:144000,144000,147000,2,1,3000,1200
k2,train,trimMA342_1200rpm_A__DW_00,trimMA342_1200rpm_A__DW_00:147000,147000,150000,2,1,3000,1200
k2,train,trimMA342_1200rpm_A__DW_00,trimMA342_1200rpm_A__DW_00:150000,150000,153000,2,1,3000,1200
k2,train,trimMA342_1200rpm_A__DW_00,trimMA342_1200rpm_A__DW_00:153000,153000,156000,2,1,3000,1200
k2,train,trimMA342_1200rpm_A__DW_00,trimMA342_1200rpm_A__DW_00:156000,156000,159000,2,1,3000,1200
k2,train,trimMA342_1200rpm_A__DW_00,trimMA342_1200rpm_A__DW_00:159000,159000,162000,2,1,3000,1200
k2,train,trimMA342_1200rpm_A__DW_00,trimMA342_1200rpm_A__DW_00:162000,162000,165000,2,1,3000,1200
k2,train,trimMA342_1200rpm_A__DW_00,trimMA342_1200rpm_A__DW_00:165000,165000,168000,2,1,3000,1200
k2,train,trimMA342_1200rpm_A__DW_00,trimMA342_1200rpm_A__DW_00:168000,168000,171000,2,1,3000,1200
k2,train,trimMA342_1200rpm_A__DW_00,trimMA342_1200rpm_A__DW_00:171000,171000,174000,2,1,3000,1200
k2,train,trimMA342_1200rpm_A__DW_00,trimMA342_1200rpm_A__DW_00:174000,174000,177000,2,1,3000,1200
k2,train,trimMA342_1200rpm_A__DW_00,trimMA342_1200rpm_A__DW_00:177000,177000,180000,2,1,3000,1200
k2,train,trimMA342_1200rpm_A__DW_00,trimMA342_1200rpm_A__DW_00:180000,180000,183000,2,1,3000,1200
k2,train,trimMA342_1200rpm_A__DW_00,trimMA342_1200rpm_A__DW_00:183000,183000,186000,2,1,3000,1200
k2,train,trimMA342_1200rpm_A__DW_00,trimMA342_1200rpm_A__DW_00:186000,186000,189000,2,1,3000,1200
k2,train,trimMA342_1200rpm_A__DW_00,trimMA342_1200rpm_A__DW_00:189000,189000,192000,2,1,3000,1200
k2,train,trimMA342_1200rpm_A__DW_00,trimMA342_1200rpm_A__DW_00:192000,192000,195000,2,1,3000,1200
k2,train,trimMA342_1200rpm_A__DW_00,trimMA342_1200rpm_A__DW_00:195000,195000,198000,2,1,3000,1200
k2,train,trimMA342_1200rpm_A__DW_00,trimMA342_1200rpm_A__DW_00:198000,198000,201000,2,1,3000,1200
k2,train,trimMA342_1200rpm_A__DW_00,trimMA342_1200rpm_A__DW_00:201000,201000,204000,2,1,3000,1200
k2,train,trimMA342_1200rpm_A__DW_00,trimMA342_1200rpm_A__DW_00:204000,204000,207000,2,1,3000,1200
k2,train,trimMA342_1200rpm_A__DW_00,trimMA342_1200rpm_A__DW_00:207000,207000,210000,2,1,3000,1200
k2,train,trimMA342_1200rpm_A__DW_00,trimMA342_1200rpm_A__DW_00:210000,210000,213000,2,1,3000,1200
k2,train,trimMA342_1200rpm_A__DW_00,trimMA342_1200rpm_A__DW_00:213000,213000,216000,2,1,3000,1200
k2,train,trimMA342_1200rpm_A__DW_00,trimMA342_1200rpm_A__DW_00:216000,216000,219000,2,1,3000,1200
k2,train,trimMA342_1200rpm_A__DW_00,trimMA342_1200rpm_A__DW_00:219000,219000,222000,2,1,3000,1200
k2,train,trimMA342_1200rpm_A__DW_00,trimMA342_1200rpm_A__DW_00:222000,222000,225000,2,1,3000,1200
k2,train,trimMA342_1200rpm_A__DW_00,trimMA342_1200rpm_A__DW_00:225000,225000,228000,2,1,3000,1200
k2,train,trimMA342_1200rpm_A__DW_00,trimMA342_1200rpm_A__DW_00:228000,228000,231000,2,1,3000,1200
k2,train,trimMA342_1200rpm_A__DW_00,trimMA342_1200rpm_A__DW_00:231000,231000,234000,2,1,3000,1200
k2,train,trimMA342_1200rpm_A__DW_00,trimMA342_1200rpm_A__DW_00:234000,234000,237000,2,1,3000,1200
k2,train,trimMA342_1200rpm_A__DW_00,trimMA342_1200rpm_A__DW_00:237000,237000,240000,2,1,3000,1200
k2,train,trimMA342_1200rpm_A__DW_00,trimMA342_1200rpm_A__DW_00:240000,240000,243000,2,1,3000,1200
k2,train,trimMA342_1200rpm_A__DW_00,trimMA342_1200rpm_A__DW_00:243000,243000,246000,2,1,3000,1200
k2,train,trimMA342_1200rpm_A__DW_00,trimMA342_1200rpm_A__DW_00:246000,246000,249000,2,1,3000,1200
k2,train,trimMA342_1200rpm_A__DW_00,trimMA342_1200rpm_A__DW_00:249000,249000,252000,2,1,3000,1200
k2,train,trimMA342_1200rpm_A__DW_00,trimMA342_1200rpm_A__DW_00:252000,252000,255000,2,1,3000,1200
k2,train,trimMA342_1200rpm_A__DW_00,trimMA342_1200rpm_A__DW_00:255000,255000,258000,2,1,3000,1200
k2,train,trimMA342_1200rpm_A__DW_00,trimMA342_1200rpm_A__DW_00:258000,258000,261000,2,1,3000,1200
k2,train,trimMA342_1200rpm_A__DW_00,trimMA342_1200rpm_A__DW_00:261000,261000,264000,2,1,3000,1200
k2,train,trimMA342_1200rpm_A__DW_00,trimMA342_1200rpm_A__DW_00:264000,264000,267000,2,1,3000,1200
k2,train,trimMA342_1200rpm_A__DW_00,trimMA342_1200rpm_A__DW_00:267000,267000,270000,2,1,3000,1200
k2,train,trimMA342_1200rpm_A__DW_00,trimMA342_1200rpm_A__DW_00:270000,270000,273000,2,1,3000,1200
k2,train,trimMA342_1200rpm_A__DW_00,trimMA342_1200rpm_A__DW_00:273000,273000,276000,2,1,3000,1200
k2,train,trimMA342_1200rpm_A__DW_00,trimMA342_1200rpm_A__DW_00:276000,276000,279000,2,1,3000,1200
k2,train,trimMA342_1200rpm_A__DW_00,trimMA342_1200rpm_A__DW_00:279000,279000,282000,2,1,3000,1200
k2,train,trimMA342_1200rpm_A__DW_11,trimMA342_1200rpm_A__DW_11:0,0,3000,2,1,3000,1200
k2,train,trimMA342_1200rpm_A__DW_11,trimMA342_1200rpm_A__DW_11:3000,3000,6000,2,1,3000,1200
k2,train,trimMA342_1200rpm_A__DW_11,trimMA342_1200rpm_A__DW_11:6000,6000,9000,2,1,3000,1200
k2,train,trimMA342_1200rpm_A__DW_11,trimMA342_1200rpm_A__DW_11:9000,9000,12000,2,1,3000,1200
k2,train,trimMA342_1200rpm_A__DW_11,trimMA342_1200rpm_A__DW_11:12000,12000,15000,2,1,3000,1200
k2,train,trimMA342_1200rpm_A__DW_11,trimMA342_1200rpm_A__DW_11:15000,15000,18000,2,1,3000,1200
k2,train,trimMA342_1200rpm_A__DW_11,trimMA342_1200rpm_A__DW_11:18000,18000,21000,2,1,3000,1200
k2,train,trimMA342_1200rpm_A__DW_11,trimMA342_1200rpm_A__DW_11:21000,21000,24000,2,1,3000,1200
k2,train,trimMA342_1200rpm_A__DW_11,trimMA342_1200rpm_A__DW_11:24000,24000,27000,2,1,3000,1200
k2,train,trimMA342_1200rpm_A__DW_11,trimMA342_1200rpm_A__DW_11:27000,27000,30000,2,1,3000,1200
k2,train,trimMA342_1200rpm_A__DW_11,trimMA342_1200rpm_A__DW_11:30000,30000,33000,2,1,3000,1200
k2,train,trimMA342_1200rpm_A__DW_11,trimMA342_1200rpm_A__DW_11:33000,33000,36000,2,1,3000,1200
k2,train,trimMA342_1200rpm_A__DW_11,trimMA342_1200rpm_A__DW_11:36000,36000,39000,2,1,3000,1200
k2,train,trimMA342_1200rpm_A__DW_11,trimMA342_1200rpm_A__DW_11:39000,39000,42000,2,1,3000,1200
k2,train,trimMA342_1200rpm_A__DW_11,trimMA342_1200rpm_A__DW_11:42000,42000,45000,2,1,3000,1200
k2,train,trimMA342_1200rpm_A__DW_11,trimMA342_1200rpm_A__DW_11:45000,45000,48000,2,1,3000,1200
k2,train,trimMA342_1200rpm_A__DW_11,trimMA342_1200rpm_A__DW_11:48000,48000,51000,2,1,3000,1200
k2,train,trimMA342_1200rpm_A__DW_11,trimMA342_1200rpm_A__DW_11:51000,51000,54000,2,1,3000,1200
k2,train,trimMA342_1200rpm_A__DW_11,trimMA342_1200rpm_A__DW_11:54000,54000,57000,2,1,3000,1200
k2,train,trimMA342_1200rpm_A__DW_11,trimMA342_1200rpm_A__DW_11:57000,57000,60000,2,1,3000,1200
k2,train,trimMA342_1200rpm_A__DW_11,trimMA342_1200rpm_A__DW_11:60000,60000,63000,2,1,3000,1200
k2,train,trimMA342_1200rpm_A__DW_11,trimMA342_1200rpm_A__DW_11:63000,63000,66000,2,1,3000,1200
k2,train,trimMA342_1200rpm_A__DW_11,trimMA342_1200rpm_A__DW_11:66000,66000,69000,2,1,3000,1200
k2,train,trimMA342_1200rpm_A__DW_11,trimMA342_1200rpm_A__DW_11:69000,69000,72000,2,1,3000,1200
k2,train,trimMA342_1200rpm_A__DW_11,trimMA342_1200rpm_A__DW_11:72000,72000,75000,2,1,3000,1200
k2,train,trimMA342_1200rpm_A__DW_11,trimMA342_1200rpm_A__DW_11:75000,75000,78000,2,1,3000,1200
k2,train,trimMA342_1200rpm_A__DW_11,trimMA342_1200rpm_A__DW_11:78000,78000,81000,2,1,3000,1200
k2,train,trimMA342_1200rpm_A__DW_11,trimMA342_1200rpm_A__DW_11:81000,81000,84000,2,1,3000,1200
k2,train,trimMA342_1200rpm_A__DW_11,trimMA342_1200rpm_A__DW_11:84000,84000,87000,2,1,3000,1200
k2,train,trimMA342_1200rpm_A__DW_11,trimMA342_1200rpm_A__DW_11:87000,87000,90000,2,1,3000,1200
k2,train,trimMA342_1200rpm_A__DW_11,trimMA342_1200rpm_A__DW_11:90000,90000,93000,2,1,3000,1200
k2,train,trimMA342_1200rpm_A__DW_11,trimMA342_1200rpm_A__DW_11:93000,93000,96000,2,1,3000,1200
k2,train,trimMA342_1200rpm_A__DW_11,trimMA342_1200rpm_A__DW_11:96000,96000,99000,2,1,3000,1200
k2,train,trimMA342_1200rpm_A__DW_11,trimMA342_1200rpm_A__DW_11:99000,99000,102000,2,1,3000,1200
k2,train,trimMA342_1200rpm_A__DW_11,trimMA342_1200rpm_A__DW_11:102000,102000,105000,2,1,3000,1200
k2,train,trimMA342_1200rpm_A__DW_11,trimMA342_1200rpm_A__DW_11:105000,105000,108000,2,1,3000,1200
k2,train,trimMA342_1200rpm_A__DW_11,trimMA342_1200rpm_A__DW_11:108000,108000,111000,2,1,3000,1200
k2,train,trimMA342_1200rpm_A__DW_11,trimMA342_1200rpm_A__DW_11:111000,111000,114000,2,1,3000,1200
k2,train,trimMA342_1200rpm_A__DW_11,trimMA342_1200rpm_A__DW_11:114000,114000,117000,2,1,3000,1200
k2,train,trimMA342_1200rpm_A__DW_11,trimMA342_1200rpm_A__DW_11:117000,117000,120000,2,1,3000,1200
k2,train,trimMA342_1200rpm_A__DW_11,trimMA342_1200rpm_A__DW_11:120000,120000,123000,2,1,3000,1200
k2,train,trimMA342_1200rpm_A__DW_11,trimMA342_1200rpm_A__DW_11:123000,123000,126000,2,1,3000,1200
k2,train,trimMA342_1200rpm_A__DW_11,trimMA342_1200rpm_A__DW_11:126000,126000,129000,2,1,3000,1200
k2,train,trimMA342_1200rpm_A__DW_11,trimMA342_1200rpm_A__DW_11:129000,129000,132000,2,1,3000,1200
k2,train,trimMA342_1200rpm_A__DW_11,trimMA342_1200rpm_A__DW_11:132000,132000,135000,2,1,3000,1200
k2,train,trimMA342_1200rpm_A__DW_11,trimMA342_1200rpm_A__DW_11:135000,135000,138000,2,1,3000,1200
k2,train,trimMA342_1200rpm_A__DW_11,trimMA342_1200rpm_A__DW_11:138000,138000,141000,2,1,3000,1200
k2,train,trimMA342_1200rpm_A__DW_11,trimMA342_1200rpm_A__DW_11:141000,141000,144000,2,1,3000,1200
k2,train,trimMA342_1200rpm_A__DW_11,trimMA342_1200rpm_A__DW_11:144000,144000,147000,2,1,3000,1200
k2,train,trimMA342_1200rpm_A__DW_11,trimMA342_1200rpm_A__DW_11:147000,147000,150000,2,1,3000,1200
k2,train,trimMA342_1200rpm_A__DW_11,trimMA342_1200rpm_A__DW_11:150000,150000,153000,2,1,3000,1200
k2,train,trimMA342_1200rpm_A__DW_11,trimMA342_1200rpm_A__DW_11:153000,153000,156000,2,1,3000,1200
k2,train,trimMA342_1200rpm_A__DW_11,trimMA342_1200rpm_A__DW_11:156000,156000,159000,2,1,3000,1200
k2,train,trimMA342_1200rpm_A__DW_11,trimMA342_1200rpm_A__DW_11:159000,159000,162000,2,1,3000,1200
k2,train,trimMA342_1200rpm_A__DW_11,trimMA342_1200rpm_A__DW_11:162000,162000,165000,2,1,3000,1200
k2,train,trimMA342_1200rpm_A__DW_11,trimMA342_1200rpm_A__DW_11:165000,165000,168000,2,1,3000,1200
k2,train,trimMA342_1200rpm_A__DW_11,trimMA342_1200rpm_A__DW_11:168000,168000,171000,2,1,3000,1200
k2,train,trimMA342_1200rpm_A__DW_11,trimMA342_1200rpm_A__DW_11:171000,171000,174000,2,1,3000,1200
k2,train,trimMA342_1200rpm_A__DW_11,trimMA342_1200rpm_A__DW_11:174000,174000,177000,2,1,3000,1200
k2,train,trimMA342_1200rpm_A__DW_11,trimMA342_1200rpm_A__DW_11:177000,177000,180000,2,1,3000,1200
k2,train,trimMA342_1200rpm_A__DW_11,trimMA342_1200rpm_A__DW_11:180000,180000,183000,2,1,3000,1200
k2,train,trimMA342_1200rpm_A__DW_11,trimMA342_1200rpm_A__DW_11:183000,183000,186000,2,1,3000,1200
k2,train,trimMA342_1200rpm_A__DW_11,trimMA342_1200rpm_A__DW_11:186000,186000,189000,2,1,3000,1200
k2,train,trimMA342_1200rpm_A__DW_11,trimMA342_1200rpm_A__DW_11:189000,189000,192000,2,1,3000,1200
k2,train,trimMA342_1200rpm_A__DW_11,trimMA342_1200rpm_A__DW_11:192000,192000,195000,2,1,3000,1200
k2,train,trimMA342_1200rpm_A__DW_11,trimMA342_1200rpm_A__DW_11:195000,195000,198000,2,1,3000,1200
k2,train,trimMA342_1200rpm_A__DW_11,trimMA342_1200rpm_A__DW_11:198000,198000,201000,2,1,3000,1200
k2,train,trimMA342_1200rpm_A__DW_11,trimMA342_1200rpm_A__DW_11:201000,201000,204000,2,1,3000,1200
k2,train,trimMA342_1200rpm_A__DW_11,trimMA342_1200rpm_A__DW_11:204000,204000,207000,2,1,3000,1200
k2,train,trimMA342_1200rpm_A__DW_11,trimMA342_1200rpm_A__DW_11:207000,207000,210000,2,1,3000,1200
k2,train,trimMA342_1200rpm_A__DW_11,trimMA342_1200rpm_A__DW_11:210000,210000,213000,2,1,3000,1200
k2,train,trimMA342_1200rpm_A__DW_11,trimMA342_1200rpm_A__DW_11:213000,213000,216000,2,1,3000,1200
k2,train,trimMA342_1200rpm_A__DW_11,trimMA342_1200rpm_A__DW_11:216000,216000,219000,2,1,3000,1200
k2,train,trimMA342_1200rpm_A__DW_11,trimMA342_1200rpm_A__DW_11:219000,219000,222000,2,1,3000,1200
k2,train,trimMA342_1200rpm_A__DW_11,trimMA342_1200rpm_A__DW_11:222000,222000,225000,2,1,3000,1200
k2,train,trimMA342_1200rpm_A__DW_11,trimMA342_1200rpm_A__DW_11:225000,225000,228000,2,1,3000,1200
k2,train,trimMA342_1200rpm_A__DW_11,trimMA342_1200rpm_A__DW_11:228000,228000,231000,2,1,3000,1200
k2,train,trimMA342_1200rpm_A__DW_11,trimMA342_1200rpm_A__DW_11:231000,231000,234000,2,1,3000,1200
k2,train,trimMA342_1200rpm_A__DW_11,trimMA342_1200rpm_A__DW_11:234000,234000,237000,2,1,3000,1200
k2,train,trimMA342_1200rpm_A__DW_11,trimMA342_1200rpm_A__DW_11:237000,237000,240000,2,1,3000,1200
k2,train,trimMA342_1200rpm_A__DW_11,trimMA342_1200rpm_A__DW_11:240000,240000,243000,2,1,3000,1200
k2,train,trimMA342_1200rpm_A__DW_11,trimMA342_1200rpm_A__DW_11:243000,243000,246000,2,1,3000,1200
k2,train,trimMA342_1200rpm_A__DW_11,trimMA342_1200rpm_A__DW_11:246000,246000,249000,2,1,3000,1200
k2,train,trimMA342_1200rpm_A__DW_11,trimMA342_1200rpm_A__DW_11:249000,249000,252000,2,1,3000,1200
k2,train,trimMA342_1200rpm_A__DW_11,trimMA342_1200rpm_A__DW_11:252000,252000,255000,2,1,3000,1200
k2,train,trimMA342_1200rpm_A__DW_11,trimMA342_1200rpm_A__DW_11:255000,255000,258000,2,1,3000,1200
k2,train,trimMA342_1200rpm_A__DW_11,trimMA342_1200rpm_A__DW_11:258000,258000,261000,2,1,3000,1200
k2,train,trimMA342_1200rpm_A__DW_11,trimMA342_1200rpm_A__DW_11:261000,261000,264000,2,1,3000,1200
k2,train,trimMA342_1200rpm_A__DW_11,trimMA342_1200rpm_A__DW_11:264000,264000,267000,2,1,3000,1200
k2,train,trimMA342_1200rpm_A__DW_11,trimMA342_1200rpm_A__DW_11:267000,267000,270000,2,1,3000,1200
k2,train,trimMA342_1200rpm_A__DW_11,trimMA342_1200rpm_A__DW_11:270000,270000,273000,2,1,3000,1200
k2,train,trimMA342_1200rpm_A__DW_11,trimMA342_1200rpm_A__DW_11:273000,273000,276000,2,1,3000,1200
k2,train,trimMA342_1200rpm_A__DW_11,trimMA342_1200rpm_A__DW_11:276000,276000,279000,2,1,3000,1200
k2,train,trimMA342_1200rpm_A__DW_11,trimMA342_1200rpm_A__DW_11:279000,279000,282000,2,1,3000,1200
k2,train,trimMA342_1200rpm_A__D_00,trimMA342_1200rpm_A__D_00:0,0,3000,0,0,3000,1200
k2,train,trimMA342_1200rpm_A__D_00,trimMA342_1200rpm_A__D_00:3000,3000,6000,0,0,3000,1200
k2,train,trimMA342_1200rpm_A__D_00,trimMA342_1200rpm_A__D_00:6000,6000,9000,0,0,3000,1200
k2,train,trimMA342_1200rpm_A__D_00,trimMA342_1200rpm_A__D_00:9000,9000,12000,0,0,3000,1200
k2,train,trimMA342_1200rpm_A__D_00,trimMA342_1200rpm_A__D_00:12000,12000,15000,0,0,3000,1200
k2,train,trimMA342_1200rpm_A__D_00,trimMA342_1200rpm_A__D_00:15000,15000,18000,0,0,3000,1200
k2,train,trimMA342_1200rpm_A__D_00,trimMA342_1200rpm_A__D_00:18000,18000,21000,0,0,3000,1200
k2,train,trimMA342_1200rpm_A__D_00,trimMA342_1200rpm_A__D_00:21000,21000,24000,0,0,3000,1200
k2,train,trimMA342_1200rpm_A__D_00,trimMA342_1200rpm_A__D_00:24000,24000,27000,0,0,3000,1200
k2,train,trimMA342_1200rpm_A__D_00,trimMA342_1200rpm_A__D_00:27000,27000,30000,0,0,3000,1200
k2,train,trimMA342_1200rpm_A__D_00,trimMA342_1200rpm_A__D_00:30000,30000,33000,0,0,3000,1200
k2,train,trimMA342_1200rpm_A__D_00,trimMA342_1200rpm_A__D_00:33000,33000,36000,0,0,3000,1200
k2,train,trimMA342_1200rpm_A__D_00,trimMA342_1200rpm_A__D_00:36000,36000,39000,0,0,3000,1200
k2,train,trimMA342_1200rpm_A__D_00,trimMA342_1200rpm_A__D_00:39000,39000,42000,0,0,3000,1200
k2,train,trimMA342_1200rpm_A__D_00,trimMA342_1200rpm_A__D_00:42000,42000,45000,0,0,3000,1200
k2,train,trimMA342_1200rpm_A__D_00,trimMA342_1200rpm_A__D_00:45000,45000,48000,0,0,3000,1200
k2,train,trimMA342_1200rpm_A__D_00,trimMA342_1200rpm_A__D_00:48000,48000,51000,0,0,3000,1200
k2,train,trimMA342_1200rpm_A__D_00,trimMA342_1200rpm_A__D_00:51000,51000,54000,0,0,3000,1200
k2,train,trimMA342_1200rpm_A__D_00,trimMA342_1200rpm_A__D_00:54000,54000,57000,0,0,3000,1200
k2,train,trimMA342_1200rpm_A__D_00,trimMA342_1200rpm_A__D_00:57000,57000,60000,0,0,3000,1200
k2,train,trimMA342_1200rpm_A__D_00,trimMA342_1200rpm_A__D_00:60000,60000,63000,0,0,3000,1200
k2,train,trimMA342_1200rpm_A__D_00,trimMA342_1200rpm_A__D_00:63000,63000,66000,0,0,3000,1200
k2,train,trimMA342_1200rpm_A__D_00,trimMA342_1200rpm_A__D_00:66000,66000,69000,0,0,3000,1200
k2,train,trimMA342_1200rpm_A__D_00,trimMA342_1200rpm_A__D_00:69000,69000,72000,0,0,3000,1200
k2,train,trimMA342_1200rpm_A__D_00,trimMA342_1200rpm_A__D_00:72000,72000,75000,0,0,3000,1200
k2,train,trimMA342_1200rpm_A__D_00,trimMA342_1200rpm_A__D_00:75000,75000,78000,0,0,3000,1200
k2,train,trimMA342_1200rpm_A__D_00,trimMA342_1200rpm_A__D_00:78000,78000,81000,0,0,3000,1200
k2,train,trimMA342_1200rpm_A__D_00,trimMA342_1200rpm_A__D_00:81000,81000,84000,0,0,3000,1200
k2,train,trimMA342_1200rpm_A__D_00,trimMA342_1200rpm_A__D_00:84000,84000,87000,0,0,3000,1200
k2,train,trimMA342_1200rpm_A__D_00,trimMA342_1200rpm_A__D_00:87000,87000,90000,0,0,3000,1200
k2,train,trimMA342_1200rpm_A__D_00,trimMA342_1200rpm_A__D_00:90000,90000,93000,0,0,3000,1200
k2,train,trimMA342_1200rpm_A__D_00,trimMA342_1200rpm_A__D_00:93000,93000,96000,0,0,3000,1200
k2,train,trimMA342_1200rpm_A__D_00,trimMA342_1200rpm_A__D_00:96000,96000,99000,0,0,3000,1200
k2,train,trimMA342_1200rpm_A__D_00,trimMA342_1200rpm_A__D_00:99000,99000,102000,0,0,3000,1200
k2,train,trimMA342_1200rpm_A__D_00,trimMA342_1200rpm_A__D_00:102000,102000,105000,0,0,3000,1200
k2,train,trimMA342_1200rpm_A__D_00,trimMA342_1200rpm_A__D_00:105000,105000,108000,0,0,3000,1200
k2,train,trimMA342_1200rpm_A__D_00,trimMA342_1200rpm_A__D_00:108000,108000,111000,0,0,3000,1200
k2,train,trimMA342_1200rpm_A__D_00,trimMA342_1200rpm_A__D_00:111000,111000,114000,0,0,3000,1200
k2,train,trimMA342_1200rpm_A__D_00,trimMA342_1200rpm_A__D_00:114000,114000,117000,0,0,3000,1200
k2,train,trimMA342_1200rpm_A__D_00,trimMA342_1200rpm_A__D_00:117000,117000,120000,0,0,3000,1200
k2,train,trimMA342_1200rpm_A__D_00,trimMA342_1200rpm_A__D_00:120000,120000,123000,0,0,3000,1200
k2,train,trimMA342_1200rpm_A__D_00,trimMA342_1200rpm_A__D_00:123000,123000,126000,0,0,3000,1200
k2,train,trimMA342_1200rpm_A__D_00,trimMA342_1200rpm_A__D_00:126000,126000,129000,0,0,3000,1200
k2,train,trimMA342_1200rpm_A__D_00,trimMA342_1200rpm_A__D_00:129000,129000,132000,0,0,3000,1200
k2,train,trimMA342_1200rpm_A__D_00,trimMA342_1200rpm_A__D_00:132000,132000,135000,0,0,3000,1200
k2,train,trimMA342_1200rpm_A__D_00,trimMA342_1200rpm_A__D_00:135000,135000,138000,0,0,3000,1200
k2,train,trimMA342_1200rpm_A__D_00,trimMA342_1200rpm_A__D_00:138000,138000,141000,0,0,3000,1200
k2,train,trimMA342_1200rpm_A__D_00,trimMA342_1200rpm_A__D_00:141000,141000,144000,0,0,3000,1200
k2,train,trimMA342_1200rpm_A__D_00,trimMA342_1200rpm_A__D_00:144000,144000,147000,0,0,3000,1200
k2,train,trimMA342_1200rpm_A__D_00,trimMA342_1200rpm_A__D_00:147000,147000,150000,0,0,3000,1200
k2,train,trimMA342_1200rpm_A__D_00,trimMA342_1200rpm_A__D_00:150000,150000,153000,0,0,3000,1200
k2,train,trimMA342_1200rpm_A__D_00,trimMA342_1200rpm_A__D_00:153000,153000,156000,0,0,3000,1200
k2,train,trimMA342_1200rpm_A__D_00,trimMA342_1200rpm_A__D_00:156000,156000,159000,0,0,3000,1200
k2,train,trimMA342_1200rpm_A__D_00,trimMA342_1200rpm_A__D_00:159000,159000,162000,0,0,3000,1200
k2,train,trimMA342_1200rpm_A__D_00,trimMA342_1200rpm_A__D_00:162000,162000,165000,0,0,3000,1200
k2,train,trimMA342_1200rpm_A__D_00,trimMA342_1200rpm_A__D_00:165000,165000,168000,0,0,3000,1200
k2,train,trimMA342_1200rpm_A__D_00,trimMA342_1200rpm_A__D_00:168000,168000,171000,0,0,3000,1200
k2,train,trimMA342_1200rpm_A__D_00,trimMA342_1200rpm_A__D_00:171000,171000,174000,0,0,3000,1200
k2,train,trimMA342_1200rpm_A__D_00,trimMA342_1200rpm_A__D_00:174000,174000,177000,0,0,3000,1200
k2,train,trimMA342_1200rpm_A__D_00,trimMA342_1200rpm_A__D_00:177000,177000,180000,0,0,3000,1200
k2,train,trimMA342_1200rpm_A__D_00,trimMA342_1200rpm_A__D_00:180000,180000,183000,0,0,3000,1200
k2,train,trimMA342_1200rpm_A__D_00,trimMA342_1200rpm_A__D_00:183000,183000,186000,0,0,3000,1200
k2,train,trimMA342_1200rpm_A__D_00,trimMA342_1200rpm_A__D_00:186000,186000,189000,0,0,3000,1200
k2,train,trimMA342_1200rpm_A__D_00,trimMA342_1200rpm_A__D_00:189000,189000,192000,0,0,3000,1200
k2,train,trimMA342_1200rpm_A__D_00,trimMA342_1200rpm_A__D_00:192000,192000,195000,0,0,3000,1200
k2,train,trimMA342_1200rpm_A__D_00,trimMA342_1200rpm_A__D_00:195000,195000,198000,0,0,3000,1200
k2,train,trimMA342_1200rpm_A__D_00,trimMA342_1200rpm_A__D_00:198000,198000,201000,0,0,3000,1200
k2,train,trimMA342_1200rpm_A__D_00,trimMA342_1200rpm_A__D_00:201000,201000,204000,0,0,3000,1200
k2,train,trimMA342_1200rpm_A__D_00,trimMA342_1200rpm_A__D_00:204000,204000,207000,0,0,3000,1200
k2,train,trimMA342_1200rpm_A__D_00,trimMA342_1200rpm_A__D_00:207000,207000,210000,0,0,3000,1200
k2,train,trimMA342_1200rpm_A__D_00,trimMA342_1200rpm_A__D_00:210000,210000,213000,0,0,3000,1200
k2,train,trimMA342_1200rpm_A__D_00,trimMA342_1200rpm_A__D_00:213000,213000,216000,0,0,3000,1200
k2,train,trimMA342_1200rpm_A__D_00,trimMA342_1200rpm_A__D_00:216000,216000,219000,0,0,3000,1200
k2,train,trimMA342_1200rpm_A__D_00,trimMA342_1200rpm_A__D_00:219000,219000,222000,0,0,3000,1200
k2,train,trimMA342_1200rpm_A__D_00,trimMA342_1200rpm_A__D_00:222000,222000,225000,0,0,3000,1200
k2,train,trimMA342_1200rpm_A__D_00,trimMA342_1200rpm_A__D_00:225000,225000,228000,0,0,3000,1200
k2,train,trimMA342_1200rpm_A__D_00,trimMA342_1200rpm_A__D_00:228000,228000,231000,0,0,3000,1200
k2,train,trimMA342_1200rpm_A__D_00,trimMA342_1200rpm_A__D_00:231000,231000,234000,0,0,3000,1200
k2,train,trimMA342_1200rpm_A__D_00,trimMA342_1200rpm_A__D_00:234000,234000,237000,0,0,3000,1200
k2,train,trimMA342_1200rpm_A__D_00,trimMA342_1200rpm_A__D_00:237000,237000,240000,0,0,3000,1200
k2,train,trimMA342_1200rpm_A__D_00,trimMA342_1200rpm_A__D_00:240000,240000,243000,0,0,3000,1200
k2,train,trimMA342_1200rpm_A__D_00,trimMA342_1200rpm_A__D_00:243000,243000,246000,0,0,3000,1200
k2,train,trimMA342_1200rpm_A__D_00,trimMA342_1200rpm_A__D_00:246000,246000,249000,0,0,3000,1200
k2,train,trimMA342_1200rpm_A__D_00,trimMA342_1200rpm_A__D_00:249000,249000,252000,0,0,3000,1200
k2,train,trimMA342_1200rpm_A__D_00,trimMA342_1200rpm_A__D_00:252000,252000,255000,0,0,3000,1200
k2,train,trimMA342_1200rpm_A__D_00,trimMA342_1200rpm_A__D_00:255000,255000,258000,0,0,3000,1200
k2,train,trimMA342_1200rpm_A__D_00,trimMA342_1200rpm_A__D_00:258000,258000,261000,0,0,3000,1200
k2,train,trimMA342_1200rpm_A__D_00,trimMA342_1200rpm_A__D_00:261000,261000,264000,0,0,3000,1200
k2,train,trimMA342_1200rpm_A__D_00,trimMA342_1200rpm_A__D_00:264000,264000,267000,0,0,3000,1200
k2,train,trimMA342_1200rpm_A__D_00,trimMA342_1200rpm_A__D_00:267000,267000,270000,0,0,3000,1200
k2,train,trimMA342_1200rpm_A__D_00,trimMA342_1200rpm_A__D_00:270000,270000,273000,0,0,3000,1200
k2,train,trimMA342_1200rpm_A__D_00,trimMA342_1200rpm_A__D_00:273000,273000,276000,0,0,3000,1200
k2,train,trimMA342_1200rpm_A__D_00,trimMA342_1200rpm_A__D_00:276000,276000,279000,0,0,3000,1200
k2,train,trimMA342_1200rpm_A__D_00,trimMA342_1200rpm_A__D_00:279000,279000,282000,0,0,3000,1200
k2,train,trimMA342_1200rpm_A__D_03,trimMA342_1200rpm_A__D_03:0,0,3000,0,0,3000,1200
k2,train,trimMA342_1200rpm_A__D_03,trimMA342_1200rpm_A__D_03:3000,3000,6000,0,0,3000,1200
k2,train,trimMA342_1200rpm_A__D_03,trimMA342_1200rpm_A__D_03:6000,6000,9000,0,0,3000,1200
k2,train,trimMA342_1200rpm_A__D_03,trimMA342_1200rpm_A__D_03:9000,9000,12000,0,0,3000,1200
k2,train,trimMA342_1200rpm_A__D_03,trimMA342_1200rpm_A__D_03:12000,12000,15000,0,0,3000,1200
k2,train,trimMA342_1200rpm_A__D_03,trimMA342_1200rpm_A__D_03:15000,15000,18000,0,0,3000,1200
k2,train,trimMA342_1200rpm_A__D_03,trimMA342_1200rpm_A__D_03:18000,18000,21000,0,0,3000,1200
k2,train,trimMA342_1200rpm_A__D_03,trimMA342_1200rpm_A__D_03:21000,21000,24000,0,0,3000,1200
k2,train,trimMA342_1200rpm_A__D_03,trimMA342_1200rpm_A__D_03:24000,24000,27000,0,0,3000,1200
k2,train,trimMA342_1200rpm_A__D_03,trimMA342_1200rpm_A__D_03:27000,27000,30000,0,0,3000,1200
k2,train,trimMA342_1200rpm_A__D_03,trimMA342_1200rpm_A__D_03:30000,30000,33000,0,0,3000,1200
k2,train,trimMA342_1200rpm_A__D_03,trimMA342_1200rpm_A__D_03:33000,33000,36000,0,0,3000,1200
k2,train,trimMA342_1200rpm_A__D_03,trimMA342_1200rpm_A__D_03:36000,36000,39000,0,0,3000,1200
k2,train,trimMA342_1200rpm_A__D_03,trimMA342_1200rpm_A__D_03:39000,39000,42000,0,0,3000,1200
k2,train,trimMA342_1200rpm_A__D_03,trimMA342_1200rpm_A__D_03:42000,42000,45000,0,0,3000,1200
k2,train,trimMA342_1200rpm_A__D_03,trimMA342_1200rpm_A__D_03:45000,45000,48000,0,0,3000,1200
k2,train,trimMA342_1200rpm_A__D_03,trimMA342_1200rpm_A__D_03:48000,48000,51000,0,0,3000,1200
k2,train,trimMA342_1200rpm_A__D_03,trimMA342_1200rpm_A__D_03:51000,51000,54000,0,0,3000,1200
k2,train,trimMA342_1200rpm_A__D_03,trimMA342_1200rpm_A__D_03:54000,54000,57000,0,0,3000,1200
k2,train,trimMA342_1200rpm_A__D_03,trimMA342_1200rpm_A__D_03:57000,57000,60000,0,0,3000,1200
k2,train,trimMA342_1200rpm_A__D_03,trimMA342_1200rpm_A__D_03:60000,60000,63000,0,0,3000,1200
k2,train,trimMA342_1200rpm_A__D_03,trimMA342_1200rpm_A__D_03:63000,63000,66000,0,0,3000,1200
k2,train,trimMA342_1200rpm_A__D_03,trimMA342_1200rpm_A__D_03:66000,66000,69000,0,0,3000,1200
k2,train,trimMA342_1200rpm_A__D_03,trimMA342_1200rpm_A__D_03:69000,69000,72000,0,0,3000,1200
k2,train,trimMA342_1200rpm_A__D_03,trimMA342_1200rpm_A__D_03:72000,72000,75000,0,0,3000,1200
k2,train,trimMA342_1200rpm_A__D_03,trimMA342_1200rpm_A__D_03:75000,75000,78000,0,0,3000,1200
k2,train,trimMA342_1200rpm_A__D_03,trimMA342_1200rpm_A__D_03:78000,78000,81000,0,0,3000,1200
k2,train,trimMA342_1200rpm_A__D_03,trimMA342_1200rpm_A__D_03:81000,81000,84000,0,0,3000,1200
k2,train,trimMA342_1200rpm_A__D_03,trimMA342_1200rpm_A__D_03:84000,84000,87000,0,0,3000,1200
k2,train,trimMA342_1200rpm_A__D_03,trimMA342_1200rpm_A__D_03:87000,87000,90000,0,0,3000,1200
k2,train,trimMA342_1200rpm_A__D_03,trimMA342_1200rpm_A__D_03:90000,90000,93000,0,0,3000,1200
k2,train,trimMA342_1200rpm_A__D_03,trimMA342_1200rpm_A__D_03:93000,93000,96000,0,0,3000,1200
k2,train,trimMA342_1200rpm_A__D_03,trimMA342_1200rpm_A__D_03:96000,96000,99000,0,0,3000,1200
k2,train,trimMA342_1200rpm_A__D_03,trimMA342_1200rpm_A__D_03:99000,99000,102000,0,0,3000,1200
k2,train,trimMA342_1200rpm_A__D_03,trimMA342_1200rpm_A__D_03:102000,102000,105000,0,0,3000,1200
k2,train,trimMA342_1200rpm_A__D_03,trimMA342_1200rpm_A__D_03:105000,105000,108000,0,0,3000,1200
k2,train,trimMA342_1200rpm_A__D_03,trimMA342_1200rpm_A__D_03:108000,108000,111000,0,0,3000,1200
k2,train,trimMA342_1200rpm_A__D_03,trimMA342_1200rpm_A__D_03:111000,111000,114000,0,0,3000,1200
k2,train,trimMA342_1200rpm_A__D_03,trimMA342_1200rpm_A__D_03:114000,114000,117000,0,0,3000,1200
k2,train,trimMA342_1200rpm_A__D_03,trimMA342_1200rpm_A__D_03:117000,117000,120000,0,0,3000,1200
k2,train,trimMA342_1200rpm_A__D_03,trimMA342_1200rpm_A__D_03:120000,120000,123000,0,0,3000,1200
k2,train,trimMA342_1200rpm_A__D_03,trimMA342_1200rpm_A__D_03:123000,123000,126000,0,0,3000,1200
k2,train,trimMA342_1200rpm_A__D_03,trimMA342_1200rpm_A__D_03:126000,126000,129000,0,0,3000,1200
k2,train,trimMA342_1200rpm_A__D_03,trimMA342_1200rpm_A__D_03:129000,129000,132000,0,0,3000,1200
k2,train,trimMA342_1200rpm_A__D_03,trimMA342_1200rpm_A__D_03:132000,132000,135000,0,0,3000,1200
k2,train,trimMA342_1200rpm_A__D_03,trimMA342_1200rpm_A__D_03:135000,135000,138000,0,0,3000,1200
k2,train,trimMA342_1200rpm_A__D_03,trimMA342_1200rpm_A__D_03:138000,138000,141000,0,0,3000,1200
k2,train,trimMA342_1200rpm_A__D_03,trimMA342_1200rpm_A__D_03:141000,141000,144000,0,0,3000,1200
k2,train,trimMA342_1200rpm_A__D_03,trimMA342_1200rpm_A__D_03:144000,144000,147000,0,0,3000,1200
k2,train,trimMA342_1200rpm_A__D_03,trimMA342_1200rpm_A__D_03:147000,147000,150000,0,0,3000,1200
k2,train,trimMA342_1200rpm_A__D_03,trimMA342_1200rpm_A__D_03:150000,150000,153000,0,0,3000,1200
k2,train,trimMA342_1200rpm_A__D_03,trimMA342_1200rpm_A__D_03:153000,153000,156000,0,0,3000,1200
k2,train,trimMA342_1200rpm_A__D_03,trimMA342_1200rpm_A__D_03:156000,156000,159000,0,0,3000,1200
k2,train,trimMA342_1200rpm_A__D_03,trimMA342_1200rpm_A__D_03:159000,159000,162000,0,0,3000,1200
k2,train,trimMA342_1200rpm_A__D_03,trimMA342_1200rpm_A__D_03:162000,162000,165000,0,0,3000,1200
k2,train,trimMA342_1200rpm_A__D_03,trimMA342_1200rpm_A__D_03:165000,165000,168000,0,0,3000,1200
k2,train,trimMA342_1200rpm_A__D_03,trimMA342_1200rpm_A__D_03:168000,168000,171000,0,0,3000,1200
k2,train,trimMA342_1200rpm_A__D_03,trimMA342_1200rpm_A__D_03:171000,171000,174000,0,0,3000,1200
k2,train,trimMA342_1200rpm_A__D_03,trimMA342_1200rpm_A__D_03:174000,174000,177000,0,0,3000,1200
k2,train,trimMA342_1200rpm_A__D_03,trimMA342_1200rpm_A__D_03:177000,177000,180000,0,0,3000,1200
k2,train,trimMA342_1200rpm_A__D_03,trimMA342_1200rpm_A__D_03:180000,180000,183000,0,0,3000,1200
k2,train,trimMA342_1200rpm_A__D_03,trimMA342_1200rpm_A__D_03:183000,183000,186000,0,0,3000,1200
k2,train,trimMA342_1200rpm_A__D_03,trimMA342_1200rpm_A__D_03:186000,186000,189000,0,0,3000,1200
k2,train,trimMA342_1200rpm_A__D_03,trimMA342_1200rpm_A__D_03:189000,189000,192000,0,0,3000,1200
k2,train,trimMA342_1200rpm_A__D_03,trimMA342_1200rpm_A__D_03:192000,192000,195000,0,0,3000,1200
k2,train,trimMA342_1200rpm_A__D_03,trimMA342_1200rpm_A__D_03:195000,195000,198000,0,0,3000,1200
k2,train,trimMA342_1200rpm_A__D_03,trimMA342_1200rpm_A__D_03:198000,198000,201000,0,0,3000,1200
k2,train,trimMA342_1200rpm_A__D_03,trimMA342_1200rpm_A__D_03:201000,201000,204000,0,0,3000,1200
k2,train,trimMA342_1200rpm_A__D_03,trimMA342_1200rpm_A__D_03:204000,204000,207000,0,0,3000,1200
k2,train,trimMA342_1200rpm_A__D_03,trimMA342_1200rpm_A__D_03:207000,207000,210000,0,0,3000,1200
k2,train,trimMA342_1200rpm_A__D_03,trimMA342_1200rpm_A__D_03:210000,210000,213000,0,0,3000,1200
k2,train,trimMA342_1200rpm_A__D_03,trimMA342_1200rpm_A__D_03:213000,213000,216000,0,0,3000,1200
k2,train,trimMA342_1200rpm_A__D_03,trimMA342_1200rpm_A__D_03:216000,216000,219000,0,0,3000,1200
k2,train,trimMA342_1200rpm_A__D_03,trimMA342_1200rpm_A__D_03:219000,219000,222000,0,0,3000,1200
k2,train,trimMA342_1200rpm_A__D_03,trimMA342_1200rpm_A__D_03:222000,222000,225000,0,0,3000,1200
k2,train,trimMA342_1200rpm_A__D_03,trimMA342_1200rpm_A__D_03:225000,225000,228000,0,0,3000,1200
k2,train,trimMA342_1200rpm_A__D_03,trimMA342_1200rpm_A__D_03:228000,228000,231000,0,0,3000,1200
k2,train,trimMA342_1200rpm_A__D_03,trimMA342_1200rpm_A__D_03:231000,231000,234000,0,0,3000,1200
k2,train,trimMA342_1200rpm_A__D_03,trimMA342_1200rpm_A__D_03:234000,234000,237000,0,0,3000,1200
k2,train,trimMA342_1200rpm_A__D_03,trimMA342_1200rpm_A__D_03:237000,237000,240000,0,0,3000,1200
k2,train,trimMA342_1200rpm_A__D_03,trimMA342_1200rpm_A__D_03:240000,240000,243000,0,0,3000,1200
k2,train,trimMA342_1200rpm_A__D_03,trimMA342_1200rpm_A__D_03:243000,243000,246000,0,0,3000,1200
k2,train,trimMA342_1200rpm_A__D_03,trimMA342_1200rpm_A__D_03:246000,246000,249000,0,0,3000,1200
k2,train,trimMA342_1200rpm_A__D_03,trimMA342_1200rpm_A__D_03:249000,249000,252000,0,0,3000,1200
k2,train,trimMA342_1200rpm_A__D_03,trimMA342_1200rpm_A__D_03:252000,252000,255000,0,0,3000,1200
k2,train,trimMA342_1200rpm_A__D_03,trimMA342_1200rpm_A__D_03:255000,255000,258000,0,0,3000,1200
k2,train,trimMA342_1200rpm_A__D_03,trimMA342_1200rpm_A__D_03:258000,258000,261000,0,0,3000,1200
k2,train,trimMA342_1200rpm_A__D_03,trimMA342_1200rpm_A__D_03:261000,261000,264000,0,0,3000,1200
k2,train,trimMA342_1200rpm_A__D_03,trimMA342_1200rpm_A__D_03:264000,264000,267000,0,0,3000,1200
k2,train,trimMA342_1200rpm_A__D_03,trimMA342_1200rpm_A__D_03:267000,267000,270000,0,0,3000,1200
k2,train,trimMA342_1200rpm_A__D_03,trimMA342_1200rpm_A__D_03:270000,270000,273000,0,0,3000,1200
k2,train,trimMA342_1200rpm_A__D_03,trimMA342_1200rpm_A__D_03:273000,273000,276000,0,0,3000,1200
k2,train,trimMA342_1200rpm_A__D_03,trimMA342_1200rpm_A__D_03:276000,276000,279000,0,0,3000,1200
k2,train,trimMA342_1200rpm_A__D_03,trimMA342_1200rpm_A__D_03:279000,279000,282000,0,0,3000,1200
k2,train,trimMA342_1200rpm_A__D_06,trimMA342_1200rpm_A__D_06:0,0,3000,0,0,3000,1200
k2,train,trimMA342_1200rpm_A__D_06,trimMA342_1200rpm_A__D_06:3000,3000,6000,0,0,3000,1200
k2,train,trimMA342_1200rpm_A__D_06,trimMA342_1200rpm_A__D_06:6000,6000,9000,0,0,3000,1200
k2,train,trimMA342_1200rpm_A__D_06,trimMA342_1200rpm_A__D_06:9000,9000,12000,0,0,3000,1200
k2,train,trimMA342_1200rpm_A__D_06,trimMA342_1200rpm_A__D_06:12000,12000,15000,0,0,3000,1200
k2,train,trimMA342_1200rpm_A__D_06,trimMA342_1200rpm_A__D_06:15000,15000,18000,0,0,3000,1200
k2,train,trimMA342_1200rpm_A__D_06,trimMA342_1200rpm_A__D_06:18000,18000,21000,0,0,3000,1200
k2,train,trimMA342_1200rpm_A__D_06,trimMA342_1200rpm_A__D_06:21000,21000,24000,0,0,3000,1200
k2,train,trimMA342_1200rpm_A__D_06,trimMA342_1200rpm_A__D_06:24000,24000,27000,0,0,3000,1200
k2,train,trimMA342_1200rpm_A__D_06,trimMA342_1200rpm_A__D_06:27000,27000,30000,0,0,3000,1200
k2,train,trimMA342_1200rpm_A__D_06,trimMA342_1200rpm_A__D_06:30000,30000,33000,0,0,3000,1200
k2,train,trimMA342_1200rpm_A__D_06,trimMA342_1200rpm_A__D_06:33000,33000,36000,0,0,3000,1200
k2,train,trimMA342_1200rpm_A__D_06,trimMA342_1200rpm_A__D_06:36000,36000,39000,0,0,3000,1200
k2,train,trimMA342_1200rpm_A__D_06,trimMA342_1200rpm_A__D_06:39000,39000,42000,0,0,3000,1200
k2,train,trimMA342_1200rpm_A__D_06,trimMA342_1200rpm_A__D_06:42000,42000,45000,0,0,3000,1200
k2,train,trimMA342_1200rpm_A__D_06,trimMA342_1200rpm_A__D_06:45000,45000,48000,0,0,3000,1200
k2,train,trimMA342_1200rpm_A__D_06,trimMA342_1200rpm_A__D_06:48000,48000,51000,0,0,3000,1200
k2,train,trimMA342_1200rpm_A__D_06,trimMA342_1200rpm_A__D_06:51000,51000,54000,0,0,3000,1200
k2,train,trimMA342_1200rpm_A__D_06,trimMA342_1200rpm_A__D_06:54000,54000,57000,0,0,3000,1200
k2,train,trimMA342_1200rpm_A__D_06,trimMA342_1200rpm_A__D_06:57000,57000,60000,0,0,3000,1200
k2,train,trimMA342_1200rpm_A__D_06,trimMA342_1200rpm_A__D_06:60000,60000,63000,0,0,3000,1200
k2,train,trimMA342_1200rpm_A__D_06,trimMA342_1200rpm_A__D_06:63000,63000,66000,0,0,3000,1200
k2,train,trimMA342_1200rpm_A__D_06,trimMA342_1200rpm_A__D_06:66000,66000,69000,0,0,3000,1200
k2,train,trimMA342_1200rpm_A__D_06,trimMA342_1200rpm_A__D_06:69000,69000,72000,0,0,3000,1200
k2,train,trimMA342_1200rpm_A__D_06,trimMA342_1200rpm_A__D_06:72000,72000,75000,0,0,3000,1200
k2,train,trimMA342_1200rpm_A__D_06,trimMA342_1200rpm_A__D_06:75000,75000,78000,0,0,3000,1200
k2,train,trimMA342_1200rpm_A__D_06,trimMA342_1200rpm_A__D_06:78000,78000,81000,0,0,3000,1200
k2,train,trimMA342_1200rpm_A__D_06,trimMA342_1200rpm_A__D_06:81000,81000,84000,0,0,3000,1200
k2,train,trimMA342_1200rpm_A__D_06,trimMA342_1200rpm_A__D_06:84000,84000,87000,0,0,3000,1200
k2,train,trimMA342_1200rpm_A__D_06,trimMA342_1200rpm_A__D_06:87000,87000,90000,0,0,3000,1200
k2,train,trimMA342_1200rpm_A__D_06,trimMA342_1200rpm_A__D_06:90000,90000,93000,0,0,3000,1200
k2,train,trimMA342_1200rpm_A__D_06,trimMA342_1200rpm_A__D_06:93000,93000,96000,0,0,3000,1200
k2,train,trimMA342_1200rpm_A__D_06,trimMA342_1200rpm_A__D_06:96000,96000,99000,0,0,3000,1200
k2,train,trimMA342_1200rpm_A__D_06,trimMA342_1200rpm_A__D_06:99000,99000,102000,0,0,3000,1200
k2,train,trimMA342_1200rpm_A__D_06,trimMA342_1200rpm_A__D_06:102000,102000,105000,0,0,3000,1200
k2,train,trimMA342_1200rpm_A__D_06,trimMA342_1200rpm_A__D_06:105000,105000,108000,0,0,3000,1200
k2,train,trimMA342_1200rpm_A__D_06,trimMA342_1200rpm_A__D_06:108000,108000,111000,0,0,3000,1200
k2,train,trimMA342_1200rpm_A__D_06,trimMA342_1200rpm_A__D_06:111000,111000,114000,0,0,3000,1200
k2,train,trimMA342_1200rpm_A__D_06,trimMA342_1200rpm_A__D_06:114000,114000,117000,0,0,3000,1200
k2,train,trimMA342_1200rpm_A__D_06,trimMA342_1200rpm_A__D_06:117000,117000,120000,0,0,3000,1200
k2,train,trimMA342_1200rpm_A__D_06,trimMA342_1200rpm_A__D_06:120000,120000,123000,0,0,3000,1200
k2,train,trimMA342_1200rpm_A__D_06,trimMA342_1200rpm_A__D_06:123000,123000,126000,0,0,3000,1200
k2,train,trimMA342_1200rpm_A__D_06,trimMA342_1200rpm_A__D_06:126000,126000,129000,0,0,3000,1200
k2,train,trimMA342_1200rpm_A__D_06,trimMA342_1200rpm_A__D_06:129000,129000,132000,0,0,3000,1200
k2,train,trimMA342_1200rpm_A__D_06,trimMA342_1200rpm_A__D_06:132000,132000,135000,0,0,3000,1200
k2,train,trimMA342_1200rpm_A__D_06,trimMA342_1200rpm_A__D_06:135000,135000,138000,0,0,3000,1200
k2,train,trimMA342_1200rpm_A__D_06,trimMA342_1200rpm_A__D_06:138000,138000,141000,0,0,3000,1200
k2,train,trimMA342_1200rpm_A__D_06,trimMA342_1200rpm_A__D_06:141000,141000,144000,0,0,3000,1200
k2,train,trimMA342_1200rpm_A__D_06,trimMA342_1200rpm_A__D_06:144000,144000,147000,0,0,3000,1200
k2,train,trimMA342_1200rpm_A__D_06,trimMA342_1200rpm_A__D_06:147000,147000,150000,0,0,3000,1200
k2,train,trimMA342_1200rpm_A__D_06,trimMA342_1200rpm_A__D_06:150000,150000,153000,0,0,3000,1200
k2,train,trimMA342_1200rpm_A__D_06,trimMA342_1200rpm_A__D_06:153000,153000,156000,0,0,3000,1200
k2,train,trimMA342_1200rpm_A__D_06,trimMA342_1200rpm_A__D_06:156000,156000,159000,0,0,3000,1200
k2,train,trimMA342_1200rpm_A__D_06,trimMA342_1200rpm_A__D_06:159000,159000,162000,0,0,3000,1200
k2,train,trimMA342_1200rpm_A__D_06,trimMA342_1200rpm_A__D_06:162000,162000,165000,0,0,3000,1200
k2,train,trimMA342_1200rpm_A__D_06,trimMA342_1200rpm_A__D_06:165000,165000,168000,0,0,3000,1200
k2,train,trimMA342_1200rpm_A__D_06,trimMA342_1200rpm_A__D_06:168000,168000,171000,0,0,3000,1200
k2,train,trimMA342_1200rpm_A__D_06,trimMA342_1200rpm_A__D_06:171000,171000,174000,0,0,3000,1200
k2,train,trimMA342_1200rpm_A__D_06,trimMA342_1200rpm_A__D_06:174000,174000,177000,0,0,3000,1200
k2,train,trimMA342_1200rpm_A__D_06,trimMA342_1200rpm_A__D_06:177000,177000,180000,0,0,3000,1200
k2,train,trimMA342_1200rpm_A__D_06,trimMA342_1200rpm_A__D_06:180000,180000,183000,0,0,3000,1200
k2,train,trimMA342_1200rpm_A__D_06,trimMA342_1200rpm_A__D_06:183000,183000,186000,0,0,3000,1200
k2,train,trimMA342_1200rpm_A__D_06,trimMA342_1200rpm_A__D_06:186000,186000,189000,0,0,3000,1200
k2,train,trimMA342_1200rpm_A__D_06,trimMA342_1200rpm_A__D_06:189000,189000,192000,0,0,3000,1200
k2,train,trimMA342_1200rpm_A__D_06,trimMA342_1200rpm_A__D_06:192000,192000,195000,0,0,3000,1200
k2,train,trimMA342_1200rpm_A__D_06,trimMA342_1200rpm_A__D_06:195000,195000,198000,0,0,3000,1200
k2,train,trimMA342_1200rpm_A__D_06,trimMA342_1200rpm_A__D_06:198000,198000,201000,0,0,3000,1200
k2,train,trimMA342_1200rpm_A__D_06,trimMA342_1200rpm_A__D_06:201000,201000,204000,0,0,3000,1200
k2,train,trimMA342_1200rpm_A__D_06,trimMA342_1200rpm_A__D_06:204000,204000,207000,0,0,3000,1200
k2,train,trimMA342_1200rpm_A__D_06,trimMA342_1200rpm_A__D_06:207000,207000,210000,0,0,3000,1200
k2,train,trimMA342_1200rpm_A__D_06,trimMA342_1200rpm_A__D_06:210000,210000,213000,0,0,3000,1200
k2,train,trimMA342_1200rpm_A__D_06,trimMA342_1200rpm_A__D_06:213000,213000,216000,0,0,3000,1200
k2,train,trimMA342_1200rpm_A__D_06,trimMA342_1200rpm_A__D_06:216000,216000,219000,0,0,3000,1200
k2,train,trimMA342_1200rpm_A__D_06,trimMA342_1200rpm_A__D_06:219000,219000,222000,0,0,3000,1200
k2,train,trimMA342_1200rpm_A__D_06,trimMA342_1200rpm_A__D_06:222000,222000,225000,0,0,3000,1200
k2,train,trimMA342_1200rpm_A__D_06,trimMA342_1200rpm_A__D_06:225000,225000,228000,0,0,3000,1200
k2,train,trimMA342_1200rpm_A__D_06,trimMA342_1200rpm_A__D_06:228000,228000,231000,0,0,3000,1200
k2,train,trimMA342_1200rpm_A__D_06,trimMA342_1200rpm_A__D_06:231000,231000,234000,0,0,3000,1200
k2,train,trimMA342_1200rpm_A__D_06,trimMA342_1200rpm_A__D_06:234000,234000,237000,0,0,3000,1200
k2,train,trimMA342_1200rpm_A__D_06,trimMA342_1200rpm_A__D_06:237000,237000,240000,0,0,3000,1200
k2,train,trimMA342_1200rpm_A__D_06,trimMA342_1200rpm_A__D_06:240000,240000,243000,0,0,3000,1200
k2,train,trimMA342_1200rpm_A__D_06,trimMA342_1200rpm_A__D_06:243000,243000,246000,0,0,3000,1200
k2,train,trimMA342_1200rpm_A__D_06,trimMA342_1200rpm_A__D_06:246000,246000,249000,0,0,3000,1200
k2,train,trimMA342_1200rpm_A__D_06,trimMA342_1200rpm_A__D_06:249000,249000,252000,0,0,3000,1200
k2,train,trimMA342_1200rpm_A__D_06,trimMA342_1200rpm_A__D_06:252000,252000,255000,0,0,3000,1200
k2,train,trimMA342_1200rpm_A__D_06,trimMA342_1200rpm_A__D_06:255000,255000,258000,0,0,3000,1200
k2,train,trimMA342_1200rpm_A__D_06,trimMA342_1200rpm_A__D_06:258000,258000,261000,0,0,3000,1200
k2,train,trimMA342_1200rpm_A__D_06,trimMA342_1200rpm_A__D_06:261000,261000,264000,0,0,3000,1200
k2,train,trimMA342_1200rpm_A__D_06,trimMA342_1200rpm_A__D_06:264000,264000,267000,0,0,3000,1200
k2,train,trimMA342_1200rpm_A__D_06,trimMA342_1200rpm_A__D_06:267000,267000,270000,0,0,3000,1200
k2,train,trimMA342_1200rpm_A__D_06,trimMA342_1200rpm_A__D_06:270000,270000,273000,0,0,3000,1200
k2,train,trimMA342_1200rpm_A__D_06,trimMA342_1200rpm_A__D_06:273000,273000,276000,0,0,3000,1200
k2,train,trimMA342_1200rpm_A__D_06,trimMA342_1200rpm_A__D_06:276000,276000,279000,0,0,3000,1200
k2,train,trimMA342_1200rpm_A__D_06,trimMA342_1200rpm_A__D_06:279000,279000,282000,0,0,3000,1200
k2,train,trimMA342_1200rpm_A__D_07,trimMA342_1200rpm_A__D_07:0,0,3000,0,0,3000,1200
k2,train,trimMA342_1200rpm_A__D_07,trimMA342_1200rpm_A__D_07:3000,3000,6000,0,0,3000,1200
k2,train,trimMA342_1200rpm_A__D_07,trimMA342_1200rpm_A__D_07:6000,6000,9000,0,0,3000,1200
k2,train,trimMA342_1200rpm_A__D_07,trimMA342_1200rpm_A__D_07:9000,9000,12000,0,0,3000,1200
k2,train,trimMA342_1200rpm_A__D_07,trimMA342_1200rpm_A__D_07:12000,12000,15000,0,0,3000,1200
k2,train,trimMA342_1200rpm_A__D_07,trimMA342_1200rpm_A__D_07:15000,15000,18000,0,0,3000,1200
k2,train,trimMA342_1200rpm_A__D_07,trimMA342_1200rpm_A__D_07:18000,18000,21000,0,0,3000,1200
k2,train,trimMA342_1200rpm_A__D_07,trimMA342_1200rpm_A__D_07:21000,21000,24000,0,0,3000,1200
k2,train,trimMA342_1200rpm_A__D_07,trimMA342_1200rpm_A__D_07:24000,24000,27000,0,0,3000,1200
k2,train,trimMA342_1200rpm_A__D_07,trimMA342_1200rpm_A__D_07:27000,27000,30000,0,0,3000,1200
k2,train,trimMA342_1200rpm_A__D_07,trimMA342_1200rpm_A__D_07:30000,30000,33000,0,0,3000,1200
k2,train,trimMA342_1200rpm_A__D_07,trimMA342_1200rpm_A__D_07:33000,33000,36000,0,0,3000,1200
k2,train,trimMA342_1200rpm_A__D_07,trimMA342_1200rpm_A__D_07:36000,36000,39000,0,0,3000,1200
k2,train,trimMA342_1200rpm_A__D_07,trimMA342_1200rpm_A__D_07:39000,39000,42000,0,0,3000,1200
k2,train,trimMA342_1200rpm_A__D_07,trimMA342_1200rpm_A__D_07:42000,42000,45000,0,0,3000,1200
k2,train,trimMA342_1200rpm_A__D_07,trimMA342_1200rpm_A__D_07:45000,45000,48000,0,0,3000,1200
k2,train,trimMA342_1200rpm_A__D_07,trimMA342_1200rpm_A__D_07:48000,48000,51000,0,0,3000,1200
k2,train,trimMA342_1200rpm_A__D_07,trimMA342_1200rpm_A__D_07:51000,51000,54000,0,0,3000,1200
k2,train,trimMA342_1200rpm_A__D_07,trimMA342_1200rpm_A__D_07:54000,54000,57000,0,0,3000,1200
k2,train,trimMA342_1200rpm_A__D_07,trimMA342_1200rpm_A__D_07:57000,57000,60000,0,0,3000,1200
k2,train,trimMA342_1200rpm_A__D_07,trimMA342_1200rpm_A__D_07:60000,60000,63000,0,0,3000,1200
k2,train,trimMA342_1200rpm_A__D_07,trimMA342_1200rpm_A__D_07:63000,63000,66000,0,0,3000,1200
k2,train,trimMA342_1200rpm_A__D_07,trimMA342_1200rpm_A__D_07:66000,66000,69000,0,0,3000,1200
k2,train,trimMA342_1200rpm_A__D_07,trimMA342_1200rpm_A__D_07:69000,69000,72000,0,0,3000,1200
k2,train,trimMA342_1200rpm_A__D_07,trimMA342_1200rpm_A__D_07:72000,72000,75000,0,0,3000,1200
k2,train,trimMA342_1200rpm_A__D_07,trimMA342_1200rpm_A__D_07:75000,75000,78000,0,0,3000,1200
k2,train,trimMA342_1200rpm_A__D_07,trimMA342_1200rpm_A__D_07:78000,78000,81000,0,0,3000,1200
k2,train,trimMA342_1200rpm_A__D_07,trimMA342_1200rpm_A__D_07:81000,81000,84000,0,0,3000,1200
k2,train,trimMA342_1200rpm_A__D_07,trimMA342_1200rpm_A__D_07:84000,84000,87000,0,0,3000,1200
k2,train,trimMA342_1200rpm_A__D_07,trimMA342_1200rpm_A__D_07:87000,87000,90000,0,0,3000,1200
k2,train,trimMA342_1200rpm_A__D_07,trimMA342_1200rpm_A__D_07:90000,90000,93000,0,0,3000,1200
k2,train,trimMA342_1200rpm_A__D_07,trimMA342_1200rpm_A__D_07:93000,93000,96000,0,0,3000,1200
k2,train,trimMA342_1200rpm_A__D_07,trimMA342_1200rpm_A__D_07:96000,96000,99000,0,0,3000,1200
k2,train,trimMA342_1200rpm_A__D_07,trimMA342_1200rpm_A__D_07:99000,99000,102000,0,0,3000,1200
k2,train,trimMA342_1200rpm_A__D_07,trimMA342_1200rpm_A__D_07:102000,102000,105000,0,0,3000,1200
k2,train,trimMA342_1200rpm_A__D_07,trimMA342_1200rpm_A__D_07:105000,105000,108000,0,0,3000,1200
k2,train,trimMA342_1200rpm_A__D_07,trimMA342_1200rpm_A__D_07:108000,108000,111000,0,0,3000,1200
k2,train,trimMA342_1200rpm_A__D_07,trimMA342_1200rpm_A__D_07:111000,111000,114000,0,0,3000,1200
k2,train,trimMA342_1200rpm_A__D_07,trimMA342_1200rpm_A__D_07:114000,114000,117000,0,0,3000,1200
k2,train,trimMA342_1200rpm_A__D_07,trimMA342_1200rpm_A__D_07:117000,117000,120000,0,0,3000,1200
k2,train,trimMA342_1200rpm_A__D_07,trimMA342_1200rpm_A__D_07:120000,120000,123000,0,0,3000,1200
k2,train,trimMA342_1200rpm_A__D_07,trimMA342_1200rpm_A__D_07:123000,123000,126000,0,0,3000,1200
k2,train,trimMA342_1200rpm_A__D_07,trimMA342_1200rpm_A__D_07:126000,126000,129000,0,0,3000,1200
k2,train,trimMA342_1200rpm_A__D_07,trimMA342_1200rpm_A__D_07:129000,129000,132000,0,0,3000,1200
k2,train,trimMA342_1200rpm_A__D_07,trimMA342_1200rpm_A__D_07:132000,132000,135000,0,0,3000,1200
k2,train,trimMA342_1200rpm_A__D_07,trimMA342_1200rpm_A__D_07:135000,135000,138000,0,0,3000,1200
k2,train,trimMA342_1200rpm_A__D_07,trimMA342_1200rpm_A__D_07:138000,138000,141000,0,0,3000,1200
k2,train,trimMA342_1200rpm_A__D_07,trimMA342_1200rpm_A__D_07:141000,141000,144000,0,0,3000,1200
k2,train,trimMA342_1200rpm_A__D_07,trimMA342_1200rpm_A__D_07:144000,144000,147000,0,0,3000,1200
k2,train,trimMA342_1200rpm_A__D_07,trimMA342_1200rpm_A__D_07:147000,147000,150000,0,0,3000,1200
k2,train,trimMA342_1200rpm_A__D_07,trimMA342_1200rpm_A__D_07:150000,150000,153000,0,0,3000,1200
k2,train,trimMA342_1200rpm_A__D_07,trimMA342_1200rpm_A__D_07:153000,153000,156000,0,0,3000,1200
k2,train,trimMA342_1200rpm_A__D_07,trimMA342_1200rpm_A__D_07:156000,156000,159000,0,0,3000,1200
k2,train,trimMA342_1200rpm_A__D_07,trimMA342_1200rpm_A__D_07:159000,159000,162000,0,0,3000,1200
k2,train,trimMA342_1200rpm_A__D_07,trimMA342_1200rpm_A__D_07:162000,162000,165000,0,0,3000,1200
k2,train,trimMA342_1200rpm_A__D_07,trimMA342_1200rpm_A__D_07:165000,165000,168000,0,0,3000,1200
k2,train,trimMA342_1200rpm_A__D_07,trimMA342_1200rpm_A__D_07:168000,168000,171000,0,0,3000,1200
k2,train,trimMA342_1200rpm_A__D_07,trimMA342_1200rpm_A__D_07:171000,171000,174000,0,0,3000,1200
k2,train,trimMA342_1200rpm_A__D_07,trimMA342_1200rpm_A__D_07:174000,174000,177000,0,0,3000,1200
k2,train,trimMA342_1200rpm_A__D_07,trimMA342_1200rpm_A__D_07:177000,177000,180000,0,0,3000,1200
k2,train,trimMA342_1200rpm_A__D_07,trimMA342_1200rpm_A__D_07:180000,180000,183000,0,0,3000,1200
k2,train,trimMA342_1200rpm_A__D_07,trimMA342_1200rpm_A__D_07:183000,183000,186000,0,0,3000,1200
k2,train,trimMA342_1200rpm_A__D_07,trimMA342_1200rpm_A__D_07:186000,186000,189000,0,0,3000,1200
k2,train,trimMA342_1200rpm_A__D_07,trimMA342_1200rpm_A__D_07:189000,189000,192000,0,0,3000,1200
k2,train,trimMA342_1200rpm_A__D_07,trimMA342_1200rpm_A__D_07:192000,192000,195000,0,0,3000,1200
k2,train,trimMA342_1200rpm_A__D_07,trimMA342_1200rpm_A__D_07:195000,195000,198000,0,0,3000,1200
k2,train,trimMA342_1200rpm_A__D_07,trimMA342_1200rpm_A__D_07:198000,198000,201000,0,0,3000,1200
k2,train,trimMA342_1200rpm_A__D_07,trimMA342_1200rpm_A__D_07:201000,201000,204000,0,0,3000,1200
k2,train,trimMA342_1200rpm_A__D_07,trimMA342_1200rpm_A__D_07:204000,204000,207000,0,0,3000,1200
k2,train,trimMA342_1200rpm_A__D_07,trimMA342_1200rpm_A__D_07:207000,207000,210000,0,0,3000,1200
k2,train,trimMA342_1200rpm_A__D_07,trimMA342_1200rpm_A__D_07:210000,210000,213000,0,0,3000,1200
k2,train,trimMA342_1200rpm_A__D_07,trimMA342_1200rpm_A__D_07:213000,213000,216000,0,0,3000,1200
k2,train,trimMA342_1200rpm_A__D_07,trimMA342_1200rpm_A__D_07:216000,216000,219000,0,0,3000,1200
k2,train,trimMA342_1200rpm_A__D_07,trimMA342_1200rpm_A__D_07:219000,219000,222000,0,0,3000,1200
k2,train,trimMA342_1200rpm_A__D_07,trimMA342_1200rpm_A__D_07:222000,222000,225000,0,0,3000,1200
k2,train,trimMA342_1200rpm_A__D_07,trimMA342_1200rpm_A__D_07:225000,225000,228000,0,0,3000,1200
k2,train,trimMA342_1200rpm_A__D_07,trimMA342_1200rpm_A__D_07:228000,228000,231000,0,0,3000,1200
k2,train,trimMA342_1200rpm_A__D_07,trimMA342_1200rpm_A__D_07:231000,231000,234000,0,0,3000,1200
k2,train,trimMA342_1200rpm_A__D_07,trimMA342_1200rpm_A__D_07:234000,234000,237000,0,0,3000,1200
k2,train,trimMA342_1200rpm_A__D_07,trimMA342_1200rpm_A__D_07:237000,237000,240000,0,0,3000,1200
k2,train,trimMA342_1200rpm_A__D_07,trimMA342_1200rpm_A__D_07:240000,240000,243000,0,0,3000,1200
k2,train,trimMA342_1200rpm_A__D_07,trimMA342_1200rpm_A__D_07:243000,243000,246000,0,0,3000,1200
k2,train,trimMA342_1200rpm_A__D_07,trimMA342_1200rpm_A__D_07:246000,246000,249000,0,0,3000,1200
k2,train,trimMA342_1200rpm_A__D_07,trimMA342_1200rpm_A__D_07:249000,249000,252000,0,0,3000,1200
k2,train,trimMA342_1200rpm_A__D_07,trimMA342_1200rpm_A__D_07:252000,252000,255000,0,0,3000,1200
k2,train,trimMA342_1200rpm_A__D_07,trimMA342_1200rpm_A__D_07:255000,255000,258000,0,0,3000,1200
k2,train,trimMA342_1200rpm_A__D_07,trimMA342_1200rpm_A__D_07:258000,258000,261000,0,0,3000,1200
k2,train,trimMA342_1200rpm_A__D_07,trimMA342_1200rpm_A__D_07:261000,261000,264000,0,0,3000,1200
k2,train,trimMA342_1200rpm_A__D_07,trimMA342_1200rpm_A__D_07:264000,264000,267000,0,0,3000,1200
k2,train,trimMA342_1200rpm_A__D_07,trimMA342_1200rpm_A__D_07:267000,267000,270000,0,0,3000,1200
k2,train,trimMA342_1200rpm_A__D_07,trimMA342_1200rpm_A__D_07:270000,270000,273000,0,0,3000,1200
k2,train,trimMA342_1200rpm_A__D_07,trimMA342_1200rpm_A__D_07:273000,273000,276000,0,0,3000,1200
k2,train,trimMA342_1200rpm_A__D_07,trimMA342_1200rpm_A__D_07:276000,276000,279000,0,0,3000,1200
k2,train,trimMA342_1200rpm_A__D_07,trimMA342_1200rpm_A__D_07:279000,279000,282000,0,0,3000,1200
k2,train,trimMA342_1200rpm_A__D_09,trimMA342_1200rpm_A__D_09:0,0,3000,0,0,3000,1200
k2,train,trimMA342_1200rpm_A__D_09,trimMA342_1200rpm_A__D_09:3000,3000,6000,0,0,3000,1200
k2,train,trimMA342_1200rpm_A__D_09,trimMA342_1200rpm_A__D_09:6000,6000,9000,0,0,3000,1200
k2,train,trimMA342_1200rpm_A__D_09,trimMA342_1200rpm_A__D_09:9000,9000,12000,0,0,3000,1200
k2,train,trimMA342_1200rpm_A__D_09,trimMA342_1200rpm_A__D_09:12000,12000,15000,0,0,3000,1200
k2,train,trimMA342_1200rpm_A__D_09,trimMA342_1200rpm_A__D_09:15000,15000,18000,0,0,3000,1200
k2,train,trimMA342_1200rpm_A__D_09,trimMA342_1200rpm_A__D_09:18000,18000,21000,0,0,3000,1200
k2,train,trimMA342_1200rpm_A__D_09,trimMA342_1200rpm_A__D_09:21000,21000,24000,0,0,3000,1200
k2,train,trimMA342_1200rpm_A__D_09,trimMA342_1200rpm_A__D_09:24000,24000,27000,0,0,3000,1200
k2,train,trimMA342_1200rpm_A__D_09,trimMA342_1200rpm_A__D_09:27000,27000,30000,0,0,3000,1200
k2,train,trimMA342_1200rpm_A__D_09,trimMA342_1200rpm_A__D_09:30000,30000,33000,0,0,3000,1200
k2,train,trimMA342_1200rpm_A__D_09,trimMA342_1200rpm_A__D_09:33000,33000,36000,0,0,3000,1200
k2,train,trimMA342_1200rpm_A__D_09,trimMA342_1200rpm_A__D_09:36000,36000,39000,0,0,3000,1200
k2,train,trimMA342_1200rpm_A__D_09,trimMA342_1200rpm_A__D_09:39000,39000,42000,0,0,3000,1200
k2,train,trimMA342_1200rpm_A__D_09,trimMA342_1200rpm_A__D_09:42000,42000,45000,0,0,3000,1200
k2,train,trimMA342_1200rpm_A__D_09,trimMA342_1200rpm_A__D_09:45000,45000,48000,0,0,3000,1200
k2,train,trimMA342_1200rpm_A__D_09,trimMA342_1200rpm_A__D_09:48000,48000,51000,0,0,3000,1200
k2,train,trimMA342_1200rpm_A__D_09,trimMA342_1200rpm_A__D_09:51000,51000,54000,0,0,3000,1200
k2,train,trimMA342_1200rpm_A__D_09,trimMA342_1200rpm_A__D_09:54000,54000,57000,0,0,3000,1200
k2,train,trimMA342_1200rpm_A__D_09,trimMA342_1200rpm_A__D_09:57000,57000,60000,0,0,3000,1200
k2,train,trimMA342_1200rpm_A__D_09,trimMA342_1200rpm_A__D_09:60000,60000,63000,0,0,3000,1200
k2,train,trimMA342_1200rpm_A__D_09,trimMA342_1200rpm_A__D_09:63000,63000,66000,0,0,3000,1200
k2,train,trimMA342_1200rpm_A__D_09,trimMA342_1200rpm_A__D_09:66000,66000,69000,0,0,3000,1200
k2,train,trimMA342_1200rpm_A__D_09,trimMA342_1200rpm_A__D_09:69000,69000,72000,0,0,3000,1200
k2,train,trimMA342_1200rpm_A__D_09,trimMA342_1200rpm_A__D_09:72000,72000,75000,0,0,3000,1200
k2,train,trimMA342_1200rpm_A__D_09,trimMA342_1200rpm_A__D_09:75000,75000,78000,0,0,3000,1200
k2,train,trimMA342_1200rpm_A__D_09,trimMA342_1200rpm_A__D_09:78000,78000,81000,0,0,3000,1200
k2,train,trimMA342_1200rpm_A__D_09,trimMA342_1200rpm_A__D_09:81000,81000,84000,0,0,3000,1200
k2,train,trimMA342_1200rpm_A__D_09,trimMA342_1200rpm_A__D_09:84000,84000,87000,0,0,3000,1200
k2,train,trimMA342_1200rpm_A__D_09,trimMA342_1200rpm_A__D_09:87000,87000,90000,0,0,3000,1200
k2,train,trimMA342_1200rpm_A__D_09,trimMA342_1200rpm_A__D_09:90000,90000,93000,0,0,3000,1200
k2,train,trimMA342_1200rpm_A__D_09,trimMA342_1200rpm_A__D_09:93000,93000,96000,0,0,3000,1200
k2,train,trimMA342_1200rpm_A__D_09,trimMA342_1200rpm_A__D_09:96000,96000,99000,0,0,3000,1200
k2,train,trimMA342_1200rpm_A__D_09,trimMA342_1200rpm_A__D_09:99000,99000,102000,0,0,3000,1200
k2,train,trimMA342_1200rpm_A__D_09,trimMA342_1200rpm_A__D_09:102000,102000,105000,0,0,3000,1200
k2,train,trimMA342_1200rpm_A__D_09,trimMA342_1200rpm_A__D_09:105000,105000,108000,0,0,3000,1200
k2,train,trimMA342_1200rpm_A__D_09,trimMA342_1200rpm_A__D_09:108000,108000,111000,0,0,3000,1200
k2,train,trimMA342_1200rpm_A__D_09,trimMA342_1200rpm_A__D_09:111000,111000,114000,0,0,3000,1200
k2,train,trimMA342_1200rpm_A__D_09,trimMA342_1200rpm_A__D_09:114000,114000,117000,0,0,3000,1200
k2,train,trimMA342_1200rpm_A__D_09,trimMA342_1200rpm_A__D_09:117000,117000,120000,0,0,3000,1200
k2,train,trimMA342_1200rpm_A__D_09,trimMA342_1200rpm_A__D_09:120000,120000,123000,0,0,3000,1200
k2,train,trimMA342_1200rpm_A__D_09,trimMA342_1200rpm_A__D_09:123000,123000,126000,0,0,3000,1200
k2,train,trimMA342_1200rpm_A__D_09,trimMA342_1200rpm_A__D_09:126000,126000,129000,0,0,3000,1200
k2,train,trimMA342_1200rpm_A__D_09,trimMA342_1200rpm_A__D_09:129000,129000,132000,0,0,3000,1200
k2,train,trimMA342_1200rpm_A__D_09,trimMA342_1200rpm_A__D_09:132000,132000,135000,0,0,3000,1200
k2,train,trimMA342_1200rpm_A__D_09,trimMA342_1200rpm_A__D_09:135000,135000,138000,0,0,3000,1200
k2,train,trimMA342_1200rpm_A__D_09,trimMA342_1200rpm_A__D_09:138000,138000,141000,0,0,3000,1200
k2,train,trimMA342_1200rpm_A__D_09,trimMA342_1200rpm_A__D_09:141000,141000,144000,0,0,3000,1200
k2,train,trimMA342_1200rpm_A__D_09,trimMA342_1200rpm_A__D_09:144000,144000,147000,0,0,3000,1200
k2,train,trimMA342_1200rpm_A__D_09,trimMA342_1200rpm_A__D_09:147000,147000,150000,0,0,3000,1200
k2,train,trimMA342_1200rpm_A__D_09,trimMA342_1200rpm_A__D_09:150000,150000,153000,0,0,3000,1200
k2,train,trimMA342_1200rpm_A__D_09,trimMA342_1200rpm_A__D_09:153000,153000,156000,0,0,3000,1200
k2,train,trimMA342_1200rpm_A__D_09,trimMA342_1200rpm_A__D_09:156000,156000,159000,0,0,3000,1200
k2,train,trimMA342_1200rpm_A__D_09,trimMA342_1200rpm_A__D_09:159000,159000,162000,0,0,3000,1200
k2,train,trimMA342_1200rpm_A__D_09,trimMA342_1200rpm_A__D_09:162000,162000,165000,0,0,3000,1200
k2,train,trimMA342_1200rpm_A__D_09,trimMA342_1200rpm_A__D_09:165000,165000,168000,0,0,3000,1200
k2,train,trimMA342_1200rpm_A__D_09,trimMA342_1200rpm_A__D_09:168000,168000,171000,0,0,3000,1200
k2,train,trimMA342_1200rpm_A__D_09,trimMA342_1200rpm_A__D_09:171000,171000,174000,0,0,3000,1200
k2,train,trimMA342_1200rpm_A__D_09,trimMA342_1200rpm_A__D_09:174000,174000,177000,0,0,3000,1200
k2,train,trimMA342_1200rpm_A__D_09,trimMA342_1200rpm_A__D_09:177000,177000,180000,0,0,3000,1200
k2,train,trimMA342_1200rpm_A__D_09,trimMA342_1200rpm_A__D_09:180000,180000,183000,0,0,3000,1200
k2,train,trimMA342_1200rpm_A__D_09,trimMA342_1200rpm_A__D_09:183000,183000,186000,0,0,3000,1200
k2,train,trimMA342_1200rpm_A__D_09,trimMA342_1200rpm_A__D_09:186000,186000,189000,0,0,3000,1200
k2,train,trimMA342_1200rpm_A__D_09,trimMA342_1200rpm_A__D_09:189000,189000,192000,0,0,3000,1200
k2,train,trimMA342_1200rpm_A__D_09,trimMA342_1200rpm_A__D_09:192000,192000,195000,0,0,3000,1200
k2,train,trimMA342_1200rpm_A__D_09,trimMA342_1200rpm_A__D_09:195000,195000,198000,0,0,3000,1200
k2,train,trimMA342_1200rpm_A__D_09,trimMA342_1200rpm_A__D_09:198000,198000,201000,0,0,3000,1200
k2,train,trimMA342_1200rpm_A__D_09,trimMA342_1200rpm_A__D_09:201000,201000,204000,0,0,3000,1200
k2,train,trimMA342_1200rpm_A__D_09,trimMA342_1200rpm_A__D_09:204000,204000,207000,0,0,3000,1200
k2,train,trimMA342_1200rpm_A__D_09,trimMA342_1200rpm_A__D_09:207000,207000,210000,0,0,3000,1200
k2,train,trimMA342_1200rpm_A__D_09,trimMA342_1200rpm_A__D_09:210000,210000,213000,0,0,3000,1200
k2,train,trimMA342_1200rpm_A__D_09,trimMA342_1200rpm_A__D_09:213000,213000,216000,0,0,3000,1200
k2,train,trimMA342_1200rpm_A__D_09,trimMA342_1200rpm_A__D_09:216000,216000,219000,0,0,3000,1200
k2,train,trimMA342_1200rpm_A__D_09,trimMA342_1200rpm_A__D_09:219000,219000,222000,0,0,3000,1200
k2,train,trimMA342_1200rpm_A__D_09,trimMA342_1200rpm_A__D_09:222000,222000,225000,0,0,3000,1200
k2,train,trimMA342_1200rpm_A__D_09,trimMA342_1200rpm_A__D_09:225000,225000,228000,0,0,3000,1200
k2,train,trimMA342_1200rpm_A__D_09,trimMA342_1200rpm_A__D_09:228000,228000,231000,0,0,3000,1200
k2,train,trimMA342_1200rpm_A__D_09,trimMA342_1200rpm_A__D_09:231000,231000,234000,0,0,3000,1200
k2,train,trimMA342_1200rpm_A__D_09,trimMA342_1200rpm_A__D_09:234000,234000,237000,0,0,3000,1200
k2,train,trimMA342_1200rpm_A__D_09,trimMA342_1200rpm_A__D_09:237000,237000,240000,0,0,3000,1200
k2,train,trimMA342_1200rpm_A__D_09,trimMA342_1200rpm_A__D_09:240000,240000,243000,0,0,3000,1200
k2,train,trimMA342_1200rpm_A__D_09,trimMA342_1200rpm_A__D_09:243000,243000,246000,0,0,3000,1200
k2,train,trimMA342_1200rpm_A__D_09,trimMA342_1200rpm_A__D_09:246000,246000,249000,0,0,3000,1200
k2,train,trimMA342_1200rpm_A__D_09,trimMA342_1200rpm_A__D_09:249000,249000,252000,0,0,3000,1200
k2,train,trimMA342_1200rpm_A__D_09,trimMA342_1200rpm_A__D_09:252000,252000,255000,0,0,3000,1200
k2,train,trimMA342_1200rpm_A__D_09,trimMA342_1200rpm_A__D_09:255000,255000,258000,0,0,3000,1200
k2,train,trimMA342_1200rpm_A__D_09,trimMA342_1200rpm_A__D_09:258000,258000,261000,0,0,3000,1200
k2,train,trimMA342_1200rpm_A__D_09,trimMA342_1200rpm_A__D_09:261000,261000,264000,0,0,3000,1200
k2,train,trimMA342_1200rpm_A__D_09,trimMA342_1200rpm_A__D_09:264000,264000,267000,0,0,3000,1200
k2,train,trimMA342_1200rpm_A__D_09,trimMA342_1200rpm_A__D_09:267000,267000,270000,0,0,3000,1200
k2,train,trimMA342_1200rpm_A__D_09,trimMA342_1200rpm_A__D_09:270000,270000,273000,0,0,3000,1200
k2,train,trimMA342_1200rpm_A__D_09,trimMA342_1200rpm_A__D_09:273000,273000,276000,0,0,3000,1200
k2,train,trimMA342_1200rpm_A__D_09,trimMA342_1200rpm_A__D_09:276000,276000,279000,0,0,3000,1200
k2,train,trimMA342_1200rpm_A__D_09,trimMA342_1200rpm_A__D_09:279000,279000,282000,0,0,3000,1200
k2,train,trimMA342_1200rpm_A__D_10,trimMA342_1200rpm_A__D_10:0,0,3000,0,0,3000,1200
k2,train,trimMA342_1200rpm_A__D_10,trimMA342_1200rpm_A__D_10:3000,3000,6000,0,0,3000,1200
k2,train,trimMA342_1200rpm_A__D_10,trimMA342_1200rpm_A__D_10:6000,6000,9000,0,0,3000,1200
k2,train,trimMA342_1200rpm_A__D_10,trimMA342_1200rpm_A__D_10:9000,9000,12000,0,0,3000,1200
k2,train,trimMA342_1200rpm_A__D_10,trimMA342_1200rpm_A__D_10:12000,12000,15000,0,0,3000,1200
k2,train,trimMA342_1200rpm_A__D_10,trimMA342_1200rpm_A__D_10:15000,15000,18000,0,0,3000,1200
k2,train,trimMA342_1200rpm_A__D_10,trimMA342_1200rpm_A__D_10:18000,18000,21000,0,0,3000,1200
k2,train,trimMA342_1200rpm_A__D_10,trimMA342_1200rpm_A__D_10:21000,21000,24000,0,0,3000,1200
k2,train,trimMA342_1200rpm_A__D_10,trimMA342_1200rpm_A__D_10:24000,24000,27000,0,0,3000,1200
k2,train,trimMA342_1200rpm_A__D_10,trimMA342_1200rpm_A__D_10:27000,27000,30000,0,0,3000,1200
k2,train,trimMA342_1200rpm_A__D_10,trimMA342_1200rpm_A__D_10:30000,30000,33000,0,0,3000,1200
k2,train,trimMA342_1200rpm_A__D_10,trimMA342_1200rpm_A__D_10:33000,33000,36000,0,0,3000,1200
k2,train,trimMA342_1200rpm_A__D_10,trimMA342_1200rpm_A__D_10:36000,36000,39000,0,0,3000,1200
k2,train,trimMA342_1200rpm_A__D_10,trimMA342_1200rpm_A__D_10:39000,39000,42000,0,0,3000,1200
k2,train,trimMA342_1200rpm_A__D_10,trimMA342_1200rpm_A__D_10:42000,42000,45000,0,0,3000,1200
k2,train,trimMA342_1200rpm_A__D_10,trimMA342_1200rpm_A__D_10:45000,45000,48000,0,0,3000,1200
k2,train,trimMA342_1200rpm_A__D_10,trimMA342_1200rpm_A__D_10:48000,48000,51000,0,0,3000,1200
k2,train,trimMA342_1200rpm_A__D_10,trimMA342_1200rpm_A__D_10:51000,51000,54000,0,0,3000,1200
k2,train,trimMA342_1200rpm_A__D_10,trimMA342_1200rpm_A__D_10:54000,54000,57000,0,0,3000,1200
k2,train,trimMA342_1200rpm_A__D_10,trimMA342_1200rpm_A__D_10:57000,57000,60000,0,0,3000,1200
k2,train,trimMA342_1200rpm_A__D_10,trimMA342_1200rpm_A__D_10:60000,60000,63000,0,0,3000,1200
k2,train,trimMA342_1200rpm_A__D_10,trimMA342_1200rpm_A__D_10:63000,63000,66000,0,0,3000,1200
k2,train,trimMA342_1200rpm_A__D_10,trimMA342_1200rpm_A__D_10:66000,66000,69000,0,0,3000,1200
k2,train,trimMA342_1200rpm_A__D_10,trimMA342_1200rpm_A__D_10:69000,69000,72000,0,0,3000,1200
k2,train,trimMA342_1200rpm_A__D_10,trimMA342_1200rpm_A__D_10:72000,72000,75000,0,0,3000,1200
k2,train,trimMA342_1200rpm_A__D_10,trimMA342_1200rpm_A__D_10:75000,75000,78000,0,0,3000,1200
k2,train,trimMA342_1200rpm_A__D_10,trimMA342_1200rpm_A__D_10:78000,78000,81000,0,0,3000,1200
k2,train,trimMA342_1200rpm_A__D_10,trimMA342_1200rpm_A__D_10:81000,81000,84000,0,0,3000,1200
k2,train,trimMA342_1200rpm_A__D_10,trimMA342_1200rpm_A__D_10:84000,84000,87000,0,0,3000,1200
k2,train,trimMA342_1200rpm_A__D_10,trimMA342_1200rpm_A__D_10:87000,87000,90000,0,0,3000,1200
k2,train,trimMA342_1200rpm_A__D_10,trimMA342_1200rpm_A__D_10:90000,90000,93000,0,0,3000,1200
k2,train,trimMA342_1200rpm_A__D_10,trimMA342_1200rpm_A__D_10:93000,93000,96000,0,0,3000,1200
k2,train,trimMA342_1200rpm_A__D_10,trimMA342_1200rpm_A__D_10:96000,96000,99000,0,0,3000,1200
k2,train,trimMA342_1200rpm_A__D_10,trimMA342_1200rpm_A__D_10:99000,99000,102000,0,0,3000,1200
k2,train,trimMA342_1200rpm_A__D_10,trimMA342_1200rpm_A__D_10:102000,102000,105000,0,0,3000,1200
k2,train,trimMA342_1200rpm_A__D_10,trimMA342_1200rpm_A__D_10:105000,105000,108000,0,0,3000,1200
k2,train,trimMA342_1200rpm_A__D_10,trimMA342_1200rpm_A__D_10:108000,108000,111000,0,0,3000,1200
k2,train,trimMA342_1200rpm_A__D_10,trimMA342_1200rpm_A__D_10:111000,111000,114000,0,0,3000,1200
k2,train,trimMA342_1200rpm_A__D_10,trimMA342_1200rpm_A__D_10:114000,114000,117000,0,0,3000,1200
k2,train,trimMA342_1200rpm_A__D_10,trimMA342_1200rpm_A__D_10:117000,117000,120000,0,0,3000,1200
k2,train,trimMA342_1200rpm_A__D_10,trimMA342_1200rpm_A__D_10:120000,120000,123000,0,0,3000,1200
k2,train,trimMA342_1200rpm_A__D_10,trimMA342_1200rpm_A__D_10:123000,123000,126000,0,0,3000,1200
k2,train,trimMA342_1200rpm_A__D_10,trimMA342_1200rpm_A__D_10:126000,126000,129000,0,0,3000,1200
k2,train,trimMA342_1200rpm_A__D_10,trimMA342_1200rpm_A__D_10:129000,129000,132000,0,0,3000,1200
k2,train,trimMA342_1200rpm_A__D_10,trimMA342_1200rpm_A__D_10:132000,132000,135000,0,0,3000,1200
k2,train,trimMA342_1200rpm_A__D_10,trimMA342_1200rpm_A__D_10:135000,135000,138000,0,0,3000,1200
k2,train,trimMA342_1200rpm_A__D_10,trimMA342_1200rpm_A__D_10:138000,138000,141000,0,0,3000,1200
k2,train,trimMA342_1200rpm_A__D_10,trimMA342_1200rpm_A__D_10:141000,141000,144000,0,0,3000,1200
k2,train,trimMA342_1200rpm_A__D_10,trimMA342_1200rpm_A__D_10:144000,144000,147000,0,0,3000,1200
k2,train,trimMA342_1200rpm_A__D_10,trimMA342_1200rpm_A__D_10:147000,147000,150000,0,0,3000,1200
k2,train,trimMA342_1200rpm_A__D_10,trimMA342_1200rpm_A__D_10:150000,150000,153000,0,0,3000,1200
k2,train,trimMA342_1200rpm_A__D_10,trimMA342_1200rpm_A__D_10:153000,153000,156000,0,0,3000,1200
k2,train,trimMA342_1200rpm_A__D_10,trimMA342_1200rpm_A__D_10:156000,156000,159000,0,0,3000,1200
k2,train,trimMA342_1200rpm_A__D_10,trimMA342_1200rpm_A__D_10:159000,159000,162000,0,0,3000,1200
k2,train,trimMA342_1200rpm_A__D_10,trimMA342_1200rpm_A__D_10:162000,162000,165000,0,0,3000,1200
k2,train,trimMA342_1200rpm_A__D_10,trimMA342_1200rpm_A__D_10:165000,165000,168000,0,0,3000,1200
k2,train,trimMA342_1200rpm_A__D_10,trimMA342_1200rpm_A__D_10:168000,168000,171000,0,0,3000,1200
k2,train,trimMA342_1200rpm_A__D_10,trimMA342_1200rpm_A__D_10:171000,171000,174000,0,0,3000,1200
k2,train,trimMA342_1200rpm_A__D_10,trimMA342_1200rpm_A__D_10:174000,174000,177000,0,0,3000,1200
k2,train,trimMA342_1200rpm_A__D_10,trimMA342_1200rpm_A__D_10:177000,177000,180000,0,0,3000,1200
k2,train,trimMA342_1200rpm_A__D_10,trimMA342_1200rpm_A__D_10:180000,180000,183000,0,0,3000,1200
k2,train,trimMA342_1200rpm_A__D_10,trimMA342_1200rpm_A__D_10:183000,183000,186000,0,0,3000,1200
k2,train,trimMA342_1200rpm_A__D_10,trimMA342_1200rpm_A__D_10:186000,186000,189000,0,0,3000,1200
k2,train,trimMA342_1200rpm_A__D_10,trimMA342_1200rpm_A__D_10:189000,189000,192000,0,0,3000,1200
k2,train,trimMA342_1200rpm_A__D_10,trimMA342_1200rpm_A__D_10:192000,192000,195000,0,0,3000,1200
k2,train,trimMA342_1200rpm_A__D_10,trimMA342_1200rpm_A__D_10:195000,195000,198000,0,0,3000,1200
k2,train,trimMA342_1200rpm_A__D_10,trimMA342_1200rpm_A__D_10:198000,198000,201000,0,0,3000,1200
k2,train,trimMA342_1200rpm_A__D_10,trimMA342_1200rpm_A__D_10:201000,201000,204000,0,0,3000,1200
k2,train,trimMA342_1200rpm_A__D_10,trimMA342_1200rpm_A__D_10:204000,204000,207000,0,0,3000,1200
k2,train,trimMA342_1200rpm_A__D_10,trimMA342_1200rpm_A__D_10:207000,207000,210000,0,0,3000,1200
k2,train,trimMA342_1200rpm_A__D_10,trimMA342_1200rpm_A__D_10:210000,210000,213000,0,0,3000,1200
k2,train,trimMA342_1200rpm_A__D_10,trimMA342_1200rpm_A__D_10:213000,213000,216000,0,0,3000,1200
k2,train,trimMA342_1200rpm_A__D_10,trimMA342_1200rpm_A__D_10:216000,216000,219000,0,0,3000,1200
k2,train,trimMA342_1200rpm_A__D_10,trimMA342_1200rpm_A__D_10:219000,219000,222000,0,0,3000,1200
k2,train,trimMA342_1200rpm_A__D_10,trimMA342_1200rpm_A__D_10:222000,222000,225000,0,0,3000,1200
k2,train,trimMA342_1200rpm_A__D_10,trimMA342_1200rpm_A__D_10:225000,225000,228000,0,0,3000,1200
k2,train,trimMA342_1200rpm_A__D_10,trimMA342_1200rpm_A__D_10:228000,228000,231000,0,0,3000,1200
k2,train,trimMA342_1200rpm_A__D_10,trimMA342_1200rpm_A__D_10:231000,231000,234000,0,0,3000,1200
k2,train,trimMA342_1200rpm_A__D_10,trimMA342_1200rpm_A__D_10:234000,234000,237000,0,0,3000,1200
k2,train,trimMA342_1200rpm_A__D_10,trimMA342_1200rpm_A__D_10:237000,237000,240000,0,0,3000,1200
k2,train,trimMA342_1200rpm_A__D_10,trimMA342_1200rpm_A__D_10:240000,240000,243000,0,0,3000,1200
k2,train,trimMA342_1200rpm_A__D_10,trimMA342_1200rpm_A__D_10:243000,243000,246000,0,0,3000,1200
k2,train,trimMA342_1200rpm_A__D_10,trimMA342_1200rpm_A__D_10:246000,246000,249000,0,0,3000,1200
k2,train,trimMA342_1200rpm_A__D_10,trimMA342_1200rpm_A__D_10:249000,249000,252000,0,0,3000,1200
k2,train,trimMA342_1200rpm_A__D_10,trimMA342_1200rpm_A__D_10:252000,252000,255000,0,0,3000,1200
k2,train,trimMA342_1200rpm_A__D_10,trimMA342_1200rpm_A__D_10:255000,255000,258000,0,0,3000,1200
k2,train,trimMA342_1200rpm_A__D_10,trimMA342_1200rpm_A__D_10:258000,258000,261000,0,0,3000,1200
k2,train,trimMA342_1200rpm_A__D_10,trimMA342_1200rpm_A__D_10:261000,261000,264000,0,0,3000,1200
k2,train,trimMA342_1200rpm_A__D_10,trimMA342_1200rpm_A__D_10:264000,264000,267000,0,0,3000,1200
k2,train,trimMA342_1200rpm_A__D_10,trimMA342_1200rpm_A__D_10:267000,267000,270000,0,0,3000,1200
k2,train,trimMA342_1200rpm_A__D_10,trimMA342_1200rpm_A__D_10:270000,270000,273000,0,0,3000,1200
k2,train,trimMA342_1200rpm_A__D_10,trimMA342_1200rpm_A__D_10:273000,273000,276000,0,0,3000,1200
k2,train,trimMA342_1200rpm_A__D_10,trimMA342_1200rpm_A__D_10:276000,276000,279000,0,0,3000,1200
k2,train,trimMA342_1200rpm_A__D_10,trimMA342_1200rpm_A__D_10:279000,279000,282000,0,0,3000,1200
k2,train,trimMA342_1200rpm_A__D_11,trimMA342_1200rpm_A__D_11:0,0,3000,0,0,3000,1200
k2,train,trimMA342_1200rpm_A__D_11,trimMA342_1200rpm_A__D_11:3000,3000,6000,0,0,3000,1200
k2,train,trimMA342_1200rpm_A__D_11,trimMA342_1200rpm_A__D_11:6000,6000,9000,0,0,3000,1200
k2,train,trimMA342_1200rpm_A__D_11,trimMA342_1200rpm_A__D_11:9000,9000,12000,0,0,3000,1200
k2,train,trimMA342_1200rpm_A__D_11,trimMA342_1200rpm_A__D_11:12000,12000,15000,0,0,3000,1200
k2,train,trimMA342_1200rpm_A__D_11,trimMA342_1200rpm_A__D_11:15000,15000,18000,0,0,3000,1200
k2,train,trimMA342_1200rpm_A__D_11,trimMA342_1200rpm_A__D_11:18000,18000,21000,0,0,3000,1200
k2,train,trimMA342_1200rpm_A__D_11,trimMA342_1200rpm_A__D_11:21000,21000,24000,0,0,3000,1200
k2,train,trimMA342_1200rpm_A__D_11,trimMA342_1200rpm_A__D_11:24000,24000,27000,0,0,3000,1200
k2,train,trimMA342_1200rpm_A__D_11,trimMA342_1200rpm_A__D_11:27000,27000,30000,0,0,3000,1200
k2,train,trimMA342_1200rpm_A__D_11,trimMA342_1200rpm_A__D_11:30000,30000,33000,0,0,3000,1200
k2,train,trimMA342_1200rpm_A__D_11,trimMA342_1200rpm_A__D_11:33000,33000,36000,0,0,3000,1200
k2,train,trimMA342_1200rpm_A__D_11,trimMA342_1200rpm_A__D_11:36000,36000,39000,0,0,3000,1200
k2,train,trimMA342_1200rpm_A__D_11,trimMA342_1200rpm_A__D_11:39000,39000,42000,0,0,3000,1200
k2,train,trimMA342_1200rpm_A__D_11,trimMA342_1200rpm_A__D_11:42000,42000,45000,0,0,3000,1200
k2,train,trimMA342_1200rpm_A__D_11,trimMA342_1200rpm_A__D_11:45000,45000,48000,0,0,3000,1200
k2,train,trimMA342_1200rpm_A__D_11,trimMA342_1200rpm_A__D_11:48000,48000,51000,0,0,3000,1200
k2,train,trimMA342_1200rpm_A__D_11,trimMA342_1200rpm_A__D_11:51000,51000,54000,0,0,3000,1200
k2,train,trimMA342_1200rpm_A__D_11,trimMA342_1200rpm_A__D_11:54000,54000,57000,0,0,3000,1200
k2,train,trimMA342_1200rpm_A__D_11,trimMA342_1200rpm_A__D_11:57000,57000,60000,0,0,3000,1200
k2,train,trimMA342_1200rpm_A__D_11,trimMA342_1200rpm_A__D_11:60000,60000,63000,0,0,3000,1200
k2,train,trimMA342_1200rpm_A__D_11,trimMA342_1200rpm_A__D_11:63000,63000,66000,0,0,3000,1200
k2,train,trimMA342_1200rpm_A__D_11,trimMA342_1200rpm_A__D_11:66000,66000,69000,0,0,3000,1200
k2,train,trimMA342_1200rpm_A__D_11,trimMA342_1200rpm_A__D_11:69000,69000,72000,0,0,3000,1200
k2,train,trimMA342_1200rpm_A__D_11,trimMA342_1200rpm_A__D_11:72000,72000,75000,0,0,3000,1200
k2,train,trimMA342_1200rpm_A__D_11,trimMA342_1200rpm_A__D_11:75000,75000,78000,0,0,3000,1200
k2,train,trimMA342_1200rpm_A__D_11,trimMA342_1200rpm_A__D_11:78000,78000,81000,0,0,3000,1200
k2,train,trimMA342_1200rpm_A__D_11,trimMA342_1200rpm_A__D_11:81000,81000,84000,0,0,3000,1200
k2,train,trimMA342_1200rpm_A__D_11,trimMA342_1200rpm_A__D_11:84000,84000,87000,0,0,3000,1200
k2,train,trimMA342_1200rpm_A__D_11,trimMA342_1200rpm_A__D_11:87000,87000,90000,0,0,3000,1200
k2,train,trimMA342_1200rpm_A__D_11,trimMA342_1200rpm_A__D_11:90000,90000,93000,0,0,3000,1200
k2,train,trimMA342_1200rpm_A__D_11,trimMA342_1200rpm_A__D_11:93000,93000,96000,0,0,3000,1200
k2,train,trimMA342_1200rpm_A__D_11,trimMA342_1200rpm_A__D_11:96000,96000,99000,0,0,3000,1200
k2,train,trimMA342_1200rpm_A__D_11,trimMA342_1200rpm_A__D_11:99000,99000,102000,0,0,3000,1200
k2,train,trimMA342_1200rpm_A__D_11,trimMA342_1200rpm_A__D_11:102000,102000,105000,0,0,3000,1200
k2,train,trimMA342_1200rpm_A__D_11,trimMA342_1200rpm_A__D_11:105000,105000,108000,0,0,3000,1200
k2,train,trimMA342_1200rpm_A__D_11,trimMA342_1200rpm_A__D_11:108000,108000,111000,0,0,3000,1200
k2,train,trimMA342_1200rpm_A__D_11,trimMA342_1200rpm_A__D_11:111000,111000,114000,0,0,3000,1200
k2,train,trimMA342_1200rpm_A__D_11,trimMA342_1200rpm_A__D_11:114000,114000,117000,0,0,3000,1200
k2,train,trimMA342_1200rpm_A__D_11,trimMA342_1200rpm_A__D_11:117000,117000,120000,0,0,3000,1200
k2,train,trimMA342_1200rpm_A__D_11,trimMA342_1200rpm_A__D_11:120000,120000,123000,0,0,3000,1200
k2,train,trimMA342_1200rpm_A__D_11,trimMA342_1200rpm_A__D_11:123000,123000,126000,0,0,3000,1200
k2,train,trimMA342_1200rpm_A__D_11,trimMA342_1200rpm_A__D_11:126000,126000,129000,0,0,3000,1200
k2,train,trimMA342_1200rpm_A__D_11,trimMA342_1200rpm_A__D_11:129000,129000,132000,0,0,3000,1200
k2,train,trimMA342_1200rpm_A__D_11,trimMA342_1200rpm_A__D_11:132000,132000,135000,0,0,3000,1200
k2,train,trimMA342_1200rpm_A__D_11,trimMA342_1200rpm_A__D_11:135000,135000,138000,0,0,3000,1200
k2,train,trimMA342_1200rpm_A__D_11,trimMA342_1200rpm_A__D_11:138000,138000,141000,0,0,3000,1200
k2,train,trimMA342_1200rpm_A__D_11,trimMA342_1200rpm_A__D_11:141000,141000,144000,0,0,3000,1200
k2,train,trimMA342_1200rpm_A__D_11,trimMA342_1200rpm_A__D_11:144000,144000,147000,0,0,3000,1200
k2,train,trimMA342_1200rpm_A__D_11,trimMA342_1200rpm_A__D_11:147000,147000,150000,0,0,3000,1200
k2,train,trimMA342_1200rpm_A__D_11,trimMA342_1200rpm_A__D_11:150000,150000,153000,0,0,3000,1200
k2,train,trimMA342_1200rpm_A__D_11,trimMA342_1200rpm_A__D_11:153000,153000,156000,0,0,3000,1200
k2,train,trimMA342_1200rpm_A__D_11,trimMA342_1200rpm_A__D_11:156000,156000,159000,0,0,3000,1200
k2,train,trimMA342_1200rpm_A__D_11,trimMA342_1200rpm_A__D_11:159000,159000,162000,0,0,3000,1200
k2,train,trimMA342_1200rpm_A__D_11,trimMA342_1200rpm_A__D_11:162000,162000,165000,0,0,3000,1200
k2,train,trimMA342_1200rpm_A__D_11,trimMA342_1200rpm_A__D_11:165000,165000,168000,0,0,3000,1200
k2,train,trimMA342_1200rpm_A__D_11,trimMA342_1200rpm_A__D_11:168000,168000,171000,0,0,3000,1200
k2,train,trimMA342_1200rpm_A__D_11,trimMA342_1200rpm_A__D_11:171000,171000,174000,0,0,3000,1200
k2,train,trimMA342_1200rpm_A__D_11,trimMA342_1200rpm_A__D_11:174000,174000,177000,0,0,3000,1200
k2,train,trimMA342_1200rpm_A__D_11,trimMA342_1200rpm_A__D_11:177000,177000,180000,0,0,3000,1200
k2,train,trimMA342_1200rpm_A__D_11,trimMA342_1200rpm_A__D_11:180000,180000,183000,0,0,3000,1200
k2,train,trimMA342_1200rpm_A__D_11,trimMA342_1200rpm_A__D_11:183000,183000,186000,0,0,3000,1200
k2,train,trimMA342_1200rpm_A__D_11,trimMA342_1200rpm_A__D_11:186000,186000,189000,0,0,3000,1200
k2,train,trimMA342_1200rpm_A__D_11,trimMA342_1200rpm_A__D_11:189000,189000,192000,0,0,3000,1200
k2,train,trimMA342_1200rpm_A__D_11,trimMA342_1200rpm_A__D_11:192000,192000,195000,0,0,3000,1200
k2,train,trimMA342_1200rpm_A__D_11,trimMA342_1200rpm_A__D_11:195000,195000,198000,0,0,3000,1200
k2,train,trimMA342_1200rpm_A__D_11,trimMA342_1200rpm_A__D_11:198000,198000,201000,0,0,3000,1200
k2,train,trimMA342_1200rpm_A__D_11,trimMA342_1200rpm_A__D_11:201000,201000,204000,0,0,3000,1200
k2,train,trimMA342_1200rpm_A__D_11,trimMA342_1200rpm_A__D_11:204000,204000,207000,0,0,3000,1200
k2,train,trimMA342_1200rpm_A__D_11,trimMA342_1200rpm_A__D_11:207000,207000,210000,0,0,3000,1200
k2,train,trimMA342_1200rpm_A__D_11,trimMA342_1200rpm_A__D_11:210000,210000,213000,0,0,3000,1200
k2,train,trimMA342_1200rpm_A__D_11,trimMA342_1200rpm_A__D_11:213000,213000,216000,0,0,3000,1200
k2,train,trimMA342_1200rpm_A__D_11,trimMA342_1200rpm_A__D_11:216000,216000,219000,0,0,3000,1200
k2,train,trimMA342_1200rpm_A__D_11,trimMA342_1200rpm_A__D_11:219000,219000,222000,0,0,3000,1200
k2,train,trimMA342_1200rpm_A__D_11,trimMA342_1200rpm_A__D_11:222000,222000,225000,0,0,3000,1200
k2,train,trimMA342_1200rpm_A__D_11,trimMA342_1200rpm_A__D_11:225000,225000,228000,0,0,3000,1200
k2,train,trimMA342_1200rpm_A__D_11,trimMA342_1200rpm_A__D_11:228000,228000,231000,0,0,3000,1200
k2,train,trimMA342_1200rpm_A__D_11,trimMA342_1200rpm_A__D_11:231000,231000,234000,0,0,3000,1200
k2,train,trimMA342_1200rpm_A__D_11,trimMA342_1200rpm_A__D_11:234000,234000,237000,0,0,3000,1200
k2,train,trimMA342_1200rpm_A__D_11,trimMA342_1200rpm_A__D_11:237000,237000,240000,0,0,3000,1200
k2,train,trimMA342_1200rpm_A__D_11,trimMA342_1200rpm_A__D_11:240000,240000,243000,0,0,3000,1200
k2,train,trimMA342_1200rpm_A__D_11,trimMA342_1200rpm_A__D_11:243000,243000,246000,0,0,3000,1200
k2,train,trimMA342_1200rpm_A__D_11,trimMA342_1200rpm_A__D_11:246000,246000,249000,0,0,3000,1200
k2,train,trimMA342_1200rpm_A__D_11,trimMA342_1200rpm_A__D_11:249000,249000,252000,0,0,3000,1200
k2,train,trimMA342_1200rpm_A__D_11,trimMA342_1200rpm_A__D_11:252000,252000,255000,0,0,3000,1200
k2,train,trimMA342_1200rpm_A__D_11,trimMA342_1200rpm_A__D_11:255000,255000,258000,0,0,3000,1200
k2,train,trimMA342_1200rpm_A__D_11,trimMA342_1200rpm_A__D_11:258000,258000,261000,0,0,3000,1200
k2,train,trimMA342_1200rpm_A__D_11,trimMA342_1200rpm_A__D_11:261000,261000,264000,0,0,3000,1200
k2,train,trimMA342_1200rpm_A__D_11,trimMA342_1200rpm_A__D_11:264000,264000,267000,0,0,3000,1200
k2,train,trimMA342_1200rpm_A__D_11,trimMA342_1200rpm_A__D_11:267000,267000,270000,0,0,3000,1200
k2,train,trimMA342_1200rpm_A__D_11,trimMA342_1200rpm_A__D_11:270000,270000,273000,0,0,3000,1200
k2,train,trimMA342_1200rpm_A__D_11,trimMA342_1200rpm_A__D_11:273000,273000,276000,0,0,3000,1200
k2,train,trimMA342_1200rpm_A__D_11,trimMA342_1200rpm_A__D_11:276000,276000,279000,0,0,3000,1200
k2,train,trimMA342_1200rpm_A__D_11,trimMA342_1200rpm_A__D_11:279000,279000,282000,0,0,3000,1200
k2,train,trimMA342_1200rpm_A__D_15,trimMA342_1200rpm_A__D_15:0,0,3000,0,0,3000,1200
k2,train,trimMA342_1200rpm_A__D_15,trimMA342_1200rpm_A__D_15:3000,3000,6000,0,0,3000,1200
k2,train,trimMA342_1200rpm_A__D_15,trimMA342_1200rpm_A__D_15:6000,6000,9000,0,0,3000,1200
k2,train,trimMA342_1200rpm_A__D_15,trimMA342_1200rpm_A__D_15:9000,9000,12000,0,0,3000,1200
k2,train,trimMA342_1200rpm_A__D_15,trimMA342_1200rpm_A__D_15:12000,12000,15000,0,0,3000,1200
k2,train,trimMA342_1200rpm_A__D_15,trimMA342_1200rpm_A__D_15:15000,15000,18000,0,0,3000,1200
k2,train,trimMA342_1200rpm_A__D_15,trimMA342_1200rpm_A__D_15:18000,18000,21000,0,0,3000,1200
k2,train,trimMA342_1200rpm_A__D_15,trimMA342_1200rpm_A__D_15:21000,21000,24000,0,0,3000,1200
k2,train,trimMA342_1200rpm_A__D_15,trimMA342_1200rpm_A__D_15:24000,24000,27000,0,0,3000,1200
k2,train,trimMA342_1200rpm_A__D_15,trimMA342_1200rpm_A__D_15:27000,27000,30000,0,0,3000,1200
k2,train,trimMA342_1200rpm_A__D_15,trimMA342_1200rpm_A__D_15:30000,30000,33000,0,0,3000,1200
k2,train,trimMA342_1200rpm_A__D_15,trimMA342_1200rpm_A__D_15:33000,33000,36000,0,0,3000,1200
k2,train,trimMA342_1200rpm_A__D_15,trimMA342_1200rpm_A__D_15:36000,36000,39000,0,0,3000,1200
k2,train,trimMA342_1200rpm_A__D_15,trimMA342_1200rpm_A__D_15:39000,39000,42000,0,0,3000,1200
k2,train,trimMA342_1200rpm_A__D_15,trimMA342_1200rpm_A__D_15:42000,42000,45000,0,0,3000,1200
k2,train,trimMA342_1200rpm_A__D_15,trimMA342_1200rpm_A__D_15:45000,45000,48000,0,0,3000,1200
k2,train,trimMA342_1200rpm_A__D_15,trimMA342_1200rpm_A__D_15:48000,48000,51000,0,0,3000,1200
k2,train,trimMA342_1200rpm_A__D_15,trimMA342_1200rpm_A__D_15:51000,51000,54000,0,0,3000,1200
k2,train,trimMA342_1200rpm_A__D_15,trimMA342_1200rpm_A__D_15:54000,54000,57000,0,0,3000,1200
k2,train,trimMA342_1200rpm_A__D_15,trimMA342_1200rpm_A__D_15:57000,57000,60000,0,0,3000,1200
k2,train,trimMA342_1200rpm_A__D_15,trimMA342_1200rpm_A__D_15:60000,60000,63000,0,0,3000,1200
k2,train,trimMA342_1200rpm_A__D_15,trimMA342_1200rpm_A__D_15:63000,63000,66000,0,0,3000,1200
k2,train,trimMA342_1200rpm_A__D_15,trimMA342_1200rpm_A__D_15:66000,66000,69000,0,0,3000,1200
k2,train,trimMA342_1200rpm_A__D_15,trimMA342_1200rpm_A__D_15:69000,69000,72000,0,0,3000,1200
k2,train,trimMA342_1200rpm_A__D_15,trimMA342_1200rpm_A__D_15:72000,72000,75000,0,0,3000,1200
k2,train,trimMA342_1200rpm_A__D_15,trimMA342_1200rpm_A__D_15:75000,75000,78000,0,0,3000,1200
k2,train,trimMA342_1200rpm_A__D_15,trimMA342_1200rpm_A__D_15:78000,78000,81000,0,0,3000,1200
k2,train,trimMA342_1200rpm_A__D_15,trimMA342_1200rpm_A__D_15:81000,81000,84000,0,0,3000,1200
k2,train,trimMA342_1200rpm_A__D_15,trimMA342_1200rpm_A__D_15:84000,84000,87000,0,0,3000,1200
k2,train,trimMA342_1200rpm_A__D_15,trimMA342_1200rpm_A__D_15:87000,87000,90000,0,0,3000,1200
k2,train,trimMA342_1200rpm_A__D_15,trimMA342_1200rpm_A__D_15:90000,90000,93000,0,0,3000,1200
k2,train,trimMA342_1200rpm_A__D_15,trimMA342_1200rpm_A__D_15:93000,93000,96000,0,0,3000,1200
k2,train,trimMA342_1200rpm_A__D_15,trimMA342_1200rpm_A__D_15:96000,96000,99000,0,0,3000,1200
k2,train,trimMA342_1200rpm_A__D_15,trimMA342_1200rpm_A__D_15:99000,99000,102000,0,0,3000,1200
k2,train,trimMA342_1200rpm_A__D_15,trimMA342_1200rpm_A__D_15:102000,102000,105000,0,0,3000,1200
k2,train,trimMA342_1200rpm_A__D_15,trimMA342_1200rpm_A__D_15:105000,105000,108000,0,0,3000,1200
k2,train,trimMA342_1200rpm_A__D_15,trimMA342_1200rpm_A__D_15:108000,108000,111000,0,0,3000,1200
k2,train,trimMA342_1200rpm_A__D_15,trimMA342_1200rpm_A__D_15:111000,111000,114000,0,0,3000,1200
k2,train,trimMA342_1200rpm_A__D_15,trimMA342_1200rpm_A__D_15:114000,114000,117000,0,0,3000,1200
k2,train,trimMA342_1200rpm_A__D_15,trimMA342_1200rpm_A__D_15:117000,117000,120000,0,0,3000,1200
k2,train,trimMA342_1200rpm_A__D_15,trimMA342_1200rpm_A__D_15:120000,120000,123000,0,0,3000,1200
k2,train,trimMA342_1200rpm_A__D_15,trimMA342_1200rpm_A__D_15:123000,123000,126000,0,0,3000,1200
k2,train,trimMA342_1200rpm_A__D_15,trimMA342_1200rpm_A__D_15:126000,126000,129000,0,0,3000,1200
k2,train,trimMA342_1200rpm_A__D_15,trimMA342_1200rpm_A__D_15:129000,129000,132000,0,0,3000,1200
k2,train,trimMA342_1200rpm_A__D_15,trimMA342_1200rpm_A__D_15:132000,132000,135000,0,0,3000,1200
k2,train,trimMA342_1200rpm_A__D_15,trimMA342_1200rpm_A__D_15:135000,135000,138000,0,0,3000,1200
k2,train,trimMA342_1200rpm_A__D_15,trimMA342_1200rpm_A__D_15:138000,138000,141000,0,0,3000,1200
k2,train,trimMA342_1200rpm_A__D_15,trimMA342_1200rpm_A__D_15:141000,141000,144000,0,0,3000,1200
k2,train,trimMA342_1200rpm_A__D_15,trimMA342_1200rpm_A__D_15:144000,144000,147000,0,0,3000,1200
k2,train,trimMA342_1200rpm_A__D_15,trimMA342_1200rpm_A__D_15:147000,147000,150000,0,0,3000,1200
k2,train,trimMA342_1200rpm_A__D_15,trimMA342_1200rpm_A__D_15:150000,150000,153000,0,0,3000,1200
k2,train,trimMA342_1200rpm_A__D_15,trimMA342_1200rpm_A__D_15:153000,153000,156000,0,0,3000,1200
k2,train,trimMA342_1200rpm_A__D_15,trimMA342_1200rpm_A__D_15:156000,156000,159000,0,0,3000,1200
k2,train,trimMA342_1200rpm_A__D_15,trimMA342_1200rpm_A__D_15:159000,159000,162000,0,0,3000,1200
k2,train,trimMA342_1200rpm_A__D_15,trimMA342_1200rpm_A__D_15:162000,162000,165000,0,0,3000,1200
k2,train,trimMA342_1200rpm_A__D_15,trimMA342_1200rpm_A__D_15:165000,165000,168000,0,0,3000,1200
k2,train,trimMA342_1200rpm_A__D_15,trimMA342_1200rpm_A__D_15:168000,168000,171000,0,0,3000,1200
k2,train,trimMA342_1200rpm_A__D_15,trimMA342_1200rpm_A__D_15:171000,171000,174000,0,0,3000,1200
k2,train,trimMA342_1200rpm_A__D_15,trimMA342_1200rpm_A__D_15:174000,174000,177000,0,0,3000,1200
k2,train,trimMA342_1200rpm_A__D_15,trimMA342_1200rpm_A__D_15:177000,177000,180000,0,0,3000,1200
k2,train,trimMA342_1200rpm_A__D_15,trimMA342_1200rpm_A__D_15:180000,180000,183000,0,0,3000,1200
k2,train,trimMA342_1200rpm_A__D_15,trimMA342_1200rpm_A__D_15:183000,183000,186000,0,0,3000,1200
k2,train,trimMA342_1200rpm_A__D_15,trimMA342_1200rpm_A__D_15:186000,186000,189000,0,0,3000,1200
k2,train,trimMA342_1200rpm_A__D_15,trimMA342_1200rpm_A__D_15:189000,189000,192000,0,0,3000,1200
k2,train,trimMA342_1200rpm_A__D_15,trimMA342_1200rpm_A__D_15:192000,192000,195000,0,0,3000,1200
k2,train,trimMA342_1200rpm_A__D_15,trimMA342_1200rpm_A__D_15:195000,195000,198000,0,0,3000,1200
k2,train,trimMA342_1200rpm_A__D_15,trimMA342_1200rpm_A__D_15:198000,198000,201000,0,0,3000,1200
k2,train,trimMA342_1200rpm_A__D_15,trimMA342_1200rpm_A__D_15:201000,201000,204000,0,0,3000,1200
k2,train,trimMA342_1200rpm_A__D_15,trimMA342_1200rpm_A__D_15:204000,204000,207000,0,0,3000,1200
k2,train,trimMA342_1200rpm_A__D_15,trimMA342_1200rpm_A__D_15:207000,207000,210000,0,0,3000,1200
k2,train,trimMA342_1200rpm_A__D_15,trimMA342_1200rpm_A__D_15:210000,210000,213000,0,0,3000,1200
k2,train,trimMA342_1200rpm_A__D_15,trimMA342_1200rpm_A__D_15:213000,213000,216000,0,0,3000,1200
k2,train,trimMA342_1200rpm_A__D_15,trimMA342_1200rpm_A__D_15:216000,216000,219000,0,0,3000,1200
k2,train,trimMA342_1200rpm_A__D_15,trimMA342_1200rpm_A__D_15:219000,219000,222000,0,0,3000,1200
k2,train,trimMA342_1200rpm_A__D_15,trimMA342_1200rpm_A__D_15:222000,222000,225000,0,0,3000,1200
k2,train,trimMA342_1200rpm_A__D_15,trimMA342_1200rpm_A__D_15:225000,225000,228000,0,0,3000,1200
k2,train,trimMA342_1200rpm_A__D_15,trimMA342_1200rpm_A__D_15:228000,228000,231000,0,0,3000,1200
k2,train,trimMA342_1200rpm_A__D_15,trimMA342_1200rpm_A__D_15:231000,231000,234000,0,0,3000,1200
k2,train,trimMA342_1200rpm_A__D_15,trimMA342_1200rpm_A__D_15:234000,234000,237000,0,0,3000,1200
k2,train,trimMA342_1200rpm_A__D_15,trimMA342_1200rpm_A__D_15:237000,237000,240000,0,0,3000,1200
k2,train,trimMA342_1200rpm_A__D_15,trimMA342_1200rpm_A__D_15:240000,240000,243000,0,0,3000,1200
k2,train,trimMA342_1200rpm_A__D_15,trimMA342_1200rpm_A__D_15:243000,243000,246000,0,0,3000,1200
k2,train,trimMA342_1200rpm_A__D_15,trimMA342_1200rpm_A__D_15:246000,246000,249000,0,0,3000,1200
k2,train,trimMA342_1200rpm_A__D_15,trimMA342_1200rpm_A__D_15:249000,249000,252000,0,0,3000,1200
k2,train,trimMA342_1200rpm_A__D_15,trimMA342_1200rpm_A__D_15:252000,252000,255000,0,0,3000,1200
k2,train,trimMA342_1200rpm_A__D_15,trimMA342_1200rpm_A__D_15:255000,255000,258000,0,0,3000,1200
k2,train,trimMA342_1200rpm_A__D_15,trimMA342_1200rpm_A__D_15:258000,258000,261000,0,0,3000,1200
k2,train,trimMA342_1200rpm_A__D_15,trimMA342_1200rpm_A__D_15:261000,261000,264000,0,0,3000,1200
k2,train,trimMA342_1200rpm_A__D_15,trimMA342_1200rpm_A__D_15:264000,264000,267000,0,0,3000,1200
k2,train,trimMA342_1200rpm_A__D_15,trimMA342_1200rpm_A__D_15:267000,267000,270000,0,0,3000,1200
k2,train,trimMA342_1200rpm_A__D_15,trimMA342_1200rpm_A__D_15:270000,270000,273000,0,0,3000,1200
k2,train,trimMA342_1200rpm_A__D_15,trimMA342_1200rpm_A__D_15:273000,273000,276000,0,0,3000,1200
k2,train,trimMA342_1200rpm_A__D_15,trimMA342_1200rpm_A__D_15:276000,276000,279000,0,0,3000,1200
k2,train,trimMA342_1200rpm_A__D_15,trimMA342_1200rpm_A__D_15:279000,279000,282000,0,0,3000,1200
k2,train,trimMA342_1200rpm_A__Dvv_04,trimMA342_1200rpm_A__Dvv_04:0,0,3000,4,1,3000,1200
k2,train,trimMA342_1200rpm_A__Dvv_04,trimMA342_1200rpm_A__Dvv_04:3000,3000,6000,4,1,3000,1200
k2,train,trimMA342_1200rpm_A__Dvv_04,trimMA342_1200rpm_A__Dvv_04:6000,6000,9000,4,1,3000,1200
k2,train,trimMA342_1200rpm_A__Dvv_04,trimMA342_1200rpm_A__Dvv_04:9000,9000,12000,4,1,3000,1200
k2,train,trimMA342_1200rpm_A__Dvv_04,trimMA342_1200rpm_A__Dvv_04:12000,12000,15000,4,1,3000,1200
k2,train,trimMA342_1200rpm_A__Dvv_04,trimMA342_1200rpm_A__Dvv_04:15000,15000,18000,4,1,3000,1200
k2,train,trimMA342_1200rpm_A__Dvv_04,trimMA342_1200rpm_A__Dvv_04:18000,18000,21000,4,1,3000,1200
k2,train,trimMA342_1200rpm_A__Dvv_04,trimMA342_1200rpm_A__Dvv_04:21000,21000,24000,4,1,3000,1200
k2,train,trimMA342_1200rpm_A__Dvv_04,trimMA342_1200rpm_A__Dvv_04:24000,24000,27000,4,1,3000,1200
k2,train,trimMA342_1200rpm_A__Dvv_04,trimMA342_1200rpm_A__Dvv_04:27000,27000,30000,4,1,3000,1200
k2,train,trimMA342_1200rpm_A__Dvv_04,trimMA342_1200rpm_A__Dvv_04:30000,30000,33000,4,1,3000,1200
k2,train,trimMA342_1200rpm_A__Dvv_04,trimMA342_1200rpm_A__Dvv_04:33000,33000,36000,4,1,3000,1200
k2,train,trimMA342_1200rpm_A__Dvv_04,trimMA342_1200rpm_A__Dvv_04:36000,36000,39000,4,1,3000,1200
k2,train,trimMA342_1200rpm_A__Dvv_04,trimMA342_1200rpm_A__Dvv_04:39000,39000,42000,4,1,3000,1200
k2,train,trimMA342_1200rpm_A__Dvv_04,trimMA342_1200rpm_A__Dvv_04:42000,42000,45000,4,1,3000,1200
k2,train,trimMA342_1200rpm_A__Dvv_04,trimMA342_1200rpm_A__Dvv_04:45000,45000,48000,4,1,3000,1200
k2,train,trimMA342_1200rpm_A__Dvv_04,trimMA342_1200rpm_A__Dvv_04:48000,48000,51000,4,1,3000,1200
k2,train,trimMA342_1200rpm_A__Dvv_04,trimMA342_1200rpm_A__Dvv_04:51000,51000,54000,4,1,3000,1200
k2,train,trimMA342_1200rpm_A__Dvv_04,trimMA342_1200rpm_A__Dvv_04:54000,54000,57000,4,1,3000,1200
k2,train,trimMA342_1200rpm_A__Dvv_04,trimMA342_1200rpm_A__Dvv_04:57000,57000,60000,4,1,3000,1200
k2,train,trimMA342_1200rpm_A__Dvv_04,trimMA342_1200rpm_A__Dvv_04:60000,60000,63000,4,1,3000,1200
k2,train,trimMA342_1200rpm_A__Dvv_04,trimMA342_1200rpm_A__Dvv_04:63000,63000,66000,4,1,3000,1200
k2,train,trimMA342_1200rpm_A__Dvv_04,trimMA342_1200rpm_A__Dvv_04:66000,66000,69000,4,1,3000,1200
k2,train,trimMA342_1200rpm_A__Dvv_04,trimMA342_1200rpm_A__Dvv_04:69000,69000,72000,4,1,3000,1200
k2,train,trimMA342_1200rpm_A__Dvv_04,trimMA342_1200rpm_A__Dvv_04:72000,72000,75000,4,1,3000,1200
k2,train,trimMA342_1200rpm_A__Dvv_04,trimMA342_1200rpm_A__Dvv_04:75000,75000,78000,4,1,3000,1200
k2,train,trimMA342_1200rpm_A__Dvv_04,trimMA342_1200rpm_A__Dvv_04:78000,78000,81000,4,1,3000,1200
k2,train,trimMA342_1200rpm_A__Dvv_04,trimMA342_1200rpm_A__Dvv_04:81000,81000,84000,4,1,3000,1200
k2,train,trimMA342_1200rpm_A__Dvv_04,trimMA342_1200rpm_A__Dvv_04:84000,84000,87000,4,1,3000,1200
k2,train,trimMA342_1200rpm_A__Dvv_04,trimMA342_1200rpm_A__Dvv_04:87000,87000,90000,4,1,3000,1200
k2,train,trimMA342_1200rpm_A__Dvv_04,trimMA342_1200rpm_A__Dvv_04:90000,90000,93000,4,1,3000,1200
k2,train,trimMA342_1200rpm_A__Dvv_04,trimMA342_1200rpm_A__Dvv_04:93000,93000,96000,4,1,3000,1200
k2,train,trimMA342_1200rpm_A__Dvv_04,trimMA342_1200rpm_A__Dvv_04:96000,96000,99000,4,1,3000,1200
k2,train,trimMA342_1200rpm_A__Dvv_04,trimMA342_1200rpm_A__Dvv_04:99000,99000,102000,4,1,3000,1200
k2,train,trimMA342_1200rpm_A__Dvv_04,trimMA342_1200rpm_A__Dvv_04:102000,102000,105000,4,1,3000,1200
k2,train,trimMA342_1200rpm_A__Dvv_04,trimMA342_1200rpm_A__Dvv_04:105000,105000,108000,4,1,3000,1200
k2,train,trimMA342_1200rpm_A__Dvv_04,trimMA342_1200rpm_A__Dvv_04:108000,108000,111000,4,1,3000,1200
k2,train,trimMA342_1200rpm_A__Dvv_04,trimMA342_1200rpm_A__Dvv_04:111000,111000,114000,4,1,3000,1200
k2,train,trimMA342_1200rpm_A__Dvv_04,trimMA342_1200rpm_A__Dvv_04:114000,114000,117000,4,1,3000,1200
k2,train,trimMA342_1200rpm_A__Dvv_04,trimMA342_1200rpm_A__Dvv_04:117000,117000,120000,4,1,3000,1200
k2,train,trimMA342_1200rpm_A__Dvv_04,trimMA342_1200rpm_A__Dvv_04:120000,120000,123000,4,1,3000,1200
k2,train,trimMA342_1200rpm_A__Dvv_04,trimMA342_1200rpm_A__Dvv_04:123000,123000,126000,4,1,3000,1200
k2,train,trimMA342_1200rpm_A__Dvv_04,trimMA342_1200rpm_A__Dvv_04:126000,126000,129000,4,1,3000,1200
k2,train,trimMA342_1200rpm_A__Dvv_04,trimMA342_1200rpm_A__Dvv_04:129000,129000,132000,4,1,3000,1200
k2,train,trimMA342_1200rpm_A__Dvv_04,trimMA342_1200rpm_A__Dvv_04:132000,132000,135000,4,1,3000,1200
k2,train,trimMA342_1200rpm_A__Dvv_04,trimMA342_1200rpm_A__Dvv_04:135000,135000,138000,4,1,3000,1200
k2,train,trimMA342_1200rpm_A__Dvv_04,trimMA342_1200rpm_A__Dvv_04:138000,138000,141000,4,1,3000,1200
k2,train,trimMA342_1200rpm_A__Dvv_04,trimMA342_1200rpm_A__Dvv_04:141000,141000,144000,4,1,3000,1200
k2,train,trimMA342_1200rpm_A__Dvv_04,trimMA342_1200rpm_A__Dvv_04:144000,144000,147000,4,1,3000,1200
k2,train,trimMA342_1200rpm_A__Dvv_04,trimMA342_1200rpm_A__Dvv_04:147000,147000,150000,4,1,3000,1200
k2,train,trimMA342_1200rpm_A__Dvv_04,trimMA342_1200rpm_A__Dvv_04:150000,150000,153000,4,1,3000,1200
k2,train,trimMA342_1200rpm_A__Dvv_04,trimMA342_1200rpm_A__Dvv_04:153000,153000,156000,4,1,3000,1200
k2,train,trimMA342_1200rpm_A__Dvv_04,trimMA342_1200rpm_A__Dvv_04:156000,156000,159000,4,1,3000,1200
k2,train,trimMA342_1200rpm_A__Dvv_04,trimMA342_1200rpm_A__Dvv_04:159000,159000,162000,4,1,3000,1200
k2,train,trimMA342_1200rpm_A__Dvv_04,trimMA342_1200rpm_A__Dvv_04:162000,162000,165000,4,1,3000,1200
k2,train,trimMA342_1200rpm_A__Dvv_04,trimMA342_1200rpm_A__Dvv_04:165000,165000,168000,4,1,3000,1200
k2,train,trimMA342_1200rpm_A__Dvv_04,trimMA342_1200rpm_A__Dvv_04:168000,168000,171000,4,1,3000,1200
k2,train,trimMA342_1200rpm_A__Dvv_04,trimMA342_1200rpm_A__Dvv_04:171000,171000,174000,4,1,3000,1200
k2,train,trimMA342_1200rpm_A__Dvv_04,trimMA342_1200rpm_A__Dvv_04:174000,174000,177000,4,1,3000,1200
k2,train,trimMA342_1200rpm_A__Dvv_04,trimMA342_1200rpm_A__Dvv_04:177000,177000,180000,4,1,3000,1200
k2,train,trimMA342_1200rpm_A__Dvv_04,trimMA342_1200rpm_A__Dvv_04:180000,180000,183000,4,1,3000,1200
k2,train,trimMA342_1200rpm_A__Dvv_04,trimMA342_1200rpm_A__Dvv_04:183000,183000,186000,4,1,3000,1200
k2,train,trimMA342_1200rpm_A__Dvv_04,trimMA342_1200rpm_A__Dvv_04:186000,186000,189000,4,1,3000,1200
k2,train,trimMA342_1200rpm_A__Dvv_04,trimMA342_1200rpm_A__Dvv_04:189000,189000,192000,4,1,3000,1200
k2,train,trimMA342_1200rpm_A__Dvv_04,trimMA342_1200rpm_A__Dvv_04:192000,192000,195000,4,1,3000,1200
k2,train,trimMA342_1200rpm_A__Dvv_04,trimMA342_1200rpm_A__Dvv_04:195000,195000,198000,4,1,3000,1200
k2,train,trimMA342_1200rpm_A__Dvv_04,trimMA342_1200rpm_A__Dvv_04:198000,198000,201000,4,1,3000,1200
k2,train,trimMA342_1200rpm_A__Dvv_04,trimMA342_1200rpm_A__Dvv_04:201000,201000,204000,4,1,3000,1200
k2,train,trimMA342_1200rpm_A__Dvv_04,trimMA342_1200rpm_A__Dvv_04:204000,204000,207000,4,1,3000,1200
k2,train,trimMA342_1200rpm_A__Dvv_04,trimMA342_1200rpm_A__Dvv_04:207000,207000,210000,4,1,3000,1200
k2,train,trimMA342_1200rpm_A__Dvv_04,trimMA342_1200rpm_A__Dvv_04:210000,210000,213000,4,1,3000,1200
k2,train,trimMA342_1200rpm_A__Dvv_04,trimMA342_1200rpm_A__Dvv_04:213000,213000,216000,4,1,3000,1200
k2,train,trimMA342_1200rpm_A__Dvv_04,trimMA342_1200rpm_A__Dvv_04:216000,216000,219000,4,1,3000,1200
k2,train,trimMA342_1200rpm_A__Dvv_04,trimMA342_1200rpm_A__Dvv_04:219000,219000,222000,4,1,3000,1200
k2,train,trimMA342_1200rpm_A__Dvv_04,trimMA342_1200rpm_A__Dvv_04:222000,222000,225000,4,1,3000,1200
k2,train,trimMA342_1200rpm_A__Dvv_04,trimMA342_1200rpm_A__Dvv_04:225000,225000,228000,4,1,3000,1200
k2,train,trimMA342_1200rpm_A__Dvv_04,trimMA342_1200rpm_A__Dvv_04:228000,228000,231000,4,1,3000,1200
k2,train,trimMA342_1200rpm_A__Dvv_04,trimMA342_1200rpm_A__Dvv_04:231000,231000,234000,4,1,3000,1200
k2,train,trimMA342_1200rpm_A__Dvv_04,trimMA342_1200rpm_A__Dvv_04:234000,234000,237000,4,1,3000,1200
k2,train,trimMA342_1200rpm_A__Dvv_04,trimMA342_1200rpm_A__Dvv_04:237000,237000,240000,4,1,3000,1200
k2,train,trimMA342_1200rpm_A__Dvv_04,trimMA342_1200rpm_A__Dvv_04:240000,240000,243000,4,1,3000,1200
k2,train,trimMA342_1200rpm_A__Dvv_04,trimMA342_1200rpm_A__Dvv_04:243000,243000,246000,4,1,3000,1200
k2,train,trimMA342_1200rpm_A__Dvv_04,trimMA342_1200rpm_A__Dvv_04:246000,246000,249000,4,1,3000,1200
k2,train,trimMA342_1200rpm_A__Dvv_04,trimMA342_1200rpm_A__Dvv_04:249000,249000,252000,4,1,3000,1200
k2,train,trimMA342_1200rpm_A__Dvv_04,trimMA342_1200rpm_A__Dvv_04:252000,252000,255000,4,1,3000,1200
k2,train,trimMA342_1200rpm_A__Dvv_04,trimMA342_1200rpm_A__Dvv_04:255000,255000,258000,4,1,3000,1200
k2,train,trimMA342_1200rpm_A__Dvv_04,trimMA342_1200rpm_A__Dvv_04:258000,258000,261000,4,1,3000,1200
k2,train,trimMA342_1200rpm_A__Dvv_04,trimMA342_1200rpm_A__Dvv_04:261000,261000,264000,4,1,3000,1200
k2,train,trimMA342_1200rpm_A__Dvv_04,trimMA342_1200rpm_A__Dvv_04:264000,264000,267000,4,1,3000,1200
k2,train,trimMA342_1200rpm_A__Dvv_04,trimMA342_1200rpm_A__Dvv_04:267000,267000,270000,4,1,3000,1200
k2,train,trimMA342_1200rpm_A__Dvv_04,trimMA342_1200rpm_A__Dvv_04:270000,270000,273000,4,1,3000,1200
k2,train,trimMA342_1200rpm_A__Dvv_04,trimMA342_1200rpm_A__Dvv_04:273000,273000,276000,4,1,3000,1200
k2,train,trimMA342_1200rpm_A__Dvv_04,trimMA342_1200rpm_A__Dvv_04:276000,276000,279000,4,1,3000,1200
k2,train,trimMA342_1200rpm_A__Dvv_04,trimMA342_1200rpm_A__Dvv_04:279000,279000,282000,4,1,3000,1200
k2,train,trimMA342_1200rpm_A__Dvv_05,trimMA342_1200rpm_A__Dvv_05:0,0,3000,4,1,3000,1200
k2,train,trimMA342_1200rpm_A__Dvv_05,trimMA342_1200rpm_A__Dvv_05:3000,3000,6000,4,1,3000,1200
k2,train,trimMA342_1200rpm_A__Dvv_05,trimMA342_1200rpm_A__Dvv_05:6000,6000,9000,4,1,3000,1200
k2,train,trimMA342_1200rpm_A__Dvv_05,trimMA342_1200rpm_A__Dvv_05:9000,9000,12000,4,1,3000,1200
k2,train,trimMA342_1200rpm_A__Dvv_05,trimMA342_1200rpm_A__Dvv_05:12000,12000,15000,4,1,3000,1200
k2,train,trimMA342_1200rpm_A__Dvv_05,trimMA342_1200rpm_A__Dvv_05:15000,15000,18000,4,1,3000,1200
k2,train,trimMA342_1200rpm_A__Dvv_05,trimMA342_1200rpm_A__Dvv_05:18000,18000,21000,4,1,3000,1200
k2,train,trimMA342_1200rpm_A__Dvv_05,trimMA342_1200rpm_A__Dvv_05:21000,21000,24000,4,1,3000,1200
k2,train,trimMA342_1200rpm_A__Dvv_05,trimMA342_1200rpm_A__Dvv_05:24000,24000,27000,4,1,3000,1200
k2,train,trimMA342_1200rpm_A__Dvv_05,trimMA342_1200rpm_A__Dvv_05:27000,27000,30000,4,1,3000,1200
k2,train,trimMA342_1200rpm_A__Dvv_05,trimMA342_1200rpm_A__Dvv_05:30000,30000,33000,4,1,3000,1200
k2,train,trimMA342_1200rpm_A__Dvv_05,trimMA342_1200rpm_A__Dvv_05:33000,33000,36000,4,1,3000,1200
k2,train,trimMA342_1200rpm_A__Dvv_05,trimMA342_1200rpm_A__Dvv_05:36000,36000,39000,4,1,3000,1200
k2,train,trimMA342_1200rpm_A__Dvv_05,trimMA342_1200rpm_A__Dvv_05:39000,39000,42000,4,1,3000,1200
k2,train,trimMA342_1200rpm_A__Dvv_05,trimMA342_1200rpm_A__Dvv_05:42000,42000,45000,4,1,3000,1200
k2,train,trimMA342_1200rpm_A__Dvv_05,trimMA342_1200rpm_A__Dvv_05:45000,45000,48000,4,1,3000,1200
k2,train,trimMA342_1200rpm_A__Dvv_05,trimMA342_1200rpm_A__Dvv_05:48000,48000,51000,4,1,3000,1200
k2,train,trimMA342_1200rpm_A__Dvv_05,trimMA342_1200rpm_A__Dvv_05:51000,51000,54000,4,1,3000,1200
k2,train,trimMA342_1200rpm_A__Dvv_05,trimMA342_1200rpm_A__Dvv_05:54000,54000,57000,4,1,3000,1200
k2,train,trimMA342_1200rpm_A__Dvv_05,trimMA342_1200rpm_A__Dvv_05:57000,57000,60000,4,1,3000,1200
k2,train,trimMA342_1200rpm_A__Dvv_05,trimMA342_1200rpm_A__Dvv_05:60000,60000,63000,4,1,3000,1200
k2,train,trimMA342_1200rpm_A__Dvv_05,trimMA342_1200rpm_A__Dvv_05:63000,63000,66000,4,1,3000,1200
k2,train,trimMA342_1200rpm_A__Dvv_05,trimMA342_1200rpm_A__Dvv_05:66000,66000,69000,4,1,3000,1200
k2,train,trimMA342_1200rpm_A__Dvv_05,trimMA342_1200rpm_A__Dvv_05:69000,69000,72000,4,1,3000,1200
k2,train,trimMA342_1200rpm_A__Dvv_05,trimMA342_1200rpm_A__Dvv_05:72000,72000,75000,4,1,3000,1200
k2,train,trimMA342_1200rpm_A__Dvv_05,trimMA342_1200rpm_A__Dvv_05:75000,75000,78000,4,1,3000,1200
k2,train,trimMA342_1200rpm_A__Dvv_05,trimMA342_1200rpm_A__Dvv_05:78000,78000,81000,4,1,3000,1200
k2,train,trimMA342_1200rpm_A__Dvv_05,trimMA342_1200rpm_A__Dvv_05:81000,81000,84000,4,1,3000,1200
k2,train,trimMA342_1200rpm_A__Dvv_05,trimMA342_1200rpm_A__Dvv_05:84000,84000,87000,4,1,3000,1200
k2,train,trimMA342_1200rpm_A__Dvv_05,trimMA342_1200rpm_A__Dvv_05:87000,87000,90000,4,1,3000,1200
k2,train,trimMA342_1200rpm_A__Dvv_05,trimMA342_1200rpm_A__Dvv_05:90000,90000,93000,4,1,3000,1200
k2,train,trimMA342_1200rpm_A__Dvv_05,trimMA342_1200rpm_A__Dvv_05:93000,93000,96000,4,1,3000,1200
k2,train,trimMA342_1200rpm_A__Dvv_05,trimMA342_1200rpm_A__Dvv_05:96000,96000,99000,4,1,3000,1200
k2,train,trimMA342_1200rpm_A__Dvv_05,trimMA342_1200rpm_A__Dvv_05:99000,99000,102000,4,1,3000,1200
k2,train,trimMA342_1200rpm_A__Dvv_05,trimMA342_1200rpm_A__Dvv_05:102000,102000,105000,4,1,3000,1200
k2,train,trimMA342_1200rpm_A__Dvv_05,trimMA342_1200rpm_A__Dvv_05:105000,105000,108000,4,1,3000,1200
k2,train,trimMA342_1200rpm_A__Dvv_05,trimMA342_1200rpm_A__Dvv_05:108000,108000,111000,4,1,3000,1200
k2,train,trimMA342_1200rpm_A__Dvv_05,trimMA342_1200rpm_A__Dvv_05:111000,111000,114000,4,1,3000,1200
k2,train,trimMA342_1200rpm_A__Dvv_05,trimMA342_1200rpm_A__Dvv_05:114000,114000,117000,4,1,3000,1200
k2,train,trimMA342_1200rpm_A__Dvv_05,trimMA342_1200rpm_A__Dvv_05:117000,117000,120000,4,1,3000,1200
k2,train,trimMA342_1200rpm_A__Dvv_05,trimMA342_1200rpm_A__Dvv_05:120000,120000,123000,4,1,3000,1200
k2,train,trimMA342_1200rpm_A__Dvv_05,trimMA342_1200rpm_A__Dvv_05:123000,123000,126000,4,1,3000,1200
k2,train,trimMA342_1200rpm_A__Dvv_05,trimMA342_1200rpm_A__Dvv_05:126000,126000,129000,4,1,3000,1200
k2,train,trimMA342_1200rpm_A__Dvv_05,trimMA342_1200rpm_A__Dvv_05:129000,129000,132000,4,1,3000,1200
k2,train,trimMA342_1200rpm_A__Dvv_05,trimMA342_1200rpm_A__Dvv_05:132000,132000,135000,4,1,3000,1200
k2,train,trimMA342_1200rpm_A__Dvv_05,trimMA342_1200rpm_A__Dvv_05:135000,135000,138000,4,1,3000,1200
k2,train,trimMA342_1200rpm_A__Dvv_05,trimMA342_1200rpm_A__Dvv_05:138000,138000,141000,4,1,3000,1200
k2,train,trimMA342_1200rpm_A__Dvv_05,trimMA342_1200rpm_A__Dvv_05:141000,141000,144000,4,1,3000,1200
k2,train,trimMA342_1200rpm_A__Dvv_05,trimMA342_1200rpm_A__Dvv_05:144000,144000,147000,4,1,3000,1200
k2,train,trimMA342_1200rpm_A__Dvv_05,trimMA342_1200rpm_A__Dvv_05:147000,147000,150000,4,1,3000,1200
k2,train,trimMA342_1200rpm_A__Dvv_05,trimMA342_1200rpm_A__Dvv_05:150000,150000,153000,4,1,3000,1200
k2,train,trimMA342_1200rpm_A__Dvv_05,trimMA342_1200rpm_A__Dvv_05:153000,153000,156000,4,1,3000,1200
k2,train,trimMA342_1200rpm_A__Dvv_05,trimMA342_1200rpm_A__Dvv_05:156000,156000,159000,4,1,3000,1200
k2,train,trimMA342_1200rpm_A__Dvv_05,trimMA342_1200rpm_A__Dvv_05:159000,159000,162000,4,1,3000,1200
k2,train,trimMA342_1200rpm_A__Dvv_05,trimMA342_1200rpm_A__Dvv_05:162000,162000,165000,4,1,3000,1200
k2,train,trimMA342_1200rpm_A__Dvv_05,trimMA342_1200rpm_A__Dvv_05:165000,165000,168000,4,1,3000,1200
k2,train,trimMA342_1200rpm_A__Dvv_05,trimMA342_1200rpm_A__Dvv_05:168000,168000,171000,4,1,3000,1200
k2,train,trimMA342_1200rpm_A__Dvv_05,trimMA342_1200rpm_A__Dvv_05:171000,171000,174000,4,1,3000,1200
k2,train,trimMA342_1200rpm_A__Dvv_05,trimMA342_1200rpm_A__Dvv_05:174000,174000,177000,4,1,3000,1200
k2,train,trimMA342_1200rpm_A__Dvv_05,trimMA342_1200rpm_A__Dvv_05:177000,177000,180000,4,1,3000,1200
k2,train,trimMA342_1200rpm_A__Dvv_05,trimMA342_1200rpm_A__Dvv_05:180000,180000,183000,4,1,3000,1200
k2,train,trimMA342_1200rpm_A__Dvv_05,trimMA342_1200rpm_A__Dvv_05:183000,183000,186000,4,1,3000,1200
k2,train,trimMA342_1200rpm_A__Dvv_05,trimMA342_1200rpm_A__Dvv_05:186000,186000,189000,4,1,3000,1200
k2,train,trimMA342_1200rpm_A__Dvv_05,trimMA342_1200rpm_A__Dvv_05:189000,189000,192000,4,1,3000,1200
k2,train,trimMA342_1200rpm_A__Dvv_05,trimMA342_1200rpm_A__Dvv_05:192000,192000,195000,4,1,3000,1200
k2,train,trimMA342_1200rpm_A__Dvv_05,trimMA342_1200rpm_A__Dvv_05:195000,195000,198000,4,1,3000,1200
k2,train,trimMA342_1200rpm_A__Dvv_05,trimMA342_1200rpm_A__Dvv_05:198000,198000,201000,4,1,3000,1200
k2,train,trimMA342_1200rpm_A__Dvv_05,trimMA342_1200rpm_A__Dvv_05:201000,201000,204000,4,1,3000,1200
k2,train,trimMA342_1200rpm_A__Dvv_05,trimMA342_1200rpm_A__Dvv_05:204000,204000,207000,4,1,3000,1200
k2,train,trimMA342_1200rpm_A__Dvv_05,trimMA342_1200rpm_A__Dvv_05:207000,207000,210000,4,1,3000,1200
k2,train,trimMA342_1200rpm_A__Dvv_05,trimMA342_1200rpm_A__Dvv_05:210000,210000,213000,4,1,3000,1200
k2,train,trimMA342_1200rpm_A__Dvv_05,trimMA342_1200rpm_A__Dvv_05:213000,213000,216000,4,1,3000,1200
k2,train,trimMA342_1200rpm_A__Dvv_05,trimMA342_1200rpm_A__Dvv_05:216000,216000,219000,4,1,3000,1200
k2,train,trimMA342_1200rpm_A__Dvv_05,trimMA342_1200rpm_A__Dvv_05:219000,219000,222000,4,1,3000,1200
k2,train,trimMA342_1200rpm_A__Dvv_05,trimMA342_1200rpm_A__Dvv_05:222000,222000,225000,4,1,3000,1200
k2,train,trimMA342_1200rpm_A__Dvv_05,trimMA342_1200rpm_A__Dvv_05:225000,225000,228000,4,1,3000,1200
k2,train,trimMA342_1200rpm_A__Dvv_05,trimMA342_1200rpm_A__Dvv_05:228000,228000,231000,4,1,3000,1200
k2,train,trimMA342_1200rpm_A__Dvv_05,trimMA342_1200rpm_A__Dvv_05:231000,231000,234000,4,1,3000,1200
k2,train,trimMA342_1200rpm_A__Dvv_05,trimMA342_1200rpm_A__Dvv_05:234000,234000,237000,4,1,3000,1200
k2,train,trimMA342_1200rpm_A__Dvv_05,trimMA342_1200rpm_A__Dvv_05:237000,237000,240000,4,1,3000,1200
k2,train,trimMA342_1200rpm_A__Dvv_05,trimMA342_1200rpm_A__Dvv_05:240000,240000,243000,4,1,3000,1200
k2,train,trimMA342_1200rpm_A__Dvv_05,trimMA342_1200rpm_A__Dvv_05:243000,243000,246000,4,1,3000,1200
k2,train,trimMA342_1200rpm_A__Dvv_05,trimMA342_1200rpm_A__Dvv_05:246000,246000,249000,4,1,3000,1200
k2,train,trimMA342_1200rpm_A__Dvv_05,trimMA342_1200rpm_A__Dvv_05:249000,249000,252000,4,1,3000,1200
k2,train,trimMA342_1200rpm_A__Dvv_05,trimMA342_1200rpm_A__Dvv_05:252000,252000,255000,4,1,3000,1200
k2,train,trimMA342_1200rpm_A__Dvv_05,trimMA342_1200rpm_A__Dvv_05:255000,255000,258000,4,1,3000,1200
k2,train,trimMA342_1200rpm_A__Dvv_05,trimMA342_1200rpm_A__Dvv_05:258000,258000,261000,4,1,3000,1200
k2,train,trimMA342_1200rpm_A__Dvv_05,trimMA342_1200rpm_A__Dvv_05:261000,261000,264000,4,1,3000,1200
k2,train,trimMA342_1200rpm_A__Dvv_05,trimMA342_1200rpm_A__Dvv_05:264000,264000,267000,4,1,3000,1200
k2,train,trimMA342_1200rpm_A__Dvv_05,trimMA342_1200rpm_A__Dvv_05:267000,267000,270000,4,1,3000,1200
k2,train,trimMA342_1200rpm_A__Dvv_05,trimMA342_1200rpm_A__Dvv_05:270000,270000,273000,4,1,3000,1200
k2,train,trimMA342_1200rpm_A__Dvv_05,trimMA342_1200rpm_A__Dvv_05:273000,273000,276000,4,1,3000,1200
k2,train,trimMA342_1200rpm_A__Dvv_05,trimMA342_1200rpm_A__Dvv_05:276000,276000,279000,4,1,3000,1200
k2,train,trimMA342_1200rpm_A__Dvv_05,trimMA342_1200rpm_A__Dvv_05:279000,279000,282000,4,1,3000,1200
k2,train,trimMA342_1200rpm_Avv__D_05,trimMA342_1200rpm_Avv__D_05:0,0,3000,3,1,3000,1200
k2,train,trimMA342_1200rpm_Avv__D_05,trimMA342_1200rpm_Avv__D_05:3000,3000,6000,3,1,3000,1200
k2,train,trimMA342_1200rpm_Avv__D_05,trimMA342_1200rpm_Avv__D_05:6000,6000,9000,3,1,3000,1200
k2,train,trimMA342_1200rpm_Avv__D_05,trimMA342_1200rpm_Avv__D_05:9000,9000,12000,3,1,3000,1200
k2,train,trimMA342_1200rpm_Avv__D_05,trimMA342_1200rpm_Avv__D_05:12000,12000,15000,3,1,3000,1200
k2,train,trimMA342_1200rpm_Avv__D_05,trimMA342_1200rpm_Avv__D_05:15000,15000,18000,3,1,3000,1200
k2,train,trimMA342_1200rpm_Avv__D_05,trimMA342_1200rpm_Avv__D_05:18000,18000,21000,3,1,3000,1200
k2,train,trimMA342_1200rpm_Avv__D_05,trimMA342_1200rpm_Avv__D_05:21000,21000,24000,3,1,3000,1200
k2,train,trimMA342_1200rpm_Avv__D_05,trimMA342_1200rpm_Avv__D_05:24000,24000,27000,3,1,3000,1200
k2,train,trimMA342_1200rpm_Avv__D_05,trimMA342_1200rpm_Avv__D_05:27000,27000,30000,3,1,3000,1200
k2,train,trimMA342_1200rpm_Avv__D_05,trimMA342_1200rpm_Avv__D_05:30000,30000,33000,3,1,3000,1200
k2,train,trimMA342_1200rpm_Avv__D_05,trimMA342_1200rpm_Avv__D_05:33000,33000,36000,3,1,3000,1200
k2,train,trimMA342_1200rpm_Avv__D_05,trimMA342_1200rpm_Avv__D_05:36000,36000,39000,3,1,3000,1200
k2,train,trimMA342_1200rpm_Avv__D_05,trimMA342_1200rpm_Avv__D_05:39000,39000,42000,3,1,3000,1200
k2,train,trimMA342_1200rpm_Avv__D_05,trimMA342_1200rpm_Avv__D_05:42000,42000,45000,3,1,3000,1200
k2,train,trimMA342_1200rpm_Avv__D_05,trimMA342_1200rpm_Avv__D_05:45000,45000,48000,3,1,3000,1200
k2,train,trimMA342_1200rpm_Avv__D_05,trimMA342_1200rpm_Avv__D_05:48000,48000,51000,3,1,3000,1200
k2,train,trimMA342_1200rpm_Avv__D_05,trimMA342_1200rpm_Avv__D_05:51000,51000,54000,3,1,3000,1200
k2,train,trimMA342_1200rpm_Avv__D_05,trimMA342_1200rpm_Avv__D_05:54000,54000,57000,3,1,3000,1200
k2,train,trimMA342_1200rpm_Avv__D_05,trimMA342_1200rpm_Avv__D_05:57000,57000,60000,3,1,3000,1200
k2,train,trimMA342_1200rpm_Avv__D_05,trimMA342_1200rpm_Avv__D_05:60000,60000,63000,3,1,3000,1200
k2,train,trimMA342_1200rpm_Avv__D_05,trimMA342_1200rpm_Avv__D_05:63000,63000,66000,3,1,3000,1200
k2,train,trimMA342_1200rpm_Avv__D_05,trimMA342_1200rpm_Avv__D_05:66000,66000,69000,3,1,3000,1200
k2,train,trimMA342_1200rpm_Avv__D_05,trimMA342_1200rpm_Avv__D_05:69000,69000,72000,3,1,3000,1200
k2,train,trimMA342_1200rpm_Avv__D_05,trimMA342_1200rpm_Avv__D_05:72000,72000,75000,3,1,3000,1200
k2,train,trimMA342_1200rpm_Avv__D_05,trimMA342_1200rpm_Avv__D_05:75000,75000,78000,3,1,3000,1200
k2,train,trimMA342_1200rpm_Avv__D_05,trimMA342_1200rpm_Avv__D_05:78000,78000,81000,3,1,3000,1200
k2,train,trimMA342_1200rpm_Avv__D_05,trimMA342_1200rpm_Avv__D_05:81000,81000,84000,3,1,3000,1200
k2,train,trimMA342_1200rpm_Avv__D_05,trimMA342_1200rpm_Avv__D_05:84000,84000,87000,3,1,3000,1200
k2,train,trimMA342_1200rpm_Avv__D_05,trimMA342_1200rpm_Avv__D_05:87000,87000,90000,3,1,3000,1200
k2,train,trimMA342_1200rpm_Avv__D_05,trimMA342_1200rpm_Avv__D_05:90000,90000,93000,3,1,3000,1200
k2,train,trimMA342_1200rpm_Avv__D_05,trimMA342_1200rpm_Avv__D_05:93000,93000,96000,3,1,3000,1200
k2,train,trimMA342_1200rpm_Avv__D_05,trimMA342_1200rpm_Avv__D_05:96000,96000,99000,3,1,3000,1200
k2,train,trimMA342_1200rpm_Avv__D_05,trimMA342_1200rpm_Avv__D_05:99000,99000,102000,3,1,3000,1200
k2,train,trimMA342_1200rpm_Avv__D_05,trimMA342_1200rpm_Avv__D_05:102000,102000,105000,3,1,3000,1200
k2,train,trimMA342_1200rpm_Avv__D_05,trimMA342_1200rpm_Avv__D_05:105000,105000,108000,3,1,3000,1200
k2,train,trimMA342_1200rpm_Avv__D_05,trimMA342_1200rpm_Avv__D_05:108000,108000,111000,3,1,3000,1200
k2,train,trimMA342_1200rpm_Avv__D_05,trimMA342_1200rpm_Avv__D_05:111000,111000,114000,3,1,3000,1200
k2,train,trimMA342_1200rpm_Avv__D_05,trimMA342_1200rpm_Avv__D_05:114000,114000,117000,3,1,3000,1200
k2,train,trimMA342_1200rpm_Avv__D_05,trimMA342_1200rpm_Avv__D_05:117000,117000,120000,3,1,3000,1200
k2,train,trimMA342_1200rpm_Avv__D_05,trimMA342_1200rpm_Avv__D_05:120000,120000,123000,3,1,3000,1200
k2,train,trimMA342_1200rpm_Avv__D_05,trimMA342_1200rpm_Avv__D_05:123000,123000,126000,3,1,3000,1200
k2,train,trimMA342_1200rpm_Avv__D_05,trimMA342_1200rpm_Avv__D_05:126000,126000,129000,3,1,3000,1200
k2,train,trimMA342_1200rpm_Avv__D_05,trimMA342_1200rpm_Avv__D_05:129000,129000,132000,3,1,3000,1200
k2,train,trimMA342_1200rpm_Avv__D_05,trimMA342_1200rpm_Avv__D_05:132000,132000,135000,3,1,3000,1200
k2,train,trimMA342_1200rpm_Avv__D_05,trimMA342_1200rpm_Avv__D_05:135000,135000,138000,3,1,3000,1200
k2,train,trimMA342_1200rpm_Avv__D_05,trimMA342_1200rpm_Avv__D_05:138000,138000,141000,3,1,3000,1200
k2,train,trimMA342_1200rpm_Avv__D_05,trimMA342_1200rpm_Avv__D_05:141000,141000,144000,3,1,3000,1200
k2,train,trimMA342_1200rpm_Avv__D_05,trimMA342_1200rpm_Avv__D_05:144000,144000,147000,3,1,3000,1200
k2,train,trimMA342_1200rpm_Avv__D_05,trimMA342_1200rpm_Avv__D_05:147000,147000,150000,3,1,3000,1200
k2,train,trimMA342_1200rpm_Avv__D_05,trimMA342_1200rpm_Avv__D_05:150000,150000,153000,3,1,3000,1200
k2,train,trimMA342_1200rpm_Avv__D_05,trimMA342_1200rpm_Avv__D_05:153000,153000,156000,3,1,3000,1200
k2,train,trimMA342_1200rpm_Avv__D_05,trimMA342_1200rpm_Avv__D_05:156000,156000,159000,3,1,3000,1200
k2,train,trimMA342_1200rpm_Avv__D_05,trimMA342_1200rpm_Avv__D_05:159000,159000,162000,3,1,3000,1200
k2,train,trimMA342_1200rpm_Avv__D_05,trimMA342_1200rpm_Avv__D_05:162000,162000,165000,3,1,3000,1200
k2,train,trimMA342_1200rpm_Avv__D_05,trimMA342_1200rpm_Avv__D_05:165000,165000,168000,3,1,3000,1200
k2,train,trimMA342_1200rpm_Avv__D_05,trimMA342_1200rpm_Avv__D_05:168000,168000,171000,3,1,3000,1200
k2,train,trimMA342_1200rpm_Avv__D_05,trimMA342_1200rpm_Avv__D_05:171000,171000,174000,3,1,3000,1200
k2,train,trimMA342_1200rpm_Avv__D_05,trimMA342_1200rpm_Avv__D_05:174000,174000,177000,3,1,3000,1200
k2,train,trimMA342_1200rpm_Avv__D_05,trimMA342_1200rpm_Avv__D_05:177000,177000,180000,3,1,3000,1200
k2,train,trimMA342_1200rpm_Avv__D_05,trimMA342_1200rpm_Avv__D_05:180000,180000,183000,3,1,3000,1200
k2,train,trimMA342_1200rpm_Avv__D_05,trimMA342_1200rpm_Avv__D_05:183000,183000,186000,3,1,3000,1200
k2,train,trimMA342_1200rpm_Avv__D_05,trimMA342_1200rpm_Avv__D_05:186000,186000,189000,3,1,3000,1200
k2,train,trimMA342_1200rpm_Avv__D_05,trimMA342_1200rpm_Avv__D_05:189000,189000,192000,3,1,3000,1200
k2,train,trimMA342_1200rpm_Avv__D_05,trimMA342_1200rpm_Avv__D_05:192000,192000,195000,3,1,3000,1200
k2,train,trimMA342_1200rpm_Avv__D_05,trimMA342_1200rpm_Avv__D_05:195000,195000,198000,3,1,3000,1200
k2,train,trimMA342_1200rpm_Avv__D_05,trimMA342_1200rpm_Avv__D_05:198000,198000,201000,3,1,3000,1200
k2,train,trimMA342_1200rpm_Avv__D_05,trimMA342_1200rpm_Avv__D_05:201000,201000,204000,3,1,3000,1200
k2,train,trimMA342_1200rpm_Avv__D_05,trimMA342_1200rpm_Avv__D_05:204000,204000,207000,3,1,3000,1200
k2,train,trimMA342_1200rpm_Avv__D_05,trimMA342_1200rpm_Avv__D_05:207000,207000,210000,3,1,3000,1200
k2,train,trimMA342_1200rpm_Avv__D_05,trimMA342_1200rpm_Avv__D_05:210000,210000,213000,3,1,3000,1200
k2,train,trimMA342_1200rpm_Avv__D_05,trimMA342_1200rpm_Avv__D_05:213000,213000,216000,3,1,3000,1200
k2,train,trimMA342_1200rpm_Avv__D_05,trimMA342_1200rpm_Avv__D_05:216000,216000,219000,3,1,3000,1200
k2,train,trimMA342_1200rpm_Avv__D_05,trimMA342_1200rpm_Avv__D_05:219000,219000,222000,3,1,3000,1200
k2,train,trimMA342_1200rpm_Avv__D_05,trimMA342_1200rpm_Avv__D_05:222000,222000,225000,3,1,3000,1200
k2,train,trimMA342_1200rpm_Avv__D_05,trimMA342_1200rpm_Avv__D_05:225000,225000,228000,3,1,3000,1200
k2,train,trimMA342_1200rpm_Avv__D_05,trimMA342_1200rpm_Avv__D_05:228000,228000,231000,3,1,3000,1200
k2,train,trimMA342_1200rpm_Avv__D_05,trimMA342_1200rpm_Avv__D_05:231000,231000,234000,3,1,3000,1200
k2,train,trimMA342_1200rpm_Avv__D_05,trimMA342_1200rpm_Avv__D_05:234000,234000,237000,3,1,3000,1200
k2,train,trimMA342_1200rpm_Avv__D_05,trimMA342_1200rpm_Avv__D_05:237000,237000,240000,3,1,3000,1200
k2,train,trimMA342_1200rpm_Avv__D_05,trimMA342_1200rpm_Avv__D_05:240000,240000,243000,3,1,3000,1200
k2,train,trimMA342_1200rpm_Avv__D_05,trimMA342_1200rpm_Avv__D_05:243000,243000,246000,3,1,3000,1200
k2,train,trimMA342_1200rpm_Avv__D_05,trimMA342_1200rpm_Avv__D_05:246000,246000,249000,3,1,3000,1200
k2,train,trimMA342_1200rpm_Avv__D_05,trimMA342_1200rpm_Avv__D_05:249000,249000,252000,3,1,3000,1200
k2,train,trimMA342_1200rpm_Avv__D_05,trimMA342_1200rpm_Avv__D_05:252000,252000,255000,3,1,3000,1200
k2,train,trimMA342_1200rpm_Avv__D_05,trimMA342_1200rpm_Avv__D_05:255000,255000,258000,3,1,3000,1200
k2,train,trimMA342_1200rpm_Avv__D_05,trimMA342_1200rpm_Avv__D_05:258000,258000,261000,3,1,3000,1200
k2,train,trimMA342_1200rpm_Avv__D_05,trimMA342_1200rpm_Avv__D_05:261000,261000,264000,3,1,3000,1200
k2,train,trimMA342_1200rpm_Avv__D_05,trimMA342_1200rpm_Avv__D_05:264000,264000,267000,3,1,3000,1200
k2,train,trimMA342_1200rpm_Avv__D_05,trimMA342_1200rpm_Avv__D_05:267000,267000,270000,3,1,3000,1200
k2,train,trimMA342_1200rpm_Avv__D_05,trimMA342_1200rpm_Avv__D_05:270000,270000,273000,3,1,3000,1200
k2,train,trimMA342_1200rpm_Avv__D_05,trimMA342_1200rpm_Avv__D_05:273000,273000,276000,3,1,3000,1200
k2,train,trimMA342_1200rpm_Avv__D_05,trimMA342_1200rpm_Avv__D_05:276000,276000,279000,3,1,3000,1200
k2,train,trimMA342_1200rpm_Avv__D_05,trimMA342_1200rpm_Avv__D_05:279000,279000,282000,3,1,3000,1200
k2,train,trimMA342_1200rpm_Avv__D_11,trimMA342_1200rpm_Avv__D_11:0,0,3000,3,1,3000,1200
k2,train,trimMA342_1200rpm_Avv__D_11,trimMA342_1200rpm_Avv__D_11:3000,3000,6000,3,1,3000,1200
k2,train,trimMA342_1200rpm_Avv__D_11,trimMA342_1200rpm_Avv__D_11:6000,6000,9000,3,1,3000,1200
k2,train,trimMA342_1200rpm_Avv__D_11,trimMA342_1200rpm_Avv__D_11:9000,9000,12000,3,1,3000,1200
k2,train,trimMA342_1200rpm_Avv__D_11,trimMA342_1200rpm_Avv__D_11:12000,12000,15000,3,1,3000,1200
k2,train,trimMA342_1200rpm_Avv__D_11,trimMA342_1200rpm_Avv__D_11:15000,15000,18000,3,1,3000,1200
k2,train,trimMA342_1200rpm_Avv__D_11,trimMA342_1200rpm_Avv__D_11:18000,18000,21000,3,1,3000,1200
k2,train,trimMA342_1200rpm_Avv__D_11,trimMA342_1200rpm_Avv__D_11:21000,21000,24000,3,1,3000,1200
k2,train,trimMA342_1200rpm_Avv__D_11,trimMA342_1200rpm_Avv__D_11:24000,24000,27000,3,1,3000,1200
k2,train,trimMA342_1200rpm_Avv__D_11,trimMA342_1200rpm_Avv__D_11:27000,27000,30000,3,1,3000,1200
k2,train,trimMA342_1200rpm_Avv__D_11,trimMA342_1200rpm_Avv__D_11:30000,30000,33000,3,1,3000,1200
k2,train,trimMA342_1200rpm_Avv__D_11,trimMA342_1200rpm_Avv__D_11:33000,33000,36000,3,1,3000,1200
k2,train,trimMA342_1200rpm_Avv__D_11,trimMA342_1200rpm_Avv__D_11:36000,36000,39000,3,1,3000,1200
k2,train,trimMA342_1200rpm_Avv__D_11,trimMA342_1200rpm_Avv__D_11:39000,39000,42000,3,1,3000,1200
k2,train,trimMA342_1200rpm_Avv__D_11,trimMA342_1200rpm_Avv__D_11:42000,42000,45000,3,1,3000,1200
k2,train,trimMA342_1200rpm_Avv__D_11,trimMA342_1200rpm_Avv__D_11:45000,45000,48000,3,1,3000,1200
k2,train,trimMA342_1200rpm_Avv__D_11,trimMA342_1200rpm_Avv__D_11:48000,48000,51000,3,1,3000,1200
k2,train,trimMA342_1200rpm_Avv__D_11,trimMA342_1200rpm_Avv__D_11:51000,51000,54000,3,1,3000,1200
k2,train,trimMA342_1200rpm_Avv__D_11,trimMA342_1200rpm_Avv__D_11:54000,54000,57000,3,1,3000,1200
k2,train,trimMA342_1200rpm_Avv__D_11,trimMA342_1200rpm_Avv__D_11:57000,57000,60000,3,1,3000,1200
k2,train,trimMA342_1200rpm_Avv__D_11,trimMA342_1200rpm_Avv__D_11:60000,60000,63000,3,1,3000,1200
k2,train,trimMA342_1200rpm_Avv__D_11,trimMA342_1200rpm_Avv__D_11:63000,63000,66000,3,1,3000,1200
k2,train,trimMA342_1200rpm_Avv__D_11,trimMA342_1200rpm_Avv__D_11:66000,66000,69000,3,1,3000,1200
k2,train,trimMA342_1200rpm_Avv__D_11,trimMA342_1200rpm_Avv__D_11:69000,69000,72000,3,1,3000,1200
k2,train,trimMA342_1200rpm_Avv__D_11,trimMA342_1200rpm_Avv__D_11:72000,72000,75000,3,1,3000,1200
k2,train,trimMA342_1200rpm_Avv__D_11,trimMA342_1200rpm_Avv__D_11:75000,75000,78000,3,1,3000,1200
k2,train,trimMA342_1200rpm_Avv__D_11,trimMA342_1200rpm_Avv__D_11:78000,78000,81000,3,1,3000,1200
k2,train,trimMA342_1200rpm_Avv__D_11,trimMA342_1200rpm_Avv__D_11:81000,81000,84000,3,1,3000,1200
k2,train,trimMA342_1200rpm_Avv__D_11,trimMA342_1200rpm_Avv__D_11:84000,84000,87000,3,1,3000,1200
k2,train,trimMA342_1200rpm_Avv__D_11,trimMA342_1200rpm_Avv__D_11:87000,87000,90000,3,1,3000,1200
k2,train,trimMA342_1200rpm_Avv__D_11,trimMA342_1200rpm_Avv__D_11:90000,90000,93000,3,1,3000,1200
k2,train,trimMA342_1200rpm_Avv__D_11,trimMA342_1200rpm_Avv__D_11:93000,93000,96000,3,1,3000,1200
k2,train,trimMA342_1200rpm_Avv__D_11,trimMA342_1200rpm_Avv__D_11:96000,96000,99000,3,1,3000,1200
k2,train,trimMA342_1200rpm_Avv__D_11,trimMA342_1200rpm_Avv__D_11:99000,99000,102000,3,1,3000,1200
k2,train,trimMA342_1200rpm_Avv__D_11,trimMA342_1200rpm_Avv__D_11:102000,102000,105000,3,1,3000,1200
k2,train,trimMA342_1200rpm_Avv__D_11,trimMA342_1200rpm_Avv__D_11:105000,105000,108000,3,1,3000,1200
k2,train,trimMA342_1200rpm_Avv__D_11,trimMA342_1200rpm_Avv__D_11:108000,108000,111000,3,1,3000,1200
k2,train,trimMA342_1200rpm_Avv__D_11,trimMA342_1200rpm_Avv__D_11:111000,111000,114000,3,1,3000,1200
k2,train,trimMA342_1200rpm_Avv__D_11,trimMA342_1200rpm_Avv__D_11:114000,114000,117000,3,1,3000,1200
k2,train,trimMA342_1200rpm_Avv__D_11,trimMA342_1200rpm_Avv__D_11:117000,117000,120000,3,1,3000,1200
k2,train,trimMA342_1200rpm_Avv__D_11,trimMA342_1200rpm_Avv__D_11:120000,120000,123000,3,1,3000,1200
k2,train,trimMA342_1200rpm_Avv__D_11,trimMA342_1200rpm_Avv__D_11:123000,123000,126000,3,1,3000,1200
k2,train,trimMA342_1200rpm_Avv__D_11,trimMA342_1200rpm_Avv__D_11:126000,126000,129000,3,1,3000,1200
k2,train,trimMA342_1200rpm_Avv__D_11,trimMA342_1200rpm_Avv__D_11:129000,129000,132000,3,1,3000,1200
k2,train,trimMA342_1200rpm_Avv__D_11,trimMA342_1200rpm_Avv__D_11:132000,132000,135000,3,1,3000,1200
k2,train,trimMA342_1200rpm_Avv__D_11,trimMA342_1200rpm_Avv__D_11:135000,135000,138000,3,1,3000,1200
k2,train,trimMA342_1200rpm_Avv__D_11,trimMA342_1200rpm_Avv__D_11:138000,138000,141000,3,1,3000,1200
k2,train,trimMA342_1200rpm_Avv__D_11,trimMA342_1200rpm_Avv__D_11:141000,141000,144000,3,1,3000,1200
k2,train,trimMA342_1200rpm_Avv__D_11,trimMA342_1200rpm_Avv__D_11:144000,144000,147000,3,1,3000,1200
k2,train,trimMA342_1200rpm_Avv__D_11,trimMA342_1200rpm_Avv__D_11:147000,147000,150000,3,1,3000,1200
k2,train,trimMA342_1200rpm_Avv__D_11,trimMA342_1200rpm_Avv__D_11:150000,150000,153000,3,1,3000,1200
k2,train,trimMA342_1200rpm_Avv__D_11,trimMA342_1200rpm_Avv__D_11:153000,153000,156000,3,1,3000,1200
k2,train,trimMA342_1200rpm_Avv__D_11,trimMA342_1200rpm_Avv__D_11:156000,156000,159000,3,1,3000,1200
k2,train,trimMA342_1200rpm_Avv__D_11,trimMA342_1200rpm_Avv__D_11:159000,159000,162000,3,1,3000,1200
k2,train,trimMA342_1200rpm_Avv__D_11,trimMA342_1200rpm_Avv__D_11:162000,162000,165000,3,1,3000,1200
k2,train,trimMA342_1200rpm_Avv__D_11,trimMA342_1200rpm_Avv__D_11:165000,165000,168000,3,1,3000,1200
k2,train,trimMA342_1200rpm_Avv__D_11,trimMA342_1200rpm_Avv__D_11:168000,168000,171000,3,1,3000,1200
k2,train,trimMA342_1200rpm_Avv__D_11,trimMA342_1200rpm_Avv__D_11:171000,171000,174000,3,1,3000,1200
k2,train,trimMA342_1200rpm_Avv__D_11,trimMA342_1200rpm_Avv__D_11:174000,174000,177000,3,1,3000,1200
k2,train,trimMA342_1200rpm_Avv__D_11,trimMA342_1200rpm_Avv__D_11:177000,177000,180000,3,1,3000,1200
k2,train,trimMA342_1200rpm_Avv__D_11,trimMA342_1200rpm_Avv__D_11:180000,180000,183000,3,1,3000,1200
k2,train,trimMA342_1200rpm_Avv__D_11,trimMA342_1200rpm_Avv__D_11:183000,183000,186000,3,1,3000,1200
k2,train,trimMA342_1200rpm_Avv__D_11,trimMA342_1200rpm_Avv__D_11:186000,186000,189000,3,1,3000,1200
k2,train,trimMA342_1200rpm_Avv__D_11,trimMA342_1200rpm_Avv__D_11:189000,189000,192000,3,1,3000,1200
k2,train,trimMA342_1200rpm_Avv__D_11,trimMA342_1200rpm_Avv__D_11:192000,192000,195000,3,1,3000,1200
k2,train,trimMA342_1200rpm_Avv__D_11,trimMA342_1200rpm_Avv__D_11:195000,195000,198000,3,1,3000,1200
k2,train,trimMA342_1200rpm_Avv__D_11,trimMA342_1200rpm_Avv__D_11:198000,198000,201000,3,1,3000,1200
k2,train,trimMA342_1200rpm_Avv__D_11,trimMA342_1200rpm_Avv__D_11:201000,201000,204000,3,1,3000,1200
k2,train,trimMA342_1200rpm_Avv__D_11,trimMA342_1200rpm_Avv__D_11:204000,204000,207000,3,1,3000,1200
k2,train,trimMA342_1200rpm_Avv__D_11,trimMA342_1200rpm_Avv__D_11:207000,207000,210000,3,1,3000,1200
k2,train,trimMA342_1200rpm_Avv__D_11,trimMA342_1200rpm_Avv__D_11:210000,210000,213000,3,1,3000,1200
k2,train,trimMA342_1200rpm_Avv__D_11,trimMA342_1200rpm_Avv__D_11:213000,213000,216000,3,1,3000,1200
k2,train,trimMA342_1200rpm_Avv__D_11,trimMA342_1200rpm_Avv__D_11:216000,216000,219000,3,1,3000,1200
k2,train,trimMA342_1200rpm_Avv__D_11,trimMA342_1200rpm_Avv__D_11:219000,219000,222000,3,1,3000,1200
k2,train,trimMA342_1200rpm_Avv__D_11,trimMA342_1200rpm_Avv__D_11:222000,222000,225000,3,1,3000,1200
k2,train,trimMA342_1200rpm_Avv__D_11,trimMA342_1200rpm_Avv__D_11:225000,225000,228000,3,1,3000,1200
k2,train,trimMA342_1200rpm_Avv__D_11,trimMA342_1200rpm_Avv__D_11:228000,228000,231000,3,1,3000,1200
k2,train,trimMA342_1200rpm_Avv__D_11,trimMA342_1200rpm_Avv__D_11:231000,231000,234000,3,1,3000,1200
k2,train,trimMA342_1200rpm_Avv__D_11,trimMA342_1200rpm_Avv__D_11:234000,234000,237000,3,1,3000,1200
k2,train,trimMA342_1200rpm_Avv__D_11,trimMA342_1200rpm_Avv__D_11:237000,237000,240000,3,1,3000,1200
k2,train,trimMA342_1200rpm_Avv__D_11,trimMA342_1200rpm_Avv__D_11:240000,240000,243000,3,1,3000,1200
k2,train,trimMA342_1200rpm_Avv__D_11,trimMA342_1200rpm_Avv__D_11:243000,243000,246000,3,1,3000,1200
k2,train,trimMA342_1200rpm_Avv__D_11,trimMA342_1200rpm_Avv__D_11:246000,246000,249000,3,1,3000,1200
k2,train,trimMA342_1200rpm_Avv__D_11,trimMA342_1200rpm_Avv__D_11:249000,249000,252000,3,1,3000,1200
k2,train,trimMA342_1200rpm_Avv__D_11,trimMA342_1200rpm_Avv__D_11:252000,252000,255000,3,1,3000,1200
k2,train,trimMA342_1200rpm_Avv__D_11,trimMA342_1200rpm_Avv__D_11:255000,255000,258000,3,1,3000,1200
k2,train,trimMA342_1200rpm_Avv__D_11,trimMA342_1200rpm_Avv__D_11:258000,258000,261000,3,1,3000,1200
k2,train,trimMA342_1200rpm_Avv__D_11,trimMA342_1200rpm_Avv__D_11:261000,261000,264000,3,1,3000,1200
k2,train,trimMA342_1200rpm_Avv__D_11,trimMA342_1200rpm_Avv__D_11:264000,264000,267000,3,1,3000,1200
k2,train,trimMA342_1200rpm_Avv__D_11,trimMA342_1200rpm_Avv__D_11:267000,267000,270000,3,1,3000,1200
k2,train,trimMA342_1200rpm_Avv__D_11,trimMA342_1200rpm_Avv__D_11:270000,270000,273000,3,1,3000,1200
k2,train,trimMA342_1200rpm_Avv__D_11,trimMA342_1200rpm_Avv__D_11:273000,273000,276000,3,1,3000,1200
k2,train,trimMA342_1200rpm_Avv__D_11,trimMA342_1200rpm_Avv__D_11:276000,276000,279000,3,1,3000,1200
k2,train,trimMA342_1200rpm_Avv__D_11,trimMA342_1200rpm_Avv__D_11:279000,279000,282000,3,1,3000,1200
k2,train,trimMA342_1200rpm_Avv__Dvv_04,trimMA342_1200rpm_Avv__Dvv_04:0,0,3000,5,1,3000,1200
k2,train,trimMA342_1200rpm_Avv__Dvv_04,trimMA342_1200rpm_Avv__Dvv_04:3000,3000,6000,5,1,3000,1200
k2,train,trimMA342_1200rpm_Avv__Dvv_04,trimMA342_1200rpm_Avv__Dvv_04:6000,6000,9000,5,1,3000,1200
k2,train,trimMA342_1200rpm_Avv__Dvv_04,trimMA342_1200rpm_Avv__Dvv_04:9000,9000,12000,5,1,3000,1200
k2,train,trimMA342_1200rpm_Avv__Dvv_04,trimMA342_1200rpm_Avv__Dvv_04:12000,12000,15000,5,1,3000,1200
k2,train,trimMA342_1200rpm_Avv__Dvv_04,trimMA342_1200rpm_Avv__Dvv_04:15000,15000,18000,5,1,3000,1200
k2,train,trimMA342_1200rpm_Avv__Dvv_04,trimMA342_1200rpm_Avv__Dvv_04:18000,18000,21000,5,1,3000,1200
k2,train,trimMA342_1200rpm_Avv__Dvv_04,trimMA342_1200rpm_Avv__Dvv_04:21000,21000,24000,5,1,3000,1200
k2,train,trimMA342_1200rpm_Avv__Dvv_04,trimMA342_1200rpm_Avv__Dvv_04:24000,24000,27000,5,1,3000,1200
k2,train,trimMA342_1200rpm_Avv__Dvv_04,trimMA342_1200rpm_Avv__Dvv_04:27000,27000,30000,5,1,3000,1200
k2,train,trimMA342_1200rpm_Avv__Dvv_04,trimMA342_1200rpm_Avv__Dvv_04:30000,30000,33000,5,1,3000,1200
k2,train,trimMA342_1200rpm_Avv__Dvv_04,trimMA342_1200rpm_Avv__Dvv_04:33000,33000,36000,5,1,3000,1200
k2,train,trimMA342_1200rpm_Avv__Dvv_04,trimMA342_1200rpm_Avv__Dvv_04:36000,36000,39000,5,1,3000,1200
k2,train,trimMA342_1200rpm_Avv__Dvv_04,trimMA342_1200rpm_Avv__Dvv_04:39000,39000,42000,5,1,3000,1200
k2,train,trimMA342_1200rpm_Avv__Dvv_04,trimMA342_1200rpm_Avv__Dvv_04:42000,42000,45000,5,1,3000,1200
k2,train,trimMA342_1200rpm_Avv__Dvv_04,trimMA342_1200rpm_Avv__Dvv_04:45000,45000,48000,5,1,3000,1200
k2,train,trimMA342_1200rpm_Avv__Dvv_04,trimMA342_1200rpm_Avv__Dvv_04:48000,48000,51000,5,1,3000,1200
k2,train,trimMA342_1200rpm_Avv__Dvv_04,trimMA342_1200rpm_Avv__Dvv_04:51000,51000,54000,5,1,3000,1200
k2,train,trimMA342_1200rpm_Avv__Dvv_04,trimMA342_1200rpm_Avv__Dvv_04:54000,54000,57000,5,1,3000,1200
k2,train,trimMA342_1200rpm_Avv__Dvv_04,trimMA342_1200rpm_Avv__Dvv_04:57000,57000,60000,5,1,3000,1200
k2,train,trimMA342_1200rpm_Avv__Dvv_04,trimMA342_1200rpm_Avv__Dvv_04:60000,60000,63000,5,1,3000,1200
k2,train,trimMA342_1200rpm_Avv__Dvv_04,trimMA342_1200rpm_Avv__Dvv_04:63000,63000,66000,5,1,3000,1200
k2,train,trimMA342_1200rpm_Avv__Dvv_04,trimMA342_1200rpm_Avv__Dvv_04:66000,66000,69000,5,1,3000,1200
k2,train,trimMA342_1200rpm_Avv__Dvv_04,trimMA342_1200rpm_Avv__Dvv_04:69000,69000,72000,5,1,3000,1200
k2,train,trimMA342_1200rpm_Avv__Dvv_04,trimMA342_1200rpm_Avv__Dvv_04:72000,72000,75000,5,1,3000,1200
k2,train,trimMA342_1200rpm_Avv__Dvv_04,trimMA342_1200rpm_Avv__Dvv_04:75000,75000,78000,5,1,3000,1200
k2,train,trimMA342_1200rpm_Avv__Dvv_04,trimMA342_1200rpm_Avv__Dvv_04:78000,78000,81000,5,1,3000,1200
k2,train,trimMA342_1200rpm_Avv__Dvv_04,trimMA342_1200rpm_Avv__Dvv_04:81000,81000,84000,5,1,3000,1200
k2,train,trimMA342_1200rpm_Avv__Dvv_04,trimMA342_1200rpm_Avv__Dvv_04:84000,84000,87000,5,1,3000,1200
k2,train,trimMA342_1200rpm_Avv__Dvv_04,trimMA342_1200rpm_Avv__Dvv_04:87000,87000,90000,5,1,3000,1200
k2,train,trimMA342_1200rpm_Avv__Dvv_04,trimMA342_1200rpm_Avv__Dvv_04:90000,90000,93000,5,1,3000,1200
k2,train,trimMA342_1200rpm_Avv__Dvv_04,trimMA342_1200rpm_Avv__Dvv_04:93000,93000,96000,5,1,3000,1200
k2,train,trimMA342_1200rpm_Avv__Dvv_04,trimMA342_1200rpm_Avv__Dvv_04:96000,96000,99000,5,1,3000,1200
k2,train,trimMA342_1200rpm_Avv__Dvv_04,trimMA342_1200rpm_Avv__Dvv_04:99000,99000,102000,5,1,3000,1200
k2,train,trimMA342_1200rpm_Avv__Dvv_04,trimMA342_1200rpm_Avv__Dvv_04:102000,102000,105000,5,1,3000,1200
k2,train,trimMA342_1200rpm_Avv__Dvv_04,trimMA342_1200rpm_Avv__Dvv_04:105000,105000,108000,5,1,3000,1200
k2,train,trimMA342_1200rpm_Avv__Dvv_04,trimMA342_1200rpm_Avv__Dvv_04:108000,108000,111000,5,1,3000,1200
k2,train,trimMA342_1200rpm_Avv__Dvv_04,trimMA342_1200rpm_Avv__Dvv_04:111000,111000,114000,5,1,3000,1200
k2,train,trimMA342_1200rpm_Avv__Dvv_04,trimMA342_1200rpm_Avv__Dvv_04:114000,114000,117000,5,1,3000,1200
k2,train,trimMA342_1200rpm_Avv__Dvv_04,trimMA342_1200rpm_Avv__Dvv_04:117000,117000,120000,5,1,3000,1200
k2,train,trimMA342_1200rpm_Avv__Dvv_04,trimMA342_1200rpm_Avv__Dvv_04:120000,120000,123000,5,1,3000,1200
k2,train,trimMA342_1200rpm_Avv__Dvv_04,trimMA342_1200rpm_Avv__Dvv_04:123000,123000,126000,5,1,3000,1200
k2,train,trimMA342_1200rpm_Avv__Dvv_04,trimMA342_1200rpm_Avv__Dvv_04:126000,126000,129000,5,1,3000,1200
k2,train,trimMA342_1200rpm_Avv__Dvv_04,trimMA342_1200rpm_Avv__Dvv_04:129000,129000,132000,5,1,3000,1200
k2,train,trimMA342_1200rpm_Avv__Dvv_04,trimMA342_1200rpm_Avv__Dvv_04:132000,132000,135000,5,1,3000,1200
k2,train,trimMA342_1200rpm_Avv__Dvv_04,trimMA342_1200rpm_Avv__Dvv_04:135000,135000,138000,5,1,3000,1200
k2,train,trimMA342_1200rpm_Avv__Dvv_04,trimMA342_1200rpm_Avv__Dvv_04:138000,138000,141000,5,1,3000,1200
k2,train,trimMA342_1200rpm_Avv__Dvv_04,trimMA342_1200rpm_Avv__Dvv_04:141000,141000,144000,5,1,3000,1200
k2,train,trimMA342_1200rpm_Avv__Dvv_04,trimMA342_1200rpm_Avv__Dvv_04:144000,144000,147000,5,1,3000,1200
k2,train,trimMA342_1200rpm_Avv__Dvv_04,trimMA342_1200rpm_Avv__Dvv_04:147000,147000,150000,5,1,3000,1200
k2,train,trimMA342_1200rpm_Avv__Dvv_04,trimMA342_1200rpm_Avv__Dvv_04:150000,150000,153000,5,1,3000,1200
k2,train,trimMA342_1200rpm_Avv__Dvv_04,trimMA342_1200rpm_Avv__Dvv_04:153000,153000,156000,5,1,3000,1200
k2,train,trimMA342_1200rpm_Avv__Dvv_04,trimMA342_1200rpm_Avv__Dvv_04:156000,156000,159000,5,1,3000,1200
k2,train,trimMA342_1200rpm_Avv__Dvv_04,trimMA342_1200rpm_Avv__Dvv_04:159000,159000,162000,5,1,3000,1200
k2,train,trimMA342_1200rpm_Avv__Dvv_04,trimMA342_1200rpm_Avv__Dvv_04:162000,162000,165000,5,1,3000,1200
k2,train,trimMA342_1200rpm_Avv__Dvv_04,trimMA342_1200rpm_Avv__Dvv_04:165000,165000,168000,5,1,3000,1200
k2,train,trimMA342_1200rpm_Avv__Dvv_04,trimMA342_1200rpm_Avv__Dvv_04:168000,168000,171000,5,1,3000,1200
k2,train,trimMA342_1200rpm_Avv__Dvv_04,trimMA342_1200rpm_Avv__Dvv_04:171000,171000,174000,5,1,3000,1200
k2,train,trimMA342_1200rpm_Avv__Dvv_04,trimMA342_1200rpm_Avv__Dvv_04:174000,174000,177000,5,1,3000,1200
k2,train,trimMA342_1200rpm_Avv__Dvv_04,trimMA342_1200rpm_Avv__Dvv_04:177000,177000,180000,5,1,3000,1200
k2,train,trimMA342_1200rpm_Avv__Dvv_04,trimMA342_1200rpm_Avv__Dvv_04:180000,180000,183000,5,1,3000,1200
k2,train,trimMA342_1200rpm_Avv__Dvv_04,trimMA342_1200rpm_Avv__Dvv_04:183000,183000,186000,5,1,3000,1200
k2,train,trimMA342_1200rpm_Avv__Dvv_04,trimMA342_1200rpm_Avv__Dvv_04:186000,186000,189000,5,1,3000,1200
k2,train,trimMA342_1200rpm_Avv__Dvv_04,trimMA342_1200rpm_Avv__Dvv_04:189000,189000,192000,5,1,3000,1200
k2,train,trimMA342_1200rpm_Avv__Dvv_04,trimMA342_1200rpm_Avv__Dvv_04:192000,192000,195000,5,1,3000,1200
k2,train,trimMA342_1200rpm_Avv__Dvv_04,trimMA342_1200rpm_Avv__Dvv_04:195000,195000,198000,5,1,3000,1200
k2,train,trimMA342_1200rpm_Avv__Dvv_04,trimMA342_1200rpm_Avv__Dvv_04:198000,198000,201000,5,1,3000,1200
k2,train,trimMA342_1200rpm_Avv__Dvv_04,trimMA342_1200rpm_Avv__Dvv_04:201000,201000,204000,5,1,3000,1200
k2,train,trimMA342_1200rpm_Avv__Dvv_04,trimMA342_1200rpm_Avv__Dvv_04:204000,204000,207000,5,1,3000,1200
k2,train,trimMA342_1200rpm_Avv__Dvv_04,trimMA342_1200rpm_Avv__Dvv_04:207000,207000,210000,5,1,3000,1200
k2,train,trimMA342_1200rpm_Avv__Dvv_04,trimMA342_1200rpm_Avv__Dvv_04:210000,210000,213000,5,1,3000,1200
k2,train,trimMA342_1200rpm_Avv__Dvv_04,trimMA342_1200rpm_Avv__Dvv_04:213000,213000,216000,5,1,3000,1200
k2,train,trimMA342_1200rpm_Avv__Dvv_04,trimMA342_1200rpm_Avv__Dvv_04:216000,216000,219000,5,1,3000,1200
k2,train,trimMA342_1200rpm_Avv__Dvv_04,trimMA342_1200rpm_Avv__Dvv_04:219000,219000,222000,5,1,3000,1200
k2,train,trimMA342_1200rpm_Avv__Dvv_04,trimMA342_1200rpm_Avv__Dvv_04:222000,222000,225000,5,1,3000,1200
k2,train,trimMA342_1200rpm_Avv__Dvv_04,trimMA342_1200rpm_Avv__Dvv_04:225000,225000,228000,5,1,3000,1200
k2,train,trimMA342_1200rpm_Avv__Dvv_04,trimMA342_1200rpm_Avv__Dvv_04:228000,228000,231000,5,1,3000,1200
k2,train,trimMA342_1200rpm_Avv__Dvv_04,trimMA342_1200rpm_Avv__Dvv_04:231000,231000,234000,5,1,3000,1200
k2,train,trimMA342_1200rpm_Avv__Dvv_04,trimMA342_1200rpm_Avv__Dvv_04:234000,234000,237000,5,1,3000,1200
k2,train,trimMA342_1200rpm_Avv__Dvv_04,trimMA342_1200rpm_Avv__Dvv_04:237000,237000,240000,5,1,3000,1200
k2,train,trimMA342_1200rpm_Avv__Dvv_04,trimMA342_1200rpm_Avv__Dvv_04:240000,240000,243000,5,1,3000,1200
k2,train,trimMA342_1200rpm_Avv__Dvv_04,trimMA342_1200rpm_Avv__Dvv_04:243000,243000,246000,5,1,3000,1200
k2,train,trimMA342_1200rpm_Avv__Dvv_04,trimMA342_1200rpm_Avv__Dvv_04:246000,246000,249000,5,1,3000,1200
k2,train,trimMA342_1200rpm_Avv__Dvv_04,trimMA342_1200rpm_Avv__Dvv_04:249000,249000,252000,5,1,3000,1200
k2,train,trimMA342_1200rpm_Avv__Dvv_04,trimMA342_1200rpm_Avv__Dvv_04:252000,252000,255000,5,1,3000,1200
k2,train,trimMA342_1200rpm_Avv__Dvv_04,trimMA342_1200rpm_Avv__Dvv_04:255000,255000,258000,5,1,3000,1200
k2,train,trimMA342_1200rpm_Avv__Dvv_04,trimMA342_1200rpm_Avv__Dvv_04:258000,258000,261000,5,1,3000,1200
k2,train,trimMA342_1200rpm_Avv__Dvv_04,trimMA342_1200rpm_Avv__Dvv_04:261000,261000,264000,5,1,3000,1200
k2,train,trimMA342_1200rpm_Avv__Dvv_04,trimMA342_1200rpm_Avv__Dvv_04:264000,264000,267000,5,1,3000,1200
k2,train,trimMA342_1200rpm_Avv__Dvv_04,trimMA342_1200rpm_Avv__Dvv_04:267000,267000,270000,5,1,3000,1200
k2,train,trimMA342_1200rpm_Avv__Dvv_04,trimMA342_1200rpm_Avv__Dvv_04:270000,270000,273000,5,1,3000,1200
k2,train,trimMA342_1200rpm_Avv__Dvv_04,trimMA342_1200rpm_Avv__Dvv_04:273000,273000,276000,5,1,3000,1200
k2,train,trimMA342_1200rpm_Avv__Dvv_04,trimMA342_1200rpm_Avv__Dvv_04:276000,276000,279000,5,1,3000,1200
k2,train,trimMA342_1200rpm_Avv__Dvv_04,trimMA342_1200rpm_Avv__Dvv_04:279000,279000,282000,5,1,3000,1200
k2,train,trimMA342_1200rpm_Avv__Dvv_05,trimMA342_1200rpm_Avv__Dvv_05:0,0,3000,5,1,3000,1200
k2,train,trimMA342_1200rpm_Avv__Dvv_05,trimMA342_1200rpm_Avv__Dvv_05:3000,3000,6000,5,1,3000,1200
k2,train,trimMA342_1200rpm_Avv__Dvv_05,trimMA342_1200rpm_Avv__Dvv_05:6000,6000,9000,5,1,3000,1200
k2,train,trimMA342_1200rpm_Avv__Dvv_05,trimMA342_1200rpm_Avv__Dvv_05:9000,9000,12000,5,1,3000,1200
k2,train,trimMA342_1200rpm_Avv__Dvv_05,trimMA342_1200rpm_Avv__Dvv_05:12000,12000,15000,5,1,3000,1200
k2,train,trimMA342_1200rpm_Avv__Dvv_05,trimMA342_1200rpm_Avv__Dvv_05:15000,15000,18000,5,1,3000,1200
k2,train,trimMA342_1200rpm_Avv__Dvv_05,trimMA342_1200rpm_Avv__Dvv_05:18000,18000,21000,5,1,3000,1200
k2,train,trimMA342_1200rpm_Avv__Dvv_05,trimMA342_1200rpm_Avv__Dvv_05:21000,21000,24000,5,1,3000,1200
k2,train,trimMA342_1200rpm_Avv__Dvv_05,trimMA342_1200rpm_Avv__Dvv_05:24000,24000,27000,5,1,3000,1200
k2,train,trimMA342_1200rpm_Avv__Dvv_05,trimMA342_1200rpm_Avv__Dvv_05:27000,27000,30000,5,1,3000,1200
k2,train,trimMA342_1200rpm_Avv__Dvv_05,trimMA342_1200rpm_Avv__Dvv_05:30000,30000,33000,5,1,3000,1200
k2,train,trimMA342_1200rpm_Avv__Dvv_05,trimMA342_1200rpm_Avv__Dvv_05:33000,33000,36000,5,1,3000,1200
k2,train,trimMA342_1200rpm_Avv__Dvv_05,trimMA342_1200rpm_Avv__Dvv_05:36000,36000,39000,5,1,3000,1200
k2,train,trimMA342_1200rpm_Avv__Dvv_05,trimMA342_1200rpm_Avv__Dvv_05:39000,39000,42000,5,1,3000,1200
k2,train,trimMA342_1200rpm_Avv__Dvv_05,trimMA342_1200rpm_Avv__Dvv_05:42000,42000,45000,5,1,3000,1200
k2,train,trimMA342_1200rpm_Avv__Dvv_05,trimMA342_1200rpm_Avv__Dvv_05:45000,45000,48000,5,1,3000,1200
k2,train,trimMA342_1200rpm_Avv__Dvv_05,trimMA342_1200rpm_Avv__Dvv_05:48000,48000,51000,5,1,3000,1200
k2,train,trimMA342_1200rpm_Avv__Dvv_05,trimMA342_1200rpm_Avv__Dvv_05:51000,51000,54000,5,1,3000,1200
k2,train,trimMA342_1200rpm_Avv__Dvv_05,trimMA342_1200rpm_Avv__Dvv_05:54000,54000,57000,5,1,3000,1200
k2,train,trimMA342_1200rpm_Avv__Dvv_05,trimMA342_1200rpm_Avv__Dvv_05:57000,57000,60000,5,1,3000,1200
k2,train,trimMA342_1200rpm_Avv__Dvv_05,trimMA342_1200rpm_Avv__Dvv_05:60000,60000,63000,5,1,3000,1200
k2,train,trimMA342_1200rpm_Avv__Dvv_05,trimMA342_1200rpm_Avv__Dvv_05:63000,63000,66000,5,1,3000,1200
k2,train,trimMA342_1200rpm_Avv__Dvv_05,trimMA342_1200rpm_Avv__Dvv_05:66000,66000,69000,5,1,3000,1200
k2,train,trimMA342_1200rpm_Avv__Dvv_05,trimMA342_1200rpm_Avv__Dvv_05:69000,69000,72000,5,1,3000,1200
k2,train,trimMA342_1200rpm_Avv__Dvv_05,trimMA342_1200rpm_Avv__Dvv_05:72000,72000,75000,5,1,3000,1200
k2,train,trimMA342_1200rpm_Avv__Dvv_05,trimMA342_1200rpm_Avv__Dvv_05:75000,75000,78000,5,1,3000,1200
k2,train,trimMA342_1200rpm_Avv__Dvv_05,trimMA342_1200rpm_Avv__Dvv_05:78000,78000,81000,5,1,3000,1200
k2,train,trimMA342_1200rpm_Avv__Dvv_05,trimMA342_1200rpm_Avv__Dvv_05:81000,81000,84000,5,1,3000,1200
k2,train,trimMA342_1200rpm_Avv__Dvv_05,trimMA342_1200rpm_Avv__Dvv_05:84000,84000,87000,5,1,3000,1200
k2,train,trimMA342_1200rpm_Avv__Dvv_05,trimMA342_1200rpm_Avv__Dvv_05:87000,87000,90000,5,1,3000,1200
k2,train,trimMA342_1200rpm_Avv__Dvv_05,trimMA342_1200rpm_Avv__Dvv_05:90000,90000,93000,5,1,3000,1200
k2,train,trimMA342_1200rpm_Avv__Dvv_05,trimMA342_1200rpm_Avv__Dvv_05:93000,93000,96000,5,1,3000,1200
k2,train,trimMA342_1200rpm_Avv__Dvv_05,trimMA342_1200rpm_Avv__Dvv_05:96000,96000,99000,5,1,3000,1200
k2,train,trimMA342_1200rpm_Avv__Dvv_05,trimMA342_1200rpm_Avv__Dvv_05:99000,99000,102000,5,1,3000,1200
k2,train,trimMA342_1200rpm_Avv__Dvv_05,trimMA342_1200rpm_Avv__Dvv_05:102000,102000,105000,5,1,3000,1200
k2,train,trimMA342_1200rpm_Avv__Dvv_05,trimMA342_1200rpm_Avv__Dvv_05:105000,105000,108000,5,1,3000,1200
k2,train,trimMA342_1200rpm_Avv__Dvv_05,trimMA342_1200rpm_Avv__Dvv_05:108000,108000,111000,5,1,3000,1200
k2,train,trimMA342_1200rpm_Avv__Dvv_05,trimMA342_1200rpm_Avv__Dvv_05:111000,111000,114000,5,1,3000,1200
k2,train,trimMA342_1200rpm_Avv__Dvv_05,trimMA342_1200rpm_Avv__Dvv_05:114000,114000,117000,5,1,3000,1200
k2,train,trimMA342_1200rpm_Avv__Dvv_05,trimMA342_1200rpm_Avv__Dvv_05:117000,117000,120000,5,1,3000,1200
k2,train,trimMA342_1200rpm_Avv__Dvv_05,trimMA342_1200rpm_Avv__Dvv_05:120000,120000,123000,5,1,3000,1200
k2,train,trimMA342_1200rpm_Avv__Dvv_05,trimMA342_1200rpm_Avv__Dvv_05:123000,123000,126000,5,1,3000,1200
k2,train,trimMA342_1200rpm_Avv__Dvv_05,trimMA342_1200rpm_Avv__Dvv_05:126000,126000,129000,5,1,3000,1200
k2,train,trimMA342_1200rpm_Avv__Dvv_05,trimMA342_1200rpm_Avv__Dvv_05:129000,129000,132000,5,1,3000,1200
k2,train,trimMA342_1200rpm_Avv__Dvv_05,trimMA342_1200rpm_Avv__Dvv_05:132000,132000,135000,5,1,3000,1200
k2,train,trimMA342_1200rpm_Avv__Dvv_05,trimMA342_1200rpm_Avv__Dvv_05:135000,135000,138000,5,1,3000,1200
k2,train,trimMA342_1200rpm_Avv__Dvv_05,trimMA342_1200rpm_Avv__Dvv_05:138000,138000,141000,5,1,3000,1200
k2,train,trimMA342_1200rpm_Avv__Dvv_05,trimMA342_1200rpm_Avv__Dvv_05:141000,141000,144000,5,1,3000,1200
k2,train,trimMA342_1200rpm_Avv__Dvv_05,trimMA342_1200rpm_Avv__Dvv_05:144000,144000,147000,5,1,3000,1200
k2,train,trimMA342_1200rpm_Avv__Dvv_05,trimMA342_1200rpm_Avv__Dvv_05:147000,147000,150000,5,1,3000,1200
k2,train,trimMA342_1200rpm_Avv__Dvv_05,trimMA342_1200rpm_Avv__Dvv_05:150000,150000,153000,5,1,3000,1200
k2,train,trimMA342_1200rpm_Avv__Dvv_05,trimMA342_1200rpm_Avv__Dvv_05:153000,153000,156000,5,1,3000,1200
k2,train,trimMA342_1200rpm_Avv__Dvv_05,trimMA342_1200rpm_Avv__Dvv_05:156000,156000,159000,5,1,3000,1200
k2,train,trimMA342_1200rpm_Avv__Dvv_05,trimMA342_1200rpm_Avv__Dvv_05:159000,159000,162000,5,1,3000,1200
k2,train,trimMA342_1200rpm_Avv__Dvv_05,trimMA342_1200rpm_Avv__Dvv_05:162000,162000,165000,5,1,3000,1200
k2,train,trimMA342_1200rpm_Avv__Dvv_05,trimMA342_1200rpm_Avv__Dvv_05:165000,165000,168000,5,1,3000,1200
k2,train,trimMA342_1200rpm_Avv__Dvv_05,trimMA342_1200rpm_Avv__Dvv_05:168000,168000,171000,5,1,3000,1200
k2,train,trimMA342_1200rpm_Avv__Dvv_05,trimMA342_1200rpm_Avv__Dvv_05:171000,171000,174000,5,1,3000,1200
k2,train,trimMA342_1200rpm_Avv__Dvv_05,trimMA342_1200rpm_Avv__Dvv_05:174000,174000,177000,5,1,3000,1200
k2,train,trimMA342_1200rpm_Avv__Dvv_05,trimMA342_1200rpm_Avv__Dvv_05:177000,177000,180000,5,1,3000,1200
k2,train,trimMA342_1200rpm_Avv__Dvv_05,trimMA342_1200rpm_Avv__Dvv_05:180000,180000,183000,5,1,3000,1200
k2,train,trimMA342_1200rpm_Avv__Dvv_05,trimMA342_1200rpm_Avv__Dvv_05:183000,183000,186000,5,1,3000,1200
k2,train,trimMA342_1200rpm_Avv__Dvv_05,trimMA342_1200rpm_Avv__Dvv_05:186000,186000,189000,5,1,3000,1200
k2,train,trimMA342_1200rpm_Avv__Dvv_05,trimMA342_1200rpm_Avv__Dvv_05:189000,189000,192000,5,1,3000,1200
k2,train,trimMA342_1200rpm_Avv__Dvv_05,trimMA342_1200rpm_Avv__Dvv_05:192000,192000,195000,5,1,3000,1200
k2,train,trimMA342_1200rpm_Avv__Dvv_05,trimMA342_1200rpm_Avv__Dvv_05:195000,195000,198000,5,1,3000,1200
k2,train,trimMA342_1200rpm_Avv__Dvv_05,trimMA342_1200rpm_Avv__Dvv_05:198000,198000,201000,5,1,3000,1200
k2,train,trimMA342_1200rpm_Avv__Dvv_05,trimMA342_1200rpm_Avv__Dvv_05:201000,201000,204000,5,1,3000,1200
k2,train,trimMA342_1200rpm_Avv__Dvv_05,trimMA342_1200rpm_Avv__Dvv_05:204000,204000,207000,5,1,3000,1200
k2,train,trimMA342_1200rpm_Avv__Dvv_05,trimMA342_1200rpm_Avv__Dvv_05:207000,207000,210000,5,1,3000,1200
k2,train,trimMA342_1200rpm_Avv__Dvv_05,trimMA342_1200rpm_Avv__Dvv_05:210000,210000,213000,5,1,3000,1200
k2,train,trimMA342_1200rpm_Avv__Dvv_05,trimMA342_1200rpm_Avv__Dvv_05:213000,213000,216000,5,1,3000,1200
k2,train,trimMA342_1200rpm_Avv__Dvv_05,trimMA342_1200rpm_Avv__Dvv_05:216000,216000,219000,5,1,3000,1200
k2,train,trimMA342_1200rpm_Avv__Dvv_05,trimMA342_1200rpm_Avv__Dvv_05:219000,219000,222000,5,1,3000,1200
k2,train,trimMA342_1200rpm_Avv__Dvv_05,trimMA342_1200rpm_Avv__Dvv_05:222000,222000,225000,5,1,3000,1200
k2,train,trimMA342_1200rpm_Avv__Dvv_05,trimMA342_1200rpm_Avv__Dvv_05:225000,225000,228000,5,1,3000,1200
k2,train,trimMA342_1200rpm_Avv__Dvv_05,trimMA342_1200rpm_Avv__Dvv_05:228000,228000,231000,5,1,3000,1200
k2,train,trimMA342_1200rpm_Avv__Dvv_05,trimMA342_1200rpm_Avv__Dvv_05:231000,231000,234000,5,1,3000,1200
k2,train,trimMA342_1200rpm_Avv__Dvv_05,trimMA342_1200rpm_Avv__Dvv_05:234000,234000,237000,5,1,3000,1200
k2,train,trimMA342_1200rpm_Avv__Dvv_05,trimMA342_1200rpm_Avv__Dvv_05:237000,237000,240000,5,1,3000,1200
k2,train,trimMA342_1200rpm_Avv__Dvv_05,trimMA342_1200rpm_Avv__Dvv_05:240000,240000,243000,5,1,3000,1200
k2,train,trimMA342_1200rpm_Avv__Dvv_05,trimMA342_1200rpm_Avv__Dvv_05:243000,243000,246000,5,1,3000,1200
k2,train,trimMA342_1200rpm_Avv__Dvv_05,trimMA342_1200rpm_Avv__Dvv_05:246000,246000,249000,5,1,3000,1200
k2,train,trimMA342_1200rpm_Avv__Dvv_05,trimMA342_1200rpm_Avv__Dvv_05:249000,249000,252000,5,1,3000,1200
k2,train,trimMA342_1200rpm_Avv__Dvv_05,trimMA342_1200rpm_Avv__Dvv_05:252000,252000,255000,5,1,3000,1200
k2,train,trimMA342_1200rpm_Avv__Dvv_05,trimMA342_1200rpm_Avv__Dvv_05:255000,255000,258000,5,1,3000,1200
k2,train,trimMA342_1200rpm_Avv__Dvv_05,trimMA342_1200rpm_Avv__Dvv_05:258000,258000,261000,5,1,3000,1200
k2,train,trimMA342_1200rpm_Avv__Dvv_05,trimMA342_1200rpm_Avv__Dvv_05:261000,261000,264000,5,1,3000,1200
k2,train,trimMA342_1200rpm_Avv__Dvv_05,trimMA342_1200rpm_Avv__Dvv_05:264000,264000,267000,5,1,3000,1200
k2,train,trimMA342_1200rpm_Avv__Dvv_05,trimMA342_1200rpm_Avv__Dvv_05:267000,267000,270000,5,1,3000,1200
k2,train,trimMA342_1200rpm_Avv__Dvv_05,trimMA342_1200rpm_Avv__Dvv_05:270000,270000,273000,5,1,3000,1200
k2,train,trimMA342_1200rpm_Avv__Dvv_05,trimMA342_1200rpm_Avv__Dvv_05:273000,273000,276000,5,1,3000,1200
k2,train,trimMA342_1200rpm_Avv__Dvv_05,trimMA342_1200rpm_Avv__Dvv_05:276000,276000,279000,5,1,3000,1200
k2,train,trimMA342_1200rpm_Avv__Dvv_05,trimMA342_1200rpm_Avv__Dvv_05:279000,279000,282000,5,1,3000,1200
k2,validation,trimMA342_1200rpm_AW__D_01,trimMA342_1200rpm_AW__D_01:0,0,3000,1,1,3000,1200
k2,validation,trimMA342_1200rpm_AW__D_01,trimMA342_1200rpm_AW__D_01:3000,3000,6000,1,1,3000,1200
k2,validation,trimMA342_1200rpm_AW__D_01,trimMA342_1200rpm_AW__D_01:6000,6000,9000,1,1,3000,1200
k2,validation,trimMA342_1200rpm_AW__D_01,trimMA342_1200rpm_AW__D_01:9000,9000,12000,1,1,3000,1200
k2,validation,trimMA342_1200rpm_AW__D_01,trimMA342_1200rpm_AW__D_01:12000,12000,15000,1,1,3000,1200
k2,validation,trimMA342_1200rpm_AW__D_01,trimMA342_1200rpm_AW__D_01:15000,15000,18000,1,1,3000,1200
k2,validation,trimMA342_1200rpm_AW__D_01,trimMA342_1200rpm_AW__D_01:18000,18000,21000,1,1,3000,1200
k2,validation,trimMA342_1200rpm_AW__D_01,trimMA342_1200rpm_AW__D_01:21000,21000,24000,1,1,3000,1200
k2,validation,trimMA342_1200rpm_AW__D_01,trimMA342_1200rpm_AW__D_01:24000,24000,27000,1,1,3000,1200
k2,validation,trimMA342_1200rpm_AW__D_01,trimMA342_1200rpm_AW__D_01:27000,27000,30000,1,1,3000,1200
k2,validation,trimMA342_1200rpm_AW__D_01,trimMA342_1200rpm_AW__D_01:30000,30000,33000,1,1,3000,1200
k2,validation,trimMA342_1200rpm_AW__D_01,trimMA342_1200rpm_AW__D_01:33000,33000,36000,1,1,3000,1200
k2,validation,trimMA342_1200rpm_AW__D_01,trimMA342_1200rpm_AW__D_01:36000,36000,39000,1,1,3000,1200
k2,validation,trimMA342_1200rpm_AW__D_01,trimMA342_1200rpm_AW__D_01:39000,39000,42000,1,1,3000,1200
k2,validation,trimMA342_1200rpm_AW__D_01,trimMA342_1200rpm_AW__D_01:42000,42000,45000,1,1,3000,1200
k2,validation,trimMA342_1200rpm_AW__D_01,trimMA342_1200rpm_AW__D_01:45000,45000,48000,1,1,3000,1200
k2,validation,trimMA342_1200rpm_AW__D_01,trimMA342_1200rpm_AW__D_01:48000,48000,51000,1,1,3000,1200
k2,validation,trimMA342_1200rpm_AW__D_01,trimMA342_1200rpm_AW__D_01:51000,51000,54000,1,1,3000,1200
k2,validation,trimMA342_1200rpm_AW__D_01,trimMA342_1200rpm_AW__D_01:54000,54000,57000,1,1,3000,1200
k2,validation,trimMA342_1200rpm_AW__D_01,trimMA342_1200rpm_AW__D_01:57000,57000,60000,1,1,3000,1200
k2,validation,trimMA342_1200rpm_AW__D_01,trimMA342_1200rpm_AW__D_01:60000,60000,63000,1,1,3000,1200
k2,validation,trimMA342_1200rpm_AW__D_01,trimMA342_1200rpm_AW__D_01:63000,63000,66000,1,1,3000,1200
k2,validation,trimMA342_1200rpm_AW__D_01,trimMA342_1200rpm_AW__D_01:66000,66000,69000,1,1,3000,1200
k2,validation,trimMA342_1200rpm_AW__D_01,trimMA342_1200rpm_AW__D_01:69000,69000,72000,1,1,3000,1200
k2,validation,trimMA342_1200rpm_AW__D_01,trimMA342_1200rpm_AW__D_01:72000,72000,75000,1,1,3000,1200
k2,validation,trimMA342_1200rpm_AW__D_01,trimMA342_1200rpm_AW__D_01:75000,75000,78000,1,1,3000,1200
k2,validation,trimMA342_1200rpm_AW__D_01,trimMA342_1200rpm_AW__D_01:78000,78000,81000,1,1,3000,1200
k2,validation,trimMA342_1200rpm_AW__D_01,trimMA342_1200rpm_AW__D_01:81000,81000,84000,1,1,3000,1200
k2,validation,trimMA342_1200rpm_AW__D_01,trimMA342_1200rpm_AW__D_01:84000,84000,87000,1,1,3000,1200
k2,validation,trimMA342_1200rpm_AW__D_01,trimMA342_1200rpm_AW__D_01:87000,87000,90000,1,1,3000,1200
k2,validation,trimMA342_1200rpm_AW__D_01,trimMA342_1200rpm_AW__D_01:90000,90000,93000,1,1,3000,1200
k2,validation,trimMA342_1200rpm_AW__D_01,trimMA342_1200rpm_AW__D_01:93000,93000,96000,1,1,3000,1200
k2,validation,trimMA342_1200rpm_AW__D_01,trimMA342_1200rpm_AW__D_01:96000,96000,99000,1,1,3000,1200
k2,validation,trimMA342_1200rpm_AW__D_01,trimMA342_1200rpm_AW__D_01:99000,99000,102000,1,1,3000,1200
k2,validation,trimMA342_1200rpm_AW__D_01,trimMA342_1200rpm_AW__D_01:102000,102000,105000,1,1,3000,1200
k2,validation,trimMA342_1200rpm_AW__D_01,trimMA342_1200rpm_AW__D_01:105000,105000,108000,1,1,3000,1200
k2,validation,trimMA342_1200rpm_AW__D_01,trimMA342_1200rpm_AW__D_01:108000,108000,111000,1,1,3000,1200
k2,validation,trimMA342_1200rpm_AW__D_01,trimMA342_1200rpm_AW__D_01:111000,111000,114000,1,1,3000,1200
k2,validation,trimMA342_1200rpm_AW__D_01,trimMA342_1200rpm_AW__D_01:114000,114000,117000,1,1,3000,1200
k2,validation,trimMA342_1200rpm_AW__D_01,trimMA342_1200rpm_AW__D_01:117000,117000,120000,1,1,3000,1200
k2,validation,trimMA342_1200rpm_AW__D_01,trimMA342_1200rpm_AW__D_01:120000,120000,123000,1,1,3000,1200
k2,validation,trimMA342_1200rpm_AW__D_01,trimMA342_1200rpm_AW__D_01:123000,123000,126000,1,1,3000,1200
k2,validation,trimMA342_1200rpm_AW__D_01,trimMA342_1200rpm_AW__D_01:126000,126000,129000,1,1,3000,1200
k2,validation,trimMA342_1200rpm_AW__D_01,trimMA342_1200rpm_AW__D_01:129000,129000,132000,1,1,3000,1200
k2,validation,trimMA342_1200rpm_AW__D_01,trimMA342_1200rpm_AW__D_01:132000,132000,135000,1,1,3000,1200
k2,validation,trimMA342_1200rpm_AW__D_01,trimMA342_1200rpm_AW__D_01:135000,135000,138000,1,1,3000,1200
k2,validation,trimMA342_1200rpm_AW__D_01,trimMA342_1200rpm_AW__D_01:138000,138000,141000,1,1,3000,1200
k2,validation,trimMA342_1200rpm_AW__D_01,trimMA342_1200rpm_AW__D_01:141000,141000,144000,1,1,3000,1200
k2,validation,trimMA342_1200rpm_AW__D_01,trimMA342_1200rpm_AW__D_01:144000,144000,147000,1,1,3000,1200
k2,validation,trimMA342_1200rpm_AW__D_01,trimMA342_1200rpm_AW__D_01:147000,147000,150000,1,1,3000,1200
k2,validation,trimMA342_1200rpm_AW__D_01,trimMA342_1200rpm_AW__D_01:150000,150000,153000,1,1,3000,1200
k2,validation,trimMA342_1200rpm_AW__D_01,trimMA342_1200rpm_AW__D_01:153000,153000,156000,1,1,3000,1200
k2,validation,trimMA342_1200rpm_AW__D_01,trimMA342_1200rpm_AW__D_01:156000,156000,159000,1,1,3000,1200
k2,validation,trimMA342_1200rpm_AW__D_01,trimMA342_1200rpm_AW__D_01:159000,159000,162000,1,1,3000,1200
k2,validation,trimMA342_1200rpm_AW__D_01,trimMA342_1200rpm_AW__D_01:162000,162000,165000,1,1,3000,1200
k2,validation,trimMA342_1200rpm_AW__D_01,trimMA342_1200rpm_AW__D_01:165000,165000,168000,1,1,3000,1200
k2,validation,trimMA342_1200rpm_AW__D_01,trimMA342_1200rpm_AW__D_01:168000,168000,171000,1,1,3000,1200
k2,validation,trimMA342_1200rpm_AW__D_01,trimMA342_1200rpm_AW__D_01:171000,171000,174000,1,1,3000,1200
k2,validation,trimMA342_1200rpm_AW__D_01,trimMA342_1200rpm_AW__D_01:174000,174000,177000,1,1,3000,1200
k2,validation,trimMA342_1200rpm_AW__D_01,trimMA342_1200rpm_AW__D_01:177000,177000,180000,1,1,3000,1200
k2,validation,trimMA342_1200rpm_AW__D_01,trimMA342_1200rpm_AW__D_01:180000,180000,183000,1,1,3000,1200
k2,validation,trimMA342_1200rpm_AW__D_01,trimMA342_1200rpm_AW__D_01:183000,183000,186000,1,1,3000,1200
k2,validation,trimMA342_1200rpm_AW__D_01,trimMA342_1200rpm_AW__D_01:186000,186000,189000,1,1,3000,1200
k2,validation,trimMA342_1200rpm_AW__D_01,trimMA342_1200rpm_AW__D_01:189000,189000,192000,1,1,3000,1200
k2,validation,trimMA342_1200rpm_AW__D_01,trimMA342_1200rpm_AW__D_01:192000,192000,195000,1,1,3000,1200
k2,validation,trimMA342_1200rpm_AW__D_01,trimMA342_1200rpm_AW__D_01:195000,195000,198000,1,1,3000,1200
k2,validation,trimMA342_1200rpm_AW__D_01,trimMA342_1200rpm_AW__D_01:198000,198000,201000,1,1,3000,1200
k2,validation,trimMA342_1200rpm_AW__D_01,trimMA342_1200rpm_AW__D_01:201000,201000,204000,1,1,3000,1200
k2,validation,trimMA342_1200rpm_AW__D_01,trimMA342_1200rpm_AW__D_01:204000,204000,207000,1,1,3000,1200
k2,validation,trimMA342_1200rpm_AW__D_01,trimMA342_1200rpm_AW__D_01:207000,207000,210000,1,1,3000,1200
k2,validation,trimMA342_1200rpm_AW__D_01,trimMA342_1200rpm_AW__D_01:210000,210000,213000,1,1,3000,1200
k2,validation,trimMA342_1200rpm_AW__D_01,trimMA342_1200rpm_AW__D_01:213000,213000,216000,1,1,3000,1200
k2,validation,trimMA342_1200rpm_AW__D_01,trimMA342_1200rpm_AW__D_01:216000,216000,219000,1,1,3000,1200
k2,validation,trimMA342_1200rpm_AW__D_01,trimMA342_1200rpm_AW__D_01:219000,219000,222000,1,1,3000,1200
k2,validation,trimMA342_1200rpm_AW__D_01,trimMA342_1200rpm_AW__D_01:222000,222000,225000,1,1,3000,1200
k2,validation,trimMA342_1200rpm_AW__D_01,trimMA342_1200rpm_AW__D_01:225000,225000,228000,1,1,3000,1200
k2,validation,trimMA342_1200rpm_AW__D_01,trimMA342_1200rpm_AW__D_01:228000,228000,231000,1,1,3000,1200
k2,validation,trimMA342_1200rpm_AW__D_01,trimMA342_1200rpm_AW__D_01:231000,231000,234000,1,1,3000,1200
k2,validation,trimMA342_1200rpm_AW__D_01,trimMA342_1200rpm_AW__D_01:234000,234000,237000,1,1,3000,1200
k2,validation,trimMA342_1200rpm_AW__D_01,trimMA342_1200rpm_AW__D_01:237000,237000,240000,1,1,3000,1200
k2,validation,trimMA342_1200rpm_AW__D_01,trimMA342_1200rpm_AW__D_01:240000,240000,243000,1,1,3000,1200
k2,validation,trimMA342_1200rpm_AW__D_01,trimMA342_1200rpm_AW__D_01:243000,243000,246000,1,1,3000,1200
k2,validation,trimMA342_1200rpm_AW__D_01,trimMA342_1200rpm_AW__D_01:246000,246000,249000,1,1,3000,1200
k2,validation,trimMA342_1200rpm_AW__D_01,trimMA342_1200rpm_AW__D_01:249000,249000,252000,1,1,3000,1200
k2,validation,trimMA342_1200rpm_AW__D_01,trimMA342_1200rpm_AW__D_01:252000,252000,255000,1,1,3000,1200
k2,validation,trimMA342_1200rpm_AW__D_01,trimMA342_1200rpm_AW__D_01:255000,255000,258000,1,1,3000,1200
k2,validation,trimMA342_1200rpm_AW__D_01,trimMA342_1200rpm_AW__D_01:258000,258000,261000,1,1,3000,1200
k2,validation,trimMA342_1200rpm_AW__D_01,trimMA342_1200rpm_AW__D_01:261000,261000,264000,1,1,3000,1200
k2,validation,trimMA342_1200rpm_AW__D_01,trimMA342_1200rpm_AW__D_01:264000,264000,267000,1,1,3000,1200
k2,validation,trimMA342_1200rpm_AW__D_01,trimMA342_1200rpm_AW__D_01:267000,267000,270000,1,1,3000,1200
k2,validation,trimMA342_1200rpm_AW__D_01,trimMA342_1200rpm_AW__D_01:270000,270000,273000,1,1,3000,1200
k2,validation,trimMA342_1200rpm_AW__D_01,trimMA342_1200rpm_AW__D_01:273000,273000,276000,1,1,3000,1200
k2,validation,trimMA342_1200rpm_AW__D_01,trimMA342_1200rpm_AW__D_01:276000,276000,279000,1,1,3000,1200
k2,validation,trimMA342_1200rpm_AW__D_01,trimMA342_1200rpm_AW__D_01:279000,279000,282000,1,1,3000,1200
k2,validation,trimMA342_1200rpm_AW__D_09,trimMA342_1200rpm_AW__D_09:0,0,3000,1,1,3000,1200
k2,validation,trimMA342_1200rpm_AW__D_09,trimMA342_1200rpm_AW__D_09:3000,3000,6000,1,1,3000,1200
k2,validation,trimMA342_1200rpm_AW__D_09,trimMA342_1200rpm_AW__D_09:6000,6000,9000,1,1,3000,1200
k2,validation,trimMA342_1200rpm_AW__D_09,trimMA342_1200rpm_AW__D_09:9000,9000,12000,1,1,3000,1200
k2,validation,trimMA342_1200rpm_AW__D_09,trimMA342_1200rpm_AW__D_09:12000,12000,15000,1,1,3000,1200
k2,validation,trimMA342_1200rpm_AW__D_09,trimMA342_1200rpm_AW__D_09:15000,15000,18000,1,1,3000,1200
k2,validation,trimMA342_1200rpm_AW__D_09,trimMA342_1200rpm_AW__D_09:18000,18000,21000,1,1,3000,1200
k2,validation,trimMA342_1200rpm_AW__D_09,trimMA342_1200rpm_AW__D_09:21000,21000,24000,1,1,3000,1200
k2,validation,trimMA342_1200rpm_AW__D_09,trimMA342_1200rpm_AW__D_09:24000,24000,27000,1,1,3000,1200
k2,validation,trimMA342_1200rpm_AW__D_09,trimMA342_1200rpm_AW__D_09:27000,27000,30000,1,1,3000,1200
k2,validation,trimMA342_1200rpm_AW__D_09,trimMA342_1200rpm_AW__D_09:30000,30000,33000,1,1,3000,1200
k2,validation,trimMA342_1200rpm_AW__D_09,trimMA342_1200rpm_AW__D_09:33000,33000,36000,1,1,3000,1200
k2,validation,trimMA342_1200rpm_AW__D_09,trimMA342_1200rpm_AW__D_09:36000,36000,39000,1,1,3000,1200
k2,validation,trimMA342_1200rpm_AW__D_09,trimMA342_1200rpm_AW__D_09:39000,39000,42000,1,1,3000,1200
k2,validation,trimMA342_1200rpm_AW__D_09,trimMA342_1200rpm_AW__D_09:42000,42000,45000,1,1,3000,1200
k2,validation,trimMA342_1200rpm_AW__D_09,trimMA342_1200rpm_AW__D_09:45000,45000,48000,1,1,3000,1200
k2,validation,trimMA342_1200rpm_AW__D_09,trimMA342_1200rpm_AW__D_09:48000,48000,51000,1,1,3000,1200
k2,validation,trimMA342_1200rpm_AW__D_09,trimMA342_1200rpm_AW__D_09:51000,51000,54000,1,1,3000,1200
k2,validation,trimMA342_1200rpm_AW__D_09,trimMA342_1200rpm_AW__D_09:54000,54000,57000,1,1,3000,1200
k2,validation,trimMA342_1200rpm_AW__D_09,trimMA342_1200rpm_AW__D_09:57000,57000,60000,1,1,3000,1200
k2,validation,trimMA342_1200rpm_AW__D_09,trimMA342_1200rpm_AW__D_09:60000,60000,63000,1,1,3000,1200
k2,validation,trimMA342_1200rpm_AW__D_09,trimMA342_1200rpm_AW__D_09:63000,63000,66000,1,1,3000,1200
k2,validation,trimMA342_1200rpm_AW__D_09,trimMA342_1200rpm_AW__D_09:66000,66000,69000,1,1,3000,1200
k2,validation,trimMA342_1200rpm_AW__D_09,trimMA342_1200rpm_AW__D_09:69000,69000,72000,1,1,3000,1200
k2,validation,trimMA342_1200rpm_AW__D_09,trimMA342_1200rpm_AW__D_09:72000,72000,75000,1,1,3000,1200
k2,validation,trimMA342_1200rpm_AW__D_09,trimMA342_1200rpm_AW__D_09:75000,75000,78000,1,1,3000,1200
k2,validation,trimMA342_1200rpm_AW__D_09,trimMA342_1200rpm_AW__D_09:78000,78000,81000,1,1,3000,1200
k2,validation,trimMA342_1200rpm_AW__D_09,trimMA342_1200rpm_AW__D_09:81000,81000,84000,1,1,3000,1200
k2,validation,trimMA342_1200rpm_AW__D_09,trimMA342_1200rpm_AW__D_09:84000,84000,87000,1,1,3000,1200
k2,validation,trimMA342_1200rpm_AW__D_09,trimMA342_1200rpm_AW__D_09:87000,87000,90000,1,1,3000,1200
k2,validation,trimMA342_1200rpm_AW__D_09,trimMA342_1200rpm_AW__D_09:90000,90000,93000,1,1,3000,1200
k2,validation,trimMA342_1200rpm_AW__D_09,trimMA342_1200rpm_AW__D_09:93000,93000,96000,1,1,3000,1200
k2,validation,trimMA342_1200rpm_AW__D_09,trimMA342_1200rpm_AW__D_09:96000,96000,99000,1,1,3000,1200
k2,validation,trimMA342_1200rpm_AW__D_09,trimMA342_1200rpm_AW__D_09:99000,99000,102000,1,1,3000,1200
k2,validation,trimMA342_1200rpm_AW__D_09,trimMA342_1200rpm_AW__D_09:102000,102000,105000,1,1,3000,1200
k2,validation,trimMA342_1200rpm_AW__D_09,trimMA342_1200rpm_AW__D_09:105000,105000,108000,1,1,3000,1200
k2,validation,trimMA342_1200rpm_AW__D_09,trimMA342_1200rpm_AW__D_09:108000,108000,111000,1,1,3000,1200
k2,validation,trimMA342_1200rpm_AW__D_09,trimMA342_1200rpm_AW__D_09:111000,111000,114000,1,1,3000,1200
k2,validation,trimMA342_1200rpm_AW__D_09,trimMA342_1200rpm_AW__D_09:114000,114000,117000,1,1,3000,1200
k2,validation,trimMA342_1200rpm_AW__D_09,trimMA342_1200rpm_AW__D_09:117000,117000,120000,1,1,3000,1200
k2,validation,trimMA342_1200rpm_AW__D_09,trimMA342_1200rpm_AW__D_09:120000,120000,123000,1,1,3000,1200
k2,validation,trimMA342_1200rpm_AW__D_09,trimMA342_1200rpm_AW__D_09:123000,123000,126000,1,1,3000,1200
k2,validation,trimMA342_1200rpm_AW__D_09,trimMA342_1200rpm_AW__D_09:126000,126000,129000,1,1,3000,1200
k2,validation,trimMA342_1200rpm_AW__D_09,trimMA342_1200rpm_AW__D_09:129000,129000,132000,1,1,3000,1200
k2,validation,trimMA342_1200rpm_AW__D_09,trimMA342_1200rpm_AW__D_09:132000,132000,135000,1,1,3000,1200
k2,validation,trimMA342_1200rpm_AW__D_09,trimMA342_1200rpm_AW__D_09:135000,135000,138000,1,1,3000,1200
k2,validation,trimMA342_1200rpm_AW__D_09,trimMA342_1200rpm_AW__D_09:138000,138000,141000,1,1,3000,1200
k2,validation,trimMA342_1200rpm_AW__D_09,trimMA342_1200rpm_AW__D_09:141000,141000,144000,1,1,3000,1200
k2,validation,trimMA342_1200rpm_AW__D_09,trimMA342_1200rpm_AW__D_09:144000,144000,147000,1,1,3000,1200
k2,validation,trimMA342_1200rpm_AW__D_09,trimMA342_1200rpm_AW__D_09:147000,147000,150000,1,1,3000,1200
k2,validation,trimMA342_1200rpm_AW__D_09,trimMA342_1200rpm_AW__D_09:150000,150000,153000,1,1,3000,1200
k2,validation,trimMA342_1200rpm_AW__D_09,trimMA342_1200rpm_AW__D_09:153000,153000,156000,1,1,3000,1200
k2,validation,trimMA342_1200rpm_AW__D_09,trimMA342_1200rpm_AW__D_09:156000,156000,159000,1,1,3000,1200
k2,validation,trimMA342_1200rpm_AW__D_09,trimMA342_1200rpm_AW__D_09:159000,159000,162000,1,1,3000,1200
k2,validation,trimMA342_1200rpm_AW__D_09,trimMA342_1200rpm_AW__D_09:162000,162000,165000,1,1,3000,1200
k2,validation,trimMA342_1200rpm_AW__D_09,trimMA342_1200rpm_AW__D_09:165000,165000,168000,1,1,3000,1200
k2,validation,trimMA342_1200rpm_AW__D_09,trimMA342_1200rpm_AW__D_09:168000,168000,171000,1,1,3000,1200
k2,validation,trimMA342_1200rpm_AW__D_09,trimMA342_1200rpm_AW__D_09:171000,171000,174000,1,1,3000,1200
k2,validation,trimMA342_1200rpm_AW__D_09,trimMA342_1200rpm_AW__D_09:174000,174000,177000,1,1,3000,1200
k2,validation,trimMA342_1200rpm_AW__D_09,trimMA342_1200rpm_AW__D_09:177000,177000,180000,1,1,3000,1200
k2,validation,trimMA342_1200rpm_AW__D_09,trimMA342_1200rpm_AW__D_09:180000,180000,183000,1,1,3000,1200
k2,validation,trimMA342_1200rpm_AW__D_09,trimMA342_1200rpm_AW__D_09:183000,183000,186000,1,1,3000,1200
k2,validation,trimMA342_1200rpm_AW__D_09,trimMA342_1200rpm_AW__D_09:186000,186000,189000,1,1,3000,1200
k2,validation,trimMA342_1200rpm_AW__D_09,trimMA342_1200rpm_AW__D_09:189000,189000,192000,1,1,3000,1200
k2,validation,trimMA342_1200rpm_AW__D_09,trimMA342_1200rpm_AW__D_09:192000,192000,195000,1,1,3000,1200
k2,validation,trimMA342_1200rpm_AW__D_09,trimMA342_1200rpm_AW__D_09:195000,195000,198000,1,1,3000,1200
k2,validation,trimMA342_1200rpm_AW__D_09,trimMA342_1200rpm_AW__D_09:198000,198000,201000,1,1,3000,1200
k2,validation,trimMA342_1200rpm_AW__D_09,trimMA342_1200rpm_AW__D_09:201000,201000,204000,1,1,3000,1200
k2,validation,trimMA342_1200rpm_AW__D_09,trimMA342_1200rpm_AW__D_09:204000,204000,207000,1,1,3000,1200
k2,validation,trimMA342_1200rpm_AW__D_09,trimMA342_1200rpm_AW__D_09:207000,207000,210000,1,1,3000,1200
k2,validation,trimMA342_1200rpm_AW__D_09,trimMA342_1200rpm_AW__D_09:210000,210000,213000,1,1,3000,1200
k2,validation,trimMA342_1200rpm_AW__D_09,trimMA342_1200rpm_AW__D_09:213000,213000,216000,1,1,3000,1200
k2,validation,trimMA342_1200rpm_AW__D_09,trimMA342_1200rpm_AW__D_09:216000,216000,219000,1,1,3000,1200
k2,validation,trimMA342_1200rpm_AW__D_09,trimMA342_1200rpm_AW__D_09:219000,219000,222000,1,1,3000,1200
k2,validation,trimMA342_1200rpm_AW__D_09,trimMA342_1200rpm_AW__D_09:222000,222000,225000,1,1,3000,1200
k2,validation,trimMA342_1200rpm_AW__D_09,trimMA342_1200rpm_AW__D_09:225000,225000,228000,1,1,3000,1200
k2,validation,trimMA342_1200rpm_AW__D_09,trimMA342_1200rpm_AW__D_09:228000,228000,231000,1,1,3000,1200
k2,validation,trimMA342_1200rpm_AW__D_09,trimMA342_1200rpm_AW__D_09:231000,231000,234000,1,1,3000,1200
k2,validation,trimMA342_1200rpm_AW__D_09,trimMA342_1200rpm_AW__D_09:234000,234000,237000,1,1,3000,1200
k2,validation,trimMA342_1200rpm_AW__D_09,trimMA342_1200rpm_AW__D_09:237000,237000,240000,1,1,3000,1200
k2,validation,trimMA342_1200rpm_AW__D_09,trimMA342_1200rpm_AW__D_09:240000,240000,243000,1,1,3000,1200
k2,validation,trimMA342_1200rpm_AW__D_09,trimMA342_1200rpm_AW__D_09:243000,243000,246000,1,1,3000,1200
k2,validation,trimMA342_1200rpm_AW__D_09,trimMA342_1200rpm_AW__D_09:246000,246000,249000,1,1,3000,1200
k2,validation,trimMA342_1200rpm_AW__D_09,trimMA342_1200rpm_AW__D_09:249000,249000,252000,1,1,3000,1200
k2,validation,trimMA342_1200rpm_AW__D_09,trimMA342_1200rpm_AW__D_09:252000,252000,255000,1,1,3000,1200
k2,validation,trimMA342_1200rpm_AW__D_09,trimMA342_1200rpm_AW__D_09:255000,255000,258000,1,1,3000,1200
k2,validation,trimMA342_1200rpm_AW__D_09,trimMA342_1200rpm_AW__D_09:258000,258000,261000,1,1,3000,1200
k2,validation,trimMA342_1200rpm_AW__D_09,trimMA342_1200rpm_AW__D_09:261000,261000,264000,1,1,3000,1200
k2,validation,trimMA342_1200rpm_AW__D_09,trimMA342_1200rpm_AW__D_09:264000,264000,267000,1,1,3000,1200
k2,validation,trimMA342_1200rpm_AW__D_09,trimMA342_1200rpm_AW__D_09:267000,267000,270000,1,1,3000,1200
k2,validation,trimMA342_1200rpm_AW__D_09,trimMA342_1200rpm_AW__D_09:270000,270000,273000,1,1,3000,1200
k2,validation,trimMA342_1200rpm_AW__D_09,trimMA342_1200rpm_AW__D_09:273000,273000,276000,1,1,3000,1200
k2,validation,trimMA342_1200rpm_AW__D_09,trimMA342_1200rpm_AW__D_09:276000,276000,279000,1,1,3000,1200
k2,validation,trimMA342_1200rpm_AW__D_09,trimMA342_1200rpm_AW__D_09:279000,279000,282000,1,1,3000,1200
k2,validation,trimMA342_1200rpm_AW__D_10,trimMA342_1200rpm_AW__D_10:0,0,3000,1,1,3000,1200
k2,validation,trimMA342_1200rpm_AW__D_10,trimMA342_1200rpm_AW__D_10:3000,3000,6000,1,1,3000,1200
k2,validation,trimMA342_1200rpm_AW__D_10,trimMA342_1200rpm_AW__D_10:6000,6000,9000,1,1,3000,1200
k2,validation,trimMA342_1200rpm_AW__D_10,trimMA342_1200rpm_AW__D_10:9000,9000,12000,1,1,3000,1200
k2,validation,trimMA342_1200rpm_AW__D_10,trimMA342_1200rpm_AW__D_10:12000,12000,15000,1,1,3000,1200
k2,validation,trimMA342_1200rpm_AW__D_10,trimMA342_1200rpm_AW__D_10:15000,15000,18000,1,1,3000,1200
k2,validation,trimMA342_1200rpm_AW__D_10,trimMA342_1200rpm_AW__D_10:18000,18000,21000,1,1,3000,1200
k2,validation,trimMA342_1200rpm_AW__D_10,trimMA342_1200rpm_AW__D_10:21000,21000,24000,1,1,3000,1200
k2,validation,trimMA342_1200rpm_AW__D_10,trimMA342_1200rpm_AW__D_10:24000,24000,27000,1,1,3000,1200
k2,validation,trimMA342_1200rpm_AW__D_10,trimMA342_1200rpm_AW__D_10:27000,27000,30000,1,1,3000,1200
k2,validation,trimMA342_1200rpm_AW__D_10,trimMA342_1200rpm_AW__D_10:30000,30000,33000,1,1,3000,1200
k2,validation,trimMA342_1200rpm_AW__D_10,trimMA342_1200rpm_AW__D_10:33000,33000,36000,1,1,3000,1200
k2,validation,trimMA342_1200rpm_AW__D_10,trimMA342_1200rpm_AW__D_10:36000,36000,39000,1,1,3000,1200
k2,validation,trimMA342_1200rpm_AW__D_10,trimMA342_1200rpm_AW__D_10:39000,39000,42000,1,1,3000,1200
k2,validation,trimMA342_1200rpm_AW__D_10,trimMA342_1200rpm_AW__D_10:42000,42000,45000,1,1,3000,1200
k2,validation,trimMA342_1200rpm_AW__D_10,trimMA342_1200rpm_AW__D_10:45000,45000,48000,1,1,3000,1200
k2,validation,trimMA342_1200rpm_AW__D_10,trimMA342_1200rpm_AW__D_10:48000,48000,51000,1,1,3000,1200
k2,validation,trimMA342_1200rpm_AW__D_10,trimMA342_1200rpm_AW__D_10:51000,51000,54000,1,1,3000,1200
k2,validation,trimMA342_1200rpm_AW__D_10,trimMA342_1200rpm_AW__D_10:54000,54000,57000,1,1,3000,1200
k2,validation,trimMA342_1200rpm_AW__D_10,trimMA342_1200rpm_AW__D_10:57000,57000,60000,1,1,3000,1200
k2,validation,trimMA342_1200rpm_AW__D_10,trimMA342_1200rpm_AW__D_10:60000,60000,63000,1,1,3000,1200
k2,validation,trimMA342_1200rpm_AW__D_10,trimMA342_1200rpm_AW__D_10:63000,63000,66000,1,1,3000,1200
k2,validation,trimMA342_1200rpm_AW__D_10,trimMA342_1200rpm_AW__D_10:66000,66000,69000,1,1,3000,1200
k2,validation,trimMA342_1200rpm_AW__D_10,trimMA342_1200rpm_AW__D_10:69000,69000,72000,1,1,3000,1200
k2,validation,trimMA342_1200rpm_AW__D_10,trimMA342_1200rpm_AW__D_10:72000,72000,75000,1,1,3000,1200
k2,validation,trimMA342_1200rpm_AW__D_10,trimMA342_1200rpm_AW__D_10:75000,75000,78000,1,1,3000,1200
k2,validation,trimMA342_1200rpm_AW__D_10,trimMA342_1200rpm_AW__D_10:78000,78000,81000,1,1,3000,1200
k2,validation,trimMA342_1200rpm_AW__D_10,trimMA342_1200rpm_AW__D_10:81000,81000,84000,1,1,3000,1200
k2,validation,trimMA342_1200rpm_AW__D_10,trimMA342_1200rpm_AW__D_10:84000,84000,87000,1,1,3000,1200
k2,validation,trimMA342_1200rpm_AW__D_10,trimMA342_1200rpm_AW__D_10:87000,87000,90000,1,1,3000,1200
k2,validation,trimMA342_1200rpm_AW__D_10,trimMA342_1200rpm_AW__D_10:90000,90000,93000,1,1,3000,1200
k2,validation,trimMA342_1200rpm_AW__D_10,trimMA342_1200rpm_AW__D_10:93000,93000,96000,1,1,3000,1200
k2,validation,trimMA342_1200rpm_AW__D_10,trimMA342_1200rpm_AW__D_10:96000,96000,99000,1,1,3000,1200
k2,validation,trimMA342_1200rpm_AW__D_10,trimMA342_1200rpm_AW__D_10:99000,99000,102000,1,1,3000,1200
k2,validation,trimMA342_1200rpm_AW__D_10,trimMA342_1200rpm_AW__D_10:102000,102000,105000,1,1,3000,1200
k2,validation,trimMA342_1200rpm_AW__D_10,trimMA342_1200rpm_AW__D_10:105000,105000,108000,1,1,3000,1200
k2,validation,trimMA342_1200rpm_AW__D_10,trimMA342_1200rpm_AW__D_10:108000,108000,111000,1,1,3000,1200
k2,validation,trimMA342_1200rpm_AW__D_10,trimMA342_1200rpm_AW__D_10:111000,111000,114000,1,1,3000,1200
k2,validation,trimMA342_1200rpm_AW__D_10,trimMA342_1200rpm_AW__D_10:114000,114000,117000,1,1,3000,1200
k2,validation,trimMA342_1200rpm_AW__D_10,trimMA342_1200rpm_AW__D_10:117000,117000,120000,1,1,3000,1200
k2,validation,trimMA342_1200rpm_AW__D_10,trimMA342_1200rpm_AW__D_10:120000,120000,123000,1,1,3000,1200
k2,validation,trimMA342_1200rpm_AW__D_10,trimMA342_1200rpm_AW__D_10:123000,123000,126000,1,1,3000,1200
k2,validation,trimMA342_1200rpm_AW__D_10,trimMA342_1200rpm_AW__D_10:126000,126000,129000,1,1,3000,1200
k2,validation,trimMA342_1200rpm_AW__D_10,trimMA342_1200rpm_AW__D_10:129000,129000,132000,1,1,3000,1200
k2,validation,trimMA342_1200rpm_AW__D_10,trimMA342_1200rpm_AW__D_10:132000,132000,135000,1,1,3000,1200
k2,validation,trimMA342_1200rpm_AW__D_10,trimMA342_1200rpm_AW__D_10:135000,135000,138000,1,1,3000,1200
k2,validation,trimMA342_1200rpm_AW__D_10,trimMA342_1200rpm_AW__D_10:138000,138000,141000,1,1,3000,1200
k2,validation,trimMA342_1200rpm_AW__D_10,trimMA342_1200rpm_AW__D_10:141000,141000,144000,1,1,3000,1200
k2,validation,trimMA342_1200rpm_AW__D_10,trimMA342_1200rpm_AW__D_10:144000,144000,147000,1,1,3000,1200
k2,validation,trimMA342_1200rpm_AW__D_10,trimMA342_1200rpm_AW__D_10:147000,147000,150000,1,1,3000,1200
k2,validation,trimMA342_1200rpm_AW__D_10,trimMA342_1200rpm_AW__D_10:150000,150000,153000,1,1,3000,1200
k2,validation,trimMA342_1200rpm_AW__D_10,trimMA342_1200rpm_AW__D_10:153000,153000,156000,1,1,3000,1200
k2,validation,trimMA342_1200rpm_AW__D_10,trimMA342_1200rpm_AW__D_10:156000,156000,159000,1,1,3000,1200
k2,validation,trimMA342_1200rpm_AW__D_10,trimMA342_1200rpm_AW__D_10:159000,159000,162000,1,1,3000,1200
k2,validation,trimMA342_1200rpm_AW__D_10,trimMA342_1200rpm_AW__D_10:162000,162000,165000,1,1,3000,1200
k2,validation,trimMA342_1200rpm_AW__D_10,trimMA342_1200rpm_AW__D_10:165000,165000,168000,1,1,3000,1200
k2,validation,trimMA342_1200rpm_AW__D_10,trimMA342_1200rpm_AW__D_10:168000,168000,171000,1,1,3000,1200
k2,validation,trimMA342_1200rpm_AW__D_10,trimMA342_1200rpm_AW__D_10:171000,171000,174000,1,1,3000,1200
k2,validation,trimMA342_1200rpm_AW__D_10,trimMA342_1200rpm_AW__D_10:174000,174000,177000,1,1,3000,1200
k2,validation,trimMA342_1200rpm_AW__D_10,trimMA342_1200rpm_AW__D_10:177000,177000,180000,1,1,3000,1200
k2,validation,trimMA342_1200rpm_AW__D_10,trimMA342_1200rpm_AW__D_10:180000,180000,183000,1,1,3000,1200
k2,validation,trimMA342_1200rpm_AW__D_10,trimMA342_1200rpm_AW__D_10:183000,183000,186000,1,1,3000,1200
k2,validation,trimMA342_1200rpm_AW__D_10,trimMA342_1200rpm_AW__D_10:186000,186000,189000,1,1,3000,1200
k2,validation,trimMA342_1200rpm_AW__D_10,trimMA342_1200rpm_AW__D_10:189000,189000,192000,1,1,3000,1200
k2,validation,trimMA342_1200rpm_AW__D_10,trimMA342_1200rpm_AW__D_10:192000,192000,195000,1,1,3000,1200
k2,validation,trimMA342_1200rpm_AW__D_10,trimMA342_1200rpm_AW__D_10:195000,195000,198000,1,1,3000,1200
k2,validation,trimMA342_1200rpm_AW__D_10,trimMA342_1200rpm_AW__D_10:198000,198000,201000,1,1,3000,1200
k2,validation,trimMA342_1200rpm_AW__D_10,trimMA342_1200rpm_AW__D_10:201000,201000,204000,1,1,3000,1200
k2,validation,trimMA342_1200rpm_AW__D_10,trimMA342_1200rpm_AW__D_10:204000,204000,207000,1,1,3000,1200
k2,validation,trimMA342_1200rpm_AW__D_10,trimMA342_1200rpm_AW__D_10:207000,207000,210000,1,1,3000,1200
k2,validation,trimMA342_1200rpm_AW__D_10,trimMA342_1200rpm_AW__D_10:210000,210000,213000,1,1,3000,1200
k2,validation,trimMA342_1200rpm_AW__D_10,trimMA342_1200rpm_AW__D_10:213000,213000,216000,1,1,3000,1200
k2,validation,trimMA342_1200rpm_AW__D_10,trimMA342_1200rpm_AW__D_10:216000,216000,219000,1,1,3000,1200
k2,validation,trimMA342_1200rpm_AW__D_10,trimMA342_1200rpm_AW__D_10:219000,219000,222000,1,1,3000,1200
k2,validation,trimMA342_1200rpm_AW__D_10,trimMA342_1200rpm_AW__D_10:222000,222000,225000,1,1,3000,1200
k2,validation,trimMA342_1200rpm_AW__D_10,trimMA342_1200rpm_AW__D_10:225000,225000,228000,1,1,3000,1200
k2,validation,trimMA342_1200rpm_AW__D_10,trimMA342_1200rpm_AW__D_10:228000,228000,231000,1,1,3000,1200
k2,validation,trimMA342_1200rpm_AW__D_10,trimMA342_1200rpm_AW__D_10:231000,231000,234000,1,1,3000,1200
k2,validation,trimMA342_1200rpm_AW__D_10,trimMA342_1200rpm_AW__D_10:234000,234000,237000,1,1,3000,1200
k2,validation,trimMA342_1200rpm_AW__D_10,trimMA342_1200rpm_AW__D_10:237000,237000,240000,1,1,3000,1200
k2,validation,trimMA342_1200rpm_AW__D_10,trimMA342_1200rpm_AW__D_10:240000,240000,243000,1,1,3000,1200
k2,validation,trimMA342_1200rpm_AW__D_10,trimMA342_1200rpm_AW__D_10:243000,243000,246000,1,1,3000,1200
k2,validation,trimMA342_1200rpm_AW__D_10,trimMA342_1200rpm_AW__D_10:246000,246000,249000,1,1,3000,1200
k2,validation,trimMA342_1200rpm_AW__D_10,trimMA342_1200rpm_AW__D_10:249000,249000,252000,1,1,3000,1200
k2,validation,trimMA342_1200rpm_AW__D_10,trimMA342_1200rpm_AW__D_10:252000,252000,255000,1,1,3000,1200
k2,validation,trimMA342_1200rpm_AW__D_10,trimMA342_1200rpm_AW__D_10:255000,255000,258000,1,1,3000,1200
k2,validation,trimMA342_1200rpm_AW__D_10,trimMA342_1200rpm_AW__D_10:258000,258000,261000,1,1,3000,1200
k2,validation,trimMA342_1200rpm_AW__D_10,trimMA342_1200rpm_AW__D_10:261000,261000,264000,1,1,3000,1200
k2,validation,trimMA342_1200rpm_AW__D_10,trimMA342_1200rpm_AW__D_10:264000,264000,267000,1,1,3000,1200
k2,validation,trimMA342_1200rpm_AW__D_10,trimMA342_1200rpm_AW__D_10:267000,267000,270000,1,1,3000,1200
k2,validation,trimMA342_1200rpm_AW__D_10,trimMA342_1200rpm_AW__D_10:270000,270000,273000,1,1,3000,1200
k2,validation,trimMA342_1200rpm_AW__D_10,trimMA342_1200rpm_AW__D_10:273000,273000,276000,1,1,3000,1200
k2,validation,trimMA342_1200rpm_AW__D_10,trimMA342_1200rpm_AW__D_10:276000,276000,279000,1,1,3000,1200
k2,validation,trimMA342_1200rpm_AW__D_10,trimMA342_1200rpm_AW__D_10:279000,279000,282000,1,1,3000,1200
k2,validation,trimMA342_1200rpm_AW__D_15,trimMA342_1200rpm_AW__D_15:0,0,3000,1,1,3000,1200
k2,validation,trimMA342_1200rpm_AW__D_15,trimMA342_1200rpm_AW__D_15:3000,3000,6000,1,1,3000,1200
k2,validation,trimMA342_1200rpm_AW__D_15,trimMA342_1200rpm_AW__D_15:6000,6000,9000,1,1,3000,1200
k2,validation,trimMA342_1200rpm_AW__D_15,trimMA342_1200rpm_AW__D_15:9000,9000,12000,1,1,3000,1200
k2,validation,trimMA342_1200rpm_AW__D_15,trimMA342_1200rpm_AW__D_15:12000,12000,15000,1,1,3000,1200
k2,validation,trimMA342_1200rpm_AW__D_15,trimMA342_1200rpm_AW__D_15:15000,15000,18000,1,1,3000,1200
k2,validation,trimMA342_1200rpm_AW__D_15,trimMA342_1200rpm_AW__D_15:18000,18000,21000,1,1,3000,1200
k2,validation,trimMA342_1200rpm_AW__D_15,trimMA342_1200rpm_AW__D_15:21000,21000,24000,1,1,3000,1200
k2,validation,trimMA342_1200rpm_AW__D_15,trimMA342_1200rpm_AW__D_15:24000,24000,27000,1,1,3000,1200
k2,validation,trimMA342_1200rpm_AW__D_15,trimMA342_1200rpm_AW__D_15:27000,27000,30000,1,1,3000,1200
k2,validation,trimMA342_1200rpm_AW__D_15,trimMA342_1200rpm_AW__D_15:30000,30000,33000,1,1,3000,1200
k2,validation,trimMA342_1200rpm_AW__D_15,trimMA342_1200rpm_AW__D_15:33000,33000,36000,1,1,3000,1200
k2,validation,trimMA342_1200rpm_AW__D_15,trimMA342_1200rpm_AW__D_15:36000,36000,39000,1,1,3000,1200
k2,validation,trimMA342_1200rpm_AW__D_15,trimMA342_1200rpm_AW__D_15:39000,39000,42000,1,1,3000,1200
k2,validation,trimMA342_1200rpm_AW__D_15,trimMA342_1200rpm_AW__D_15:42000,42000,45000,1,1,3000,1200
k2,validation,trimMA342_1200rpm_AW__D_15,trimMA342_1200rpm_AW__D_15:45000,45000,48000,1,1,3000,1200
k2,validation,trimMA342_1200rpm_AW__D_15,trimMA342_1200rpm_AW__D_15:48000,48000,51000,1,1,3000,1200
k2,validation,trimMA342_1200rpm_AW__D_15,trimMA342_1200rpm_AW__D_15:51000,51000,54000,1,1,3000,1200
k2,validation,trimMA342_1200rpm_AW__D_15,trimMA342_1200rpm_AW__D_15:54000,54000,57000,1,1,3000,1200
k2,validation,trimMA342_1200rpm_AW__D_15,trimMA342_1200rpm_AW__D_15:57000,57000,60000,1,1,3000,1200
k2,validation,trimMA342_1200rpm_AW__D_15,trimMA342_1200rpm_AW__D_15:60000,60000,63000,1,1,3000,1200
k2,validation,trimMA342_1200rpm_AW__D_15,trimMA342_1200rpm_AW__D_15:63000,63000,66000,1,1,3000,1200
k2,validation,trimMA342_1200rpm_AW__D_15,trimMA342_1200rpm_AW__D_15:66000,66000,69000,1,1,3000,1200
k2,validation,trimMA342_1200rpm_AW__D_15,trimMA342_1200rpm_AW__D_15:69000,69000,72000,1,1,3000,1200
k2,validation,trimMA342_1200rpm_AW__D_15,trimMA342_1200rpm_AW__D_15:72000,72000,75000,1,1,3000,1200
k2,validation,trimMA342_1200rpm_AW__D_15,trimMA342_1200rpm_AW__D_15:75000,75000,78000,1,1,3000,1200
k2,validation,trimMA342_1200rpm_AW__D_15,trimMA342_1200rpm_AW__D_15:78000,78000,81000,1,1,3000,1200
k2,validation,trimMA342_1200rpm_AW__D_15,trimMA342_1200rpm_AW__D_15:81000,81000,84000,1,1,3000,1200
k2,validation,trimMA342_1200rpm_AW__D_15,trimMA342_1200rpm_AW__D_15:84000,84000,87000,1,1,3000,1200
k2,validation,trimMA342_1200rpm_AW__D_15,trimMA342_1200rpm_AW__D_15:87000,87000,90000,1,1,3000,1200
k2,validation,trimMA342_1200rpm_AW__D_15,trimMA342_1200rpm_AW__D_15:90000,90000,93000,1,1,3000,1200
k2,validation,trimMA342_1200rpm_AW__D_15,trimMA342_1200rpm_AW__D_15:93000,93000,96000,1,1,3000,1200
k2,validation,trimMA342_1200rpm_AW__D_15,trimMA342_1200rpm_AW__D_15:96000,96000,99000,1,1,3000,1200
k2,validation,trimMA342_1200rpm_AW__D_15,trimMA342_1200rpm_AW__D_15:99000,99000,102000,1,1,3000,1200
k2,validation,trimMA342_1200rpm_AW__D_15,trimMA342_1200rpm_AW__D_15:102000,102000,105000,1,1,3000,1200
k2,validation,trimMA342_1200rpm_AW__D_15,trimMA342_1200rpm_AW__D_15:105000,105000,108000,1,1,3000,1200
k2,validation,trimMA342_1200rpm_AW__D_15,trimMA342_1200rpm_AW__D_15:108000,108000,111000,1,1,3000,1200
k2,validation,trimMA342_1200rpm_AW__D_15,trimMA342_1200rpm_AW__D_15:111000,111000,114000,1,1,3000,1200
k2,validation,trimMA342_1200rpm_AW__D_15,trimMA342_1200rpm_AW__D_15:114000,114000,117000,1,1,3000,1200
k2,validation,trimMA342_1200rpm_AW__D_15,trimMA342_1200rpm_AW__D_15:117000,117000,120000,1,1,3000,1200
k2,validation,trimMA342_1200rpm_AW__D_15,trimMA342_1200rpm_AW__D_15:120000,120000,123000,1,1,3000,1200
k2,validation,trimMA342_1200rpm_AW__D_15,trimMA342_1200rpm_AW__D_15:123000,123000,126000,1,1,3000,1200
k2,validation,trimMA342_1200rpm_AW__D_15,trimMA342_1200rpm_AW__D_15:126000,126000,129000,1,1,3000,1200
k2,validation,trimMA342_1200rpm_AW__D_15,trimMA342_1200rpm_AW__D_15:129000,129000,132000,1,1,3000,1200
k2,validation,trimMA342_1200rpm_AW__D_15,trimMA342_1200rpm_AW__D_15:132000,132000,135000,1,1,3000,1200
k2,validation,trimMA342_1200rpm_AW__D_15,trimMA342_1200rpm_AW__D_15:135000,135000,138000,1,1,3000,1200
k2,validation,trimMA342_1200rpm_AW__D_15,trimMA342_1200rpm_AW__D_15:138000,138000,141000,1,1,3000,1200
k2,validation,trimMA342_1200rpm_AW__D_15,trimMA342_1200rpm_AW__D_15:141000,141000,144000,1,1,3000,1200
k2,validation,trimMA342_1200rpm_AW__D_15,trimMA342_1200rpm_AW__D_15:144000,144000,147000,1,1,3000,1200
k2,validation,trimMA342_1200rpm_AW__D_15,trimMA342_1200rpm_AW__D_15:147000,147000,150000,1,1,3000,1200
k2,validation,trimMA342_1200rpm_AW__D_15,trimMA342_1200rpm_AW__D_15:150000,150000,153000,1,1,3000,1200
k2,validation,trimMA342_1200rpm_AW__D_15,trimMA342_1200rpm_AW__D_15:153000,153000,156000,1,1,3000,1200
k2,validation,trimMA342_1200rpm_AW__D_15,trimMA342_1200rpm_AW__D_15:156000,156000,159000,1,1,3000,1200
k2,validation,trimMA342_1200rpm_AW__D_15,trimMA342_1200rpm_AW__D_15:159000,159000,162000,1,1,3000,1200
k2,validation,trimMA342_1200rpm_AW__D_15,trimMA342_1200rpm_AW__D_15:162000,162000,165000,1,1,3000,1200
k2,validation,trimMA342_1200rpm_AW__D_15,trimMA342_1200rpm_AW__D_15:165000,165000,168000,1,1,3000,1200
k2,validation,trimMA342_1200rpm_AW__D_15,trimMA342_1200rpm_AW__D_15:168000,168000,171000,1,1,3000,1200
k2,validation,trimMA342_1200rpm_AW__D_15,trimMA342_1200rpm_AW__D_15:171000,171000,174000,1,1,3000,1200
k2,validation,trimMA342_1200rpm_AW__D_15,trimMA342_1200rpm_AW__D_15:174000,174000,177000,1,1,3000,1200
k2,validation,trimMA342_1200rpm_AW__D_15,trimMA342_1200rpm_AW__D_15:177000,177000,180000,1,1,3000,1200
k2,validation,trimMA342_1200rpm_AW__D_15,trimMA342_1200rpm_AW__D_15:180000,180000,183000,1,1,3000,1200
k2,validation,trimMA342_1200rpm_AW__D_15,trimMA342_1200rpm_AW__D_15:183000,183000,186000,1,1,3000,1200
k2,validation,trimMA342_1200rpm_AW__D_15,trimMA342_1200rpm_AW__D_15:186000,186000,189000,1,1,3000,1200
k2,validation,trimMA342_1200rpm_AW__D_15,trimMA342_1200rpm_AW__D_15:189000,189000,192000,1,1,3000,1200
k2,validation,trimMA342_1200rpm_AW__D_15,trimMA342_1200rpm_AW__D_15:192000,192000,195000,1,1,3000,1200
k2,validation,trimMA342_1200rpm_AW__D_15,trimMA342_1200rpm_AW__D_15:195000,195000,198000,1,1,3000,1200
k2,validation,trimMA342_1200rpm_AW__D_15,trimMA342_1200rpm_AW__D_15:198000,198000,201000,1,1,3000,1200
k2,validation,trimMA342_1200rpm_AW__D_15,trimMA342_1200rpm_AW__D_15:201000,201000,204000,1,1,3000,1200
k2,validation,trimMA342_1200rpm_AW__D_15,trimMA342_1200rpm_AW__D_15:204000,204000,207000,1,1,3000,1200
k2,validation,trimMA342_1200rpm_AW__D_15,trimMA342_1200rpm_AW__D_15:207000,207000,210000,1,1,3000,1200
k2,validation,trimMA342_1200rpm_AW__D_15,trimMA342_1200rpm_AW__D_15:210000,210000,213000,1,1,3000,1200
k2,validation,trimMA342_1200rpm_AW__D_15,trimMA342_1200rpm_AW__D_15:213000,213000,216000,1,1,3000,1200
k2,validation,trimMA342_1200rpm_AW__D_15,trimMA342_1200rpm_AW__D_15:216000,216000,219000,1,1,3000,1200
k2,validation,trimMA342_1200rpm_AW__D_15,trimMA342_1200rpm_AW__D_15:219000,219000,222000,1,1,3000,1200
k2,validation,trimMA342_1200rpm_AW__D_15,trimMA342_1200rpm_AW__D_15:222000,222000,225000,1,1,3000,1200
k2,validation,trimMA342_1200rpm_AW__D_15,trimMA342_1200rpm_AW__D_15:225000,225000,228000,1,1,3000,1200
k2,validation,trimMA342_1200rpm_AW__D_15,trimMA342_1200rpm_AW__D_15:228000,228000,231000,1,1,3000,1200
k2,validation,trimMA342_1200rpm_AW__D_15,trimMA342_1200rpm_AW__D_15:231000,231000,234000,1,1,3000,1200
k2,validation,trimMA342_1200rpm_AW__D_15,trimMA342_1200rpm_AW__D_15:234000,234000,237000,1,1,3000,1200
k2,validation,trimMA342_1200rpm_AW__D_15,trimMA342_1200rpm_AW__D_15:237000,237000,240000,1,1,3000,1200
k2,validation,trimMA342_1200rpm_AW__D_15,trimMA342_1200rpm_AW__D_15:240000,240000,243000,1,1,3000,1200
k2,validation,trimMA342_1200rpm_AW__D_15,trimMA342_1200rpm_AW__D_15:243000,243000,246000,1,1,3000,1200
k2,validation,trimMA342_1200rpm_AW__D_15,trimMA342_1200rpm_AW__D_15:246000,246000,249000,1,1,3000,1200
k2,validation,trimMA342_1200rpm_AW__D_15,trimMA342_1200rpm_AW__D_15:249000,249000,252000,1,1,3000,1200
k2,validation,trimMA342_1200rpm_AW__D_15,trimMA342_1200rpm_AW__D_15:252000,252000,255000,1,1,3000,1200
k2,validation,trimMA342_1200rpm_AW__D_15,trimMA342_1200rpm_AW__D_15:255000,255000,258000,1,1,3000,1200
k2,validation,trimMA342_1200rpm_AW__D_15,trimMA342_1200rpm_AW__D_15:258000,258000,261000,1,1,3000,1200
k2,validation,trimMA342_1200rpm_AW__D_15,trimMA342_1200rpm_AW__D_15:261000,261000,264000,1,1,3000,1200
k2,validation,trimMA342_1200rpm_AW__D_15,trimMA342_1200rpm_AW__D_15:264000,264000,267000,1,1,3000,1200
k2,validation,trimMA342_1200rpm_AW__D_15,trimMA342_1200rpm_AW__D_15:267000,267000,270000,1,1,3000,1200
k2,validation,trimMA342_1200rpm_AW__D_15,trimMA342_1200rpm_AW__D_15:270000,270000,273000,1,1,3000,1200
k2,validation,trimMA342_1200rpm_AW__D_15,trimMA342_1200rpm_AW__D_15:273000,273000,276000,1,1,3000,1200
k2,validation,trimMA342_1200rpm_AW__D_15,trimMA342_1200rpm_AW__D_15:276000,276000,279000,1,1,3000,1200
k2,validation,trimMA342_1200rpm_AW__D_15,trimMA342_1200rpm_AW__D_15:279000,279000,282000,1,1,3000,1200
k2,validation,trimMA342_1200rpm_A__DW_02,trimMA342_1200rpm_A__DW_02:0,0,3000,2,1,3000,1200
k2,validation,trimMA342_1200rpm_A__DW_02,trimMA342_1200rpm_A__DW_02:3000,3000,6000,2,1,3000,1200
k2,validation,trimMA342_1200rpm_A__DW_02,trimMA342_1200rpm_A__DW_02:6000,6000,9000,2,1,3000,1200
k2,validation,trimMA342_1200rpm_A__DW_02,trimMA342_1200rpm_A__DW_02:9000,9000,12000,2,1,3000,1200
k2,validation,trimMA342_1200rpm_A__DW_02,trimMA342_1200rpm_A__DW_02:12000,12000,15000,2,1,3000,1200
k2,validation,trimMA342_1200rpm_A__DW_02,trimMA342_1200rpm_A__DW_02:15000,15000,18000,2,1,3000,1200
k2,validation,trimMA342_1200rpm_A__DW_02,trimMA342_1200rpm_A__DW_02:18000,18000,21000,2,1,3000,1200
k2,validation,trimMA342_1200rpm_A__DW_02,trimMA342_1200rpm_A__DW_02:21000,21000,24000,2,1,3000,1200
k2,validation,trimMA342_1200rpm_A__DW_02,trimMA342_1200rpm_A__DW_02:24000,24000,27000,2,1,3000,1200
k2,validation,trimMA342_1200rpm_A__DW_02,trimMA342_1200rpm_A__DW_02:27000,27000,30000,2,1,3000,1200
k2,validation,trimMA342_1200rpm_A__DW_02,trimMA342_1200rpm_A__DW_02:30000,30000,33000,2,1,3000,1200
k2,validation,trimMA342_1200rpm_A__DW_02,trimMA342_1200rpm_A__DW_02:33000,33000,36000,2,1,3000,1200
k2,validation,trimMA342_1200rpm_A__DW_02,trimMA342_1200rpm_A__DW_02:36000,36000,39000,2,1,3000,1200
k2,validation,trimMA342_1200rpm_A__DW_02,trimMA342_1200rpm_A__DW_02:39000,39000,42000,2,1,3000,1200
k2,validation,trimMA342_1200rpm_A__DW_02,trimMA342_1200rpm_A__DW_02:42000,42000,45000,2,1,3000,1200
k2,validation,trimMA342_1200rpm_A__DW_02,trimMA342_1200rpm_A__DW_02:45000,45000,48000,2,1,3000,1200
k2,validation,trimMA342_1200rpm_A__DW_02,trimMA342_1200rpm_A__DW_02:48000,48000,51000,2,1,3000,1200
k2,validation,trimMA342_1200rpm_A__DW_02,trimMA342_1200rpm_A__DW_02:51000,51000,54000,2,1,3000,1200
k2,validation,trimMA342_1200rpm_A__DW_02,trimMA342_1200rpm_A__DW_02:54000,54000,57000,2,1,3000,1200
k2,validation,trimMA342_1200rpm_A__DW_02,trimMA342_1200rpm_A__DW_02:57000,57000,60000,2,1,3000,1200
k2,validation,trimMA342_1200rpm_A__DW_02,trimMA342_1200rpm_A__DW_02:60000,60000,63000,2,1,3000,1200
k2,validation,trimMA342_1200rpm_A__DW_02,trimMA342_1200rpm_A__DW_02:63000,63000,66000,2,1,3000,1200
k2,validation,trimMA342_1200rpm_A__DW_02,trimMA342_1200rpm_A__DW_02:66000,66000,69000,2,1,3000,1200
k2,validation,trimMA342_1200rpm_A__DW_02,trimMA342_1200rpm_A__DW_02:69000,69000,72000,2,1,3000,1200
k2,validation,trimMA342_1200rpm_A__DW_02,trimMA342_1200rpm_A__DW_02:72000,72000,75000,2,1,3000,1200
k2,validation,trimMA342_1200rpm_A__DW_02,trimMA342_1200rpm_A__DW_02:75000,75000,78000,2,1,3000,1200
k2,validation,trimMA342_1200rpm_A__DW_02,trimMA342_1200rpm_A__DW_02:78000,78000,81000,2,1,3000,1200
k2,validation,trimMA342_1200rpm_A__DW_02,trimMA342_1200rpm_A__DW_02:81000,81000,84000,2,1,3000,1200
k2,validation,trimMA342_1200rpm_A__DW_02,trimMA342_1200rpm_A__DW_02:84000,84000,87000,2,1,3000,1200
k2,validation,trimMA342_1200rpm_A__DW_02,trimMA342_1200rpm_A__DW_02:87000,87000,90000,2,1,3000,1200
k2,validation,trimMA342_1200rpm_A__DW_02,trimMA342_1200rpm_A__DW_02:90000,90000,93000,2,1,3000,1200
k2,validation,trimMA342_1200rpm_A__DW_02,trimMA342_1200rpm_A__DW_02:93000,93000,96000,2,1,3000,1200
k2,validation,trimMA342_1200rpm_A__DW_02,trimMA342_1200rpm_A__DW_02:96000,96000,99000,2,1,3000,1200
k2,validation,trimMA342_1200rpm_A__DW_02,trimMA342_1200rpm_A__DW_02:99000,99000,102000,2,1,3000,1200
k2,validation,trimMA342_1200rpm_A__DW_02,trimMA342_1200rpm_A__DW_02:102000,102000,105000,2,1,3000,1200
k2,validation,trimMA342_1200rpm_A__DW_02,trimMA342_1200rpm_A__DW_02:105000,105000,108000,2,1,3000,1200
k2,validation,trimMA342_1200rpm_A__DW_02,trimMA342_1200rpm_A__DW_02:108000,108000,111000,2,1,3000,1200
k2,validation,trimMA342_1200rpm_A__DW_02,trimMA342_1200rpm_A__DW_02:111000,111000,114000,2,1,3000,1200
k2,validation,trimMA342_1200rpm_A__DW_02,trimMA342_1200rpm_A__DW_02:114000,114000,117000,2,1,3000,1200
k2,validation,trimMA342_1200rpm_A__DW_02,trimMA342_1200rpm_A__DW_02:117000,117000,120000,2,1,3000,1200
k2,validation,trimMA342_1200rpm_A__DW_02,trimMA342_1200rpm_A__DW_02:120000,120000,123000,2,1,3000,1200
k2,validation,trimMA342_1200rpm_A__DW_02,trimMA342_1200rpm_A__DW_02:123000,123000,126000,2,1,3000,1200
k2,validation,trimMA342_1200rpm_A__DW_02,trimMA342_1200rpm_A__DW_02:126000,126000,129000,2,1,3000,1200
k2,validation,trimMA342_1200rpm_A__DW_02,trimMA342_1200rpm_A__DW_02:129000,129000,132000,2,1,3000,1200
k2,validation,trimMA342_1200rpm_A__DW_02,trimMA342_1200rpm_A__DW_02:132000,132000,135000,2,1,3000,1200
k2,validation,trimMA342_1200rpm_A__DW_02,trimMA342_1200rpm_A__DW_02:135000,135000,138000,2,1,3000,1200
k2,validation,trimMA342_1200rpm_A__DW_02,trimMA342_1200rpm_A__DW_02:138000,138000,141000,2,1,3000,1200
k2,validation,trimMA342_1200rpm_A__DW_02,trimMA342_1200rpm_A__DW_02:141000,141000,144000,2,1,3000,1200
k2,validation,trimMA342_1200rpm_A__DW_02,trimMA342_1200rpm_A__DW_02:144000,144000,147000,2,1,3000,1200
k2,validation,trimMA342_1200rpm_A__DW_02,trimMA342_1200rpm_A__DW_02:147000,147000,150000,2,1,3000,1200
k2,validation,trimMA342_1200rpm_A__DW_02,trimMA342_1200rpm_A__DW_02:150000,150000,153000,2,1,3000,1200
k2,validation,trimMA342_1200rpm_A__DW_02,trimMA342_1200rpm_A__DW_02:153000,153000,156000,2,1,3000,1200
k2,validation,trimMA342_1200rpm_A__DW_02,trimMA342_1200rpm_A__DW_02:156000,156000,159000,2,1,3000,1200
k2,validation,trimMA342_1200rpm_A__DW_02,trimMA342_1200rpm_A__DW_02:159000,159000,162000,2,1,3000,1200
k2,validation,trimMA342_1200rpm_A__DW_02,trimMA342_1200rpm_A__DW_02:162000,162000,165000,2,1,3000,1200
k2,validation,trimMA342_1200rpm_A__DW_02,trimMA342_1200rpm_A__DW_02:165000,165000,168000,2,1,3000,1200
k2,validation,trimMA342_1200rpm_A__DW_02,trimMA342_1200rpm_A__DW_02:168000,168000,171000,2,1,3000,1200
k2,validation,trimMA342_1200rpm_A__DW_02,trimMA342_1200rpm_A__DW_02:171000,171000,174000,2,1,3000,1200
k2,validation,trimMA342_1200rpm_A__DW_02,trimMA342_1200rpm_A__DW_02:174000,174000,177000,2,1,3000,1200
k2,validation,trimMA342_1200rpm_A__DW_02,trimMA342_1200rpm_A__DW_02:177000,177000,180000,2,1,3000,1200
k2,validation,trimMA342_1200rpm_A__DW_02,trimMA342_1200rpm_A__DW_02:180000,180000,183000,2,1,3000,1200
k2,validation,trimMA342_1200rpm_A__DW_02,trimMA342_1200rpm_A__DW_02:183000,183000,186000,2,1,3000,1200
k2,validation,trimMA342_1200rpm_A__DW_02,trimMA342_1200rpm_A__DW_02:186000,186000,189000,2,1,3000,1200
k2,validation,trimMA342_1200rpm_A__DW_02,trimMA342_1200rpm_A__DW_02:189000,189000,192000,2,1,3000,1200
k2,validation,trimMA342_1200rpm_A__DW_02,trimMA342_1200rpm_A__DW_02:192000,192000,195000,2,1,3000,1200
k2,validation,trimMA342_1200rpm_A__DW_02,trimMA342_1200rpm_A__DW_02:195000,195000,198000,2,1,3000,1200
k2,validation,trimMA342_1200rpm_A__DW_02,trimMA342_1200rpm_A__DW_02:198000,198000,201000,2,1,3000,1200
k2,validation,trimMA342_1200rpm_A__DW_02,trimMA342_1200rpm_A__DW_02:201000,201000,204000,2,1,3000,1200
k2,validation,trimMA342_1200rpm_A__DW_02,trimMA342_1200rpm_A__DW_02:204000,204000,207000,2,1,3000,1200
k2,validation,trimMA342_1200rpm_A__DW_02,trimMA342_1200rpm_A__DW_02:207000,207000,210000,2,1,3000,1200
k2,validation,trimMA342_1200rpm_A__DW_02,trimMA342_1200rpm_A__DW_02:210000,210000,213000,2,1,3000,1200
k2,validation,trimMA342_1200rpm_A__DW_02,trimMA342_1200rpm_A__DW_02:213000,213000,216000,2,1,3000,1200
k2,validation,trimMA342_1200rpm_A__DW_02,trimMA342_1200rpm_A__DW_02:216000,216000,219000,2,1,3000,1200
k2,validation,trimMA342_1200rpm_A__DW_02,trimMA342_1200rpm_A__DW_02:219000,219000,222000,2,1,3000,1200
k2,validation,trimMA342_1200rpm_A__DW_02,trimMA342_1200rpm_A__DW_02:222000,222000,225000,2,1,3000,1200
k2,validation,trimMA342_1200rpm_A__DW_02,trimMA342_1200rpm_A__DW_02:225000,225000,228000,2,1,3000,1200
k2,validation,trimMA342_1200rpm_A__DW_02,trimMA342_1200rpm_A__DW_02:228000,228000,231000,2,1,3000,1200
k2,validation,trimMA342_1200rpm_A__DW_02,trimMA342_1200rpm_A__DW_02:231000,231000,234000,2,1,3000,1200
k2,validation,trimMA342_1200rpm_A__DW_02,trimMA342_1200rpm_A__DW_02:234000,234000,237000,2,1,3000,1200
k2,validation,trimMA342_1200rpm_A__DW_02,trimMA342_1200rpm_A__DW_02:237000,237000,240000,2,1,3000,1200
k2,validation,trimMA342_1200rpm_A__DW_02,trimMA342_1200rpm_A__DW_02:240000,240000,243000,2,1,3000,1200
k2,validation,trimMA342_1200rpm_A__DW_02,trimMA342_1200rpm_A__DW_02:243000,243000,246000,2,1,3000,1200
k2,validation,trimMA342_1200rpm_A__DW_02,trimMA342_1200rpm_A__DW_02:246000,246000,249000,2,1,3000,1200
k2,validation,trimMA342_1200rpm_A__DW_02,trimMA342_1200rpm_A__DW_02:249000,249000,252000,2,1,3000,1200
k2,validation,trimMA342_1200rpm_A__DW_02,trimMA342_1200rpm_A__DW_02:252000,252000,255000,2,1,3000,1200
k2,validation,trimMA342_1200rpm_A__DW_02,trimMA342_1200rpm_A__DW_02:255000,255000,258000,2,1,3000,1200
k2,validation,trimMA342_1200rpm_A__DW_02,trimMA342_1200rpm_A__DW_02:258000,258000,261000,2,1,3000,1200
k2,validation,trimMA342_1200rpm_A__DW_02,trimMA342_1200rpm_A__DW_02:261000,261000,264000,2,1,3000,1200
k2,validation,trimMA342_1200rpm_A__DW_02,trimMA342_1200rpm_A__DW_02:264000,264000,267000,2,1,3000,1200
k2,validation,trimMA342_1200rpm_A__DW_02,trimMA342_1200rpm_A__DW_02:267000,267000,270000,2,1,3000,1200
k2,validation,trimMA342_1200rpm_A__DW_02,trimMA342_1200rpm_A__DW_02:270000,270000,273000,2,1,3000,1200
k2,validation,trimMA342_1200rpm_A__DW_02,trimMA342_1200rpm_A__DW_02:273000,273000,276000,2,1,3000,1200
k2,validation,trimMA342_1200rpm_A__DW_02,trimMA342_1200rpm_A__DW_02:276000,276000,279000,2,1,3000,1200
k2,validation,trimMA342_1200rpm_A__DW_02,trimMA342_1200rpm_A__DW_02:279000,279000,282000,2,1,3000,1200
k2,validation,trimMA342_1200rpm_A__DW_04,trimMA342_1200rpm_A__DW_04:0,0,3000,2,1,3000,1200
k2,validation,trimMA342_1200rpm_A__DW_04,trimMA342_1200rpm_A__DW_04:3000,3000,6000,2,1,3000,1200
k2,validation,trimMA342_1200rpm_A__DW_04,trimMA342_1200rpm_A__DW_04:6000,6000,9000,2,1,3000,1200
k2,validation,trimMA342_1200rpm_A__DW_04,trimMA342_1200rpm_A__DW_04:9000,9000,12000,2,1,3000,1200
k2,validation,trimMA342_1200rpm_A__DW_04,trimMA342_1200rpm_A__DW_04:12000,12000,15000,2,1,3000,1200
k2,validation,trimMA342_1200rpm_A__DW_04,trimMA342_1200rpm_A__DW_04:15000,15000,18000,2,1,3000,1200
k2,validation,trimMA342_1200rpm_A__DW_04,trimMA342_1200rpm_A__DW_04:18000,18000,21000,2,1,3000,1200
k2,validation,trimMA342_1200rpm_A__DW_04,trimMA342_1200rpm_A__DW_04:21000,21000,24000,2,1,3000,1200
k2,validation,trimMA342_1200rpm_A__DW_04,trimMA342_1200rpm_A__DW_04:24000,24000,27000,2,1,3000,1200
k2,validation,trimMA342_1200rpm_A__DW_04,trimMA342_1200rpm_A__DW_04:27000,27000,30000,2,1,3000,1200
k2,validation,trimMA342_1200rpm_A__DW_04,trimMA342_1200rpm_A__DW_04:30000,30000,33000,2,1,3000,1200
k2,validation,trimMA342_1200rpm_A__DW_04,trimMA342_1200rpm_A__DW_04:33000,33000,36000,2,1,3000,1200
k2,validation,trimMA342_1200rpm_A__DW_04,trimMA342_1200rpm_A__DW_04:36000,36000,39000,2,1,3000,1200
k2,validation,trimMA342_1200rpm_A__DW_04,trimMA342_1200rpm_A__DW_04:39000,39000,42000,2,1,3000,1200
k2,validation,trimMA342_1200rpm_A__DW_04,trimMA342_1200rpm_A__DW_04:42000,42000,45000,2,1,3000,1200
k2,validation,trimMA342_1200rpm_A__DW_04,trimMA342_1200rpm_A__DW_04:45000,45000,48000,2,1,3000,1200
k2,validation,trimMA342_1200rpm_A__DW_04,trimMA342_1200rpm_A__DW_04:48000,48000,51000,2,1,3000,1200
k2,validation,trimMA342_1200rpm_A__DW_04,trimMA342_1200rpm_A__DW_04:51000,51000,54000,2,1,3000,1200
k2,validation,trimMA342_1200rpm_A__DW_04,trimMA342_1200rpm_A__DW_04:54000,54000,57000,2,1,3000,1200
k2,validation,trimMA342_1200rpm_A__DW_04,trimMA342_1200rpm_A__DW_04:57000,57000,60000,2,1,3000,1200
k2,validation,trimMA342_1200rpm_A__DW_04,trimMA342_1200rpm_A__DW_04:60000,60000,63000,2,1,3000,1200
k2,validation,trimMA342_1200rpm_A__DW_04,trimMA342_1200rpm_A__DW_04:63000,63000,66000,2,1,3000,1200
k2,validation,trimMA342_1200rpm_A__DW_04,trimMA342_1200rpm_A__DW_04:66000,66000,69000,2,1,3000,1200
k2,validation,trimMA342_1200rpm_A__DW_04,trimMA342_1200rpm_A__DW_04:69000,69000,72000,2,1,3000,1200
k2,validation,trimMA342_1200rpm_A__DW_04,trimMA342_1200rpm_A__DW_04:72000,72000,75000,2,1,3000,1200
k2,validation,trimMA342_1200rpm_A__DW_04,trimMA342_1200rpm_A__DW_04:75000,75000,78000,2,1,3000,1200
k2,validation,trimMA342_1200rpm_A__DW_04,trimMA342_1200rpm_A__DW_04:78000,78000,81000,2,1,3000,1200
k2,validation,trimMA342_1200rpm_A__DW_04,trimMA342_1200rpm_A__DW_04:81000,81000,84000,2,1,3000,1200
k2,validation,trimMA342_1200rpm_A__DW_04,trimMA342_1200rpm_A__DW_04:84000,84000,87000,2,1,3000,1200
k2,validation,trimMA342_1200rpm_A__DW_04,trimMA342_1200rpm_A__DW_04:87000,87000,90000,2,1,3000,1200
k2,validation,trimMA342_1200rpm_A__DW_04,trimMA342_1200rpm_A__DW_04:90000,90000,93000,2,1,3000,1200
k2,validation,trimMA342_1200rpm_A__DW_04,trimMA342_1200rpm_A__DW_04:93000,93000,96000,2,1,3000,1200
k2,validation,trimMA342_1200rpm_A__DW_04,trimMA342_1200rpm_A__DW_04:96000,96000,99000,2,1,3000,1200
k2,validation,trimMA342_1200rpm_A__DW_04,trimMA342_1200rpm_A__DW_04:99000,99000,102000,2,1,3000,1200
k2,validation,trimMA342_1200rpm_A__DW_04,trimMA342_1200rpm_A__DW_04:102000,102000,105000,2,1,3000,1200
k2,validation,trimMA342_1200rpm_A__DW_04,trimMA342_1200rpm_A__DW_04:105000,105000,108000,2,1,3000,1200
k2,validation,trimMA342_1200rpm_A__DW_04,trimMA342_1200rpm_A__DW_04:108000,108000,111000,2,1,3000,1200
k2,validation,trimMA342_1200rpm_A__DW_04,trimMA342_1200rpm_A__DW_04:111000,111000,114000,2,1,3000,1200
k2,validation,trimMA342_1200rpm_A__DW_04,trimMA342_1200rpm_A__DW_04:114000,114000,117000,2,1,3000,1200
k2,validation,trimMA342_1200rpm_A__DW_04,trimMA342_1200rpm_A__DW_04:117000,117000,120000,2,1,3000,1200
k2,validation,trimMA342_1200rpm_A__DW_04,trimMA342_1200rpm_A__DW_04:120000,120000,123000,2,1,3000,1200
k2,validation,trimMA342_1200rpm_A__DW_04,trimMA342_1200rpm_A__DW_04:123000,123000,126000,2,1,3000,1200
k2,validation,trimMA342_1200rpm_A__DW_04,trimMA342_1200rpm_A__DW_04:126000,126000,129000,2,1,3000,1200
k2,validation,trimMA342_1200rpm_A__DW_04,trimMA342_1200rpm_A__DW_04:129000,129000,132000,2,1,3000,1200
k2,validation,trimMA342_1200rpm_A__DW_04,trimMA342_1200rpm_A__DW_04:132000,132000,135000,2,1,3000,1200
k2,validation,trimMA342_1200rpm_A__DW_04,trimMA342_1200rpm_A__DW_04:135000,135000,138000,2,1,3000,1200
k2,validation,trimMA342_1200rpm_A__DW_04,trimMA342_1200rpm_A__DW_04:138000,138000,141000,2,1,3000,1200
k2,validation,trimMA342_1200rpm_A__DW_04,trimMA342_1200rpm_A__DW_04:141000,141000,144000,2,1,3000,1200
k2,validation,trimMA342_1200rpm_A__DW_04,trimMA342_1200rpm_A__DW_04:144000,144000,147000,2,1,3000,1200
k2,validation,trimMA342_1200rpm_A__DW_04,trimMA342_1200rpm_A__DW_04:147000,147000,150000,2,1,3000,1200
k2,validation,trimMA342_1200rpm_A__DW_04,trimMA342_1200rpm_A__DW_04:150000,150000,153000,2,1,3000,1200
k2,validation,trimMA342_1200rpm_A__DW_04,trimMA342_1200rpm_A__DW_04:153000,153000,156000,2,1,3000,1200
k2,validation,trimMA342_1200rpm_A__DW_04,trimMA342_1200rpm_A__DW_04:156000,156000,159000,2,1,3000,1200
k2,validation,trimMA342_1200rpm_A__DW_04,trimMA342_1200rpm_A__DW_04:159000,159000,162000,2,1,3000,1200
k2,validation,trimMA342_1200rpm_A__DW_04,trimMA342_1200rpm_A__DW_04:162000,162000,165000,2,1,3000,1200
k2,validation,trimMA342_1200rpm_A__DW_04,trimMA342_1200rpm_A__DW_04:165000,165000,168000,2,1,3000,1200
k2,validation,trimMA342_1200rpm_A__DW_04,trimMA342_1200rpm_A__DW_04:168000,168000,171000,2,1,3000,1200
k2,validation,trimMA342_1200rpm_A__DW_04,trimMA342_1200rpm_A__DW_04:171000,171000,174000,2,1,3000,1200
k2,validation,trimMA342_1200rpm_A__DW_04,trimMA342_1200rpm_A__DW_04:174000,174000,177000,2,1,3000,1200
k2,validation,trimMA342_1200rpm_A__DW_04,trimMA342_1200rpm_A__DW_04:177000,177000,180000,2,1,3000,1200
k2,validation,trimMA342_1200rpm_A__DW_04,trimMA342_1200rpm_A__DW_04:180000,180000,183000,2,1,3000,1200
k2,validation,trimMA342_1200rpm_A__DW_04,trimMA342_1200rpm_A__DW_04:183000,183000,186000,2,1,3000,1200
k2,validation,trimMA342_1200rpm_A__DW_04,trimMA342_1200rpm_A__DW_04:186000,186000,189000,2,1,3000,1200
k2,validation,trimMA342_1200rpm_A__DW_04,trimMA342_1200rpm_A__DW_04:189000,189000,192000,2,1,3000,1200
k2,validation,trimMA342_1200rpm_A__DW_04,trimMA342_1200rpm_A__DW_04:192000,192000,195000,2,1,3000,1200
k2,validation,trimMA342_1200rpm_A__DW_04,trimMA342_1200rpm_A__DW_04:195000,195000,198000,2,1,3000,1200
k2,validation,trimMA342_1200rpm_A__DW_04,trimMA342_1200rpm_A__DW_04:198000,198000,201000,2,1,3000,1200
k2,validation,trimMA342_1200rpm_A__DW_04,trimMA342_1200rpm_A__DW_04:201000,201000,204000,2,1,3000,1200
k2,validation,trimMA342_1200rpm_A__DW_04,trimMA342_1200rpm_A__DW_04:204000,204000,207000,2,1,3000,1200
k2,validation,trimMA342_1200rpm_A__DW_04,trimMA342_1200rpm_A__DW_04:207000,207000,210000,2,1,3000,1200
k2,validation,trimMA342_1200rpm_A__DW_04,trimMA342_1200rpm_A__DW_04:210000,210000,213000,2,1,3000,1200
k2,validation,trimMA342_1200rpm_A__DW_04,trimMA342_1200rpm_A__DW_04:213000,213000,216000,2,1,3000,1200
k2,validation,trimMA342_1200rpm_A__DW_04,trimMA342_1200rpm_A__DW_04:216000,216000,219000,2,1,3000,1200
k2,validation,trimMA342_1200rpm_A__DW_04,trimMA342_1200rpm_A__DW_04:219000,219000,222000,2,1,3000,1200
k2,validation,trimMA342_1200rpm_A__DW_04,trimMA342_1200rpm_A__DW_04:222000,222000,225000,2,1,3000,1200
k2,validation,trimMA342_1200rpm_A__DW_04,trimMA342_1200rpm_A__DW_04:225000,225000,228000,2,1,3000,1200
k2,validation,trimMA342_1200rpm_A__DW_04,trimMA342_1200rpm_A__DW_04:228000,228000,231000,2,1,3000,1200
k2,validation,trimMA342_1200rpm_A__DW_04,trimMA342_1200rpm_A__DW_04:231000,231000,234000,2,1,3000,1200
k2,validation,trimMA342_1200rpm_A__DW_04,trimMA342_1200rpm_A__DW_04:234000,234000,237000,2,1,3000,1200
k2,validation,trimMA342_1200rpm_A__DW_04,trimMA342_1200rpm_A__DW_04:237000,237000,240000,2,1,3000,1200
k2,validation,trimMA342_1200rpm_A__DW_04,trimMA342_1200rpm_A__DW_04:240000,240000,243000,2,1,3000,1200
k2,validation,trimMA342_1200rpm_A__DW_04,trimMA342_1200rpm_A__DW_04:243000,243000,246000,2,1,3000,1200
k2,validation,trimMA342_1200rpm_A__DW_04,trimMA342_1200rpm_A__DW_04:246000,246000,249000,2,1,3000,1200
k2,validation,trimMA342_1200rpm_A__DW_04,trimMA342_1200rpm_A__DW_04:249000,249000,252000,2,1,3000,1200
k2,validation,trimMA342_1200rpm_A__DW_04,trimMA342_1200rpm_A__DW_04:252000,252000,255000,2,1,3000,1200
k2,validation,trimMA342_1200rpm_A__DW_04,trimMA342_1200rpm_A__DW_04:255000,255000,258000,2,1,3000,1200
k2,validation,trimMA342_1200rpm_A__DW_04,trimMA342_1200rpm_A__DW_04:258000,258000,261000,2,1,3000,1200
k2,validation,trimMA342_1200rpm_A__DW_04,trimMA342_1200rpm_A__DW_04:261000,261000,264000,2,1,3000,1200
k2,validation,trimMA342_1200rpm_A__DW_04,trimMA342_1200rpm_A__DW_04:264000,264000,267000,2,1,3000,1200
k2,validation,trimMA342_1200rpm_A__DW_04,trimMA342_1200rpm_A__DW_04:267000,267000,270000,2,1,3000,1200
k2,validation,trimMA342_1200rpm_A__DW_04,trimMA342_1200rpm_A__DW_04:270000,270000,273000,2,1,3000,1200
k2,validation,trimMA342_1200rpm_A__DW_04,trimMA342_1200rpm_A__DW_04:273000,273000,276000,2,1,3000,1200
k2,validation,trimMA342_1200rpm_A__DW_04,trimMA342_1200rpm_A__DW_04:276000,276000,279000,2,1,3000,1200
k2,validation,trimMA342_1200rpm_A__DW_04,trimMA342_1200rpm_A__DW_04:279000,279000,282000,2,1,3000,1200
k2,validation,trimMA342_1200rpm_A__DW_06,trimMA342_1200rpm_A__DW_06:0,0,3000,2,1,3000,1200
k2,validation,trimMA342_1200rpm_A__DW_06,trimMA342_1200rpm_A__DW_06:3000,3000,6000,2,1,3000,1200
k2,validation,trimMA342_1200rpm_A__DW_06,trimMA342_1200rpm_A__DW_06:6000,6000,9000,2,1,3000,1200
k2,validation,trimMA342_1200rpm_A__DW_06,trimMA342_1200rpm_A__DW_06:9000,9000,12000,2,1,3000,1200
k2,validation,trimMA342_1200rpm_A__DW_06,trimMA342_1200rpm_A__DW_06:12000,12000,15000,2,1,3000,1200
k2,validation,trimMA342_1200rpm_A__DW_06,trimMA342_1200rpm_A__DW_06:15000,15000,18000,2,1,3000,1200
k2,validation,trimMA342_1200rpm_A__DW_06,trimMA342_1200rpm_A__DW_06:18000,18000,21000,2,1,3000,1200
k2,validation,trimMA342_1200rpm_A__DW_06,trimMA342_1200rpm_A__DW_06:21000,21000,24000,2,1,3000,1200
k2,validation,trimMA342_1200rpm_A__DW_06,trimMA342_1200rpm_A__DW_06:24000,24000,27000,2,1,3000,1200
k2,validation,trimMA342_1200rpm_A__DW_06,trimMA342_1200rpm_A__DW_06:27000,27000,30000,2,1,3000,1200
k2,validation,trimMA342_1200rpm_A__DW_06,trimMA342_1200rpm_A__DW_06:30000,30000,33000,2,1,3000,1200
k2,validation,trimMA342_1200rpm_A__DW_06,trimMA342_1200rpm_A__DW_06:33000,33000,36000,2,1,3000,1200
k2,validation,trimMA342_1200rpm_A__DW_06,trimMA342_1200rpm_A__DW_06:36000,36000,39000,2,1,3000,1200
k2,validation,trimMA342_1200rpm_A__DW_06,trimMA342_1200rpm_A__DW_06:39000,39000,42000,2,1,3000,1200
k2,validation,trimMA342_1200rpm_A__DW_06,trimMA342_1200rpm_A__DW_06:42000,42000,45000,2,1,3000,1200
k2,validation,trimMA342_1200rpm_A__DW_06,trimMA342_1200rpm_A__DW_06:45000,45000,48000,2,1,3000,1200
k2,validation,trimMA342_1200rpm_A__DW_06,trimMA342_1200rpm_A__DW_06:48000,48000,51000,2,1,3000,1200
k2,validation,trimMA342_1200rpm_A__DW_06,trimMA342_1200rpm_A__DW_06:51000,51000,54000,2,1,3000,1200
k2,validation,trimMA342_1200rpm_A__DW_06,trimMA342_1200rpm_A__DW_06:54000,54000,57000,2,1,3000,1200
k2,validation,trimMA342_1200rpm_A__DW_06,trimMA342_1200rpm_A__DW_06:57000,57000,60000,2,1,3000,1200
k2,validation,trimMA342_1200rpm_A__DW_06,trimMA342_1200rpm_A__DW_06:60000,60000,63000,2,1,3000,1200
k2,validation,trimMA342_1200rpm_A__DW_06,trimMA342_1200rpm_A__DW_06:63000,63000,66000,2,1,3000,1200
k2,validation,trimMA342_1200rpm_A__DW_06,trimMA342_1200rpm_A__DW_06:66000,66000,69000,2,1,3000,1200
k2,validation,trimMA342_1200rpm_A__DW_06,trimMA342_1200rpm_A__DW_06:69000,69000,72000,2,1,3000,1200
k2,validation,trimMA342_1200rpm_A__DW_06,trimMA342_1200rpm_A__DW_06:72000,72000,75000,2,1,3000,1200
k2,validation,trimMA342_1200rpm_A__DW_06,trimMA342_1200rpm_A__DW_06:75000,75000,78000,2,1,3000,1200
k2,validation,trimMA342_1200rpm_A__DW_06,trimMA342_1200rpm_A__DW_06:78000,78000,81000,2,1,3000,1200
k2,validation,trimMA342_1200rpm_A__DW_06,trimMA342_1200rpm_A__DW_06:81000,81000,84000,2,1,3000,1200
k2,validation,trimMA342_1200rpm_A__DW_06,trimMA342_1200rpm_A__DW_06:84000,84000,87000,2,1,3000,1200
k2,validation,trimMA342_1200rpm_A__DW_06,trimMA342_1200rpm_A__DW_06:87000,87000,90000,2,1,3000,1200
k2,validation,trimMA342_1200rpm_A__DW_06,trimMA342_1200rpm_A__DW_06:90000,90000,93000,2,1,3000,1200
k2,validation,trimMA342_1200rpm_A__DW_06,trimMA342_1200rpm_A__DW_06:93000,93000,96000,2,1,3000,1200
k2,validation,trimMA342_1200rpm_A__DW_06,trimMA342_1200rpm_A__DW_06:96000,96000,99000,2,1,3000,1200
k2,validation,trimMA342_1200rpm_A__DW_06,trimMA342_1200rpm_A__DW_06:99000,99000,102000,2,1,3000,1200
k2,validation,trimMA342_1200rpm_A__DW_06,trimMA342_1200rpm_A__DW_06:102000,102000,105000,2,1,3000,1200
k2,validation,trimMA342_1200rpm_A__DW_06,trimMA342_1200rpm_A__DW_06:105000,105000,108000,2,1,3000,1200
k2,validation,trimMA342_1200rpm_A__DW_06,trimMA342_1200rpm_A__DW_06:108000,108000,111000,2,1,3000,1200
k2,validation,trimMA342_1200rpm_A__DW_06,trimMA342_1200rpm_A__DW_06:111000,111000,114000,2,1,3000,1200
k2,validation,trimMA342_1200rpm_A__DW_06,trimMA342_1200rpm_A__DW_06:114000,114000,117000,2,1,3000,1200
k2,validation,trimMA342_1200rpm_A__DW_06,trimMA342_1200rpm_A__DW_06:117000,117000,120000,2,1,3000,1200
k2,validation,trimMA342_1200rpm_A__DW_06,trimMA342_1200rpm_A__DW_06:120000,120000,123000,2,1,3000,1200
k2,validation,trimMA342_1200rpm_A__DW_06,trimMA342_1200rpm_A__DW_06:123000,123000,126000,2,1,3000,1200
k2,validation,trimMA342_1200rpm_A__DW_06,trimMA342_1200rpm_A__DW_06:126000,126000,129000,2,1,3000,1200
k2,validation,trimMA342_1200rpm_A__DW_06,trimMA342_1200rpm_A__DW_06:129000,129000,132000,2,1,3000,1200
k2,validation,trimMA342_1200rpm_A__DW_06,trimMA342_1200rpm_A__DW_06:132000,132000,135000,2,1,3000,1200
k2,validation,trimMA342_1200rpm_A__DW_06,trimMA342_1200rpm_A__DW_06:135000,135000,138000,2,1,3000,1200
k2,validation,trimMA342_1200rpm_A__DW_06,trimMA342_1200rpm_A__DW_06:138000,138000,141000,2,1,3000,1200
k2,validation,trimMA342_1200rpm_A__DW_06,trimMA342_1200rpm_A__DW_06:141000,141000,144000,2,1,3000,1200
k2,validation,trimMA342_1200rpm_A__DW_06,trimMA342_1200rpm_A__DW_06:144000,144000,147000,2,1,3000,1200
k2,validation,trimMA342_1200rpm_A__DW_06,trimMA342_1200rpm_A__DW_06:147000,147000,150000,2,1,3000,1200
k2,validation,trimMA342_1200rpm_A__DW_06,trimMA342_1200rpm_A__DW_06:150000,150000,153000,2,1,3000,1200
k2,validation,trimMA342_1200rpm_A__DW_06,trimMA342_1200rpm_A__DW_06:153000,153000,156000,2,1,3000,1200
k2,validation,trimMA342_1200rpm_A__DW_06,trimMA342_1200rpm_A__DW_06:156000,156000,159000,2,1,3000,1200
k2,validation,trimMA342_1200rpm_A__DW_06,trimMA342_1200rpm_A__DW_06:159000,159000,162000,2,1,3000,1200
k2,validation,trimMA342_1200rpm_A__DW_06,trimMA342_1200rpm_A__DW_06:162000,162000,165000,2,1,3000,1200
k2,validation,trimMA342_1200rpm_A__DW_06,trimMA342_1200rpm_A__DW_06:165000,165000,168000,2,1,3000,1200
k2,validation,trimMA342_1200rpm_A__DW_06,trimMA342_1200rpm_A__DW_06:168000,168000,171000,2,1,3000,1200
k2,validation,trimMA342_1200rpm_A__DW_06,trimMA342_1200rpm_A__DW_06:171000,171000,174000,2,1,3000,1200
k2,validation,trimMA342_1200rpm_A__DW_06,trimMA342_1200rpm_A__DW_06:174000,174000,177000,2,1,3000,1200
k2,validation,trimMA342_1200rpm_A__DW_06,trimMA342_1200rpm_A__DW_06:177000,177000,180000,2,1,3000,1200
k2,validation,trimMA342_1200rpm_A__DW_06,trimMA342_1200rpm_A__DW_06:180000,180000,183000,2,1,3000,1200
k2,validation,trimMA342_1200rpm_A__DW_06,trimMA342_1200rpm_A__DW_06:183000,183000,186000,2,1,3000,1200
k2,validation,trimMA342_1200rpm_A__DW_06,trimMA342_1200rpm_A__DW_06:186000,186000,189000,2,1,3000,1200
k2,validation,trimMA342_1200rpm_A__DW_06,trimMA342_1200rpm_A__DW_06:189000,189000,192000,2,1,3000,1200
k2,validation,trimMA342_1200rpm_A__DW_06,trimMA342_1200rpm_A__DW_06:192000,192000,195000,2,1,3000,1200
k2,validation,trimMA342_1200rpm_A__DW_06,trimMA342_1200rpm_A__DW_06:195000,195000,198000,2,1,3000,1200
k2,validation,trimMA342_1200rpm_A__DW_06,trimMA342_1200rpm_A__DW_06:198000,198000,201000,2,1,3000,1200
k2,validation,trimMA342_1200rpm_A__DW_06,trimMA342_1200rpm_A__DW_06:201000,201000,204000,2,1,3000,1200
k2,validation,trimMA342_1200rpm_A__DW_06,trimMA342_1200rpm_A__DW_06:204000,204000,207000,2,1,3000,1200
k2,validation,trimMA342_1200rpm_A__DW_06,trimMA342_1200rpm_A__DW_06:207000,207000,210000,2,1,3000,1200
k2,validation,trimMA342_1200rpm_A__DW_06,trimMA342_1200rpm_A__DW_06:210000,210000,213000,2,1,3000,1200
k2,validation,trimMA342_1200rpm_A__DW_06,trimMA342_1200rpm_A__DW_06:213000,213000,216000,2,1,3000,1200
k2,validation,trimMA342_1200rpm_A__DW_06,trimMA342_1200rpm_A__DW_06:216000,216000,219000,2,1,3000,1200
k2,validation,trimMA342_1200rpm_A__DW_06,trimMA342_1200rpm_A__DW_06:219000,219000,222000,2,1,3000,1200
k2,validation,trimMA342_1200rpm_A__DW_06,trimMA342_1200rpm_A__DW_06:222000,222000,225000,2,1,3000,1200
k2,validation,trimMA342_1200rpm_A__DW_06,trimMA342_1200rpm_A__DW_06:225000,225000,228000,2,1,3000,1200
k2,validation,trimMA342_1200rpm_A__DW_06,trimMA342_1200rpm_A__DW_06:228000,228000,231000,2,1,3000,1200
k2,validation,trimMA342_1200rpm_A__DW_06,trimMA342_1200rpm_A__DW_06:231000,231000,234000,2,1,3000,1200
k2,validation,trimMA342_1200rpm_A__DW_06,trimMA342_1200rpm_A__DW_06:234000,234000,237000,2,1,3000,1200
k2,validation,trimMA342_1200rpm_A__DW_06,trimMA342_1200rpm_A__DW_06:237000,237000,240000,2,1,3000,1200
k2,validation,trimMA342_1200rpm_A__DW_06,trimMA342_1200rpm_A__DW_06:240000,240000,243000,2,1,3000,1200
k2,validation,trimMA342_1200rpm_A__DW_06,trimMA342_1200rpm_A__DW_06:243000,243000,246000,2,1,3000,1200
k2,validation,trimMA342_1200rpm_A__DW_06,trimMA342_1200rpm_A__DW_06:246000,246000,249000,2,1,3000,1200
k2,validation,trimMA342_1200rpm_A__DW_06,trimMA342_1200rpm_A__DW_06:249000,249000,252000,2,1,3000,1200
k2,validation,trimMA342_1200rpm_A__DW_06,trimMA342_1200rpm_A__DW_06:252000,252000,255000,2,1,3000,1200
k2,validation,trimMA342_1200rpm_A__DW_06,trimMA342_1200rpm_A__DW_06:255000,255000,258000,2,1,3000,1200
k2,validation,trimMA342_1200rpm_A__DW_06,trimMA342_1200rpm_A__DW_06:258000,258000,261000,2,1,3000,1200
k2,validation,trimMA342_1200rpm_A__DW_06,trimMA342_1200rpm_A__DW_06:261000,261000,264000,2,1,3000,1200
k2,validation,trimMA342_1200rpm_A__DW_06,trimMA342_1200rpm_A__DW_06:264000,264000,267000,2,1,3000,1200
k2,validation,trimMA342_1200rpm_A__DW_06,trimMA342_1200rpm_A__DW_06:267000,267000,270000,2,1,3000,1200
k2,validation,trimMA342_1200rpm_A__DW_06,trimMA342_1200rpm_A__DW_06:270000,270000,273000,2,1,3000,1200
k2,validation,trimMA342_1200rpm_A__DW_06,trimMA342_1200rpm_A__DW_06:273000,273000,276000,2,1,3000,1200
k2,validation,trimMA342_1200rpm_A__DW_06,trimMA342_1200rpm_A__DW_06:276000,276000,279000,2,1,3000,1200
k2,validation,trimMA342_1200rpm_A__DW_06,trimMA342_1200rpm_A__DW_06:279000,279000,282000,2,1,3000,1200
k2,validation,trimMA342_1200rpm_A__DW_15,trimMA342_1200rpm_A__DW_15:0,0,3000,2,1,3000,1200
k2,validation,trimMA342_1200rpm_A__DW_15,trimMA342_1200rpm_A__DW_15:3000,3000,6000,2,1,3000,1200
k2,validation,trimMA342_1200rpm_A__DW_15,trimMA342_1200rpm_A__DW_15:6000,6000,9000,2,1,3000,1200
k2,validation,trimMA342_1200rpm_A__DW_15,trimMA342_1200rpm_A__DW_15:9000,9000,12000,2,1,3000,1200
k2,validation,trimMA342_1200rpm_A__DW_15,trimMA342_1200rpm_A__DW_15:12000,12000,15000,2,1,3000,1200
k2,validation,trimMA342_1200rpm_A__DW_15,trimMA342_1200rpm_A__DW_15:15000,15000,18000,2,1,3000,1200
k2,validation,trimMA342_1200rpm_A__DW_15,trimMA342_1200rpm_A__DW_15:18000,18000,21000,2,1,3000,1200
k2,validation,trimMA342_1200rpm_A__DW_15,trimMA342_1200rpm_A__DW_15:21000,21000,24000,2,1,3000,1200
k2,validation,trimMA342_1200rpm_A__DW_15,trimMA342_1200rpm_A__DW_15:24000,24000,27000,2,1,3000,1200
k2,validation,trimMA342_1200rpm_A__DW_15,trimMA342_1200rpm_A__DW_15:27000,27000,30000,2,1,3000,1200
k2,validation,trimMA342_1200rpm_A__DW_15,trimMA342_1200rpm_A__DW_15:30000,30000,33000,2,1,3000,1200
k2,validation,trimMA342_1200rpm_A__DW_15,trimMA342_1200rpm_A__DW_15:33000,33000,36000,2,1,3000,1200
k2,validation,trimMA342_1200rpm_A__DW_15,trimMA342_1200rpm_A__DW_15:36000,36000,39000,2,1,3000,1200
k2,validation,trimMA342_1200rpm_A__DW_15,trimMA342_1200rpm_A__DW_15:39000,39000,42000,2,1,3000,1200
k2,validation,trimMA342_1200rpm_A__DW_15,trimMA342_1200rpm_A__DW_15:42000,42000,45000,2,1,3000,1200
k2,validation,trimMA342_1200rpm_A__DW_15,trimMA342_1200rpm_A__DW_15:45000,45000,48000,2,1,3000,1200
k2,validation,trimMA342_1200rpm_A__DW_15,trimMA342_1200rpm_A__DW_15:48000,48000,51000,2,1,3000,1200
k2,validation,trimMA342_1200rpm_A__DW_15,trimMA342_1200rpm_A__DW_15:51000,51000,54000,2,1,3000,1200
k2,validation,trimMA342_1200rpm_A__DW_15,trimMA342_1200rpm_A__DW_15:54000,54000,57000,2,1,3000,1200
k2,validation,trimMA342_1200rpm_A__DW_15,trimMA342_1200rpm_A__DW_15:57000,57000,60000,2,1,3000,1200
k2,validation,trimMA342_1200rpm_A__DW_15,trimMA342_1200rpm_A__DW_15:60000,60000,63000,2,1,3000,1200
k2,validation,trimMA342_1200rpm_A__DW_15,trimMA342_1200rpm_A__DW_15:63000,63000,66000,2,1,3000,1200
k2,validation,trimMA342_1200rpm_A__DW_15,trimMA342_1200rpm_A__DW_15:66000,66000,69000,2,1,3000,1200
k2,validation,trimMA342_1200rpm_A__DW_15,trimMA342_1200rpm_A__DW_15:69000,69000,72000,2,1,3000,1200
k2,validation,trimMA342_1200rpm_A__DW_15,trimMA342_1200rpm_A__DW_15:72000,72000,75000,2,1,3000,1200
k2,validation,trimMA342_1200rpm_A__DW_15,trimMA342_1200rpm_A__DW_15:75000,75000,78000,2,1,3000,1200
k2,validation,trimMA342_1200rpm_A__DW_15,trimMA342_1200rpm_A__DW_15:78000,78000,81000,2,1,3000,1200
k2,validation,trimMA342_1200rpm_A__DW_15,trimMA342_1200rpm_A__DW_15:81000,81000,84000,2,1,3000,1200
k2,validation,trimMA342_1200rpm_A__DW_15,trimMA342_1200rpm_A__DW_15:84000,84000,87000,2,1,3000,1200
k2,validation,trimMA342_1200rpm_A__DW_15,trimMA342_1200rpm_A__DW_15:87000,87000,90000,2,1,3000,1200
k2,validation,trimMA342_1200rpm_A__DW_15,trimMA342_1200rpm_A__DW_15:90000,90000,93000,2,1,3000,1200
k2,validation,trimMA342_1200rpm_A__DW_15,trimMA342_1200rpm_A__DW_15:93000,93000,96000,2,1,3000,1200
k2,validation,trimMA342_1200rpm_A__DW_15,trimMA342_1200rpm_A__DW_15:96000,96000,99000,2,1,3000,1200
k2,validation,trimMA342_1200rpm_A__DW_15,trimMA342_1200rpm_A__DW_15:99000,99000,102000,2,1,3000,1200
k2,validation,trimMA342_1200rpm_A__DW_15,trimMA342_1200rpm_A__DW_15:102000,102000,105000,2,1,3000,1200
k2,validation,trimMA342_1200rpm_A__DW_15,trimMA342_1200rpm_A__DW_15:105000,105000,108000,2,1,3000,1200
k2,validation,trimMA342_1200rpm_A__DW_15,trimMA342_1200rpm_A__DW_15:108000,108000,111000,2,1,3000,1200
k2,validation,trimMA342_1200rpm_A__DW_15,trimMA342_1200rpm_A__DW_15:111000,111000,114000,2,1,3000,1200
k2,validation,trimMA342_1200rpm_A__DW_15,trimMA342_1200rpm_A__DW_15:114000,114000,117000,2,1,3000,1200
k2,validation,trimMA342_1200rpm_A__DW_15,trimMA342_1200rpm_A__DW_15:117000,117000,120000,2,1,3000,1200
k2,validation,trimMA342_1200rpm_A__DW_15,trimMA342_1200rpm_A__DW_15:120000,120000,123000,2,1,3000,1200
k2,validation,trimMA342_1200rpm_A__DW_15,trimMA342_1200rpm_A__DW_15:123000,123000,126000,2,1,3000,1200
k2,validation,trimMA342_1200rpm_A__DW_15,trimMA342_1200rpm_A__DW_15:126000,126000,129000,2,1,3000,1200
k2,validation,trimMA342_1200rpm_A__DW_15,trimMA342_1200rpm_A__DW_15:129000,129000,132000,2,1,3000,1200
k2,validation,trimMA342_1200rpm_A__DW_15,trimMA342_1200rpm_A__DW_15:132000,132000,135000,2,1,3000,1200
k2,validation,trimMA342_1200rpm_A__DW_15,trimMA342_1200rpm_A__DW_15:135000,135000,138000,2,1,3000,1200
k2,validation,trimMA342_1200rpm_A__DW_15,trimMA342_1200rpm_A__DW_15:138000,138000,141000,2,1,3000,1200
k2,validation,trimMA342_1200rpm_A__DW_15,trimMA342_1200rpm_A__DW_15:141000,141000,144000,2,1,3000,1200
k2,validation,trimMA342_1200rpm_A__DW_15,trimMA342_1200rpm_A__DW_15:144000,144000,147000,2,1,3000,1200
k2,validation,trimMA342_1200rpm_A__DW_15,trimMA342_1200rpm_A__DW_15:147000,147000,150000,2,1,3000,1200
k2,validation,trimMA342_1200rpm_A__DW_15,trimMA342_1200rpm_A__DW_15:150000,150000,153000,2,1,3000,1200
k2,validation,trimMA342_1200rpm_A__DW_15,trimMA342_1200rpm_A__DW_15:153000,153000,156000,2,1,3000,1200
k2,validation,trimMA342_1200rpm_A__DW_15,trimMA342_1200rpm_A__DW_15:156000,156000,159000,2,1,3000,1200
k2,validation,trimMA342_1200rpm_A__DW_15,trimMA342_1200rpm_A__DW_15:159000,159000,162000,2,1,3000,1200
k2,validation,trimMA342_1200rpm_A__DW_15,trimMA342_1200rpm_A__DW_15:162000,162000,165000,2,1,3000,1200
k2,validation,trimMA342_1200rpm_A__DW_15,trimMA342_1200rpm_A__DW_15:165000,165000,168000,2,1,3000,1200
k2,validation,trimMA342_1200rpm_A__DW_15,trimMA342_1200rpm_A__DW_15:168000,168000,171000,2,1,3000,1200
k2,validation,trimMA342_1200rpm_A__DW_15,trimMA342_1200rpm_A__DW_15:171000,171000,174000,2,1,3000,1200
k2,validation,trimMA342_1200rpm_A__DW_15,trimMA342_1200rpm_A__DW_15:174000,174000,177000,2,1,3000,1200
k2,validation,trimMA342_1200rpm_A__DW_15,trimMA342_1200rpm_A__DW_15:177000,177000,180000,2,1,3000,1200
k2,validation,trimMA342_1200rpm_A__DW_15,trimMA342_1200rpm_A__DW_15:180000,180000,183000,2,1,3000,1200
k2,validation,trimMA342_1200rpm_A__DW_15,trimMA342_1200rpm_A__DW_15:183000,183000,186000,2,1,3000,1200
k2,validation,trimMA342_1200rpm_A__DW_15,trimMA342_1200rpm_A__DW_15:186000,186000,189000,2,1,3000,1200
k2,validation,trimMA342_1200rpm_A__DW_15,trimMA342_1200rpm_A__DW_15:189000,189000,192000,2,1,3000,1200
k2,validation,trimMA342_1200rpm_A__DW_15,trimMA342_1200rpm_A__DW_15:192000,192000,195000,2,1,3000,1200
k2,validation,trimMA342_1200rpm_A__DW_15,trimMA342_1200rpm_A__DW_15:195000,195000,198000,2,1,3000,1200
k2,validation,trimMA342_1200rpm_A__DW_15,trimMA342_1200rpm_A__DW_15:198000,198000,201000,2,1,3000,1200
k2,validation,trimMA342_1200rpm_A__DW_15,trimMA342_1200rpm_A__DW_15:201000,201000,204000,2,1,3000,1200
k2,validation,trimMA342_1200rpm_A__DW_15,trimMA342_1200rpm_A__DW_15:204000,204000,207000,2,1,3000,1200
k2,validation,trimMA342_1200rpm_A__DW_15,trimMA342_1200rpm_A__DW_15:207000,207000,210000,2,1,3000,1200
k2,validation,trimMA342_1200rpm_A__DW_15,trimMA342_1200rpm_A__DW_15:210000,210000,213000,2,1,3000,1200
k2,validation,trimMA342_1200rpm_A__DW_15,trimMA342_1200rpm_A__DW_15:213000,213000,216000,2,1,3000,1200
k2,validation,trimMA342_1200rpm_A__DW_15,trimMA342_1200rpm_A__DW_15:216000,216000,219000,2,1,3000,1200
k2,validation,trimMA342_1200rpm_A__DW_15,trimMA342_1200rpm_A__DW_15:219000,219000,222000,2,1,3000,1200
k2,validation,trimMA342_1200rpm_A__DW_15,trimMA342_1200rpm_A__DW_15:222000,222000,225000,2,1,3000,1200
k2,validation,trimMA342_1200rpm_A__DW_15,trimMA342_1200rpm_A__DW_15:225000,225000,228000,2,1,3000,1200
k2,validation,trimMA342_1200rpm_A__DW_15,trimMA342_1200rpm_A__DW_15:228000,228000,231000,2,1,3000,1200
k2,validation,trimMA342_1200rpm_A__DW_15,trimMA342_1200rpm_A__DW_15:231000,231000,234000,2,1,3000,1200
k2,validation,trimMA342_1200rpm_A__DW_15,trimMA342_1200rpm_A__DW_15:234000,234000,237000,2,1,3000,1200
k2,validation,trimMA342_1200rpm_A__DW_15,trimMA342_1200rpm_A__DW_15:237000,237000,240000,2,1,3000,1200
k2,validation,trimMA342_1200rpm_A__DW_15,trimMA342_1200rpm_A__DW_15:240000,240000,243000,2,1,3000,1200
k2,validation,trimMA342_1200rpm_A__DW_15,trimMA342_1200rpm_A__DW_15:243000,243000,246000,2,1,3000,1200
k2,validation,trimMA342_1200rpm_A__DW_15,trimMA342_1200rpm_A__DW_15:246000,246000,249000,2,1,3000,1200
k2,validation,trimMA342_1200rpm_A__DW_15,trimMA342_1200rpm_A__DW_15:249000,249000,252000,2,1,3000,1200
k2,validation,trimMA342_1200rpm_A__DW_15,trimMA342_1200rpm_A__DW_15:252000,252000,255000,2,1,3000,1200
k2,validation,trimMA342_1200rpm_A__DW_15,trimMA342_1200rpm_A__DW_15:255000,255000,258000,2,1,3000,1200
k2,validation,trimMA342_1200rpm_A__DW_15,trimMA342_1200rpm_A__DW_15:258000,258000,261000,2,1,3000,1200
k2,validation,trimMA342_1200rpm_A__DW_15,trimMA342_1200rpm_A__DW_15:261000,261000,264000,2,1,3000,1200
k2,validation,trimMA342_1200rpm_A__DW_15,trimMA342_1200rpm_A__DW_15:264000,264000,267000,2,1,3000,1200
k2,validation,trimMA342_1200rpm_A__DW_15,trimMA342_1200rpm_A__DW_15:267000,267000,270000,2,1,3000,1200
k2,validation,trimMA342_1200rpm_A__DW_15,trimMA342_1200rpm_A__DW_15:270000,270000,273000,2,1,3000,1200
k2,validation,trimMA342_1200rpm_A__DW_15,trimMA342_1200rpm_A__DW_15:273000,273000,276000,2,1,3000,1200
k2,validation,trimMA342_1200rpm_A__DW_15,trimMA342_1200rpm_A__DW_15:276000,276000,279000,2,1,3000,1200
k2,validation,trimMA342_1200rpm_A__DW_15,trimMA342_1200rpm_A__DW_15:279000,279000,282000,2,1,3000,1200
k2,validation,trimMA342_1200rpm_A__D_02,trimMA342_1200rpm_A__D_02:0,0,3000,0,0,3000,1200
k2,validation,trimMA342_1200rpm_A__D_02,trimMA342_1200rpm_A__D_02:3000,3000,6000,0,0,3000,1200
k2,validation,trimMA342_1200rpm_A__D_02,trimMA342_1200rpm_A__D_02:6000,6000,9000,0,0,3000,1200
k2,validation,trimMA342_1200rpm_A__D_02,trimMA342_1200rpm_A__D_02:9000,9000,12000,0,0,3000,1200
k2,validation,trimMA342_1200rpm_A__D_02,trimMA342_1200rpm_A__D_02:12000,12000,15000,0,0,3000,1200
k2,validation,trimMA342_1200rpm_A__D_02,trimMA342_1200rpm_A__D_02:15000,15000,18000,0,0,3000,1200
k2,validation,trimMA342_1200rpm_A__D_02,trimMA342_1200rpm_A__D_02:18000,18000,21000,0,0,3000,1200
k2,validation,trimMA342_1200rpm_A__D_02,trimMA342_1200rpm_A__D_02:21000,21000,24000,0,0,3000,1200
k2,validation,trimMA342_1200rpm_A__D_02,trimMA342_1200rpm_A__D_02:24000,24000,27000,0,0,3000,1200
k2,validation,trimMA342_1200rpm_A__D_02,trimMA342_1200rpm_A__D_02:27000,27000,30000,0,0,3000,1200
k2,validation,trimMA342_1200rpm_A__D_02,trimMA342_1200rpm_A__D_02:30000,30000,33000,0,0,3000,1200
k2,validation,trimMA342_1200rpm_A__D_02,trimMA342_1200rpm_A__D_02:33000,33000,36000,0,0,3000,1200
k2,validation,trimMA342_1200rpm_A__D_02,trimMA342_1200rpm_A__D_02:36000,36000,39000,0,0,3000,1200
k2,validation,trimMA342_1200rpm_A__D_02,trimMA342_1200rpm_A__D_02:39000,39000,42000,0,0,3000,1200
k2,validation,trimMA342_1200rpm_A__D_02,trimMA342_1200rpm_A__D_02:42000,42000,45000,0,0,3000,1200
k2,validation,trimMA342_1200rpm_A__D_02,trimMA342_1200rpm_A__D_02:45000,45000,48000,0,0,3000,1200
k2,validation,trimMA342_1200rpm_A__D_02,trimMA342_1200rpm_A__D_02:48000,48000,51000,0,0,3000,1200
k2,validation,trimMA342_1200rpm_A__D_02,trimMA342_1200rpm_A__D_02:51000,51000,54000,0,0,3000,1200
k2,validation,trimMA342_1200rpm_A__D_02,trimMA342_1200rpm_A__D_02:54000,54000,57000,0,0,3000,1200
k2,validation,trimMA342_1200rpm_A__D_02,trimMA342_1200rpm_A__D_02:57000,57000,60000,0,0,3000,1200
k2,validation,trimMA342_1200rpm_A__D_02,trimMA342_1200rpm_A__D_02:60000,60000,63000,0,0,3000,1200
k2,validation,trimMA342_1200rpm_A__D_02,trimMA342_1200rpm_A__D_02:63000,63000,66000,0,0,3000,1200
k2,validation,trimMA342_1200rpm_A__D_02,trimMA342_1200rpm_A__D_02:66000,66000,69000,0,0,3000,1200
k2,validation,trimMA342_1200rpm_A__D_02,trimMA342_1200rpm_A__D_02:69000,69000,72000,0,0,3000,1200
k2,validation,trimMA342_1200rpm_A__D_02,trimMA342_1200rpm_A__D_02:72000,72000,75000,0,0,3000,1200
k2,validation,trimMA342_1200rpm_A__D_02,trimMA342_1200rpm_A__D_02:75000,75000,78000,0,0,3000,1200
k2,validation,trimMA342_1200rpm_A__D_02,trimMA342_1200rpm_A__D_02:78000,78000,81000,0,0,3000,1200
k2,validation,trimMA342_1200rpm_A__D_02,trimMA342_1200rpm_A__D_02:81000,81000,84000,0,0,3000,1200
k2,validation,trimMA342_1200rpm_A__D_02,trimMA342_1200rpm_A__D_02:84000,84000,87000,0,0,3000,1200
k2,validation,trimMA342_1200rpm_A__D_02,trimMA342_1200rpm_A__D_02:87000,87000,90000,0,0,3000,1200
k2,validation,trimMA342_1200rpm_A__D_02,trimMA342_1200rpm_A__D_02:90000,90000,93000,0,0,3000,1200
k2,validation,trimMA342_1200rpm_A__D_02,trimMA342_1200rpm_A__D_02:93000,93000,96000,0,0,3000,1200
k2,validation,trimMA342_1200rpm_A__D_02,trimMA342_1200rpm_A__D_02:96000,96000,99000,0,0,3000,1200
k2,validation,trimMA342_1200rpm_A__D_02,trimMA342_1200rpm_A__D_02:99000,99000,102000,0,0,3000,1200
k2,validation,trimMA342_1200rpm_A__D_02,trimMA342_1200rpm_A__D_02:102000,102000,105000,0,0,3000,1200
k2,validation,trimMA342_1200rpm_A__D_02,trimMA342_1200rpm_A__D_02:105000,105000,108000,0,0,3000,1200
k2,validation,trimMA342_1200rpm_A__D_02,trimMA342_1200rpm_A__D_02:108000,108000,111000,0,0,3000,1200
k2,validation,trimMA342_1200rpm_A__D_02,trimMA342_1200rpm_A__D_02:111000,111000,114000,0,0,3000,1200
k2,validation,trimMA342_1200rpm_A__D_02,trimMA342_1200rpm_A__D_02:114000,114000,117000,0,0,3000,1200
k2,validation,trimMA342_1200rpm_A__D_02,trimMA342_1200rpm_A__D_02:117000,117000,120000,0,0,3000,1200
k2,validation,trimMA342_1200rpm_A__D_02,trimMA342_1200rpm_A__D_02:120000,120000,123000,0,0,3000,1200
k2,validation,trimMA342_1200rpm_A__D_02,trimMA342_1200rpm_A__D_02:123000,123000,126000,0,0,3000,1200
k2,validation,trimMA342_1200rpm_A__D_02,trimMA342_1200rpm_A__D_02:126000,126000,129000,0,0,3000,1200
k2,validation,trimMA342_1200rpm_A__D_02,trimMA342_1200rpm_A__D_02:129000,129000,132000,0,0,3000,1200
k2,validation,trimMA342_1200rpm_A__D_02,trimMA342_1200rpm_A__D_02:132000,132000,135000,0,0,3000,1200
k2,validation,trimMA342_1200rpm_A__D_02,trimMA342_1200rpm_A__D_02:135000,135000,138000,0,0,3000,1200
k2,validation,trimMA342_1200rpm_A__D_02,trimMA342_1200rpm_A__D_02:138000,138000,141000,0,0,3000,1200
k2,validation,trimMA342_1200rpm_A__D_02,trimMA342_1200rpm_A__D_02:141000,141000,144000,0,0,3000,1200
k2,validation,trimMA342_1200rpm_A__D_02,trimMA342_1200rpm_A__D_02:144000,144000,147000,0,0,3000,1200
k2,validation,trimMA342_1200rpm_A__D_02,trimMA342_1200rpm_A__D_02:147000,147000,150000,0,0,3000,1200
k2,validation,trimMA342_1200rpm_A__D_02,trimMA342_1200rpm_A__D_02:150000,150000,153000,0,0,3000,1200
k2,validation,trimMA342_1200rpm_A__D_02,trimMA342_1200rpm_A__D_02:153000,153000,156000,0,0,3000,1200
k2,validation,trimMA342_1200rpm_A__D_02,trimMA342_1200rpm_A__D_02:156000,156000,159000,0,0,3000,1200
k2,validation,trimMA342_1200rpm_A__D_02,trimMA342_1200rpm_A__D_02:159000,159000,162000,0,0,3000,1200
k2,validation,trimMA342_1200rpm_A__D_02,trimMA342_1200rpm_A__D_02:162000,162000,165000,0,0,3000,1200
k2,validation,trimMA342_1200rpm_A__D_02,trimMA342_1200rpm_A__D_02:165000,165000,168000,0,0,3000,1200
k2,validation,trimMA342_1200rpm_A__D_02,trimMA342_1200rpm_A__D_02:168000,168000,171000,0,0,3000,1200
k2,validation,trimMA342_1200rpm_A__D_02,trimMA342_1200rpm_A__D_02:171000,171000,174000,0,0,3000,1200
k2,validation,trimMA342_1200rpm_A__D_02,trimMA342_1200rpm_A__D_02:174000,174000,177000,0,0,3000,1200
k2,validation,trimMA342_1200rpm_A__D_02,trimMA342_1200rpm_A__D_02:177000,177000,180000,0,0,3000,1200
k2,validation,trimMA342_1200rpm_A__D_02,trimMA342_1200rpm_A__D_02:180000,180000,183000,0,0,3000,1200
k2,validation,trimMA342_1200rpm_A__D_02,trimMA342_1200rpm_A__D_02:183000,183000,186000,0,0,3000,1200
k2,validation,trimMA342_1200rpm_A__D_02,trimMA342_1200rpm_A__D_02:186000,186000,189000,0,0,3000,1200
k2,validation,trimMA342_1200rpm_A__D_02,trimMA342_1200rpm_A__D_02:189000,189000,192000,0,0,3000,1200
k2,validation,trimMA342_1200rpm_A__D_02,trimMA342_1200rpm_A__D_02:192000,192000,195000,0,0,3000,1200
k2,validation,trimMA342_1200rpm_A__D_02,trimMA342_1200rpm_A__D_02:195000,195000,198000,0,0,3000,1200
k2,validation,trimMA342_1200rpm_A__D_02,trimMA342_1200rpm_A__D_02:198000,198000,201000,0,0,3000,1200
k2,validation,trimMA342_1200rpm_A__D_02,trimMA342_1200rpm_A__D_02:201000,201000,204000,0,0,3000,1200
k2,validation,trimMA342_1200rpm_A__D_02,trimMA342_1200rpm_A__D_02:204000,204000,207000,0,0,3000,1200
k2,validation,trimMA342_1200rpm_A__D_02,trimMA342_1200rpm_A__D_02:207000,207000,210000,0,0,3000,1200
k2,validation,trimMA342_1200rpm_A__D_02,trimMA342_1200rpm_A__D_02:210000,210000,213000,0,0,3000,1200
k2,validation,trimMA342_1200rpm_A__D_02,trimMA342_1200rpm_A__D_02:213000,213000,216000,0,0,3000,1200
k2,validation,trimMA342_1200rpm_A__D_02,trimMA342_1200rpm_A__D_02:216000,216000,219000,0,0,3000,1200
k2,validation,trimMA342_1200rpm_A__D_02,trimMA342_1200rpm_A__D_02:219000,219000,222000,0,0,3000,1200
k2,validation,trimMA342_1200rpm_A__D_02,trimMA342_1200rpm_A__D_02:222000,222000,225000,0,0,3000,1200
k2,validation,trimMA342_1200rpm_A__D_02,trimMA342_1200rpm_A__D_02:225000,225000,228000,0,0,3000,1200
k2,validation,trimMA342_1200rpm_A__D_02,trimMA342_1200rpm_A__D_02:228000,228000,231000,0,0,3000,1200
k2,validation,trimMA342_1200rpm_A__D_02,trimMA342_1200rpm_A__D_02:231000,231000,234000,0,0,3000,1200
k2,validation,trimMA342_1200rpm_A__D_02,trimMA342_1200rpm_A__D_02:234000,234000,237000,0,0,3000,1200
k2,validation,trimMA342_1200rpm_A__D_02,trimMA342_1200rpm_A__D_02:237000,237000,240000,0,0,3000,1200
k2,validation,trimMA342_1200rpm_A__D_02,trimMA342_1200rpm_A__D_02:240000,240000,243000,0,0,3000,1200
k2,validation,trimMA342_1200rpm_A__D_02,trimMA342_1200rpm_A__D_02:243000,243000,246000,0,0,3000,1200
k2,validation,trimMA342_1200rpm_A__D_02,trimMA342_1200rpm_A__D_02:246000,246000,249000,0,0,3000,1200
k2,validation,trimMA342_1200rpm_A__D_02,trimMA342_1200rpm_A__D_02:249000,249000,252000,0,0,3000,1200
k2,validation,trimMA342_1200rpm_A__D_02,trimMA342_1200rpm_A__D_02:252000,252000,255000,0,0,3000,1200
k2,validation,trimMA342_1200rpm_A__D_02,trimMA342_1200rpm_A__D_02:255000,255000,258000,0,0,3000,1200
k2,validation,trimMA342_1200rpm_A__D_02,trimMA342_1200rpm_A__D_02:258000,258000,261000,0,0,3000,1200
k2,validation,trimMA342_1200rpm_A__D_02,trimMA342_1200rpm_A__D_02:261000,261000,264000,0,0,3000,1200
k2,validation,trimMA342_1200rpm_A__D_02,trimMA342_1200rpm_A__D_02:264000,264000,267000,0,0,3000,1200
k2,validation,trimMA342_1200rpm_A__D_02,trimMA342_1200rpm_A__D_02:267000,267000,270000,0,0,3000,1200
k2,validation,trimMA342_1200rpm_A__D_02,trimMA342_1200rpm_A__D_02:270000,270000,273000,0,0,3000,1200
k2,validation,trimMA342_1200rpm_A__D_02,trimMA342_1200rpm_A__D_02:273000,273000,276000,0,0,3000,1200
k2,validation,trimMA342_1200rpm_A__D_02,trimMA342_1200rpm_A__D_02:276000,276000,279000,0,0,3000,1200
k2,validation,trimMA342_1200rpm_A__D_02,trimMA342_1200rpm_A__D_02:279000,279000,282000,0,0,3000,1200
k2,validation,trimMA342_1200rpm_A__D_04,trimMA342_1200rpm_A__D_04:0,0,3000,0,0,3000,1200
k2,validation,trimMA342_1200rpm_A__D_04,trimMA342_1200rpm_A__D_04:3000,3000,6000,0,0,3000,1200
k2,validation,trimMA342_1200rpm_A__D_04,trimMA342_1200rpm_A__D_04:6000,6000,9000,0,0,3000,1200
k2,validation,trimMA342_1200rpm_A__D_04,trimMA342_1200rpm_A__D_04:9000,9000,12000,0,0,3000,1200
k2,validation,trimMA342_1200rpm_A__D_04,trimMA342_1200rpm_A__D_04:12000,12000,15000,0,0,3000,1200
k2,validation,trimMA342_1200rpm_A__D_04,trimMA342_1200rpm_A__D_04:15000,15000,18000,0,0,3000,1200
k2,validation,trimMA342_1200rpm_A__D_04,trimMA342_1200rpm_A__D_04:18000,18000,21000,0,0,3000,1200
k2,validation,trimMA342_1200rpm_A__D_04,trimMA342_1200rpm_A__D_04:21000,21000,24000,0,0,3000,1200
k2,validation,trimMA342_1200rpm_A__D_04,trimMA342_1200rpm_A__D_04:24000,24000,27000,0,0,3000,1200
k2,validation,trimMA342_1200rpm_A__D_04,trimMA342_1200rpm_A__D_04:27000,27000,30000,0,0,3000,1200
k2,validation,trimMA342_1200rpm_A__D_04,trimMA342_1200rpm_A__D_04:30000,30000,33000,0,0,3000,1200
k2,validation,trimMA342_1200rpm_A__D_04,trimMA342_1200rpm_A__D_04:33000,33000,36000,0,0,3000,1200
k2,validation,trimMA342_1200rpm_A__D_04,trimMA342_1200rpm_A__D_04:36000,36000,39000,0,0,3000,1200
k2,validation,trimMA342_1200rpm_A__D_04,trimMA342_1200rpm_A__D_04:39000,39000,42000,0,0,3000,1200
k2,validation,trimMA342_1200rpm_A__D_04,trimMA342_1200rpm_A__D_04:42000,42000,45000,0,0,3000,1200
k2,validation,trimMA342_1200rpm_A__D_04,trimMA342_1200rpm_A__D_04:45000,45000,48000,0,0,3000,1200
k2,validation,trimMA342_1200rpm_A__D_04,trimMA342_1200rpm_A__D_04:48000,48000,51000,0,0,3000,1200
k2,validation,trimMA342_1200rpm_A__D_04,trimMA342_1200rpm_A__D_04:51000,51000,54000,0,0,3000,1200
k2,validation,trimMA342_1200rpm_A__D_04,trimMA342_1200rpm_A__D_04:54000,54000,57000,0,0,3000,1200
k2,validation,trimMA342_1200rpm_A__D_04,trimMA342_1200rpm_A__D_04:57000,57000,60000,0,0,3000,1200
k2,validation,trimMA342_1200rpm_A__D_04,trimMA342_1200rpm_A__D_04:60000,60000,63000,0,0,3000,1200
k2,validation,trimMA342_1200rpm_A__D_04,trimMA342_1200rpm_A__D_04:63000,63000,66000,0,0,3000,1200
k2,validation,trimMA342_1200rpm_A__D_04,trimMA342_1200rpm_A__D_04:66000,66000,69000,0,0,3000,1200
k2,validation,trimMA342_1200rpm_A__D_04,trimMA342_1200rpm_A__D_04:69000,69000,72000,0,0,3000,1200
k2,validation,trimMA342_1200rpm_A__D_04,trimMA342_1200rpm_A__D_04:72000,72000,75000,0,0,3000,1200
k2,validation,trimMA342_1200rpm_A__D_04,trimMA342_1200rpm_A__D_04:75000,75000,78000,0,0,3000,1200
k2,validation,trimMA342_1200rpm_A__D_04,trimMA342_1200rpm_A__D_04:78000,78000,81000,0,0,3000,1200
k2,validation,trimMA342_1200rpm_A__D_04,trimMA342_1200rpm_A__D_04:81000,81000,84000,0,0,3000,1200
k2,validation,trimMA342_1200rpm_A__D_04,trimMA342_1200rpm_A__D_04:84000,84000,87000,0,0,3000,1200
k2,validation,trimMA342_1200rpm_A__D_04,trimMA342_1200rpm_A__D_04:87000,87000,90000,0,0,3000,1200
k2,validation,trimMA342_1200rpm_A__D_04,trimMA342_1200rpm_A__D_04:90000,90000,93000,0,0,3000,1200
k2,validation,trimMA342_1200rpm_A__D_04,trimMA342_1200rpm_A__D_04:93000,93000,96000,0,0,3000,1200
k2,validation,trimMA342_1200rpm_A__D_04,trimMA342_1200rpm_A__D_04:96000,96000,99000,0,0,3000,1200
k2,validation,trimMA342_1200rpm_A__D_04,trimMA342_1200rpm_A__D_04:99000,99000,102000,0,0,3000,1200
k2,validation,trimMA342_1200rpm_A__D_04,trimMA342_1200rpm_A__D_04:102000,102000,105000,0,0,3000,1200
k2,validation,trimMA342_1200rpm_A__D_04,trimMA342_1200rpm_A__D_04:105000,105000,108000,0,0,3000,1200
k2,validation,trimMA342_1200rpm_A__D_04,trimMA342_1200rpm_A__D_04:108000,108000,111000,0,0,3000,1200
k2,validation,trimMA342_1200rpm_A__D_04,trimMA342_1200rpm_A__D_04:111000,111000,114000,0,0,3000,1200
k2,validation,trimMA342_1200rpm_A__D_04,trimMA342_1200rpm_A__D_04:114000,114000,117000,0,0,3000,1200
k2,validation,trimMA342_1200rpm_A__D_04,trimMA342_1200rpm_A__D_04:117000,117000,120000,0,0,3000,1200
k2,validation,trimMA342_1200rpm_A__D_04,trimMA342_1200rpm_A__D_04:120000,120000,123000,0,0,3000,1200
k2,validation,trimMA342_1200rpm_A__D_04,trimMA342_1200rpm_A__D_04:123000,123000,126000,0,0,3000,1200
k2,validation,trimMA342_1200rpm_A__D_04,trimMA342_1200rpm_A__D_04:126000,126000,129000,0,0,3000,1200
k2,validation,trimMA342_1200rpm_A__D_04,trimMA342_1200rpm_A__D_04:129000,129000,132000,0,0,3000,1200
k2,validation,trimMA342_1200rpm_A__D_04,trimMA342_1200rpm_A__D_04:132000,132000,135000,0,0,3000,1200
k2,validation,trimMA342_1200rpm_A__D_04,trimMA342_1200rpm_A__D_04:135000,135000,138000,0,0,3000,1200
k2,validation,trimMA342_1200rpm_A__D_04,trimMA342_1200rpm_A__D_04:138000,138000,141000,0,0,3000,1200
k2,validation,trimMA342_1200rpm_A__D_04,trimMA342_1200rpm_A__D_04:141000,141000,144000,0,0,3000,1200
k2,validation,trimMA342_1200rpm_A__D_04,trimMA342_1200rpm_A__D_04:144000,144000,147000,0,0,3000,1200
k2,validation,trimMA342_1200rpm_A__D_04,trimMA342_1200rpm_A__D_04:147000,147000,150000,0,0,3000,1200
k2,validation,trimMA342_1200rpm_A__D_04,trimMA342_1200rpm_A__D_04:150000,150000,153000,0,0,3000,1200
k2,validation,trimMA342_1200rpm_A__D_04,trimMA342_1200rpm_A__D_04:153000,153000,156000,0,0,3000,1200
k2,validation,trimMA342_1200rpm_A__D_04,trimMA342_1200rpm_A__D_04:156000,156000,159000,0,0,3000,1200
k2,validation,trimMA342_1200rpm_A__D_04,trimMA342_1200rpm_A__D_04:159000,159000,162000,0,0,3000,1200
k2,validation,trimMA342_1200rpm_A__D_04,trimMA342_1200rpm_A__D_04:162000,162000,165000,0,0,3000,1200
k2,validation,trimMA342_1200rpm_A__D_04,trimMA342_1200rpm_A__D_04:165000,165000,168000,0,0,3000,1200
k2,validation,trimMA342_1200rpm_A__D_04,trimMA342_1200rpm_A__D_04:168000,168000,171000,0,0,3000,1200
k2,validation,trimMA342_1200rpm_A__D_04,trimMA342_1200rpm_A__D_04:171000,171000,174000,0,0,3000,1200
k2,validation,trimMA342_1200rpm_A__D_04,trimMA342_1200rpm_A__D_04:174000,174000,177000,0,0,3000,1200
k2,validation,trimMA342_1200rpm_A__D_04,trimMA342_1200rpm_A__D_04:177000,177000,180000,0,0,3000,1200
k2,validation,trimMA342_1200rpm_A__D_04,trimMA342_1200rpm_A__D_04:180000,180000,183000,0,0,3000,1200
k2,validation,trimMA342_1200rpm_A__D_04,trimMA342_1200rpm_A__D_04:183000,183000,186000,0,0,3000,1200
k2,validation,trimMA342_1200rpm_A__D_04,trimMA342_1200rpm_A__D_04:186000,186000,189000,0,0,3000,1200
k2,validation,trimMA342_1200rpm_A__D_04,trimMA342_1200rpm_A__D_04:189000,189000,192000,0,0,3000,1200
k2,validation,trimMA342_1200rpm_A__D_04,trimMA342_1200rpm_A__D_04:192000,192000,195000,0,0,3000,1200
k2,validation,trimMA342_1200rpm_A__D_04,trimMA342_1200rpm_A__D_04:195000,195000,198000,0,0,3000,1200
k2,validation,trimMA342_1200rpm_A__D_04,trimMA342_1200rpm_A__D_04:198000,198000,201000,0,0,3000,1200
k2,validation,trimMA342_1200rpm_A__D_04,trimMA342_1200rpm_A__D_04:201000,201000,204000,0,0,3000,1200
k2,validation,trimMA342_1200rpm_A__D_04,trimMA342_1200rpm_A__D_04:204000,204000,207000,0,0,3000,1200
k2,validation,trimMA342_1200rpm_A__D_04,trimMA342_1200rpm_A__D_04:207000,207000,210000,0,0,3000,1200
k2,validation,trimMA342_1200rpm_A__D_04,trimMA342_1200rpm_A__D_04:210000,210000,213000,0,0,3000,1200
k2,validation,trimMA342_1200rpm_A__D_04,trimMA342_1200rpm_A__D_04:213000,213000,216000,0,0,3000,1200
k2,validation,trimMA342_1200rpm_A__D_04,trimMA342_1200rpm_A__D_04:216000,216000,219000,0,0,3000,1200
k2,validation,trimMA342_1200rpm_A__D_04,trimMA342_1200rpm_A__D_04:219000,219000,222000,0,0,3000,1200
k2,validation,trimMA342_1200rpm_A__D_04,trimMA342_1200rpm_A__D_04:222000,222000,225000,0,0,3000,1200
k2,validation,trimMA342_1200rpm_A__D_04,trimMA342_1200rpm_A__D_04:225000,225000,228000,0,0,3000,1200
k2,validation,trimMA342_1200rpm_A__D_04,trimMA342_1200rpm_A__D_04:228000,228000,231000,0,0,3000,1200
k2,validation,trimMA342_1200rpm_A__D_04,trimMA342_1200rpm_A__D_04:231000,231000,234000,0,0,3000,1200
k2,validation,trimMA342_1200rpm_A__D_04,trimMA342_1200rpm_A__D_04:234000,234000,237000,0,0,3000,1200
k2,validation,trimMA342_1200rpm_A__D_04,trimMA342_1200rpm_A__D_04:237000,237000,240000,0,0,3000,1200
k2,validation,trimMA342_1200rpm_A__D_04,trimMA342_1200rpm_A__D_04:240000,240000,243000,0,0,3000,1200
k2,validation,trimMA342_1200rpm_A__D_04,trimMA342_1200rpm_A__D_04:243000,243000,246000,0,0,3000,1200
k2,validation,trimMA342_1200rpm_A__D_04,trimMA342_1200rpm_A__D_04:246000,246000,249000,0,0,3000,1200
k2,validation,trimMA342_1200rpm_A__D_04,trimMA342_1200rpm_A__D_04:249000,249000,252000,0,0,3000,1200
k2,validation,trimMA342_1200rpm_A__D_04,trimMA342_1200rpm_A__D_04:252000,252000,255000,0,0,3000,1200
k2,validation,trimMA342_1200rpm_A__D_04,trimMA342_1200rpm_A__D_04:255000,255000,258000,0,0,3000,1200
k2,validation,trimMA342_1200rpm_A__D_04,trimMA342_1200rpm_A__D_04:258000,258000,261000,0,0,3000,1200
k2,validation,trimMA342_1200rpm_A__D_04,trimMA342_1200rpm_A__D_04:261000,261000,264000,0,0,3000,1200
k2,validation,trimMA342_1200rpm_A__D_04,trimMA342_1200rpm_A__D_04:264000,264000,267000,0,0,3000,1200
k2,validation,trimMA342_1200rpm_A__D_04,trimMA342_1200rpm_A__D_04:267000,267000,270000,0,0,3000,1200
k2,validation,trimMA342_1200rpm_A__D_04,trimMA342_1200rpm_A__D_04:270000,270000,273000,0,0,3000,1200
k2,validation,trimMA342_1200rpm_A__D_04,trimMA342_1200rpm_A__D_04:273000,273000,276000,0,0,3000,1200
k2,validation,trimMA342_1200rpm_A__D_04,trimMA342_1200rpm_A__D_04:276000,276000,279000,0,0,3000,1200
k2,validation,trimMA342_1200rpm_A__D_04,trimMA342_1200rpm_A__D_04:279000,279000,282000,0,0,3000,1200
k2,validation,trimMA342_1200rpm_A__D_05,trimMA342_1200rpm_A__D_05:0,0,3000,0,0,3000,1200
k2,validation,trimMA342_1200rpm_A__D_05,trimMA342_1200rpm_A__D_05:3000,3000,6000,0,0,3000,1200
k2,validation,trimMA342_1200rpm_A__D_05,trimMA342_1200rpm_A__D_05:6000,6000,9000,0,0,3000,1200
k2,validation,trimMA342_1200rpm_A__D_05,trimMA342_1200rpm_A__D_05:9000,9000,12000,0,0,3000,1200
k2,validation,trimMA342_1200rpm_A__D_05,trimMA342_1200rpm_A__D_05:12000,12000,15000,0,0,3000,1200
k2,validation,trimMA342_1200rpm_A__D_05,trimMA342_1200rpm_A__D_05:15000,15000,18000,0,0,3000,1200
k2,validation,trimMA342_1200rpm_A__D_05,trimMA342_1200rpm_A__D_05:18000,18000,21000,0,0,3000,1200
k2,validation,trimMA342_1200rpm_A__D_05,trimMA342_1200rpm_A__D_05:21000,21000,24000,0,0,3000,1200
k2,validation,trimMA342_1200rpm_A__D_05,trimMA342_1200rpm_A__D_05:24000,24000,27000,0,0,3000,1200
k2,validation,trimMA342_1200rpm_A__D_05,trimMA342_1200rpm_A__D_05:27000,27000,30000,0,0,3000,1200
k2,validation,trimMA342_1200rpm_A__D_05,trimMA342_1200rpm_A__D_05:30000,30000,33000,0,0,3000,1200
k2,validation,trimMA342_1200rpm_A__D_05,trimMA342_1200rpm_A__D_05:33000,33000,36000,0,0,3000,1200
k2,validation,trimMA342_1200rpm_A__D_05,trimMA342_1200rpm_A__D_05:36000,36000,39000,0,0,3000,1200
k2,validation,trimMA342_1200rpm_A__D_05,trimMA342_1200rpm_A__D_05:39000,39000,42000,0,0,3000,1200
k2,validation,trimMA342_1200rpm_A__D_05,trimMA342_1200rpm_A__D_05:42000,42000,45000,0,0,3000,1200
k2,validation,trimMA342_1200rpm_A__D_05,trimMA342_1200rpm_A__D_05:45000,45000,48000,0,0,3000,1200
k2,validation,trimMA342_1200rpm_A__D_05,trimMA342_1200rpm_A__D_05:48000,48000,51000,0,0,3000,1200
k2,validation,trimMA342_1200rpm_A__D_05,trimMA342_1200rpm_A__D_05:51000,51000,54000,0,0,3000,1200
k2,validation,trimMA342_1200rpm_A__D_05,trimMA342_1200rpm_A__D_05:54000,54000,57000,0,0,3000,1200
k2,validation,trimMA342_1200rpm_A__D_05,trimMA342_1200rpm_A__D_05:57000,57000,60000,0,0,3000,1200
k2,validation,trimMA342_1200rpm_A__D_05,trimMA342_1200rpm_A__D_05:60000,60000,63000,0,0,3000,1200
k2,validation,trimMA342_1200rpm_A__D_05,trimMA342_1200rpm_A__D_05:63000,63000,66000,0,0,3000,1200
k2,validation,trimMA342_1200rpm_A__D_05,trimMA342_1200rpm_A__D_05:66000,66000,69000,0,0,3000,1200
k2,validation,trimMA342_1200rpm_A__D_05,trimMA342_1200rpm_A__D_05:69000,69000,72000,0,0,3000,1200
k2,validation,trimMA342_1200rpm_A__D_05,trimMA342_1200rpm_A__D_05:72000,72000,75000,0,0,3000,1200
k2,validation,trimMA342_1200rpm_A__D_05,trimMA342_1200rpm_A__D_05:75000,75000,78000,0,0,3000,1200
k2,validation,trimMA342_1200rpm_A__D_05,trimMA342_1200rpm_A__D_05:78000,78000,81000,0,0,3000,1200
k2,validation,trimMA342_1200rpm_A__D_05,trimMA342_1200rpm_A__D_05:81000,81000,84000,0,0,3000,1200
k2,validation,trimMA342_1200rpm_A__D_05,trimMA342_1200rpm_A__D_05:84000,84000,87000,0,0,3000,1200
k2,validation,trimMA342_1200rpm_A__D_05,trimMA342_1200rpm_A__D_05:87000,87000,90000,0,0,3000,1200
k2,validation,trimMA342_1200rpm_A__D_05,trimMA342_1200rpm_A__D_05:90000,90000,93000,0,0,3000,1200
k2,validation,trimMA342_1200rpm_A__D_05,trimMA342_1200rpm_A__D_05:93000,93000,96000,0,0,3000,1200
k2,validation,trimMA342_1200rpm_A__D_05,trimMA342_1200rpm_A__D_05:96000,96000,99000,0,0,3000,1200
k2,validation,trimMA342_1200rpm_A__D_05,trimMA342_1200rpm_A__D_05:99000,99000,102000,0,0,3000,1200
k2,validation,trimMA342_1200rpm_A__D_05,trimMA342_1200rpm_A__D_05:102000,102000,105000,0,0,3000,1200
k2,validation,trimMA342_1200rpm_A__D_05,trimMA342_1200rpm_A__D_05:105000,105000,108000,0,0,3000,1200
k2,validation,trimMA342_1200rpm_A__D_05,trimMA342_1200rpm_A__D_05:108000,108000,111000,0,0,3000,1200
k2,validation,trimMA342_1200rpm_A__D_05,trimMA342_1200rpm_A__D_05:111000,111000,114000,0,0,3000,1200
k2,validation,trimMA342_1200rpm_A__D_05,trimMA342_1200rpm_A__D_05:114000,114000,117000,0,0,3000,1200
k2,validation,trimMA342_1200rpm_A__D_05,trimMA342_1200rpm_A__D_05:117000,117000,120000,0,0,3000,1200
k2,validation,trimMA342_1200rpm_A__D_05,trimMA342_1200rpm_A__D_05:120000,120000,123000,0,0,3000,1200
k2,validation,trimMA342_1200rpm_A__D_05,trimMA342_1200rpm_A__D_05:123000,123000,126000,0,0,3000,1200
k2,validation,trimMA342_1200rpm_A__D_05,trimMA342_1200rpm_A__D_05:126000,126000,129000,0,0,3000,1200
k2,validation,trimMA342_1200rpm_A__D_05,trimMA342_1200rpm_A__D_05:129000,129000,132000,0,0,3000,1200
k2,validation,trimMA342_1200rpm_A__D_05,trimMA342_1200rpm_A__D_05:132000,132000,135000,0,0,3000,1200
k2,validation,trimMA342_1200rpm_A__D_05,trimMA342_1200rpm_A__D_05:135000,135000,138000,0,0,3000,1200
k2,validation,trimMA342_1200rpm_A__D_05,trimMA342_1200rpm_A__D_05:138000,138000,141000,0,0,3000,1200
k2,validation,trimMA342_1200rpm_A__D_05,trimMA342_1200rpm_A__D_05:141000,141000,144000,0,0,3000,1200
k2,validation,trimMA342_1200rpm_A__D_05,trimMA342_1200rpm_A__D_05:144000,144000,147000,0,0,3000,1200
k2,validation,trimMA342_1200rpm_A__D_05,trimMA342_1200rpm_A__D_05:147000,147000,150000,0,0,3000,1200
k2,validation,trimMA342_1200rpm_A__D_05,trimMA342_1200rpm_A__D_05:150000,150000,153000,0,0,3000,1200
k2,validation,trimMA342_1200rpm_A__D_05,trimMA342_1200rpm_A__D_05:153000,153000,156000,0,0,3000,1200
k2,validation,trimMA342_1200rpm_A__D_05,trimMA342_1200rpm_A__D_05:156000,156000,159000,0,0,3000,1200
k2,validation,trimMA342_1200rpm_A__D_05,trimMA342_1200rpm_A__D_05:159000,159000,162000,0,0,3000,1200
k2,validation,trimMA342_1200rpm_A__D_05,trimMA342_1200rpm_A__D_05:162000,162000,165000,0,0,3000,1200
k2,validation,trimMA342_1200rpm_A__D_05,trimMA342_1200rpm_A__D_05:165000,165000,168000,0,0,3000,1200
k2,validation,trimMA342_1200rpm_A__D_05,trimMA342_1200rpm_A__D_05:168000,168000,171000,0,0,3000,1200
k2,validation,trimMA342_1200rpm_A__D_05,trimMA342_1200rpm_A__D_05:171000,171000,174000,0,0,3000,1200
k2,validation,trimMA342_1200rpm_A__D_05,trimMA342_1200rpm_A__D_05:174000,174000,177000,0,0,3000,1200
k2,validation,trimMA342_1200rpm_A__D_05,trimMA342_1200rpm_A__D_05:177000,177000,180000,0,0,3000,1200
k2,validation,trimMA342_1200rpm_A__D_05,trimMA342_1200rpm_A__D_05:180000,180000,183000,0,0,3000,1200
k2,validation,trimMA342_1200rpm_A__D_05,trimMA342_1200rpm_A__D_05:183000,183000,186000,0,0,3000,1200
k2,validation,trimMA342_1200rpm_A__D_05,trimMA342_1200rpm_A__D_05:186000,186000,189000,0,0,3000,1200
k2,validation,trimMA342_1200rpm_A__D_05,trimMA342_1200rpm_A__D_05:189000,189000,192000,0,0,3000,1200
k2,validation,trimMA342_1200rpm_A__D_05,trimMA342_1200rpm_A__D_05:192000,192000,195000,0,0,3000,1200
k2,validation,trimMA342_1200rpm_A__D_05,trimMA342_1200rpm_A__D_05:195000,195000,198000,0,0,3000,1200
k2,validation,trimMA342_1200rpm_A__D_05,trimMA342_1200rpm_A__D_05:198000,198000,201000,0,0,3000,1200
k2,validation,trimMA342_1200rpm_A__D_05,trimMA342_1200rpm_A__D_05:201000,201000,204000,0,0,3000,1200
k2,validation,trimMA342_1200rpm_A__D_05,trimMA342_1200rpm_A__D_05:204000,204000,207000,0,0,3000,1200
k2,validation,trimMA342_1200rpm_A__D_05,trimMA342_1200rpm_A__D_05:207000,207000,210000,0,0,3000,1200
k2,validation,trimMA342_1200rpm_A__D_05,trimMA342_1200rpm_A__D_05:210000,210000,213000,0,0,3000,1200
k2,validation,trimMA342_1200rpm_A__D_05,trimMA342_1200rpm_A__D_05:213000,213000,216000,0,0,3000,1200
k2,validation,trimMA342_1200rpm_A__D_05,trimMA342_1200rpm_A__D_05:216000,216000,219000,0,0,3000,1200
k2,validation,trimMA342_1200rpm_A__D_05,trimMA342_1200rpm_A__D_05:219000,219000,222000,0,0,3000,1200
k2,validation,trimMA342_1200rpm_A__D_05,trimMA342_1200rpm_A__D_05:222000,222000,225000,0,0,3000,1200
k2,validation,trimMA342_1200rpm_A__D_05,trimMA342_1200rpm_A__D_05:225000,225000,228000,0,0,3000,1200
k2,validation,trimMA342_1200rpm_A__D_05,trimMA342_1200rpm_A__D_05:228000,228000,231000,0,0,3000,1200
k2,validation,trimMA342_1200rpm_A__D_05,trimMA342_1200rpm_A__D_05:231000,231000,234000,0,0,3000,1200
k2,validation,trimMA342_1200rpm_A__D_05,trimMA342_1200rpm_A__D_05:234000,234000,237000,0,0,3000,1200
k2,validation,trimMA342_1200rpm_A__D_05,trimMA342_1200rpm_A__D_05:237000,237000,240000,0,0,3000,1200
k2,validation,trimMA342_1200rpm_A__D_05,trimMA342_1200rpm_A__D_05:240000,240000,243000,0,0,3000,1200
k2,validation,trimMA342_1200rpm_A__D_05,trimMA342_1200rpm_A__D_05:243000,243000,246000,0,0,3000,1200
k2,validation,trimMA342_1200rpm_A__D_05,trimMA342_1200rpm_A__D_05:246000,246000,249000,0,0,3000,1200
k2,validation,trimMA342_1200rpm_A__D_05,trimMA342_1200rpm_A__D_05:249000,249000,252000,0,0,3000,1200
k2,validation,trimMA342_1200rpm_A__D_05,trimMA342_1200rpm_A__D_05:252000,252000,255000,0,0,3000,1200
k2,validation,trimMA342_1200rpm_A__D_05,trimMA342_1200rpm_A__D_05:255000,255000,258000,0,0,3000,1200
k2,validation,trimMA342_1200rpm_A__D_05,trimMA342_1200rpm_A__D_05:258000,258000,261000,0,0,3000,1200
k2,validation,trimMA342_1200rpm_A__D_05,trimMA342_1200rpm_A__D_05:261000,261000,264000,0,0,3000,1200
k2,validation,trimMA342_1200rpm_A__D_05,trimMA342_1200rpm_A__D_05:264000,264000,267000,0,0,3000,1200
k2,validation,trimMA342_1200rpm_A__D_05,trimMA342_1200rpm_A__D_05:267000,267000,270000,0,0,3000,1200
k2,validation,trimMA342_1200rpm_A__D_05,trimMA342_1200rpm_A__D_05:270000,270000,273000,0,0,3000,1200
k2,validation,trimMA342_1200rpm_A__D_05,trimMA342_1200rpm_A__D_05:273000,273000,276000,0,0,3000,1200
k2,validation,trimMA342_1200rpm_A__D_05,trimMA342_1200rpm_A__D_05:276000,276000,279000,0,0,3000,1200
k2,validation,trimMA342_1200rpm_A__D_05,trimMA342_1200rpm_A__D_05:279000,279000,282000,0,0,3000,1200
k2,validation,trimMA342_1200rpm_A__D_12,trimMA342_1200rpm_A__D_12:0,0,3000,0,0,3000,1200
k2,validation,trimMA342_1200rpm_A__D_12,trimMA342_1200rpm_A__D_12:3000,3000,6000,0,0,3000,1200
k2,validation,trimMA342_1200rpm_A__D_12,trimMA342_1200rpm_A__D_12:6000,6000,9000,0,0,3000,1200
k2,validation,trimMA342_1200rpm_A__D_12,trimMA342_1200rpm_A__D_12:9000,9000,12000,0,0,3000,1200
k2,validation,trimMA342_1200rpm_A__D_12,trimMA342_1200rpm_A__D_12:12000,12000,15000,0,0,3000,1200
k2,validation,trimMA342_1200rpm_A__D_12,trimMA342_1200rpm_A__D_12:15000,15000,18000,0,0,3000,1200
k2,validation,trimMA342_1200rpm_A__D_12,trimMA342_1200rpm_A__D_12:18000,18000,21000,0,0,3000,1200
k2,validation,trimMA342_1200rpm_A__D_12,trimMA342_1200rpm_A__D_12:21000,21000,24000,0,0,3000,1200
k2,validation,trimMA342_1200rpm_A__D_12,trimMA342_1200rpm_A__D_12:24000,24000,27000,0,0,3000,1200
k2,validation,trimMA342_1200rpm_A__D_12,trimMA342_1200rpm_A__D_12:27000,27000,30000,0,0,3000,1200
k2,validation,trimMA342_1200rpm_A__D_12,trimMA342_1200rpm_A__D_12:30000,30000,33000,0,0,3000,1200
k2,validation,trimMA342_1200rpm_A__D_12,trimMA342_1200rpm_A__D_12:33000,33000,36000,0,0,3000,1200
k2,validation,trimMA342_1200rpm_A__D_12,trimMA342_1200rpm_A__D_12:36000,36000,39000,0,0,3000,1200
k2,validation,trimMA342_1200rpm_A__D_12,trimMA342_1200rpm_A__D_12:39000,39000,42000,0,0,3000,1200
k2,validation,trimMA342_1200rpm_A__D_12,trimMA342_1200rpm_A__D_12:42000,42000,45000,0,0,3000,1200
k2,validation,trimMA342_1200rpm_A__D_12,trimMA342_1200rpm_A__D_12:45000,45000,48000,0,0,3000,1200
k2,validation,trimMA342_1200rpm_A__D_12,trimMA342_1200rpm_A__D_12:48000,48000,51000,0,0,3000,1200
k2,validation,trimMA342_1200rpm_A__D_12,trimMA342_1200rpm_A__D_12:51000,51000,54000,0,0,3000,1200
k2,validation,trimMA342_1200rpm_A__D_12,trimMA342_1200rpm_A__D_12:54000,54000,57000,0,0,3000,1200
k2,validation,trimMA342_1200rpm_A__D_12,trimMA342_1200rpm_A__D_12:57000,57000,60000,0,0,3000,1200
k2,validation,trimMA342_1200rpm_A__D_12,trimMA342_1200rpm_A__D_12:60000,60000,63000,0,0,3000,1200
k2,validation,trimMA342_1200rpm_A__D_12,trimMA342_1200rpm_A__D_12:63000,63000,66000,0,0,3000,1200
k2,validation,trimMA342_1200rpm_A__D_12,trimMA342_1200rpm_A__D_12:66000,66000,69000,0,0,3000,1200
k2,validation,trimMA342_1200rpm_A__D_12,trimMA342_1200rpm_A__D_12:69000,69000,72000,0,0,3000,1200
k2,validation,trimMA342_1200rpm_A__D_12,trimMA342_1200rpm_A__D_12:72000,72000,75000,0,0,3000,1200
k2,validation,trimMA342_1200rpm_A__D_12,trimMA342_1200rpm_A__D_12:75000,75000,78000,0,0,3000,1200
k2,validation,trimMA342_1200rpm_A__D_12,trimMA342_1200rpm_A__D_12:78000,78000,81000,0,0,3000,1200
k2,validation,trimMA342_1200rpm_A__D_12,trimMA342_1200rpm_A__D_12:81000,81000,84000,0,0,3000,1200
k2,validation,trimMA342_1200rpm_A__D_12,trimMA342_1200rpm_A__D_12:84000,84000,87000,0,0,3000,1200
k2,validation,trimMA342_1200rpm_A__D_12,trimMA342_1200rpm_A__D_12:87000,87000,90000,0,0,3000,1200
k2,validation,trimMA342_1200rpm_A__D_12,trimMA342_1200rpm_A__D_12:90000,90000,93000,0,0,3000,1200
k2,validation,trimMA342_1200rpm_A__D_12,trimMA342_1200rpm_A__D_12:93000,93000,96000,0,0,3000,1200
k2,validation,trimMA342_1200rpm_A__D_12,trimMA342_1200rpm_A__D_12:96000,96000,99000,0,0,3000,1200
k2,validation,trimMA342_1200rpm_A__D_12,trimMA342_1200rpm_A__D_12:99000,99000,102000,0,0,3000,1200
k2,validation,trimMA342_1200rpm_A__D_12,trimMA342_1200rpm_A__D_12:102000,102000,105000,0,0,3000,1200
k2,validation,trimMA342_1200rpm_A__D_12,trimMA342_1200rpm_A__D_12:105000,105000,108000,0,0,3000,1200
k2,validation,trimMA342_1200rpm_A__D_12,trimMA342_1200rpm_A__D_12:108000,108000,111000,0,0,3000,1200
k2,validation,trimMA342_1200rpm_A__D_12,trimMA342_1200rpm_A__D_12:111000,111000,114000,0,0,3000,1200
k2,validation,trimMA342_1200rpm_A__D_12,trimMA342_1200rpm_A__D_12:114000,114000,117000,0,0,3000,1200
k2,validation,trimMA342_1200rpm_A__D_12,trimMA342_1200rpm_A__D_12:117000,117000,120000,0,0,3000,1200
k2,validation,trimMA342_1200rpm_A__D_12,trimMA342_1200rpm_A__D_12:120000,120000,123000,0,0,3000,1200
k2,validation,trimMA342_1200rpm_A__D_12,trimMA342_1200rpm_A__D_12:123000,123000,126000,0,0,3000,1200
k2,validation,trimMA342_1200rpm_A__D_12,trimMA342_1200rpm_A__D_12:126000,126000,129000,0,0,3000,1200
k2,validation,trimMA342_1200rpm_A__D_12,trimMA342_1200rpm_A__D_12:129000,129000,132000,0,0,3000,1200
k2,validation,trimMA342_1200rpm_A__D_12,trimMA342_1200rpm_A__D_12:132000,132000,135000,0,0,3000,1200
k2,validation,trimMA342_1200rpm_A__D_12,trimMA342_1200rpm_A__D_12:135000,135000,138000,0,0,3000,1200
k2,validation,trimMA342_1200rpm_A__D_12,trimMA342_1200rpm_A__D_12:138000,138000,141000,0,0,3000,1200
k2,validation,trimMA342_1200rpm_A__D_12,trimMA342_1200rpm_A__D_12:141000,141000,144000,0,0,3000,1200
k2,validation,trimMA342_1200rpm_A__D_12,trimMA342_1200rpm_A__D_12:144000,144000,147000,0,0,3000,1200
k2,validation,trimMA342_1200rpm_A__D_12,trimMA342_1200rpm_A__D_12:147000,147000,150000,0,0,3000,1200
k2,validation,trimMA342_1200rpm_A__D_12,trimMA342_1200rpm_A__D_12:150000,150000,153000,0,0,3000,1200
k2,validation,trimMA342_1200rpm_A__D_12,trimMA342_1200rpm_A__D_12:153000,153000,156000,0,0,3000,1200
k2,validation,trimMA342_1200rpm_A__D_12,trimMA342_1200rpm_A__D_12:156000,156000,159000,0,0,3000,1200
k2,validation,trimMA342_1200rpm_A__D_12,trimMA342_1200rpm_A__D_12:159000,159000,162000,0,0,3000,1200
k2,validation,trimMA342_1200rpm_A__D_12,trimMA342_1200rpm_A__D_12:162000,162000,165000,0,0,3000,1200
k2,validation,trimMA342_1200rpm_A__D_12,trimMA342_1200rpm_A__D_12:165000,165000,168000,0,0,3000,1200
k2,validation,trimMA342_1200rpm_A__D_12,trimMA342_1200rpm_A__D_12:168000,168000,171000,0,0,3000,1200
k2,validation,trimMA342_1200rpm_A__D_12,trimMA342_1200rpm_A__D_12:171000,171000,174000,0,0,3000,1200
k2,validation,trimMA342_1200rpm_A__D_12,trimMA342_1200rpm_A__D_12:174000,174000,177000,0,0,3000,1200
k2,validation,trimMA342_1200rpm_A__D_12,trimMA342_1200rpm_A__D_12:177000,177000,180000,0,0,3000,1200
k2,validation,trimMA342_1200rpm_A__D_12,trimMA342_1200rpm_A__D_12:180000,180000,183000,0,0,3000,1200
k2,validation,trimMA342_1200rpm_A__D_12,trimMA342_1200rpm_A__D_12:183000,183000,186000,0,0,3000,1200
k2,validation,trimMA342_1200rpm_A__D_12,trimMA342_1200rpm_A__D_12:186000,186000,189000,0,0,3000,1200
k2,validation,trimMA342_1200rpm_A__D_12,trimMA342_1200rpm_A__D_12:189000,189000,192000,0,0,3000,1200
k2,validation,trimMA342_1200rpm_A__D_12,trimMA342_1200rpm_A__D_12:192000,192000,195000,0,0,3000,1200
k2,validation,trimMA342_1200rpm_A__D_12,trimMA342_1200rpm_A__D_12:195000,195000,198000,0,0,3000,1200
k2,validation,trimMA342_1200rpm_A__D_12,trimMA342_1200rpm_A__D_12:198000,198000,201000,0,0,3000,1200
k2,validation,trimMA342_1200rpm_A__D_12,trimMA342_1200rpm_A__D_12:201000,201000,204000,0,0,3000,1200
k2,validation,trimMA342_1200rpm_A__D_12,trimMA342_1200rpm_A__D_12:204000,204000,207000,0,0,3000,1200
k2,validation,trimMA342_1200rpm_A__D_12,trimMA342_1200rpm_A__D_12:207000,207000,210000,0,0,3000,1200
k2,validation,trimMA342_1200rpm_A__D_12,trimMA342_1200rpm_A__D_12:210000,210000,213000,0,0,3000,1200
k2,validation,trimMA342_1200rpm_A__D_12,trimMA342_1200rpm_A__D_12:213000,213000,216000,0,0,3000,1200
k2,validation,trimMA342_1200rpm_A__D_12,trimMA342_1200rpm_A__D_12:216000,216000,219000,0,0,3000,1200
k2,validation,trimMA342_1200rpm_A__D_12,trimMA342_1200rpm_A__D_12:219000,219000,222000,0,0,3000,1200
k2,validation,trimMA342_1200rpm_A__D_12,trimMA342_1200rpm_A__D_12:222000,222000,225000,0,0,3000,1200
k2,validation,trimMA342_1200rpm_A__D_12,trimMA342_1200rpm_A__D_12:225000,225000,228000,0,0,3000,1200
k2,validation,trimMA342_1200rpm_A__D_12,trimMA342_1200rpm_A__D_12:228000,228000,231000,0,0,3000,1200
k2,validation,trimMA342_1200rpm_A__D_12,trimMA342_1200rpm_A__D_12:231000,231000,234000,0,0,3000,1200
k2,validation,trimMA342_1200rpm_A__D_12,trimMA342_1200rpm_A__D_12:234000,234000,237000,0,0,3000,1200
k2,validation,trimMA342_1200rpm_A__D_12,trimMA342_1200rpm_A__D_12:237000,237000,240000,0,0,3000,1200
k2,validation,trimMA342_1200rpm_A__D_12,trimMA342_1200rpm_A__D_12:240000,240000,243000,0,0,3000,1200
k2,validation,trimMA342_1200rpm_A__D_12,trimMA342_1200rpm_A__D_12:243000,243000,246000,0,0,3000,1200
k2,validation,trimMA342_1200rpm_A__D_12,trimMA342_1200rpm_A__D_12:246000,246000,249000,0,0,3000,1200
k2,validation,trimMA342_1200rpm_A__D_12,trimMA342_1200rpm_A__D_12:249000,249000,252000,0,0,3000,1200
k2,validation,trimMA342_1200rpm_A__D_12,trimMA342_1200rpm_A__D_12:252000,252000,255000,0,0,3000,1200
k2,validation,trimMA342_1200rpm_A__D_12,trimMA342_1200rpm_A__D_12:255000,255000,258000,0,0,3000,1200
k2,validation,trimMA342_1200rpm_A__D_12,trimMA342_1200rpm_A__D_12:258000,258000,261000,0,0,3000,1200
k2,validation,trimMA342_1200rpm_A__D_12,trimMA342_1200rpm_A__D_12:261000,261000,264000,0,0,3000,1200
k2,validation,trimMA342_1200rpm_A__D_12,trimMA342_1200rpm_A__D_12:264000,264000,267000,0,0,3000,1200
k2,validation,trimMA342_1200rpm_A__D_12,trimMA342_1200rpm_A__D_12:267000,267000,270000,0,0,3000,1200
k2,validation,trimMA342_1200rpm_A__D_12,trimMA342_1200rpm_A__D_12:270000,270000,273000,0,0,3000,1200
k2,validation,trimMA342_1200rpm_A__D_12,trimMA342_1200rpm_A__D_12:273000,273000,276000,0,0,3000,1200
k2,validation,trimMA342_1200rpm_A__D_12,trimMA342_1200rpm_A__D_12:276000,276000,279000,0,0,3000,1200
k2,validation,trimMA342_1200rpm_A__D_12,trimMA342_1200rpm_A__D_12:279000,279000,282000,0,0,3000,1200
k2,validation,trimMA342_1200rpm_A__Dvv_03,trimMA342_1200rpm_A__Dvv_03:0,0,3000,4,1,3000,1200
k2,validation,trimMA342_1200rpm_A__Dvv_03,trimMA342_1200rpm_A__Dvv_03:3000,3000,6000,4,1,3000,1200
k2,validation,trimMA342_1200rpm_A__Dvv_03,trimMA342_1200rpm_A__Dvv_03:6000,6000,9000,4,1,3000,1200
k2,validation,trimMA342_1200rpm_A__Dvv_03,trimMA342_1200rpm_A__Dvv_03:9000,9000,12000,4,1,3000,1200
k2,validation,trimMA342_1200rpm_A__Dvv_03,trimMA342_1200rpm_A__Dvv_03:12000,12000,15000,4,1,3000,1200
k2,validation,trimMA342_1200rpm_A__Dvv_03,trimMA342_1200rpm_A__Dvv_03:15000,15000,18000,4,1,3000,1200
k2,validation,trimMA342_1200rpm_A__Dvv_03,trimMA342_1200rpm_A__Dvv_03:18000,18000,21000,4,1,3000,1200
k2,validation,trimMA342_1200rpm_A__Dvv_03,trimMA342_1200rpm_A__Dvv_03:21000,21000,24000,4,1,3000,1200
k2,validation,trimMA342_1200rpm_A__Dvv_03,trimMA342_1200rpm_A__Dvv_03:24000,24000,27000,4,1,3000,1200
k2,validation,trimMA342_1200rpm_A__Dvv_03,trimMA342_1200rpm_A__Dvv_03:27000,27000,30000,4,1,3000,1200
k2,validation,trimMA342_1200rpm_A__Dvv_03,trimMA342_1200rpm_A__Dvv_03:30000,30000,33000,4,1,3000,1200
k2,validation,trimMA342_1200rpm_A__Dvv_03,trimMA342_1200rpm_A__Dvv_03:33000,33000,36000,4,1,3000,1200
k2,validation,trimMA342_1200rpm_A__Dvv_03,trimMA342_1200rpm_A__Dvv_03:36000,36000,39000,4,1,3000,1200
k2,validation,trimMA342_1200rpm_A__Dvv_03,trimMA342_1200rpm_A__Dvv_03:39000,39000,42000,4,1,3000,1200
k2,validation,trimMA342_1200rpm_A__Dvv_03,trimMA342_1200rpm_A__Dvv_03:42000,42000,45000,4,1,3000,1200
k2,validation,trimMA342_1200rpm_A__Dvv_03,trimMA342_1200rpm_A__Dvv_03:45000,45000,48000,4,1,3000,1200
k2,validation,trimMA342_1200rpm_A__Dvv_03,trimMA342_1200rpm_A__Dvv_03:48000,48000,51000,4,1,3000,1200
k2,validation,trimMA342_1200rpm_A__Dvv_03,trimMA342_1200rpm_A__Dvv_03:51000,51000,54000,4,1,3000,1200
k2,validation,trimMA342_1200rpm_A__Dvv_03,trimMA342_1200rpm_A__Dvv_03:54000,54000,57000,4,1,3000,1200
k2,validation,trimMA342_1200rpm_A__Dvv_03,trimMA342_1200rpm_A__Dvv_03:57000,57000,60000,4,1,3000,1200
k2,validation,trimMA342_1200rpm_A__Dvv_03,trimMA342_1200rpm_A__Dvv_03:60000,60000,63000,4,1,3000,1200
k2,validation,trimMA342_1200rpm_A__Dvv_03,trimMA342_1200rpm_A__Dvv_03:63000,63000,66000,4,1,3000,1200
k2,validation,trimMA342_1200rpm_A__Dvv_03,trimMA342_1200rpm_A__Dvv_03:66000,66000,69000,4,1,3000,1200
k2,validation,trimMA342_1200rpm_A__Dvv_03,trimMA342_1200rpm_A__Dvv_03:69000,69000,72000,4,1,3000,1200
k2,validation,trimMA342_1200rpm_A__Dvv_03,trimMA342_1200rpm_A__Dvv_03:72000,72000,75000,4,1,3000,1200
k2,validation,trimMA342_1200rpm_A__Dvv_03,trimMA342_1200rpm_A__Dvv_03:75000,75000,78000,4,1,3000,1200
k2,validation,trimMA342_1200rpm_A__Dvv_03,trimMA342_1200rpm_A__Dvv_03:78000,78000,81000,4,1,3000,1200
k2,validation,trimMA342_1200rpm_A__Dvv_03,trimMA342_1200rpm_A__Dvv_03:81000,81000,84000,4,1,3000,1200
k2,validation,trimMA342_1200rpm_A__Dvv_03,trimMA342_1200rpm_A__Dvv_03:84000,84000,87000,4,1,3000,1200
k2,validation,trimMA342_1200rpm_A__Dvv_03,trimMA342_1200rpm_A__Dvv_03:87000,87000,90000,4,1,3000,1200
k2,validation,trimMA342_1200rpm_A__Dvv_03,trimMA342_1200rpm_A__Dvv_03:90000,90000,93000,4,1,3000,1200
k2,validation,trimMA342_1200rpm_A__Dvv_03,trimMA342_1200rpm_A__Dvv_03:93000,93000,96000,4,1,3000,1200
k2,validation,trimMA342_1200rpm_A__Dvv_03,trimMA342_1200rpm_A__Dvv_03:96000,96000,99000,4,1,3000,1200
k2,validation,trimMA342_1200rpm_A__Dvv_03,trimMA342_1200rpm_A__Dvv_03:99000,99000,102000,4,1,3000,1200
k2,validation,trimMA342_1200rpm_A__Dvv_03,trimMA342_1200rpm_A__Dvv_03:102000,102000,105000,4,1,3000,1200
k2,validation,trimMA342_1200rpm_A__Dvv_03,trimMA342_1200rpm_A__Dvv_03:105000,105000,108000,4,1,3000,1200
k2,validation,trimMA342_1200rpm_A__Dvv_03,trimMA342_1200rpm_A__Dvv_03:108000,108000,111000,4,1,3000,1200
k2,validation,trimMA342_1200rpm_A__Dvv_03,trimMA342_1200rpm_A__Dvv_03:111000,111000,114000,4,1,3000,1200
k2,validation,trimMA342_1200rpm_A__Dvv_03,trimMA342_1200rpm_A__Dvv_03:114000,114000,117000,4,1,3000,1200
k2,validation,trimMA342_1200rpm_A__Dvv_03,trimMA342_1200rpm_A__Dvv_03:117000,117000,120000,4,1,3000,1200
k2,validation,trimMA342_1200rpm_A__Dvv_03,trimMA342_1200rpm_A__Dvv_03:120000,120000,123000,4,1,3000,1200
k2,validation,trimMA342_1200rpm_A__Dvv_03,trimMA342_1200rpm_A__Dvv_03:123000,123000,126000,4,1,3000,1200
k2,validation,trimMA342_1200rpm_A__Dvv_03,trimMA342_1200rpm_A__Dvv_03:126000,126000,129000,4,1,3000,1200
k2,validation,trimMA342_1200rpm_A__Dvv_03,trimMA342_1200rpm_A__Dvv_03:129000,129000,132000,4,1,3000,1200
k2,validation,trimMA342_1200rpm_A__Dvv_03,trimMA342_1200rpm_A__Dvv_03:132000,132000,135000,4,1,3000,1200
k2,validation,trimMA342_1200rpm_A__Dvv_03,trimMA342_1200rpm_A__Dvv_03:135000,135000,138000,4,1,3000,1200
k2,validation,trimMA342_1200rpm_A__Dvv_03,trimMA342_1200rpm_A__Dvv_03:138000,138000,141000,4,1,3000,1200
k2,validation,trimMA342_1200rpm_A__Dvv_03,trimMA342_1200rpm_A__Dvv_03:141000,141000,144000,4,1,3000,1200
k2,validation,trimMA342_1200rpm_A__Dvv_03,trimMA342_1200rpm_A__Dvv_03:144000,144000,147000,4,1,3000,1200
k2,validation,trimMA342_1200rpm_A__Dvv_03,trimMA342_1200rpm_A__Dvv_03:147000,147000,150000,4,1,3000,1200
k2,validation,trimMA342_1200rpm_A__Dvv_03,trimMA342_1200rpm_A__Dvv_03:150000,150000,153000,4,1,3000,1200
k2,validation,trimMA342_1200rpm_A__Dvv_03,trimMA342_1200rpm_A__Dvv_03:153000,153000,156000,4,1,3000,1200
k2,validation,trimMA342_1200rpm_A__Dvv_03,trimMA342_1200rpm_A__Dvv_03:156000,156000,159000,4,1,3000,1200
k2,validation,trimMA342_1200rpm_A__Dvv_03,trimMA342_1200rpm_A__Dvv_03:159000,159000,162000,4,1,3000,1200
k2,validation,trimMA342_1200rpm_A__Dvv_03,trimMA342_1200rpm_A__Dvv_03:162000,162000,165000,4,1,3000,1200
k2,validation,trimMA342_1200rpm_A__Dvv_03,trimMA342_1200rpm_A__Dvv_03:165000,165000,168000,4,1,3000,1200
k2,validation,trimMA342_1200rpm_A__Dvv_03,trimMA342_1200rpm_A__Dvv_03:168000,168000,171000,4,1,3000,1200
k2,validation,trimMA342_1200rpm_A__Dvv_03,trimMA342_1200rpm_A__Dvv_03:171000,171000,174000,4,1,3000,1200
k2,validation,trimMA342_1200rpm_A__Dvv_03,trimMA342_1200rpm_A__Dvv_03:174000,174000,177000,4,1,3000,1200
k2,validation,trimMA342_1200rpm_A__Dvv_03,trimMA342_1200rpm_A__Dvv_03:177000,177000,180000,4,1,3000,1200
k2,validation,trimMA342_1200rpm_A__Dvv_03,trimMA342_1200rpm_A__Dvv_03:180000,180000,183000,4,1,3000,1200
k2,validation,trimMA342_1200rpm_A__Dvv_03,trimMA342_1200rpm_A__Dvv_03:183000,183000,186000,4,1,3000,1200
k2,validation,trimMA342_1200rpm_A__Dvv_03,trimMA342_1200rpm_A__Dvv_03:186000,186000,189000,4,1,3000,1200
k2,validation,trimMA342_1200rpm_A__Dvv_03,trimMA342_1200rpm_A__Dvv_03:189000,189000,192000,4,1,3000,1200
k2,validation,trimMA342_1200rpm_A__Dvv_03,trimMA342_1200rpm_A__Dvv_03:192000,192000,195000,4,1,3000,1200
k2,validation,trimMA342_1200rpm_A__Dvv_03,trimMA342_1200rpm_A__Dvv_03:195000,195000,198000,4,1,3000,1200
k2,validation,trimMA342_1200rpm_A__Dvv_03,trimMA342_1200rpm_A__Dvv_03:198000,198000,201000,4,1,3000,1200
k2,validation,trimMA342_1200rpm_A__Dvv_03,trimMA342_1200rpm_A__Dvv_03:201000,201000,204000,4,1,3000,1200
k2,validation,trimMA342_1200rpm_A__Dvv_03,trimMA342_1200rpm_A__Dvv_03:204000,204000,207000,4,1,3000,1200
k2,validation,trimMA342_1200rpm_A__Dvv_03,trimMA342_1200rpm_A__Dvv_03:207000,207000,210000,4,1,3000,1200
k2,validation,trimMA342_1200rpm_A__Dvv_03,trimMA342_1200rpm_A__Dvv_03:210000,210000,213000,4,1,3000,1200
k2,validation,trimMA342_1200rpm_A__Dvv_03,trimMA342_1200rpm_A__Dvv_03:213000,213000,216000,4,1,3000,1200
k2,validation,trimMA342_1200rpm_A__Dvv_03,trimMA342_1200rpm_A__Dvv_03:216000,216000,219000,4,1,3000,1200
k2,validation,trimMA342_1200rpm_A__Dvv_03,trimMA342_1200rpm_A__Dvv_03:219000,219000,222000,4,1,3000,1200
k2,validation,trimMA342_1200rpm_A__Dvv_03,trimMA342_1200rpm_A__Dvv_03:222000,222000,225000,4,1,3000,1200
k2,validation,trimMA342_1200rpm_A__Dvv_03,trimMA342_1200rpm_A__Dvv_03:225000,225000,228000,4,1,3000,1200
k2,validation,trimMA342_1200rpm_A__Dvv_03,trimMA342_1200rpm_A__Dvv_03:228000,228000,231000,4,1,3000,1200
k2,validation,trimMA342_1200rpm_A__Dvv_03,trimMA342_1200rpm_A__Dvv_03:231000,231000,234000,4,1,3000,1200
k2,validation,trimMA342_1200rpm_A__Dvv_03,trimMA342_1200rpm_A__Dvv_03:234000,234000,237000,4,1,3000,1200
k2,validation,trimMA342_1200rpm_A__Dvv_03,trimMA342_1200rpm_A__Dvv_03:237000,237000,240000,4,1,3000,1200
k2,validation,trimMA342_1200rpm_A__Dvv_03,trimMA342_1200rpm_A__Dvv_03:240000,240000,243000,4,1,3000,1200
k2,validation,trimMA342_1200rpm_A__Dvv_03,trimMA342_1200rpm_A__Dvv_03:243000,243000,246000,4,1,3000,1200
k2,validation,trimMA342_1200rpm_A__Dvv_03,trimMA342_1200rpm_A__Dvv_03:246000,246000,249000,4,1,3000,1200
k2,validation,trimMA342_1200rpm_A__Dvv_03,trimMA342_1200rpm_A__Dvv_03:249000,249000,252000,4,1,3000,1200
k2,validation,trimMA342_1200rpm_A__Dvv_03,trimMA342_1200rpm_A__Dvv_03:252000,252000,255000,4,1,3000,1200
k2,validation,trimMA342_1200rpm_A__Dvv_03,trimMA342_1200rpm_A__Dvv_03:255000,255000,258000,4,1,3000,1200
k2,validation,trimMA342_1200rpm_A__Dvv_03,trimMA342_1200rpm_A__Dvv_03:258000,258000,261000,4,1,3000,1200
k2,validation,trimMA342_1200rpm_A__Dvv_03,trimMA342_1200rpm_A__Dvv_03:261000,261000,264000,4,1,3000,1200
k2,validation,trimMA342_1200rpm_A__Dvv_03,trimMA342_1200rpm_A__Dvv_03:264000,264000,267000,4,1,3000,1200
k2,validation,trimMA342_1200rpm_A__Dvv_03,trimMA342_1200rpm_A__Dvv_03:267000,267000,270000,4,1,3000,1200
k2,validation,trimMA342_1200rpm_A__Dvv_03,trimMA342_1200rpm_A__Dvv_03:270000,270000,273000,4,1,3000,1200
k2,validation,trimMA342_1200rpm_A__Dvv_03,trimMA342_1200rpm_A__Dvv_03:273000,273000,276000,4,1,3000,1200
k2,validation,trimMA342_1200rpm_A__Dvv_03,trimMA342_1200rpm_A__Dvv_03:276000,276000,279000,4,1,3000,1200
k2,validation,trimMA342_1200rpm_A__Dvv_03,trimMA342_1200rpm_A__Dvv_03:279000,279000,282000,4,1,3000,1200
k2,validation,trimMA342_1200rpm_A__Dvv_06,trimMA342_1200rpm_A__Dvv_06:0,0,3000,4,1,3000,1200
k2,validation,trimMA342_1200rpm_A__Dvv_06,trimMA342_1200rpm_A__Dvv_06:3000,3000,6000,4,1,3000,1200
k2,validation,trimMA342_1200rpm_A__Dvv_06,trimMA342_1200rpm_A__Dvv_06:6000,6000,9000,4,1,3000,1200
k2,validation,trimMA342_1200rpm_A__Dvv_06,trimMA342_1200rpm_A__Dvv_06:9000,9000,12000,4,1,3000,1200
k2,validation,trimMA342_1200rpm_A__Dvv_06,trimMA342_1200rpm_A__Dvv_06:12000,12000,15000,4,1,3000,1200
k2,validation,trimMA342_1200rpm_A__Dvv_06,trimMA342_1200rpm_A__Dvv_06:15000,15000,18000,4,1,3000,1200
k2,validation,trimMA342_1200rpm_A__Dvv_06,trimMA342_1200rpm_A__Dvv_06:18000,18000,21000,4,1,3000,1200
k2,validation,trimMA342_1200rpm_A__Dvv_06,trimMA342_1200rpm_A__Dvv_06:21000,21000,24000,4,1,3000,1200
k2,validation,trimMA342_1200rpm_A__Dvv_06,trimMA342_1200rpm_A__Dvv_06:24000,24000,27000,4,1,3000,1200
k2,validation,trimMA342_1200rpm_A__Dvv_06,trimMA342_1200rpm_A__Dvv_06:27000,27000,30000,4,1,3000,1200
k2,validation,trimMA342_1200rpm_A__Dvv_06,trimMA342_1200rpm_A__Dvv_06:30000,30000,33000,4,1,3000,1200
k2,validation,trimMA342_1200rpm_A__Dvv_06,trimMA342_1200rpm_A__Dvv_06:33000,33000,36000,4,1,3000,1200
k2,validation,trimMA342_1200rpm_A__Dvv_06,trimMA342_1200rpm_A__Dvv_06:36000,36000,39000,4,1,3000,1200
k2,validation,trimMA342_1200rpm_A__Dvv_06,trimMA342_1200rpm_A__Dvv_06:39000,39000,42000,4,1,3000,1200
k2,validation,trimMA342_1200rpm_A__Dvv_06,trimMA342_1200rpm_A__Dvv_06:42000,42000,45000,4,1,3000,1200
k2,validation,trimMA342_1200rpm_A__Dvv_06,trimMA342_1200rpm_A__Dvv_06:45000,45000,48000,4,1,3000,1200
k2,validation,trimMA342_1200rpm_A__Dvv_06,trimMA342_1200rpm_A__Dvv_06:48000,48000,51000,4,1,3000,1200
k2,validation,trimMA342_1200rpm_A__Dvv_06,trimMA342_1200rpm_A__Dvv_06:51000,51000,54000,4,1,3000,1200
k2,validation,trimMA342_1200rpm_A__Dvv_06,trimMA342_1200rpm_A__Dvv_06:54000,54000,57000,4,1,3000,1200
k2,validation,trimMA342_1200rpm_A__Dvv_06,trimMA342_1200rpm_A__Dvv_06:57000,57000,60000,4,1,3000,1200
k2,validation,trimMA342_1200rpm_A__Dvv_06,trimMA342_1200rpm_A__Dvv_06:60000,60000,63000,4,1,3000,1200
k2,validation,trimMA342_1200rpm_A__Dvv_06,trimMA342_1200rpm_A__Dvv_06:63000,63000,66000,4,1,3000,1200
k2,validation,trimMA342_1200rpm_A__Dvv_06,trimMA342_1200rpm_A__Dvv_06:66000,66000,69000,4,1,3000,1200
k2,validation,trimMA342_1200rpm_A__Dvv_06,trimMA342_1200rpm_A__Dvv_06:69000,69000,72000,4,1,3000,1200
k2,validation,trimMA342_1200rpm_A__Dvv_06,trimMA342_1200rpm_A__Dvv_06:72000,72000,75000,4,1,3000,1200
k2,validation,trimMA342_1200rpm_A__Dvv_06,trimMA342_1200rpm_A__Dvv_06:75000,75000,78000,4,1,3000,1200
k2,validation,trimMA342_1200rpm_A__Dvv_06,trimMA342_1200rpm_A__Dvv_06:78000,78000,81000,4,1,3000,1200
k2,validation,trimMA342_1200rpm_A__Dvv_06,trimMA342_1200rpm_A__Dvv_06:81000,81000,84000,4,1,3000,1200
k2,validation,trimMA342_1200rpm_A__Dvv_06,trimMA342_1200rpm_A__Dvv_06:84000,84000,87000,4,1,3000,1200
k2,validation,trimMA342_1200rpm_A__Dvv_06,trimMA342_1200rpm_A__Dvv_06:87000,87000,90000,4,1,3000,1200
k2,validation,trimMA342_1200rpm_A__Dvv_06,trimMA342_1200rpm_A__Dvv_06:90000,90000,93000,4,1,3000,1200
k2,validation,trimMA342_1200rpm_A__Dvv_06,trimMA342_1200rpm_A__Dvv_06:93000,93000,96000,4,1,3000,1200
k2,validation,trimMA342_1200rpm_A__Dvv_06,trimMA342_1200rpm_A__Dvv_06:96000,96000,99000,4,1,3000,1200
k2,validation,trimMA342_1200rpm_A__Dvv_06,trimMA342_1200rpm_A__Dvv_06:99000,99000,102000,4,1,3000,1200
k2,validation,trimMA342_1200rpm_A__Dvv_06,trimMA342_1200rpm_A__Dvv_06:102000,102000,105000,4,1,3000,1200
k2,validation,trimMA342_1200rpm_A__Dvv_06,trimMA342_1200rpm_A__Dvv_06:105000,105000,108000,4,1,3000,1200
k2,validation,trimMA342_1200rpm_A__Dvv_06,trimMA342_1200rpm_A__Dvv_06:108000,108000,111000,4,1,3000,1200
k2,validation,trimMA342_1200rpm_A__Dvv_06,trimMA342_1200rpm_A__Dvv_06:111000,111000,114000,4,1,3000,1200
k2,validation,trimMA342_1200rpm_A__Dvv_06,trimMA342_1200rpm_A__Dvv_06:114000,114000,117000,4,1,3000,1200
k2,validation,trimMA342_1200rpm_A__Dvv_06,trimMA342_1200rpm_A__Dvv_06:117000,117000,120000,4,1,3000,1200
k2,validation,trimMA342_1200rpm_A__Dvv_06,trimMA342_1200rpm_A__Dvv_06:120000,120000,123000,4,1,3000,1200
k2,validation,trimMA342_1200rpm_A__Dvv_06,trimMA342_1200rpm_A__Dvv_06:123000,123000,126000,4,1,3000,1200
k2,validation,trimMA342_1200rpm_A__Dvv_06,trimMA342_1200rpm_A__Dvv_06:126000,126000,129000,4,1,3000,1200
k2,validation,trimMA342_1200rpm_A__Dvv_06,trimMA342_1200rpm_A__Dvv_06:129000,129000,132000,4,1,3000,1200
k2,validation,trimMA342_1200rpm_A__Dvv_06,trimMA342_1200rpm_A__Dvv_06:132000,132000,135000,4,1,3000,1200
k2,validation,trimMA342_1200rpm_A__Dvv_06,trimMA342_1200rpm_A__Dvv_06:135000,135000,138000,4,1,3000,1200
k2,validation,trimMA342_1200rpm_A__Dvv_06,trimMA342_1200rpm_A__Dvv_06:138000,138000,141000,4,1,3000,1200
k2,validation,trimMA342_1200rpm_A__Dvv_06,trimMA342_1200rpm_A__Dvv_06:141000,141000,144000,4,1,3000,1200
k2,validation,trimMA342_1200rpm_A__Dvv_06,trimMA342_1200rpm_A__Dvv_06:144000,144000,147000,4,1,3000,1200
k2,validation,trimMA342_1200rpm_A__Dvv_06,trimMA342_1200rpm_A__Dvv_06:147000,147000,150000,4,1,3000,1200
k2,validation,trimMA342_1200rpm_A__Dvv_06,trimMA342_1200rpm_A__Dvv_06:150000,150000,153000,4,1,3000,1200
k2,validation,trimMA342_1200rpm_A__Dvv_06,trimMA342_1200rpm_A__Dvv_06:153000,153000,156000,4,1,3000,1200
k2,validation,trimMA342_1200rpm_A__Dvv_06,trimMA342_1200rpm_A__Dvv_06:156000,156000,159000,4,1,3000,1200
k2,validation,trimMA342_1200rpm_A__Dvv_06,trimMA342_1200rpm_A__Dvv_06:159000,159000,162000,4,1,3000,1200
k2,validation,trimMA342_1200rpm_A__Dvv_06,trimMA342_1200rpm_A__Dvv_06:162000,162000,165000,4,1,3000,1200
k2,validation,trimMA342_1200rpm_A__Dvv_06,trimMA342_1200rpm_A__Dvv_06:165000,165000,168000,4,1,3000,1200
k2,validation,trimMA342_1200rpm_A__Dvv_06,trimMA342_1200rpm_A__Dvv_06:168000,168000,171000,4,1,3000,1200
k2,validation,trimMA342_1200rpm_A__Dvv_06,trimMA342_1200rpm_A__Dvv_06:171000,171000,174000,4,1,3000,1200
k2,validation,trimMA342_1200rpm_A__Dvv_06,trimMA342_1200rpm_A__Dvv_06:174000,174000,177000,4,1,3000,1200
k2,validation,trimMA342_1200rpm_A__Dvv_06,trimMA342_1200rpm_A__Dvv_06:177000,177000,180000,4,1,3000,1200
k2,validation,trimMA342_1200rpm_A__Dvv_06,trimMA342_1200rpm_A__Dvv_06:180000,180000,183000,4,1,3000,1200
k2,validation,trimMA342_1200rpm_A__Dvv_06,trimMA342_1200rpm_A__Dvv_06:183000,183000,186000,4,1,3000,1200
k2,validation,trimMA342_1200rpm_A__Dvv_06,trimMA342_1200rpm_A__Dvv_06:186000,186000,189000,4,1,3000,1200
k2,validation,trimMA342_1200rpm_A__Dvv_06,trimMA342_1200rpm_A__Dvv_06:189000,189000,192000,4,1,3000,1200
k2,validation,trimMA342_1200rpm_A__Dvv_06,trimMA342_1200rpm_A__Dvv_06:192000,192000,195000,4,1,3000,1200
k2,validation,trimMA342_1200rpm_A__Dvv_06,trimMA342_1200rpm_A__Dvv_06:195000,195000,198000,4,1,3000,1200
k2,validation,trimMA342_1200rpm_A__Dvv_06,trimMA342_1200rpm_A__Dvv_06:198000,198000,201000,4,1,3000,1200
k2,validation,trimMA342_1200rpm_A__Dvv_06,trimMA342_1200rpm_A__Dvv_06:201000,201000,204000,4,1,3000,1200
k2,validation,trimMA342_1200rpm_A__Dvv_06,trimMA342_1200rpm_A__Dvv_06:204000,204000,207000,4,1,3000,1200
k2,validation,trimMA342_1200rpm_A__Dvv_06,trimMA342_1200rpm_A__Dvv_06:207000,207000,210000,4,1,3000,1200
k2,validation,trimMA342_1200rpm_A__Dvv_06,trimMA342_1200rpm_A__Dvv_06:210000,210000,213000,4,1,3000,1200
k2,validation,trimMA342_1200rpm_A__Dvv_06,trimMA342_1200rpm_A__Dvv_06:213000,213000,216000,4,1,3000,1200
k2,validation,trimMA342_1200rpm_A__Dvv_06,trimMA342_1200rpm_A__Dvv_06:216000,216000,219000,4,1,3000,1200
k2,validation,trimMA342_1200rpm_A__Dvv_06,trimMA342_1200rpm_A__Dvv_06:219000,219000,222000,4,1,3000,1200
k2,validation,trimMA342_1200rpm_A__Dvv_06,trimMA342_1200rpm_A__Dvv_06:222000,222000,225000,4,1,3000,1200
k2,validation,trimMA342_1200rpm_A__Dvv_06,trimMA342_1200rpm_A__Dvv_06:225000,225000,228000,4,1,3000,1200
k2,validation,trimMA342_1200rpm_A__Dvv_06,trimMA342_1200rpm_A__Dvv_06:228000,228000,231000,4,1,3000,1200
k2,validation,trimMA342_1200rpm_A__Dvv_06,trimMA342_1200rpm_A__Dvv_06:231000,231000,234000,4,1,3000,1200
k2,validation,trimMA342_1200rpm_A__Dvv_06,trimMA342_1200rpm_A__Dvv_06:234000,234000,237000,4,1,3000,1200
k2,validation,trimMA342_1200rpm_A__Dvv_06,trimMA342_1200rpm_A__Dvv_06:237000,237000,240000,4,1,3000,1200
k2,validation,trimMA342_1200rpm_A__Dvv_06,trimMA342_1200rpm_A__Dvv_06:240000,240000,243000,4,1,3000,1200
k2,validation,trimMA342_1200rpm_A__Dvv_06,trimMA342_1200rpm_A__Dvv_06:243000,243000,246000,4,1,3000,1200
k2,validation,trimMA342_1200rpm_A__Dvv_06,trimMA342_1200rpm_A__Dvv_06:246000,246000,249000,4,1,3000,1200
k2,validation,trimMA342_1200rpm_A__Dvv_06,trimMA342_1200rpm_A__Dvv_06:249000,249000,252000,4,1,3000,1200
k2,validation,trimMA342_1200rpm_A__Dvv_06,trimMA342_1200rpm_A__Dvv_06:252000,252000,255000,4,1,3000,1200
k2,validation,trimMA342_1200rpm_A__Dvv_06,trimMA342_1200rpm_A__Dvv_06:255000,255000,258000,4,1,3000,1200
k2,validation,trimMA342_1200rpm_A__Dvv_06,trimMA342_1200rpm_A__Dvv_06:258000,258000,261000,4,1,3000,1200
k2,validation,trimMA342_1200rpm_A__Dvv_06,trimMA342_1200rpm_A__Dvv_06:261000,261000,264000,4,1,3000,1200
k2,validation,trimMA342_1200rpm_A__Dvv_06,trimMA342_1200rpm_A__Dvv_06:264000,264000,267000,4,1,3000,1200
k2,validation,trimMA342_1200rpm_A__Dvv_06,trimMA342_1200rpm_A__Dvv_06:267000,267000,270000,4,1,3000,1200
k2,validation,trimMA342_1200rpm_A__Dvv_06,trimMA342_1200rpm_A__Dvv_06:270000,270000,273000,4,1,3000,1200
k2,validation,trimMA342_1200rpm_A__Dvv_06,trimMA342_1200rpm_A__Dvv_06:273000,273000,276000,4,1,3000,1200
k2,validation,trimMA342_1200rpm_A__Dvv_06,trimMA342_1200rpm_A__Dvv_06:276000,276000,279000,4,1,3000,1200
k2,validation,trimMA342_1200rpm_A__Dvv_06,trimMA342_1200rpm_A__Dvv_06:279000,279000,282000,4,1,3000,1200
k2,validation,trimMA342_1200rpm_A__Dvv_08,trimMA342_1200rpm_A__Dvv_08:0,0,3000,4,1,3000,1200
k2,validation,trimMA342_1200rpm_A__Dvv_08,trimMA342_1200rpm_A__Dvv_08:3000,3000,6000,4,1,3000,1200
k2,validation,trimMA342_1200rpm_A__Dvv_08,trimMA342_1200rpm_A__Dvv_08:6000,6000,9000,4,1,3000,1200
k2,validation,trimMA342_1200rpm_A__Dvv_08,trimMA342_1200rpm_A__Dvv_08:9000,9000,12000,4,1,3000,1200
k2,validation,trimMA342_1200rpm_A__Dvv_08,trimMA342_1200rpm_A__Dvv_08:12000,12000,15000,4,1,3000,1200
k2,validation,trimMA342_1200rpm_A__Dvv_08,trimMA342_1200rpm_A__Dvv_08:15000,15000,18000,4,1,3000,1200
k2,validation,trimMA342_1200rpm_A__Dvv_08,trimMA342_1200rpm_A__Dvv_08:18000,18000,21000,4,1,3000,1200
k2,validation,trimMA342_1200rpm_A__Dvv_08,trimMA342_1200rpm_A__Dvv_08:21000,21000,24000,4,1,3000,1200
k2,validation,trimMA342_1200rpm_A__Dvv_08,trimMA342_1200rpm_A__Dvv_08:24000,24000,27000,4,1,3000,1200
k2,validation,trimMA342_1200rpm_A__Dvv_08,trimMA342_1200rpm_A__Dvv_08:27000,27000,30000,4,1,3000,1200
k2,validation,trimMA342_1200rpm_A__Dvv_08,trimMA342_1200rpm_A__Dvv_08:30000,30000,33000,4,1,3000,1200
k2,validation,trimMA342_1200rpm_A__Dvv_08,trimMA342_1200rpm_A__Dvv_08:33000,33000,36000,4,1,3000,1200
k2,validation,trimMA342_1200rpm_A__Dvv_08,trimMA342_1200rpm_A__Dvv_08:36000,36000,39000,4,1,3000,1200
k2,validation,trimMA342_1200rpm_A__Dvv_08,trimMA342_1200rpm_A__Dvv_08:39000,39000,42000,4,1,3000,1200
k2,validation,trimMA342_1200rpm_A__Dvv_08,trimMA342_1200rpm_A__Dvv_08:42000,42000,45000,4,1,3000,1200
k2,validation,trimMA342_1200rpm_A__Dvv_08,trimMA342_1200rpm_A__Dvv_08:45000,45000,48000,4,1,3000,1200
k2,validation,trimMA342_1200rpm_A__Dvv_08,trimMA342_1200rpm_A__Dvv_08:48000,48000,51000,4,1,3000,1200
k2,validation,trimMA342_1200rpm_A__Dvv_08,trimMA342_1200rpm_A__Dvv_08:51000,51000,54000,4,1,3000,1200
k2,validation,trimMA342_1200rpm_A__Dvv_08,trimMA342_1200rpm_A__Dvv_08:54000,54000,57000,4,1,3000,1200
k2,validation,trimMA342_1200rpm_A__Dvv_08,trimMA342_1200rpm_A__Dvv_08:57000,57000,60000,4,1,3000,1200
k2,validation,trimMA342_1200rpm_A__Dvv_08,trimMA342_1200rpm_A__Dvv_08:60000,60000,63000,4,1,3000,1200
k2,validation,trimMA342_1200rpm_A__Dvv_08,trimMA342_1200rpm_A__Dvv_08:63000,63000,66000,4,1,3000,1200
k2,validation,trimMA342_1200rpm_A__Dvv_08,trimMA342_1200rpm_A__Dvv_08:66000,66000,69000,4,1,3000,1200
k2,validation,trimMA342_1200rpm_A__Dvv_08,trimMA342_1200rpm_A__Dvv_08:69000,69000,72000,4,1,3000,1200
k2,validation,trimMA342_1200rpm_A__Dvv_08,trimMA342_1200rpm_A__Dvv_08:72000,72000,75000,4,1,3000,1200
k2,validation,trimMA342_1200rpm_A__Dvv_08,trimMA342_1200rpm_A__Dvv_08:75000,75000,78000,4,1,3000,1200
k2,validation,trimMA342_1200rpm_A__Dvv_08,trimMA342_1200rpm_A__Dvv_08:78000,78000,81000,4,1,3000,1200
k2,validation,trimMA342_1200rpm_A__Dvv_08,trimMA342_1200rpm_A__Dvv_08:81000,81000,84000,4,1,3000,1200
k2,validation,trimMA342_1200rpm_A__Dvv_08,trimMA342_1200rpm_A__Dvv_08:84000,84000,87000,4,1,3000,1200
k2,validation,trimMA342_1200rpm_A__Dvv_08,trimMA342_1200rpm_A__Dvv_08:87000,87000,90000,4,1,3000,1200
k2,validation,trimMA342_1200rpm_A__Dvv_08,trimMA342_1200rpm_A__Dvv_08:90000,90000,93000,4,1,3000,1200
k2,validation,trimMA342_1200rpm_A__Dvv_08,trimMA342_1200rpm_A__Dvv_08:93000,93000,96000,4,1,3000,1200
k2,validation,trimMA342_1200rpm_A__Dvv_08,trimMA342_1200rpm_A__Dvv_08:96000,96000,99000,4,1,3000,1200
k2,validation,trimMA342_1200rpm_A__Dvv_08,trimMA342_1200rpm_A__Dvv_08:99000,99000,102000,4,1,3000,1200
k2,validation,trimMA342_1200rpm_A__Dvv_08,trimMA342_1200rpm_A__Dvv_08:102000,102000,105000,4,1,3000,1200
k2,validation,trimMA342_1200rpm_A__Dvv_08,trimMA342_1200rpm_A__Dvv_08:105000,105000,108000,4,1,3000,1200
k2,validation,trimMA342_1200rpm_A__Dvv_08,trimMA342_1200rpm_A__Dvv_08:108000,108000,111000,4,1,3000,1200
k2,validation,trimMA342_1200rpm_A__Dvv_08,trimMA342_1200rpm_A__Dvv_08:111000,111000,114000,4,1,3000,1200
k2,validation,trimMA342_1200rpm_A__Dvv_08,trimMA342_1200rpm_A__Dvv_08:114000,114000,117000,4,1,3000,1200
k2,validation,trimMA342_1200rpm_A__Dvv_08,trimMA342_1200rpm_A__Dvv_08:117000,117000,120000,4,1,3000,1200
k2,validation,trimMA342_1200rpm_A__Dvv_08,trimMA342_1200rpm_A__Dvv_08:120000,120000,123000,4,1,3000,1200
k2,validation,trimMA342_1200rpm_A__Dvv_08,trimMA342_1200rpm_A__Dvv_08:123000,123000,126000,4,1,3000,1200
k2,validation,trimMA342_1200rpm_A__Dvv_08,trimMA342_1200rpm_A__Dvv_08:126000,126000,129000,4,1,3000,1200
k2,validation,trimMA342_1200rpm_A__Dvv_08,trimMA342_1200rpm_A__Dvv_08:129000,129000,132000,4,1,3000,1200
k2,validation,trimMA342_1200rpm_A__Dvv_08,trimMA342_1200rpm_A__Dvv_08:132000,132000,135000,4,1,3000,1200
k2,validation,trimMA342_1200rpm_A__Dvv_08,trimMA342_1200rpm_A__Dvv_08:135000,135000,138000,4,1,3000,1200
k2,validation,trimMA342_1200rpm_A__Dvv_08,trimMA342_1200rpm_A__Dvv_08:138000,138000,141000,4,1,3000,1200
k2,validation,trimMA342_1200rpm_A__Dvv_08,trimMA342_1200rpm_A__Dvv_08:141000,141000,144000,4,1,3000,1200
k2,validation,trimMA342_1200rpm_A__Dvv_08,trimMA342_1200rpm_A__Dvv_08:144000,144000,147000,4,1,3000,1200
k2,validation,trimMA342_1200rpm_A__Dvv_08,trimMA342_1200rpm_A__Dvv_08:147000,147000,150000,4,1,3000,1200
k2,validation,trimMA342_1200rpm_A__Dvv_08,trimMA342_1200rpm_A__Dvv_08:150000,150000,153000,4,1,3000,1200
k2,validation,trimMA342_1200rpm_A__Dvv_08,trimMA342_1200rpm_A__Dvv_08:153000,153000,156000,4,1,3000,1200
k2,validation,trimMA342_1200rpm_A__Dvv_08,trimMA342_1200rpm_A__Dvv_08:156000,156000,159000,4,1,3000,1200
k2,validation,trimMA342_1200rpm_A__Dvv_08,trimMA342_1200rpm_A__Dvv_08:159000,159000,162000,4,1,3000,1200
k2,validation,trimMA342_1200rpm_A__Dvv_08,trimMA342_1200rpm_A__Dvv_08:162000,162000,165000,4,1,3000,1200
k2,validation,trimMA342_1200rpm_A__Dvv_08,trimMA342_1200rpm_A__Dvv_08:165000,165000,168000,4,1,3000,1200
k2,validation,trimMA342_1200rpm_A__Dvv_08,trimMA342_1200rpm_A__Dvv_08:168000,168000,171000,4,1,3000,1200
k2,validation,trimMA342_1200rpm_A__Dvv_08,trimMA342_1200rpm_A__Dvv_08:171000,171000,174000,4,1,3000,1200
k2,validation,trimMA342_1200rpm_A__Dvv_08,trimMA342_1200rpm_A__Dvv_08:174000,174000,177000,4,1,3000,1200
k2,validation,trimMA342_1200rpm_A__Dvv_08,trimMA342_1200rpm_A__Dvv_08:177000,177000,180000,4,1,3000,1200
k2,validation,trimMA342_1200rpm_A__Dvv_08,trimMA342_1200rpm_A__Dvv_08:180000,180000,183000,4,1,3000,1200
k2,validation,trimMA342_1200rpm_A__Dvv_08,trimMA342_1200rpm_A__Dvv_08:183000,183000,186000,4,1,3000,1200
k2,validation,trimMA342_1200rpm_A__Dvv_08,trimMA342_1200rpm_A__Dvv_08:186000,186000,189000,4,1,3000,1200
k2,validation,trimMA342_1200rpm_A__Dvv_08,trimMA342_1200rpm_A__Dvv_08:189000,189000,192000,4,1,3000,1200
k2,validation,trimMA342_1200rpm_A__Dvv_08,trimMA342_1200rpm_A__Dvv_08:192000,192000,195000,4,1,3000,1200
k2,validation,trimMA342_1200rpm_A__Dvv_08,trimMA342_1200rpm_A__Dvv_08:195000,195000,198000,4,1,3000,1200
k2,validation,trimMA342_1200rpm_A__Dvv_08,trimMA342_1200rpm_A__Dvv_08:198000,198000,201000,4,1,3000,1200
k2,validation,trimMA342_1200rpm_A__Dvv_08,trimMA342_1200rpm_A__Dvv_08:201000,201000,204000,4,1,3000,1200
k2,validation,trimMA342_1200rpm_A__Dvv_08,trimMA342_1200rpm_A__Dvv_08:204000,204000,207000,4,1,3000,1200
k2,validation,trimMA342_1200rpm_A__Dvv_08,trimMA342_1200rpm_A__Dvv_08:207000,207000,210000,4,1,3000,1200
k2,validation,trimMA342_1200rpm_A__Dvv_08,trimMA342_1200rpm_A__Dvv_08:210000,210000,213000,4,1,3000,1200
k2,validation,trimMA342_1200rpm_A__Dvv_08,trimMA342_1200rpm_A__Dvv_08:213000,213000,216000,4,1,3000,1200
k2,validation,trimMA342_1200rpm_A__Dvv_08,trimMA342_1200rpm_A__Dvv_08:216000,216000,219000,4,1,3000,1200
k2,validation,trimMA342_1200rpm_A__Dvv_08,trimMA342_1200rpm_A__Dvv_08:219000,219000,222000,4,1,3000,1200
k2,validation,trimMA342_1200rpm_A__Dvv_08,trimMA342_1200rpm_A__Dvv_08:222000,222000,225000,4,1,3000,1200
k2,validation,trimMA342_1200rpm_A__Dvv_08,trimMA342_1200rpm_A__Dvv_08:225000,225000,228000,4,1,3000,1200
k2,validation,trimMA342_1200rpm_A__Dvv_08,trimMA342_1200rpm_A__Dvv_08:228000,228000,231000,4,1,3000,1200
k2,validation,trimMA342_1200rpm_A__Dvv_08,trimMA342_1200rpm_A__Dvv_08:231000,231000,234000,4,1,3000,1200
k2,validation,trimMA342_1200rpm_A__Dvv_08,trimMA342_1200rpm_A__Dvv_08:234000,234000,237000,4,1,3000,1200
k2,validation,trimMA342_1200rpm_A__Dvv_08,trimMA342_1200rpm_A__Dvv_08:237000,237000,240000,4,1,3000,1200
k2,validation,trimMA342_1200rpm_A__Dvv_08,trimMA342_1200rpm_A__Dvv_08:240000,240000,243000,4,1,3000,1200
k2,validation,trimMA342_1200rpm_A__Dvv_08,trimMA342_1200rpm_A__Dvv_08:243000,243000,246000,4,1,3000,1200
k2,validation,trimMA342_1200rpm_A__Dvv_08,trimMA342_1200rpm_A__Dvv_08:246000,246000,249000,4,1,3000,1200
k2,validation,trimMA342_1200rpm_A__Dvv_08,trimMA342_1200rpm_A__Dvv_08:249000,249000,252000,4,1,3000,1200
k2,validation,trimMA342_1200rpm_A__Dvv_08,trimMA342_1200rpm_A__Dvv_08:252000,252000,255000,4,1,3000,1200
k2,validation,trimMA342_1200rpm_A__Dvv_08,trimMA342_1200rpm_A__Dvv_08:255000,255000,258000,4,1,3000,1200
k2,validation,trimMA342_1200rpm_A__Dvv_08,trimMA342_1200rpm_A__Dvv_08:258000,258000,261000,4,1,3000,1200
k2,validation,trimMA342_1200rpm_A__Dvv_08,trimMA342_1200rpm_A__Dvv_08:261000,261000,264000,4,1,3000,1200
k2,validation,trimMA342_1200rpm_A__Dvv_08,trimMA342_1200rpm_A__Dvv_08:264000,264000,267000,4,1,3000,1200
k2,validation,trimMA342_1200rpm_A__Dvv_08,trimMA342_1200rpm_A__Dvv_08:267000,267000,270000,4,1,3000,1200
k2,validation,trimMA342_1200rpm_A__Dvv_08,trimMA342_1200rpm_A__Dvv_08:270000,270000,273000,4,1,3000,1200
k2,validation,trimMA342_1200rpm_A__Dvv_08,trimMA342_1200rpm_A__Dvv_08:273000,273000,276000,4,1,3000,1200
k2,validation,trimMA342_1200rpm_A__Dvv_08,trimMA342_1200rpm_A__Dvv_08:276000,276000,279000,4,1,3000,1200
k2,validation,trimMA342_1200rpm_A__Dvv_08,trimMA342_1200rpm_A__Dvv_08:279000,279000,282000,4,1,3000,1200
k2,validation,trimMA342_1200rpm_A__Dvv_11,trimMA342_1200rpm_A__Dvv_11:0,0,3000,4,1,3000,1200
k2,validation,trimMA342_1200rpm_A__Dvv_11,trimMA342_1200rpm_A__Dvv_11:3000,3000,6000,4,1,3000,1200
k2,validation,trimMA342_1200rpm_A__Dvv_11,trimMA342_1200rpm_A__Dvv_11:6000,6000,9000,4,1,3000,1200
k2,validation,trimMA342_1200rpm_A__Dvv_11,trimMA342_1200rpm_A__Dvv_11:9000,9000,12000,4,1,3000,1200
k2,validation,trimMA342_1200rpm_A__Dvv_11,trimMA342_1200rpm_A__Dvv_11:12000,12000,15000,4,1,3000,1200
k2,validation,trimMA342_1200rpm_A__Dvv_11,trimMA342_1200rpm_A__Dvv_11:15000,15000,18000,4,1,3000,1200
k2,validation,trimMA342_1200rpm_A__Dvv_11,trimMA342_1200rpm_A__Dvv_11:18000,18000,21000,4,1,3000,1200
k2,validation,trimMA342_1200rpm_A__Dvv_11,trimMA342_1200rpm_A__Dvv_11:21000,21000,24000,4,1,3000,1200
k2,validation,trimMA342_1200rpm_A__Dvv_11,trimMA342_1200rpm_A__Dvv_11:24000,24000,27000,4,1,3000,1200
k2,validation,trimMA342_1200rpm_A__Dvv_11,trimMA342_1200rpm_A__Dvv_11:27000,27000,30000,4,1,3000,1200
k2,validation,trimMA342_1200rpm_A__Dvv_11,trimMA342_1200rpm_A__Dvv_11:30000,30000,33000,4,1,3000,1200
k2,validation,trimMA342_1200rpm_A__Dvv_11,trimMA342_1200rpm_A__Dvv_11:33000,33000,36000,4,1,3000,1200
k2,validation,trimMA342_1200rpm_A__Dvv_11,trimMA342_1200rpm_A__Dvv_11:36000,36000,39000,4,1,3000,1200
k2,validation,trimMA342_1200rpm_A__Dvv_11,trimMA342_1200rpm_A__Dvv_11:39000,39000,42000,4,1,3000,1200
k2,validation,trimMA342_1200rpm_A__Dvv_11,trimMA342_1200rpm_A__Dvv_11:42000,42000,45000,4,1,3000,1200
k2,validation,trimMA342_1200rpm_A__Dvv_11,trimMA342_1200rpm_A__Dvv_11:45000,45000,48000,4,1,3000,1200
k2,validation,trimMA342_1200rpm_A__Dvv_11,trimMA342_1200rpm_A__Dvv_11:48000,48000,51000,4,1,3000,1200
k2,validation,trimMA342_1200rpm_A__Dvv_11,trimMA342_1200rpm_A__Dvv_11:51000,51000,54000,4,1,3000,1200
k2,validation,trimMA342_1200rpm_A__Dvv_11,trimMA342_1200rpm_A__Dvv_11:54000,54000,57000,4,1,3000,1200
k2,validation,trimMA342_1200rpm_A__Dvv_11,trimMA342_1200rpm_A__Dvv_11:57000,57000,60000,4,1,3000,1200
k2,validation,trimMA342_1200rpm_A__Dvv_11,trimMA342_1200rpm_A__Dvv_11:60000,60000,63000,4,1,3000,1200
k2,validation,trimMA342_1200rpm_A__Dvv_11,trimMA342_1200rpm_A__Dvv_11:63000,63000,66000,4,1,3000,1200
k2,validation,trimMA342_1200rpm_A__Dvv_11,trimMA342_1200rpm_A__Dvv_11:66000,66000,69000,4,1,3000,1200
k2,validation,trimMA342_1200rpm_A__Dvv_11,trimMA342_1200rpm_A__Dvv_11:69000,69000,72000,4,1,3000,1200
k2,validation,trimMA342_1200rpm_A__Dvv_11,trimMA342_1200rpm_A__Dvv_11:72000,72000,75000,4,1,3000,1200
k2,validation,trimMA342_1200rpm_A__Dvv_11,trimMA342_1200rpm_A__Dvv_11:75000,75000,78000,4,1,3000,1200
k2,validation,trimMA342_1200rpm_A__Dvv_11,trimMA342_1200rpm_A__Dvv_11:78000,78000,81000,4,1,3000,1200
k2,validation,trimMA342_1200rpm_A__Dvv_11,trimMA342_1200rpm_A__Dvv_11:81000,81000,84000,4,1,3000,1200
k2,validation,trimMA342_1200rpm_A__Dvv_11,trimMA342_1200rpm_A__Dvv_11:84000,84000,87000,4,1,3000,1200
k2,validation,trimMA342_1200rpm_A__Dvv_11,trimMA342_1200rpm_A__Dvv_11:87000,87000,90000,4,1,3000,1200
k2,validation,trimMA342_1200rpm_A__Dvv_11,trimMA342_1200rpm_A__Dvv_11:90000,90000,93000,4,1,3000,1200
k2,validation,trimMA342_1200rpm_A__Dvv_11,trimMA342_1200rpm_A__Dvv_11:93000,93000,96000,4,1,3000,1200
k2,validation,trimMA342_1200rpm_A__Dvv_11,trimMA342_1200rpm_A__Dvv_11:96000,96000,99000,4,1,3000,1200
k2,validation,trimMA342_1200rpm_A__Dvv_11,trimMA342_1200rpm_A__Dvv_11:99000,99000,102000,4,1,3000,1200
k2,validation,trimMA342_1200rpm_A__Dvv_11,trimMA342_1200rpm_A__Dvv_11:102000,102000,105000,4,1,3000,1200
k2,validation,trimMA342_1200rpm_A__Dvv_11,trimMA342_1200rpm_A__Dvv_11:105000,105000,108000,4,1,3000,1200
k2,validation,trimMA342_1200rpm_A__Dvv_11,trimMA342_1200rpm_A__Dvv_11:108000,108000,111000,4,1,3000,1200
k2,validation,trimMA342_1200rpm_A__Dvv_11,trimMA342_1200rpm_A__Dvv_11:111000,111000,114000,4,1,3000,1200
k2,validation,trimMA342_1200rpm_A__Dvv_11,trimMA342_1200rpm_A__Dvv_11:114000,114000,117000,4,1,3000,1200
k2,validation,trimMA342_1200rpm_A__Dvv_11,trimMA342_1200rpm_A__Dvv_11:117000,117000,120000,4,1,3000,1200
k2,validation,trimMA342_1200rpm_A__Dvv_11,trimMA342_1200rpm_A__Dvv_11:120000,120000,123000,4,1,3000,1200
k2,validation,trimMA342_1200rpm_A__Dvv_11,trimMA342_1200rpm_A__Dvv_11:123000,123000,126000,4,1,3000,1200
k2,validation,trimMA342_1200rpm_A__Dvv_11,trimMA342_1200rpm_A__Dvv_11:126000,126000,129000,4,1,3000,1200
k2,validation,trimMA342_1200rpm_A__Dvv_11,trimMA342_1200rpm_A__Dvv_11:129000,129000,132000,4,1,3000,1200
k2,validation,trimMA342_1200rpm_A__Dvv_11,trimMA342_1200rpm_A__Dvv_11:132000,132000,135000,4,1,3000,1200
k2,validation,trimMA342_1200rpm_A__Dvv_11,trimMA342_1200rpm_A__Dvv_11:135000,135000,138000,4,1,3000,1200
k2,validation,trimMA342_1200rpm_A__Dvv_11,trimMA342_1200rpm_A__Dvv_11:138000,138000,141000,4,1,3000,1200
k2,validation,trimMA342_1200rpm_A__Dvv_11,trimMA342_1200rpm_A__Dvv_11:141000,141000,144000,4,1,3000,1200
k2,validation,trimMA342_1200rpm_A__Dvv_11,trimMA342_1200rpm_A__Dvv_11:144000,144000,147000,4,1,3000,1200
k2,validation,trimMA342_1200rpm_A__Dvv_11,trimMA342_1200rpm_A__Dvv_11:147000,147000,150000,4,1,3000,1200
k2,validation,trimMA342_1200rpm_A__Dvv_11,trimMA342_1200rpm_A__Dvv_11:150000,150000,153000,4,1,3000,1200
k2,validation,trimMA342_1200rpm_A__Dvv_11,trimMA342_1200rpm_A__Dvv_11:153000,153000,156000,4,1,3000,1200
k2,validation,trimMA342_1200rpm_A__Dvv_11,trimMA342_1200rpm_A__Dvv_11:156000,156000,159000,4,1,3000,1200
k2,validation,trimMA342_1200rpm_A__Dvv_11,trimMA342_1200rpm_A__Dvv_11:159000,159000,162000,4,1,3000,1200
k2,validation,trimMA342_1200rpm_A__Dvv_11,trimMA342_1200rpm_A__Dvv_11:162000,162000,165000,4,1,3000,1200
k2,validation,trimMA342_1200rpm_A__Dvv_11,trimMA342_1200rpm_A__Dvv_11:165000,165000,168000,4,1,3000,1200
k2,validation,trimMA342_1200rpm_A__Dvv_11,trimMA342_1200rpm_A__Dvv_11:168000,168000,171000,4,1,3000,1200
k2,validation,trimMA342_1200rpm_A__Dvv_11,trimMA342_1200rpm_A__Dvv_11:171000,171000,174000,4,1,3000,1200
k2,validation,trimMA342_1200rpm_A__Dvv_11,trimMA342_1200rpm_A__Dvv_11:174000,174000,177000,4,1,3000,1200
k2,validation,trimMA342_1200rpm_A__Dvv_11,trimMA342_1200rpm_A__Dvv_11:177000,177000,180000,4,1,3000,1200
k2,validation,trimMA342_1200rpm_A__Dvv_11,trimMA342_1200rpm_A__Dvv_11:180000,180000,183000,4,1,3000,1200
k2,validation,trimMA342_1200rpm_A__Dvv_11,trimMA342_1200rpm_A__Dvv_11:183000,183000,186000,4,1,3000,1200
k2,validation,trimMA342_1200rpm_A__Dvv_11,trimMA342_1200rpm_A__Dvv_11:186000,186000,189000,4,1,3000,1200
k2,validation,trimMA342_1200rpm_A__Dvv_11,trimMA342_1200rpm_A__Dvv_11:189000,189000,192000,4,1,3000,1200
k2,validation,trimMA342_1200rpm_A__Dvv_11,trimMA342_1200rpm_A__Dvv_11:192000,192000,195000,4,1,3000,1200
k2,validation,trimMA342_1200rpm_A__Dvv_11,trimMA342_1200rpm_A__Dvv_11:195000,195000,198000,4,1,3000,1200
k2,validation,trimMA342_1200rpm_A__Dvv_11,trimMA342_1200rpm_A__Dvv_11:198000,198000,201000,4,1,3000,1200
k2,validation,trimMA342_1200rpm_A__Dvv_11,trimMA342_1200rpm_A__Dvv_11:201000,201000,204000,4,1,3000,1200
k2,validation,trimMA342_1200rpm_A__Dvv_11,trimMA342_1200rpm_A__Dvv_11:204000,204000,207000,4,1,3000,1200
k2,validation,trimMA342_1200rpm_A__Dvv_11,trimMA342_1200rpm_A__Dvv_11:207000,207000,210000,4,1,3000,1200
k2,validation,trimMA342_1200rpm_A__Dvv_11,trimMA342_1200rpm_A__Dvv_11:210000,210000,213000,4,1,3000,1200
k2,validation,trimMA342_1200rpm_A__Dvv_11,trimMA342_1200rpm_A__Dvv_11:213000,213000,216000,4,1,3000,1200
k2,validation,trimMA342_1200rpm_A__Dvv_11,trimMA342_1200rpm_A__Dvv_11:216000,216000,219000,4,1,3000,1200
k2,validation,trimMA342_1200rpm_A__Dvv_11,trimMA342_1200rpm_A__Dvv_11:219000,219000,222000,4,1,3000,1200
k2,validation,trimMA342_1200rpm_A__Dvv_11,trimMA342_1200rpm_A__Dvv_11:222000,222000,225000,4,1,3000,1200
k2,validation,trimMA342_1200rpm_A__Dvv_11,trimMA342_1200rpm_A__Dvv_11:225000,225000,228000,4,1,3000,1200
k2,validation,trimMA342_1200rpm_A__Dvv_11,trimMA342_1200rpm_A__Dvv_11:228000,228000,231000,4,1,3000,1200
k2,validation,trimMA342_1200rpm_A__Dvv_11,trimMA342_1200rpm_A__Dvv_11:231000,231000,234000,4,1,3000,1200
k2,validation,trimMA342_1200rpm_A__Dvv_11,trimMA342_1200rpm_A__Dvv_11:234000,234000,237000,4,1,3000,1200
k2,validation,trimMA342_1200rpm_A__Dvv_11,trimMA342_1200rpm_A__Dvv_11:237000,237000,240000,4,1,3000,1200
k2,validation,trimMA342_1200rpm_A__Dvv_11,trimMA342_1200rpm_A__Dvv_11:240000,240000,243000,4,1,3000,1200
k2,validation,trimMA342_1200rpm_A__Dvv_11,trimMA342_1200rpm_A__Dvv_11:243000,243000,246000,4,1,3000,1200
k2,validation,trimMA342_1200rpm_A__Dvv_11,trimMA342_1200rpm_A__Dvv_11:246000,246000,249000,4,1,3000,1200
k2,validation,trimMA342_1200rpm_A__Dvv_11,trimMA342_1200rpm_A__Dvv_11:249000,249000,252000,4,1,3000,1200
k2,validation,trimMA342_1200rpm_A__Dvv_11,trimMA342_1200rpm_A__Dvv_11:252000,252000,255000,4,1,3000,1200
k2,validation,trimMA342_1200rpm_A__Dvv_11,trimMA342_1200rpm_A__Dvv_11:255000,255000,258000,4,1,3000,1200
k2,validation,trimMA342_1200rpm_A__Dvv_11,trimMA342_1200rpm_A__Dvv_11:258000,258000,261000,4,1,3000,1200
k2,validation,trimMA342_1200rpm_A__Dvv_11,trimMA342_1200rpm_A__Dvv_11:261000,261000,264000,4,1,3000,1200
k2,validation,trimMA342_1200rpm_A__Dvv_11,trimMA342_1200rpm_A__Dvv_11:264000,264000,267000,4,1,3000,1200
k2,validation,trimMA342_1200rpm_A__Dvv_11,trimMA342_1200rpm_A__Dvv_11:267000,267000,270000,4,1,3000,1200
k2,validation,trimMA342_1200rpm_A__Dvv_11,trimMA342_1200rpm_A__Dvv_11:270000,270000,273000,4,1,3000,1200
k2,validation,trimMA342_1200rpm_A__Dvv_11,trimMA342_1200rpm_A__Dvv_11:273000,273000,276000,4,1,3000,1200
k2,validation,trimMA342_1200rpm_A__Dvv_11,trimMA342_1200rpm_A__Dvv_11:276000,276000,279000,4,1,3000,1200
k2,validation,trimMA342_1200rpm_A__Dvv_11,trimMA342_1200rpm_A__Dvv_11:279000,279000,282000,4,1,3000,1200
k2,validation,trimMA342_1200rpm_Avv__D_01,trimMA342_1200rpm_Avv__D_01:0,0,3000,3,1,3000,1200
k2,validation,trimMA342_1200rpm_Avv__D_01,trimMA342_1200rpm_Avv__D_01:3000,3000,6000,3,1,3000,1200
k2,validation,trimMA342_1200rpm_Avv__D_01,trimMA342_1200rpm_Avv__D_01:6000,6000,9000,3,1,3000,1200
k2,validation,trimMA342_1200rpm_Avv__D_01,trimMA342_1200rpm_Avv__D_01:9000,9000,12000,3,1,3000,1200
k2,validation,trimMA342_1200rpm_Avv__D_01,trimMA342_1200rpm_Avv__D_01:12000,12000,15000,3,1,3000,1200
k2,validation,trimMA342_1200rpm_Avv__D_01,trimMA342_1200rpm_Avv__D_01:15000,15000,18000,3,1,3000,1200
k2,validation,trimMA342_1200rpm_Avv__D_01,trimMA342_1200rpm_Avv__D_01:18000,18000,21000,3,1,3000,1200
k2,validation,trimMA342_1200rpm_Avv__D_01,trimMA342_1200rpm_Avv__D_01:21000,21000,24000,3,1,3000,1200
k2,validation,trimMA342_1200rpm_Avv__D_01,trimMA342_1200rpm_Avv__D_01:24000,24000,27000,3,1,3000,1200
k2,validation,trimMA342_1200rpm_Avv__D_01,trimMA342_1200rpm_Avv__D_01:27000,27000,30000,3,1,3000,1200
k2,validation,trimMA342_1200rpm_Avv__D_01,trimMA342_1200rpm_Avv__D_01:30000,30000,33000,3,1,3000,1200
k2,validation,trimMA342_1200rpm_Avv__D_01,trimMA342_1200rpm_Avv__D_01:33000,33000,36000,3,1,3000,1200
k2,validation,trimMA342_1200rpm_Avv__D_01,trimMA342_1200rpm_Avv__D_01:36000,36000,39000,3,1,3000,1200
k2,validation,trimMA342_1200rpm_Avv__D_01,trimMA342_1200rpm_Avv__D_01:39000,39000,42000,3,1,3000,1200
k2,validation,trimMA342_1200rpm_Avv__D_01,trimMA342_1200rpm_Avv__D_01:42000,42000,45000,3,1,3000,1200
k2,validation,trimMA342_1200rpm_Avv__D_01,trimMA342_1200rpm_Avv__D_01:45000,45000,48000,3,1,3000,1200
k2,validation,trimMA342_1200rpm_Avv__D_01,trimMA342_1200rpm_Avv__D_01:48000,48000,51000,3,1,3000,1200
k2,validation,trimMA342_1200rpm_Avv__D_01,trimMA342_1200rpm_Avv__D_01:51000,51000,54000,3,1,3000,1200
k2,validation,trimMA342_1200rpm_Avv__D_01,trimMA342_1200rpm_Avv__D_01:54000,54000,57000,3,1,3000,1200
k2,validation,trimMA342_1200rpm_Avv__D_01,trimMA342_1200rpm_Avv__D_01:57000,57000,60000,3,1,3000,1200
k2,validation,trimMA342_1200rpm_Avv__D_01,trimMA342_1200rpm_Avv__D_01:60000,60000,63000,3,1,3000,1200
k2,validation,trimMA342_1200rpm_Avv__D_01,trimMA342_1200rpm_Avv__D_01:63000,63000,66000,3,1,3000,1200
k2,validation,trimMA342_1200rpm_Avv__D_01,trimMA342_1200rpm_Avv__D_01:66000,66000,69000,3,1,3000,1200
k2,validation,trimMA342_1200rpm_Avv__D_01,trimMA342_1200rpm_Avv__D_01:69000,69000,72000,3,1,3000,1200
k2,validation,trimMA342_1200rpm_Avv__D_01,trimMA342_1200rpm_Avv__D_01:72000,72000,75000,3,1,3000,1200
k2,validation,trimMA342_1200rpm_Avv__D_01,trimMA342_1200rpm_Avv__D_01:75000,75000,78000,3,1,3000,1200
k2,validation,trimMA342_1200rpm_Avv__D_01,trimMA342_1200rpm_Avv__D_01:78000,78000,81000,3,1,3000,1200
k2,validation,trimMA342_1200rpm_Avv__D_01,trimMA342_1200rpm_Avv__D_01:81000,81000,84000,3,1,3000,1200
k2,validation,trimMA342_1200rpm_Avv__D_01,trimMA342_1200rpm_Avv__D_01:84000,84000,87000,3,1,3000,1200
k2,validation,trimMA342_1200rpm_Avv__D_01,trimMA342_1200rpm_Avv__D_01:87000,87000,90000,3,1,3000,1200
k2,validation,trimMA342_1200rpm_Avv__D_01,trimMA342_1200rpm_Avv__D_01:90000,90000,93000,3,1,3000,1200
k2,validation,trimMA342_1200rpm_Avv__D_01,trimMA342_1200rpm_Avv__D_01:93000,93000,96000,3,1,3000,1200
k2,validation,trimMA342_1200rpm_Avv__D_01,trimMA342_1200rpm_Avv__D_01:96000,96000,99000,3,1,3000,1200
k2,validation,trimMA342_1200rpm_Avv__D_01,trimMA342_1200rpm_Avv__D_01:99000,99000,102000,3,1,3000,1200
k2,validation,trimMA342_1200rpm_Avv__D_01,trimMA342_1200rpm_Avv__D_01:102000,102000,105000,3,1,3000,1200
k2,validation,trimMA342_1200rpm_Avv__D_01,trimMA342_1200rpm_Avv__D_01:105000,105000,108000,3,1,3000,1200
k2,validation,trimMA342_1200rpm_Avv__D_01,trimMA342_1200rpm_Avv__D_01:108000,108000,111000,3,1,3000,1200
k2,validation,trimMA342_1200rpm_Avv__D_01,trimMA342_1200rpm_Avv__D_01:111000,111000,114000,3,1,3000,1200
k2,validation,trimMA342_1200rpm_Avv__D_01,trimMA342_1200rpm_Avv__D_01:114000,114000,117000,3,1,3000,1200
k2,validation,trimMA342_1200rpm_Avv__D_01,trimMA342_1200rpm_Avv__D_01:117000,117000,120000,3,1,3000,1200
k2,validation,trimMA342_1200rpm_Avv__D_01,trimMA342_1200rpm_Avv__D_01:120000,120000,123000,3,1,3000,1200
k2,validation,trimMA342_1200rpm_Avv__D_01,trimMA342_1200rpm_Avv__D_01:123000,123000,126000,3,1,3000,1200
k2,validation,trimMA342_1200rpm_Avv__D_01,trimMA342_1200rpm_Avv__D_01:126000,126000,129000,3,1,3000,1200
k2,validation,trimMA342_1200rpm_Avv__D_01,trimMA342_1200rpm_Avv__D_01:129000,129000,132000,3,1,3000,1200
k2,validation,trimMA342_1200rpm_Avv__D_01,trimMA342_1200rpm_Avv__D_01:132000,132000,135000,3,1,3000,1200
k2,validation,trimMA342_1200rpm_Avv__D_01,trimMA342_1200rpm_Avv__D_01:135000,135000,138000,3,1,3000,1200
k2,validation,trimMA342_1200rpm_Avv__D_01,trimMA342_1200rpm_Avv__D_01:138000,138000,141000,3,1,3000,1200
k2,validation,trimMA342_1200rpm_Avv__D_01,trimMA342_1200rpm_Avv__D_01:141000,141000,144000,3,1,3000,1200
k2,validation,trimMA342_1200rpm_Avv__D_01,trimMA342_1200rpm_Avv__D_01:144000,144000,147000,3,1,3000,1200
k2,validation,trimMA342_1200rpm_Avv__D_01,trimMA342_1200rpm_Avv__D_01:147000,147000,150000,3,1,3000,1200
k2,validation,trimMA342_1200rpm_Avv__D_01,trimMA342_1200rpm_Avv__D_01:150000,150000,153000,3,1,3000,1200
k2,validation,trimMA342_1200rpm_Avv__D_01,trimMA342_1200rpm_Avv__D_01:153000,153000,156000,3,1,3000,1200
k2,validation,trimMA342_1200rpm_Avv__D_01,trimMA342_1200rpm_Avv__D_01:156000,156000,159000,3,1,3000,1200
k2,validation,trimMA342_1200rpm_Avv__D_01,trimMA342_1200rpm_Avv__D_01:159000,159000,162000,3,1,3000,1200
k2,validation,trimMA342_1200rpm_Avv__D_01,trimMA342_1200rpm_Avv__D_01:162000,162000,165000,3,1,3000,1200
k2,validation,trimMA342_1200rpm_Avv__D_01,trimMA342_1200rpm_Avv__D_01:165000,165000,168000,3,1,3000,1200
k2,validation,trimMA342_1200rpm_Avv__D_01,trimMA342_1200rpm_Avv__D_01:168000,168000,171000,3,1,3000,1200
k2,validation,trimMA342_1200rpm_Avv__D_01,trimMA342_1200rpm_Avv__D_01:171000,171000,174000,3,1,3000,1200
k2,validation,trimMA342_1200rpm_Avv__D_01,trimMA342_1200rpm_Avv__D_01:174000,174000,177000,3,1,3000,1200
k2,validation,trimMA342_1200rpm_Avv__D_01,trimMA342_1200rpm_Avv__D_01:177000,177000,180000,3,1,3000,1200
k2,validation,trimMA342_1200rpm_Avv__D_01,trimMA342_1200rpm_Avv__D_01:180000,180000,183000,3,1,3000,1200
k2,validation,trimMA342_1200rpm_Avv__D_01,trimMA342_1200rpm_Avv__D_01:183000,183000,186000,3,1,3000,1200
k2,validation,trimMA342_1200rpm_Avv__D_01,trimMA342_1200rpm_Avv__D_01:186000,186000,189000,3,1,3000,1200
k2,validation,trimMA342_1200rpm_Avv__D_01,trimMA342_1200rpm_Avv__D_01:189000,189000,192000,3,1,3000,1200
k2,validation,trimMA342_1200rpm_Avv__D_01,trimMA342_1200rpm_Avv__D_01:192000,192000,195000,3,1,3000,1200
k2,validation,trimMA342_1200rpm_Avv__D_01,trimMA342_1200rpm_Avv__D_01:195000,195000,198000,3,1,3000,1200
k2,validation,trimMA342_1200rpm_Avv__D_01,trimMA342_1200rpm_Avv__D_01:198000,198000,201000,3,1,3000,1200
k2,validation,trimMA342_1200rpm_Avv__D_01,trimMA342_1200rpm_Avv__D_01:201000,201000,204000,3,1,3000,1200
k2,validation,trimMA342_1200rpm_Avv__D_01,trimMA342_1200rpm_Avv__D_01:204000,204000,207000,3,1,3000,1200
k2,validation,trimMA342_1200rpm_Avv__D_01,trimMA342_1200rpm_Avv__D_01:207000,207000,210000,3,1,3000,1200
k2,validation,trimMA342_1200rpm_Avv__D_01,trimMA342_1200rpm_Avv__D_01:210000,210000,213000,3,1,3000,1200
k2,validation,trimMA342_1200rpm_Avv__D_01,trimMA342_1200rpm_Avv__D_01:213000,213000,216000,3,1,3000,1200
k2,validation,trimMA342_1200rpm_Avv__D_01,trimMA342_1200rpm_Avv__D_01:216000,216000,219000,3,1,3000,1200
k2,validation,trimMA342_1200rpm_Avv__D_01,trimMA342_1200rpm_Avv__D_01:219000,219000,222000,3,1,3000,1200
k2,validation,trimMA342_1200rpm_Avv__D_01,trimMA342_1200rpm_Avv__D_01:222000,222000,225000,3,1,3000,1200
k2,validation,trimMA342_1200rpm_Avv__D_01,trimMA342_1200rpm_Avv__D_01:225000,225000,228000,3,1,3000,1200
k2,validation,trimMA342_1200rpm_Avv__D_01,trimMA342_1200rpm_Avv__D_01:228000,228000,231000,3,1,3000,1200
k2,validation,trimMA342_1200rpm_Avv__D_01,trimMA342_1200rpm_Avv__D_01:231000,231000,234000,3,1,3000,1200
k2,validation,trimMA342_1200rpm_Avv__D_01,trimMA342_1200rpm_Avv__D_01:234000,234000,237000,3,1,3000,1200
k2,validation,trimMA342_1200rpm_Avv__D_01,trimMA342_1200rpm_Avv__D_01:237000,237000,240000,3,1,3000,1200
k2,validation,trimMA342_1200rpm_Avv__D_01,trimMA342_1200rpm_Avv__D_01:240000,240000,243000,3,1,3000,1200
k2,validation,trimMA342_1200rpm_Avv__D_01,trimMA342_1200rpm_Avv__D_01:243000,243000,246000,3,1,3000,1200
k2,validation,trimMA342_1200rpm_Avv__D_01,trimMA342_1200rpm_Avv__D_01:246000,246000,249000,3,1,3000,1200
k2,validation,trimMA342_1200rpm_Avv__D_01,trimMA342_1200rpm_Avv__D_01:249000,249000,252000,3,1,3000,1200
k2,validation,trimMA342_1200rpm_Avv__D_01,trimMA342_1200rpm_Avv__D_01:252000,252000,255000,3,1,3000,1200
k2,validation,trimMA342_1200rpm_Avv__D_01,trimMA342_1200rpm_Avv__D_01:255000,255000,258000,3,1,3000,1200
k2,validation,trimMA342_1200rpm_Avv__D_01,trimMA342_1200rpm_Avv__D_01:258000,258000,261000,3,1,3000,1200
k2,validation,trimMA342_1200rpm_Avv__D_01,trimMA342_1200rpm_Avv__D_01:261000,261000,264000,3,1,3000,1200
k2,validation,trimMA342_1200rpm_Avv__D_01,trimMA342_1200rpm_Avv__D_01:264000,264000,267000,3,1,3000,1200
k2,validation,trimMA342_1200rpm_Avv__D_01,trimMA342_1200rpm_Avv__D_01:267000,267000,270000,3,1,3000,1200
k2,validation,trimMA342_1200rpm_Avv__D_01,trimMA342_1200rpm_Avv__D_01:270000,270000,273000,3,1,3000,1200
k2,validation,trimMA342_1200rpm_Avv__D_01,trimMA342_1200rpm_Avv__D_01:273000,273000,276000,3,1,3000,1200
k2,validation,trimMA342_1200rpm_Avv__D_01,trimMA342_1200rpm_Avv__D_01:276000,276000,279000,3,1,3000,1200
k2,validation,trimMA342_1200rpm_Avv__D_01,trimMA342_1200rpm_Avv__D_01:279000,279000,282000,3,1,3000,1200
k2,validation,trimMA342_1200rpm_Avv__D_04,trimMA342_1200rpm_Avv__D_04:0,0,3000,3,1,3000,1200
k2,validation,trimMA342_1200rpm_Avv__D_04,trimMA342_1200rpm_Avv__D_04:3000,3000,6000,3,1,3000,1200
k2,validation,trimMA342_1200rpm_Avv__D_04,trimMA342_1200rpm_Avv__D_04:6000,6000,9000,3,1,3000,1200
k2,validation,trimMA342_1200rpm_Avv__D_04,trimMA342_1200rpm_Avv__D_04:9000,9000,12000,3,1,3000,1200
k2,validation,trimMA342_1200rpm_Avv__D_04,trimMA342_1200rpm_Avv__D_04:12000,12000,15000,3,1,3000,1200
k2,validation,trimMA342_1200rpm_Avv__D_04,trimMA342_1200rpm_Avv__D_04:15000,15000,18000,3,1,3000,1200
k2,validation,trimMA342_1200rpm_Avv__D_04,trimMA342_1200rpm_Avv__D_04:18000,18000,21000,3,1,3000,1200
k2,validation,trimMA342_1200rpm_Avv__D_04,trimMA342_1200rpm_Avv__D_04:21000,21000,24000,3,1,3000,1200
k2,validation,trimMA342_1200rpm_Avv__D_04,trimMA342_1200rpm_Avv__D_04:24000,24000,27000,3,1,3000,1200
k2,validation,trimMA342_1200rpm_Avv__D_04,trimMA342_1200rpm_Avv__D_04:27000,27000,30000,3,1,3000,1200
k2,validation,trimMA342_1200rpm_Avv__D_04,trimMA342_1200rpm_Avv__D_04:30000,30000,33000,3,1,3000,1200
k2,validation,trimMA342_1200rpm_Avv__D_04,trimMA342_1200rpm_Avv__D_04:33000,33000,36000,3,1,3000,1200
k2,validation,trimMA342_1200rpm_Avv__D_04,trimMA342_1200rpm_Avv__D_04:36000,36000,39000,3,1,3000,1200
k2,validation,trimMA342_1200rpm_Avv__D_04,trimMA342_1200rpm_Avv__D_04:39000,39000,42000,3,1,3000,1200
k2,validation,trimMA342_1200rpm_Avv__D_04,trimMA342_1200rpm_Avv__D_04:42000,42000,45000,3,1,3000,1200
k2,validation,trimMA342_1200rpm_Avv__D_04,trimMA342_1200rpm_Avv__D_04:45000,45000,48000,3,1,3000,1200
k2,validation,trimMA342_1200rpm_Avv__D_04,trimMA342_1200rpm_Avv__D_04:48000,48000,51000,3,1,3000,1200
k2,validation,trimMA342_1200rpm_Avv__D_04,trimMA342_1200rpm_Avv__D_04:51000,51000,54000,3,1,3000,1200
k2,validation,trimMA342_1200rpm_Avv__D_04,trimMA342_1200rpm_Avv__D_04:54000,54000,57000,3,1,3000,1200
k2,validation,trimMA342_1200rpm_Avv__D_04,trimMA342_1200rpm_Avv__D_04:57000,57000,60000,3,1,3000,1200
k2,validation,trimMA342_1200rpm_Avv__D_04,trimMA342_1200rpm_Avv__D_04:60000,60000,63000,3,1,3000,1200
k2,validation,trimMA342_1200rpm_Avv__D_04,trimMA342_1200rpm_Avv__D_04:63000,63000,66000,3,1,3000,1200
k2,validation,trimMA342_1200rpm_Avv__D_04,trimMA342_1200rpm_Avv__D_04:66000,66000,69000,3,1,3000,1200
k2,validation,trimMA342_1200rpm_Avv__D_04,trimMA342_1200rpm_Avv__D_04:69000,69000,72000,3,1,3000,1200
k2,validation,trimMA342_1200rpm_Avv__D_04,trimMA342_1200rpm_Avv__D_04:72000,72000,75000,3,1,3000,1200
k2,validation,trimMA342_1200rpm_Avv__D_04,trimMA342_1200rpm_Avv__D_04:75000,75000,78000,3,1,3000,1200
k2,validation,trimMA342_1200rpm_Avv__D_04,trimMA342_1200rpm_Avv__D_04:78000,78000,81000,3,1,3000,1200
k2,validation,trimMA342_1200rpm_Avv__D_04,trimMA342_1200rpm_Avv__D_04:81000,81000,84000,3,1,3000,1200
k2,validation,trimMA342_1200rpm_Avv__D_04,trimMA342_1200rpm_Avv__D_04:84000,84000,87000,3,1,3000,1200
k2,validation,trimMA342_1200rpm_Avv__D_04,trimMA342_1200rpm_Avv__D_04:87000,87000,90000,3,1,3000,1200
k2,validation,trimMA342_1200rpm_Avv__D_04,trimMA342_1200rpm_Avv__D_04:90000,90000,93000,3,1,3000,1200
k2,validation,trimMA342_1200rpm_Avv__D_04,trimMA342_1200rpm_Avv__D_04:93000,93000,96000,3,1,3000,1200
k2,validation,trimMA342_1200rpm_Avv__D_04,trimMA342_1200rpm_Avv__D_04:96000,96000,99000,3,1,3000,1200
k2,validation,trimMA342_1200rpm_Avv__D_04,trimMA342_1200rpm_Avv__D_04:99000,99000,102000,3,1,3000,1200
k2,validation,trimMA342_1200rpm_Avv__D_04,trimMA342_1200rpm_Avv__D_04:102000,102000,105000,3,1,3000,1200
k2,validation,trimMA342_1200rpm_Avv__D_04,trimMA342_1200rpm_Avv__D_04:105000,105000,108000,3,1,3000,1200
k2,validation,trimMA342_1200rpm_Avv__D_04,trimMA342_1200rpm_Avv__D_04:108000,108000,111000,3,1,3000,1200
k2,validation,trimMA342_1200rpm_Avv__D_04,trimMA342_1200rpm_Avv__D_04:111000,111000,114000,3,1,3000,1200
k2,validation,trimMA342_1200rpm_Avv__D_04,trimMA342_1200rpm_Avv__D_04:114000,114000,117000,3,1,3000,1200
k2,validation,trimMA342_1200rpm_Avv__D_04,trimMA342_1200rpm_Avv__D_04:117000,117000,120000,3,1,3000,1200
k2,validation,trimMA342_1200rpm_Avv__D_04,trimMA342_1200rpm_Avv__D_04:120000,120000,123000,3,1,3000,1200
k2,validation,trimMA342_1200rpm_Avv__D_04,trimMA342_1200rpm_Avv__D_04:123000,123000,126000,3,1,3000,1200
k2,validation,trimMA342_1200rpm_Avv__D_04,trimMA342_1200rpm_Avv__D_04:126000,126000,129000,3,1,3000,1200
k2,validation,trimMA342_1200rpm_Avv__D_04,trimMA342_1200rpm_Avv__D_04:129000,129000,132000,3,1,3000,1200
k2,validation,trimMA342_1200rpm_Avv__D_04,trimMA342_1200rpm_Avv__D_04:132000,132000,135000,3,1,3000,1200
k2,validation,trimMA342_1200rpm_Avv__D_04,trimMA342_1200rpm_Avv__D_04:135000,135000,138000,3,1,3000,1200
k2,validation,trimMA342_1200rpm_Avv__D_04,trimMA342_1200rpm_Avv__D_04:138000,138000,141000,3,1,3000,1200
k2,validation,trimMA342_1200rpm_Avv__D_04,trimMA342_1200rpm_Avv__D_04:141000,141000,144000,3,1,3000,1200
k2,validation,trimMA342_1200rpm_Avv__D_04,trimMA342_1200rpm_Avv__D_04:144000,144000,147000,3,1,3000,1200
k2,validation,trimMA342_1200rpm_Avv__D_04,trimMA342_1200rpm_Avv__D_04:147000,147000,150000,3,1,3000,1200
k2,validation,trimMA342_1200rpm_Avv__D_04,trimMA342_1200rpm_Avv__D_04:150000,150000,153000,3,1,3000,1200
k2,validation,trimMA342_1200rpm_Avv__D_04,trimMA342_1200rpm_Avv__D_04:153000,153000,156000,3,1,3000,1200
k2,validation,trimMA342_1200rpm_Avv__D_04,trimMA342_1200rpm_Avv__D_04:156000,156000,159000,3,1,3000,1200
k2,validation,trimMA342_1200rpm_Avv__D_04,trimMA342_1200rpm_Avv__D_04:159000,159000,162000,3,1,3000,1200
k2,validation,trimMA342_1200rpm_Avv__D_04,trimMA342_1200rpm_Avv__D_04:162000,162000,165000,3,1,3000,1200
k2,validation,trimMA342_1200rpm_Avv__D_04,trimMA342_1200rpm_Avv__D_04:165000,165000,168000,3,1,3000,1200
k2,validation,trimMA342_1200rpm_Avv__D_04,trimMA342_1200rpm_Avv__D_04:168000,168000,171000,3,1,3000,1200
k2,validation,trimMA342_1200rpm_Avv__D_04,trimMA342_1200rpm_Avv__D_04:171000,171000,174000,3,1,3000,1200
k2,validation,trimMA342_1200rpm_Avv__D_04,trimMA342_1200rpm_Avv__D_04:174000,174000,177000,3,1,3000,1200
k2,validation,trimMA342_1200rpm_Avv__D_04,trimMA342_1200rpm_Avv__D_04:177000,177000,180000,3,1,3000,1200
k2,validation,trimMA342_1200rpm_Avv__D_04,trimMA342_1200rpm_Avv__D_04:180000,180000,183000,3,1,3000,1200
k2,validation,trimMA342_1200rpm_Avv__D_04,trimMA342_1200rpm_Avv__D_04:183000,183000,186000,3,1,3000,1200
k2,validation,trimMA342_1200rpm_Avv__D_04,trimMA342_1200rpm_Avv__D_04:186000,186000,189000,3,1,3000,1200
k2,validation,trimMA342_1200rpm_Avv__D_04,trimMA342_1200rpm_Avv__D_04:189000,189000,192000,3,1,3000,1200
k2,validation,trimMA342_1200rpm_Avv__D_04,trimMA342_1200rpm_Avv__D_04:192000,192000,195000,3,1,3000,1200
k2,validation,trimMA342_1200rpm_Avv__D_04,trimMA342_1200rpm_Avv__D_04:195000,195000,198000,3,1,3000,1200
k2,validation,trimMA342_1200rpm_Avv__D_04,trimMA342_1200rpm_Avv__D_04:198000,198000,201000,3,1,3000,1200
k2,validation,trimMA342_1200rpm_Avv__D_04,trimMA342_1200rpm_Avv__D_04:201000,201000,204000,3,1,3000,1200
k2,validation,trimMA342_1200rpm_Avv__D_04,trimMA342_1200rpm_Avv__D_04:204000,204000,207000,3,1,3000,1200
k2,validation,trimMA342_1200rpm_Avv__D_04,trimMA342_1200rpm_Avv__D_04:207000,207000,210000,3,1,3000,1200
k2,validation,trimMA342_1200rpm_Avv__D_04,trimMA342_1200rpm_Avv__D_04:210000,210000,213000,3,1,3000,1200
k2,validation,trimMA342_1200rpm_Avv__D_04,trimMA342_1200rpm_Avv__D_04:213000,213000,216000,3,1,3000,1200
k2,validation,trimMA342_1200rpm_Avv__D_04,trimMA342_1200rpm_Avv__D_04:216000,216000,219000,3,1,3000,1200
k2,validation,trimMA342_1200rpm_Avv__D_04,trimMA342_1200rpm_Avv__D_04:219000,219000,222000,3,1,3000,1200
k2,validation,trimMA342_1200rpm_Avv__D_04,trimMA342_1200rpm_Avv__D_04:222000,222000,225000,3,1,3000,1200
k2,validation,trimMA342_1200rpm_Avv__D_04,trimMA342_1200rpm_Avv__D_04:225000,225000,228000,3,1,3000,1200
k2,validation,trimMA342_1200rpm_Avv__D_04,trimMA342_1200rpm_Avv__D_04:228000,228000,231000,3,1,3000,1200
k2,validation,trimMA342_1200rpm_Avv__D_04,trimMA342_1200rpm_Avv__D_04:231000,231000,234000,3,1,3000,1200
k2,validation,trimMA342_1200rpm_Avv__D_04,trimMA342_1200rpm_Avv__D_04:234000,234000,237000,3,1,3000,1200
k2,validation,trimMA342_1200rpm_Avv__D_04,trimMA342_1200rpm_Avv__D_04:237000,237000,240000,3,1,3000,1200
k2,validation,trimMA342_1200rpm_Avv__D_04,trimMA342_1200rpm_Avv__D_04:240000,240000,243000,3,1,3000,1200
k2,validation,trimMA342_1200rpm_Avv__D_04,trimMA342_1200rpm_Avv__D_04:243000,243000,246000,3,1,3000,1200
k2,validation,trimMA342_1200rpm_Avv__D_04,trimMA342_1200rpm_Avv__D_04:246000,246000,249000,3,1,3000,1200
k2,validation,trimMA342_1200rpm_Avv__D_04,trimMA342_1200rpm_Avv__D_04:249000,249000,252000,3,1,3000,1200
k2,validation,trimMA342_1200rpm_Avv__D_04,trimMA342_1200rpm_Avv__D_04:252000,252000,255000,3,1,3000,1200
k2,validation,trimMA342_1200rpm_Avv__D_04,trimMA342_1200rpm_Avv__D_04:255000,255000,258000,3,1,3000,1200
k2,validation,trimMA342_1200rpm_Avv__D_04,trimMA342_1200rpm_Avv__D_04:258000,258000,261000,3,1,3000,1200
k2,validation,trimMA342_1200rpm_Avv__D_04,trimMA342_1200rpm_Avv__D_04:261000,261000,264000,3,1,3000,1200
k2,validation,trimMA342_1200rpm_Avv__D_04,trimMA342_1200rpm_Avv__D_04:264000,264000,267000,3,1,3000,1200
k2,validation,trimMA342_1200rpm_Avv__D_04,trimMA342_1200rpm_Avv__D_04:267000,267000,270000,3,1,3000,1200
k2,validation,trimMA342_1200rpm_Avv__D_04,trimMA342_1200rpm_Avv__D_04:270000,270000,273000,3,1,3000,1200
k2,validation,trimMA342_1200rpm_Avv__D_04,trimMA342_1200rpm_Avv__D_04:273000,273000,276000,3,1,3000,1200
k2,validation,trimMA342_1200rpm_Avv__D_04,trimMA342_1200rpm_Avv__D_04:276000,276000,279000,3,1,3000,1200
k2,validation,trimMA342_1200rpm_Avv__D_04,trimMA342_1200rpm_Avv__D_04:279000,279000,282000,3,1,3000,1200
k2,validation,trimMA342_1200rpm_Avv__D_09,trimMA342_1200rpm_Avv__D_09:0,0,3000,3,1,3000,1200
k2,validation,trimMA342_1200rpm_Avv__D_09,trimMA342_1200rpm_Avv__D_09:3000,3000,6000,3,1,3000,1200
k2,validation,trimMA342_1200rpm_Avv__D_09,trimMA342_1200rpm_Avv__D_09:6000,6000,9000,3,1,3000,1200
k2,validation,trimMA342_1200rpm_Avv__D_09,trimMA342_1200rpm_Avv__D_09:9000,9000,12000,3,1,3000,1200
k2,validation,trimMA342_1200rpm_Avv__D_09,trimMA342_1200rpm_Avv__D_09:12000,12000,15000,3,1,3000,1200
k2,validation,trimMA342_1200rpm_Avv__D_09,trimMA342_1200rpm_Avv__D_09:15000,15000,18000,3,1,3000,1200
k2,validation,trimMA342_1200rpm_Avv__D_09,trimMA342_1200rpm_Avv__D_09:18000,18000,21000,3,1,3000,1200
k2,validation,trimMA342_1200rpm_Avv__D_09,trimMA342_1200rpm_Avv__D_09:21000,21000,24000,3,1,3000,1200
k2,validation,trimMA342_1200rpm_Avv__D_09,trimMA342_1200rpm_Avv__D_09:24000,24000,27000,3,1,3000,1200
k2,validation,trimMA342_1200rpm_Avv__D_09,trimMA342_1200rpm_Avv__D_09:27000,27000,30000,3,1,3000,1200
k2,validation,trimMA342_1200rpm_Avv__D_09,trimMA342_1200rpm_Avv__D_09:30000,30000,33000,3,1,3000,1200
k2,validation,trimMA342_1200rpm_Avv__D_09,trimMA342_1200rpm_Avv__D_09:33000,33000,36000,3,1,3000,1200
k2,validation,trimMA342_1200rpm_Avv__D_09,trimMA342_1200rpm_Avv__D_09:36000,36000,39000,3,1,3000,1200
k2,validation,trimMA342_1200rpm_Avv__D_09,trimMA342_1200rpm_Avv__D_09:39000,39000,42000,3,1,3000,1200
k2,validation,trimMA342_1200rpm_Avv__D_09,trimMA342_1200rpm_Avv__D_09:42000,42000,45000,3,1,3000,1200
k2,validation,trimMA342_1200rpm_Avv__D_09,trimMA342_1200rpm_Avv__D_09:45000,45000,48000,3,1,3000,1200
k2,validation,trimMA342_1200rpm_Avv__D_09,trimMA342_1200rpm_Avv__D_09:48000,48000,51000,3,1,3000,1200
k2,validation,trimMA342_1200rpm_Avv__D_09,trimMA342_1200rpm_Avv__D_09:51000,51000,54000,3,1,3000,1200
k2,validation,trimMA342_1200rpm_Avv__D_09,trimMA342_1200rpm_Avv__D_09:54000,54000,57000,3,1,3000,1200
k2,validation,trimMA342_1200rpm_Avv__D_09,trimMA342_1200rpm_Avv__D_09:57000,57000,60000,3,1,3000,1200
k2,validation,trimMA342_1200rpm_Avv__D_09,trimMA342_1200rpm_Avv__D_09:60000,60000,63000,3,1,3000,1200
k2,validation,trimMA342_1200rpm_Avv__D_09,trimMA342_1200rpm_Avv__D_09:63000,63000,66000,3,1,3000,1200
k2,validation,trimMA342_1200rpm_Avv__D_09,trimMA342_1200rpm_Avv__D_09:66000,66000,69000,3,1,3000,1200
k2,validation,trimMA342_1200rpm_Avv__D_09,trimMA342_1200rpm_Avv__D_09:69000,69000,72000,3,1,3000,1200
k2,validation,trimMA342_1200rpm_Avv__D_09,trimMA342_1200rpm_Avv__D_09:72000,72000,75000,3,1,3000,1200
k2,validation,trimMA342_1200rpm_Avv__D_09,trimMA342_1200rpm_Avv__D_09:75000,75000,78000,3,1,3000,1200
k2,validation,trimMA342_1200rpm_Avv__D_09,trimMA342_1200rpm_Avv__D_09:78000,78000,81000,3,1,3000,1200
k2,validation,trimMA342_1200rpm_Avv__D_09,trimMA342_1200rpm_Avv__D_09:81000,81000,84000,3,1,3000,1200
k2,validation,trimMA342_1200rpm_Avv__D_09,trimMA342_1200rpm_Avv__D_09:84000,84000,87000,3,1,3000,1200
k2,validation,trimMA342_1200rpm_Avv__D_09,trimMA342_1200rpm_Avv__D_09:87000,87000,90000,3,1,3000,1200
k2,validation,trimMA342_1200rpm_Avv__D_09,trimMA342_1200rpm_Avv__D_09:90000,90000,93000,3,1,3000,1200
k2,validation,trimMA342_1200rpm_Avv__D_09,trimMA342_1200rpm_Avv__D_09:93000,93000,96000,3,1,3000,1200
k2,validation,trimMA342_1200rpm_Avv__D_09,trimMA342_1200rpm_Avv__D_09:96000,96000,99000,3,1,3000,1200
k2,validation,trimMA342_1200rpm_Avv__D_09,trimMA342_1200rpm_Avv__D_09:99000,99000,102000,3,1,3000,1200
k2,validation,trimMA342_1200rpm_Avv__D_09,trimMA342_1200rpm_Avv__D_09:102000,102000,105000,3,1,3000,1200
k2,validation,trimMA342_1200rpm_Avv__D_09,trimMA342_1200rpm_Avv__D_09:105000,105000,108000,3,1,3000,1200
k2,validation,trimMA342_1200rpm_Avv__D_09,trimMA342_1200rpm_Avv__D_09:108000,108000,111000,3,1,3000,1200
k2,validation,trimMA342_1200rpm_Avv__D_09,trimMA342_1200rpm_Avv__D_09:111000,111000,114000,3,1,3000,1200
k2,validation,trimMA342_1200rpm_Avv__D_09,trimMA342_1200rpm_Avv__D_09:114000,114000,117000,3,1,3000,1200
k2,validation,trimMA342_1200rpm_Avv__D_09,trimMA342_1200rpm_Avv__D_09:117000,117000,120000,3,1,3000,1200
k2,validation,trimMA342_1200rpm_Avv__D_09,trimMA342_1200rpm_Avv__D_09:120000,120000,123000,3,1,3000,1200
k2,validation,trimMA342_1200rpm_Avv__D_09,trimMA342_1200rpm_Avv__D_09:123000,123000,126000,3,1,3000,1200
k2,validation,trimMA342_1200rpm_Avv__D_09,trimMA342_1200rpm_Avv__D_09:126000,126000,129000,3,1,3000,1200
k2,validation,trimMA342_1200rpm_Avv__D_09,trimMA342_1200rpm_Avv__D_09:129000,129000,132000,3,1,3000,1200
k2,validation,trimMA342_1200rpm_Avv__D_09,trimMA342_1200rpm_Avv__D_09:132000,132000,135000,3,1,3000,1200
k2,validation,trimMA342_1200rpm_Avv__D_09,trimMA342_1200rpm_Avv__D_09:135000,135000,138000,3,1,3000,1200
k2,validation,trimMA342_1200rpm_Avv__D_09,trimMA342_1200rpm_Avv__D_09:138000,138000,141000,3,1,3000,1200
k2,validation,trimMA342_1200rpm_Avv__D_09,trimMA342_1200rpm_Avv__D_09:141000,141000,144000,3,1,3000,1200
k2,validation,trimMA342_1200rpm_Avv__D_09,trimMA342_1200rpm_Avv__D_09:144000,144000,147000,3,1,3000,1200
k2,validation,trimMA342_1200rpm_Avv__D_09,trimMA342_1200rpm_Avv__D_09:147000,147000,150000,3,1,3000,1200
k2,validation,trimMA342_1200rpm_Avv__D_09,trimMA342_1200rpm_Avv__D_09:150000,150000,153000,3,1,3000,1200
k2,validation,trimMA342_1200rpm_Avv__D_09,trimMA342_1200rpm_Avv__D_09:153000,153000,156000,3,1,3000,1200
k2,validation,trimMA342_1200rpm_Avv__D_09,trimMA342_1200rpm_Avv__D_09:156000,156000,159000,3,1,3000,1200
k2,validation,trimMA342_1200rpm_Avv__D_09,trimMA342_1200rpm_Avv__D_09:159000,159000,162000,3,1,3000,1200
k2,validation,trimMA342_1200rpm_Avv__D_09,trimMA342_1200rpm_Avv__D_09:162000,162000,165000,3,1,3000,1200
k2,validation,trimMA342_1200rpm_Avv__D_09,trimMA342_1200rpm_Avv__D_09:165000,165000,168000,3,1,3000,1200
k2,validation,trimMA342_1200rpm_Avv__D_09,trimMA342_1200rpm_Avv__D_09:168000,168000,171000,3,1,3000,1200
k2,validation,trimMA342_1200rpm_Avv__D_09,trimMA342_1200rpm_Avv__D_09:171000,171000,174000,3,1,3000,1200
k2,validation,trimMA342_1200rpm_Avv__D_09,trimMA342_1200rpm_Avv__D_09:174000,174000,177000,3,1,3000,1200
k2,validation,trimMA342_1200rpm_Avv__D_09,trimMA342_1200rpm_Avv__D_09:177000,177000,180000,3,1,3000,1200
k2,validation,trimMA342_1200rpm_Avv__D_09,trimMA342_1200rpm_Avv__D_09:180000,180000,183000,3,1,3000,1200
k2,validation,trimMA342_1200rpm_Avv__D_09,trimMA342_1200rpm_Avv__D_09:183000,183000,186000,3,1,3000,1200
k2,validation,trimMA342_1200rpm_Avv__D_09,trimMA342_1200rpm_Avv__D_09:186000,186000,189000,3,1,3000,1200
k2,validation,trimMA342_1200rpm_Avv__D_09,trimMA342_1200rpm_Avv__D_09:189000,189000,192000,3,1,3000,1200
k2,validation,trimMA342_1200rpm_Avv__D_09,trimMA342_1200rpm_Avv__D_09:192000,192000,195000,3,1,3000,1200
k2,validation,trimMA342_1200rpm_Avv__D_09,trimMA342_1200rpm_Avv__D_09:195000,195000,198000,3,1,3000,1200
k2,validation,trimMA342_1200rpm_Avv__D_09,trimMA342_1200rpm_Avv__D_09:198000,198000,201000,3,1,3000,1200
k2,validation,trimMA342_1200rpm_Avv__D_09,trimMA342_1200rpm_Avv__D_09:201000,201000,204000,3,1,3000,1200
k2,validation,trimMA342_1200rpm_Avv__D_09,trimMA342_1200rpm_Avv__D_09:204000,204000,207000,3,1,3000,1200
k2,validation,trimMA342_1200rpm_Avv__D_09,trimMA342_1200rpm_Avv__D_09:207000,207000,210000,3,1,3000,1200
k2,validation,trimMA342_1200rpm_Avv__D_09,trimMA342_1200rpm_Avv__D_09:210000,210000,213000,3,1,3000,1200
k2,validation,trimMA342_1200rpm_Avv__D_09,trimMA342_1200rpm_Avv__D_09:213000,213000,216000,3,1,3000,1200
k2,validation,trimMA342_1200rpm_Avv__D_09,trimMA342_1200rpm_Avv__D_09:216000,216000,219000,3,1,3000,1200
k2,validation,trimMA342_1200rpm_Avv__D_09,trimMA342_1200rpm_Avv__D_09:219000,219000,222000,3,1,3000,1200
k2,validation,trimMA342_1200rpm_Avv__D_09,trimMA342_1200rpm_Avv__D_09:222000,222000,225000,3,1,3000,1200
k2,validation,trimMA342_1200rpm_Avv__D_09,trimMA342_1200rpm_Avv__D_09:225000,225000,228000,3,1,3000,1200
k2,validation,trimMA342_1200rpm_Avv__D_09,trimMA342_1200rpm_Avv__D_09:228000,228000,231000,3,1,3000,1200
k2,validation,trimMA342_1200rpm_Avv__D_09,trimMA342_1200rpm_Avv__D_09:231000,231000,234000,3,1,3000,1200
k2,validation,trimMA342_1200rpm_Avv__D_09,trimMA342_1200rpm_Avv__D_09:234000,234000,237000,3,1,3000,1200
k2,validation,trimMA342_1200rpm_Avv__D_09,trimMA342_1200rpm_Avv__D_09:237000,237000,240000,3,1,3000,1200
k2,validation,trimMA342_1200rpm_Avv__D_09,trimMA342_1200rpm_Avv__D_09:240000,240000,243000,3,1,3000,1200
k2,validation,trimMA342_1200rpm_Avv__D_09,trimMA342_1200rpm_Avv__D_09:243000,243000,246000,3,1,3000,1200
k2,validation,trimMA342_1200rpm_Avv__D_09,trimMA342_1200rpm_Avv__D_09:246000,246000,249000,3,1,3000,1200
k2,validation,trimMA342_1200rpm_Avv__D_09,trimMA342_1200rpm_Avv__D_09:249000,249000,252000,3,1,3000,1200
k2,validation,trimMA342_1200rpm_Avv__D_09,trimMA342_1200rpm_Avv__D_09:252000,252000,255000,3,1,3000,1200
k2,validation,trimMA342_1200rpm_Avv__D_09,trimMA342_1200rpm_Avv__D_09:255000,255000,258000,3,1,3000,1200
k2,validation,trimMA342_1200rpm_Avv__D_09,trimMA342_1200rpm_Avv__D_09:258000,258000,261000,3,1,3000,1200
k2,validation,trimMA342_1200rpm_Avv__D_09,trimMA342_1200rpm_Avv__D_09:261000,261000,264000,3,1,3000,1200
k2,validation,trimMA342_1200rpm_Avv__D_09,trimMA342_1200rpm_Avv__D_09:264000,264000,267000,3,1,3000,1200
k2,validation,trimMA342_1200rpm_Avv__D_09,trimMA342_1200rpm_Avv__D_09:267000,267000,270000,3,1,3000,1200
k2,validation,trimMA342_1200rpm_Avv__D_09,trimMA342_1200rpm_Avv__D_09:270000,270000,273000,3,1,3000,1200
k2,validation,trimMA342_1200rpm_Avv__D_09,trimMA342_1200rpm_Avv__D_09:273000,273000,276000,3,1,3000,1200
k2,validation,trimMA342_1200rpm_Avv__D_09,trimMA342_1200rpm_Avv__D_09:276000,276000,279000,3,1,3000,1200
k2,validation,trimMA342_1200rpm_Avv__D_09,trimMA342_1200rpm_Avv__D_09:279000,279000,282000,3,1,3000,1200
k2,validation,trimMA342_1200rpm_Avv__D_14,trimMA342_1200rpm_Avv__D_14:0,0,3000,3,1,3000,1200
k2,validation,trimMA342_1200rpm_Avv__D_14,trimMA342_1200rpm_Avv__D_14:3000,3000,6000,3,1,3000,1200
k2,validation,trimMA342_1200rpm_Avv__D_14,trimMA342_1200rpm_Avv__D_14:6000,6000,9000,3,1,3000,1200
k2,validation,trimMA342_1200rpm_Avv__D_14,trimMA342_1200rpm_Avv__D_14:9000,9000,12000,3,1,3000,1200
k2,validation,trimMA342_1200rpm_Avv__D_14,trimMA342_1200rpm_Avv__D_14:12000,12000,15000,3,1,3000,1200
k2,validation,trimMA342_1200rpm_Avv__D_14,trimMA342_1200rpm_Avv__D_14:15000,15000,18000,3,1,3000,1200
k2,validation,trimMA342_1200rpm_Avv__D_14,trimMA342_1200rpm_Avv__D_14:18000,18000,21000,3,1,3000,1200
k2,validation,trimMA342_1200rpm_Avv__D_14,trimMA342_1200rpm_Avv__D_14:21000,21000,24000,3,1,3000,1200
k2,validation,trimMA342_1200rpm_Avv__D_14,trimMA342_1200rpm_Avv__D_14:24000,24000,27000,3,1,3000,1200
k2,validation,trimMA342_1200rpm_Avv__D_14,trimMA342_1200rpm_Avv__D_14:27000,27000,30000,3,1,3000,1200
k2,validation,trimMA342_1200rpm_Avv__D_14,trimMA342_1200rpm_Avv__D_14:30000,30000,33000,3,1,3000,1200
k2,validation,trimMA342_1200rpm_Avv__D_14,trimMA342_1200rpm_Avv__D_14:33000,33000,36000,3,1,3000,1200
k2,validation,trimMA342_1200rpm_Avv__D_14,trimMA342_1200rpm_Avv__D_14:36000,36000,39000,3,1,3000,1200
k2,validation,trimMA342_1200rpm_Avv__D_14,trimMA342_1200rpm_Avv__D_14:39000,39000,42000,3,1,3000,1200
k2,validation,trimMA342_1200rpm_Avv__D_14,trimMA342_1200rpm_Avv__D_14:42000,42000,45000,3,1,3000,1200
k2,validation,trimMA342_1200rpm_Avv__D_14,trimMA342_1200rpm_Avv__D_14:45000,45000,48000,3,1,3000,1200
k2,validation,trimMA342_1200rpm_Avv__D_14,trimMA342_1200rpm_Avv__D_14:48000,48000,51000,3,1,3000,1200
k2,validation,trimMA342_1200rpm_Avv__D_14,trimMA342_1200rpm_Avv__D_14:51000,51000,54000,3,1,3000,1200
k2,validation,trimMA342_1200rpm_Avv__D_14,trimMA342_1200rpm_Avv__D_14:54000,54000,57000,3,1,3000,1200
k2,validation,trimMA342_1200rpm_Avv__D_14,trimMA342_1200rpm_Avv__D_14:57000,57000,60000,3,1,3000,1200
k2,validation,trimMA342_1200rpm_Avv__D_14,trimMA342_1200rpm_Avv__D_14:60000,60000,63000,3,1,3000,1200
k2,validation,trimMA342_1200rpm_Avv__D_14,trimMA342_1200rpm_Avv__D_14:63000,63000,66000,3,1,3000,1200
k2,validation,trimMA342_1200rpm_Avv__D_14,trimMA342_1200rpm_Avv__D_14:66000,66000,69000,3,1,3000,1200
k2,validation,trimMA342_1200rpm_Avv__D_14,trimMA342_1200rpm_Avv__D_14:69000,69000,72000,3,1,3000,1200
k2,validation,trimMA342_1200rpm_Avv__D_14,trimMA342_1200rpm_Avv__D_14:72000,72000,75000,3,1,3000,1200
k2,validation,trimMA342_1200rpm_Avv__D_14,trimMA342_1200rpm_Avv__D_14:75000,75000,78000,3,1,3000,1200
k2,validation,trimMA342_1200rpm_Avv__D_14,trimMA342_1200rpm_Avv__D_14:78000,78000,81000,3,1,3000,1200
k2,validation,trimMA342_1200rpm_Avv__D_14,trimMA342_1200rpm_Avv__D_14:81000,81000,84000,3,1,3000,1200
k2,validation,trimMA342_1200rpm_Avv__D_14,trimMA342_1200rpm_Avv__D_14:84000,84000,87000,3,1,3000,1200
k2,validation,trimMA342_1200rpm_Avv__D_14,trimMA342_1200rpm_Avv__D_14:87000,87000,90000,3,1,3000,1200
k2,validation,trimMA342_1200rpm_Avv__D_14,trimMA342_1200rpm_Avv__D_14:90000,90000,93000,3,1,3000,1200
k2,validation,trimMA342_1200rpm_Avv__D_14,trimMA342_1200rpm_Avv__D_14:93000,93000,96000,3,1,3000,1200
k2,validation,trimMA342_1200rpm_Avv__D_14,trimMA342_1200rpm_Avv__D_14:96000,96000,99000,3,1,3000,1200
k2,validation,trimMA342_1200rpm_Avv__D_14,trimMA342_1200rpm_Avv__D_14:99000,99000,102000,3,1,3000,1200
k2,validation,trimMA342_1200rpm_Avv__D_14,trimMA342_1200rpm_Avv__D_14:102000,102000,105000,3,1,3000,1200
k2,validation,trimMA342_1200rpm_Avv__D_14,trimMA342_1200rpm_Avv__D_14:105000,105000,108000,3,1,3000,1200
k2,validation,trimMA342_1200rpm_Avv__D_14,trimMA342_1200rpm_Avv__D_14:108000,108000,111000,3,1,3000,1200
k2,validation,trimMA342_1200rpm_Avv__D_14,trimMA342_1200rpm_Avv__D_14:111000,111000,114000,3,1,3000,1200
k2,validation,trimMA342_1200rpm_Avv__D_14,trimMA342_1200rpm_Avv__D_14:114000,114000,117000,3,1,3000,1200
k2,validation,trimMA342_1200rpm_Avv__D_14,trimMA342_1200rpm_Avv__D_14:117000,117000,120000,3,1,3000,1200
k2,validation,trimMA342_1200rpm_Avv__D_14,trimMA342_1200rpm_Avv__D_14:120000,120000,123000,3,1,3000,1200
k2,validation,trimMA342_1200rpm_Avv__D_14,trimMA342_1200rpm_Avv__D_14:123000,123000,126000,3,1,3000,1200
k2,validation,trimMA342_1200rpm_Avv__D_14,trimMA342_1200rpm_Avv__D_14:126000,126000,129000,3,1,3000,1200
k2,validation,trimMA342_1200rpm_Avv__D_14,trimMA342_1200rpm_Avv__D_14:129000,129000,132000,3,1,3000,1200
k2,validation,trimMA342_1200rpm_Avv__D_14,trimMA342_1200rpm_Avv__D_14:132000,132000,135000,3,1,3000,1200
k2,validation,trimMA342_1200rpm_Avv__D_14,trimMA342_1200rpm_Avv__D_14:135000,135000,138000,3,1,3000,1200
k2,validation,trimMA342_1200rpm_Avv__D_14,trimMA342_1200rpm_Avv__D_14:138000,138000,141000,3,1,3000,1200
k2,validation,trimMA342_1200rpm_Avv__D_14,trimMA342_1200rpm_Avv__D_14:141000,141000,144000,3,1,3000,1200
k2,validation,trimMA342_1200rpm_Avv__D_14,trimMA342_1200rpm_Avv__D_14:144000,144000,147000,3,1,3000,1200
k2,validation,trimMA342_1200rpm_Avv__D_14,trimMA342_1200rpm_Avv__D_14:147000,147000,150000,3,1,3000,1200
k2,validation,trimMA342_1200rpm_Avv__D_14,trimMA342_1200rpm_Avv__D_14:150000,150000,153000,3,1,3000,1200
k2,validation,trimMA342_1200rpm_Avv__D_14,trimMA342_1200rpm_Avv__D_14:153000,153000,156000,3,1,3000,1200
k2,validation,trimMA342_1200rpm_Avv__D_14,trimMA342_1200rpm_Avv__D_14:156000,156000,159000,3,1,3000,1200
k2,validation,trimMA342_1200rpm_Avv__D_14,trimMA342_1200rpm_Avv__D_14:159000,159000,162000,3,1,3000,1200
k2,validation,trimMA342_1200rpm_Avv__D_14,trimMA342_1200rpm_Avv__D_14:162000,162000,165000,3,1,3000,1200
k2,validation,trimMA342_1200rpm_Avv__D_14,trimMA342_1200rpm_Avv__D_14:165000,165000,168000,3,1,3000,1200
k2,validation,trimMA342_1200rpm_Avv__D_14,trimMA342_1200rpm_Avv__D_14:168000,168000,171000,3,1,3000,1200
k2,validation,trimMA342_1200rpm_Avv__D_14,trimMA342_1200rpm_Avv__D_14:171000,171000,174000,3,1,3000,1200
k2,validation,trimMA342_1200rpm_Avv__D_14,trimMA342_1200rpm_Avv__D_14:174000,174000,177000,3,1,3000,1200
k2,validation,trimMA342_1200rpm_Avv__D_14,trimMA342_1200rpm_Avv__D_14:177000,177000,180000,3,1,3000,1200
k2,validation,trimMA342_1200rpm_Avv__D_14,trimMA342_1200rpm_Avv__D_14:180000,180000,183000,3,1,3000,1200
k2,validation,trimMA342_1200rpm_Avv__D_14,trimMA342_1200rpm_Avv__D_14:183000,183000,186000,3,1,3000,1200
k2,validation,trimMA342_1200rpm_Avv__D_14,trimMA342_1200rpm_Avv__D_14:186000,186000,189000,3,1,3000,1200
k2,validation,trimMA342_1200rpm_Avv__D_14,trimMA342_1200rpm_Avv__D_14:189000,189000,192000,3,1,3000,1200
k2,validation,trimMA342_1200rpm_Avv__D_14,trimMA342_1200rpm_Avv__D_14:192000,192000,195000,3,1,3000,1200
k2,validation,trimMA342_1200rpm_Avv__D_14,trimMA342_1200rpm_Avv__D_14:195000,195000,198000,3,1,3000,1200
k2,validation,trimMA342_1200rpm_Avv__D_14,trimMA342_1200rpm_Avv__D_14:198000,198000,201000,3,1,3000,1200
k2,validation,trimMA342_1200rpm_Avv__D_14,trimMA342_1200rpm_Avv__D_14:201000,201000,204000,3,1,3000,1200
k2,validation,trimMA342_1200rpm_Avv__D_14,trimMA342_1200rpm_Avv__D_14:204000,204000,207000,3,1,3000,1200
k2,validation,trimMA342_1200rpm_Avv__D_14,trimMA342_1200rpm_Avv__D_14:207000,207000,210000,3,1,3000,1200
k2,validation,trimMA342_1200rpm_Avv__D_14,trimMA342_1200rpm_Avv__D_14:210000,210000,213000,3,1,3000,1200
k2,validation,trimMA342_1200rpm_Avv__D_14,trimMA342_1200rpm_Avv__D_14:213000,213000,216000,3,1,3000,1200
k2,validation,trimMA342_1200rpm_Avv__D_14,trimMA342_1200rpm_Avv__D_14:216000,216000,219000,3,1,3000,1200
k2,validation,trimMA342_1200rpm_Avv__D_14,trimMA342_1200rpm_Avv__D_14:219000,219000,222000,3,1,3000,1200
k2,validation,trimMA342_1200rpm_Avv__D_14,trimMA342_1200rpm_Avv__D_14:222000,222000,225000,3,1,3000,1200
k2,validation,trimMA342_1200rpm_Avv__D_14,trimMA342_1200rpm_Avv__D_14:225000,225000,228000,3,1,3000,1200
k2,validation,trimMA342_1200rpm_Avv__D_14,trimMA342_1200rpm_Avv__D_14:228000,228000,231000,3,1,3000,1200
k2,validation,trimMA342_1200rpm_Avv__D_14,trimMA342_1200rpm_Avv__D_14:231000,231000,234000,3,1,3000,1200
k2,validation,trimMA342_1200rpm_Avv__D_14,trimMA342_1200rpm_Avv__D_14:234000,234000,237000,3,1,3000,1200
k2,validation,trimMA342_1200rpm_Avv__D_14,trimMA342_1200rpm_Avv__D_14:237000,237000,240000,3,1,3000,1200
k2,validation,trimMA342_1200rpm_Avv__D_14,trimMA342_1200rpm_Avv__D_14:240000,240000,243000,3,1,3000,1200
k2,validation,trimMA342_1200rpm_Avv__D_14,trimMA342_1200rpm_Avv__D_14:243000,243000,246000,3,1,3000,1200
k2,validation,trimMA342_1200rpm_Avv__D_14,trimMA342_1200rpm_Avv__D_14:246000,246000,249000,3,1,3000,1200
k2,validation,trimMA342_1200rpm_Avv__D_14,trimMA342_1200rpm_Avv__D_14:249000,249000,252000,3,1,3000,1200
k2,validation,trimMA342_1200rpm_Avv__D_14,trimMA342_1200rpm_Avv__D_14:252000,252000,255000,3,1,3000,1200
k2,validation,trimMA342_1200rpm_Avv__D_14,trimMA342_1200rpm_Avv__D_14:255000,255000,258000,3,1,3000,1200
k2,validation,trimMA342_1200rpm_Avv__D_14,trimMA342_1200rpm_Avv__D_14:258000,258000,261000,3,1,3000,1200
k2,validation,trimMA342_1200rpm_Avv__D_14,trimMA342_1200rpm_Avv__D_14:261000,261000,264000,3,1,3000,1200
k2,validation,trimMA342_1200rpm_Avv__D_14,trimMA342_1200rpm_Avv__D_14:264000,264000,267000,3,1,3000,1200
k2,validation,trimMA342_1200rpm_Avv__D_14,trimMA342_1200rpm_Avv__D_14:267000,267000,270000,3,1,3000,1200
k2,validation,trimMA342_1200rpm_Avv__D_14,trimMA342_1200rpm_Avv__D_14:270000,270000,273000,3,1,3000,1200
k2,validation,trimMA342_1200rpm_Avv__D_14,trimMA342_1200rpm_Avv__D_14:273000,273000,276000,3,1,3000,1200
k2,validation,trimMA342_1200rpm_Avv__D_14,trimMA342_1200rpm_Avv__D_14:276000,276000,279000,3,1,3000,1200
k2,validation,trimMA342_1200rpm_Avv__D_14,trimMA342_1200rpm_Avv__D_14:279000,279000,282000,3,1,3000,1200
k2,validation,trimMA342_1200rpm_Avv__Dvv_07,trimMA342_1200rpm_Avv__Dvv_07:0,0,3000,5,1,3000,1200
k2,validation,trimMA342_1200rpm_Avv__Dvv_07,trimMA342_1200rpm_Avv__Dvv_07:3000,3000,6000,5,1,3000,1200
k2,validation,trimMA342_1200rpm_Avv__Dvv_07,trimMA342_1200rpm_Avv__Dvv_07:6000,6000,9000,5,1,3000,1200
k2,validation,trimMA342_1200rpm_Avv__Dvv_07,trimMA342_1200rpm_Avv__Dvv_07:9000,9000,12000,5,1,3000,1200
k2,validation,trimMA342_1200rpm_Avv__Dvv_07,trimMA342_1200rpm_Avv__Dvv_07:12000,12000,15000,5,1,3000,1200
k2,validation,trimMA342_1200rpm_Avv__Dvv_07,trimMA342_1200rpm_Avv__Dvv_07:15000,15000,18000,5,1,3000,1200
k2,validation,trimMA342_1200rpm_Avv__Dvv_07,trimMA342_1200rpm_Avv__Dvv_07:18000,18000,21000,5,1,3000,1200
k2,validation,trimMA342_1200rpm_Avv__Dvv_07,trimMA342_1200rpm_Avv__Dvv_07:21000,21000,24000,5,1,3000,1200
k2,validation,trimMA342_1200rpm_Avv__Dvv_07,trimMA342_1200rpm_Avv__Dvv_07:24000,24000,27000,5,1,3000,1200
k2,validation,trimMA342_1200rpm_Avv__Dvv_07,trimMA342_1200rpm_Avv__Dvv_07:27000,27000,30000,5,1,3000,1200
k2,validation,trimMA342_1200rpm_Avv__Dvv_07,trimMA342_1200rpm_Avv__Dvv_07:30000,30000,33000,5,1,3000,1200
k2,validation,trimMA342_1200rpm_Avv__Dvv_07,trimMA342_1200rpm_Avv__Dvv_07:33000,33000,36000,5,1,3000,1200
k2,validation,trimMA342_1200rpm_Avv__Dvv_07,trimMA342_1200rpm_Avv__Dvv_07:36000,36000,39000,5,1,3000,1200
k2,validation,trimMA342_1200rpm_Avv__Dvv_07,trimMA342_1200rpm_Avv__Dvv_07:39000,39000,42000,5,1,3000,1200
k2,validation,trimMA342_1200rpm_Avv__Dvv_07,trimMA342_1200rpm_Avv__Dvv_07:42000,42000,45000,5,1,3000,1200
k2,validation,trimMA342_1200rpm_Avv__Dvv_07,trimMA342_1200rpm_Avv__Dvv_07:45000,45000,48000,5,1,3000,1200
k2,validation,trimMA342_1200rpm_Avv__Dvv_07,trimMA342_1200rpm_Avv__Dvv_07:48000,48000,51000,5,1,3000,1200
k2,validation,trimMA342_1200rpm_Avv__Dvv_07,trimMA342_1200rpm_Avv__Dvv_07:51000,51000,54000,5,1,3000,1200
k2,validation,trimMA342_1200rpm_Avv__Dvv_07,trimMA342_1200rpm_Avv__Dvv_07:54000,54000,57000,5,1,3000,1200
k2,validation,trimMA342_1200rpm_Avv__Dvv_07,trimMA342_1200rpm_Avv__Dvv_07:57000,57000,60000,5,1,3000,1200
k2,validation,trimMA342_1200rpm_Avv__Dvv_07,trimMA342_1200rpm_Avv__Dvv_07:60000,60000,63000,5,1,3000,1200
k2,validation,trimMA342_1200rpm_Avv__Dvv_07,trimMA342_1200rpm_Avv__Dvv_07:63000,63000,66000,5,1,3000,1200
k2,validation,trimMA342_1200rpm_Avv__Dvv_07,trimMA342_1200rpm_Avv__Dvv_07:66000,66000,69000,5,1,3000,1200
k2,validation,trimMA342_1200rpm_Avv__Dvv_07,trimMA342_1200rpm_Avv__Dvv_07:69000,69000,72000,5,1,3000,1200
k2,validation,trimMA342_1200rpm_Avv__Dvv_07,trimMA342_1200rpm_Avv__Dvv_07:72000,72000,75000,5,1,3000,1200
k2,validation,trimMA342_1200rpm_Avv__Dvv_07,trimMA342_1200rpm_Avv__Dvv_07:75000,75000,78000,5,1,3000,1200
k2,validation,trimMA342_1200rpm_Avv__Dvv_07,trimMA342_1200rpm_Avv__Dvv_07:78000,78000,81000,5,1,3000,1200
k2,validation,trimMA342_1200rpm_Avv__Dvv_07,trimMA342_1200rpm_Avv__Dvv_07:81000,81000,84000,5,1,3000,1200
k2,validation,trimMA342_1200rpm_Avv__Dvv_07,trimMA342_1200rpm_Avv__Dvv_07:84000,84000,87000,5,1,3000,1200
k2,validation,trimMA342_1200rpm_Avv__Dvv_07,trimMA342_1200rpm_Avv__Dvv_07:87000,87000,90000,5,1,3000,1200
k2,validation,trimMA342_1200rpm_Avv__Dvv_07,trimMA342_1200rpm_Avv__Dvv_07:90000,90000,93000,5,1,3000,1200
k2,validation,trimMA342_1200rpm_Avv__Dvv_07,trimMA342_1200rpm_Avv__Dvv_07:93000,93000,96000,5,1,3000,1200
k2,validation,trimMA342_1200rpm_Avv__Dvv_07,trimMA342_1200rpm_Avv__Dvv_07:96000,96000,99000,5,1,3000,1200
k2,validation,trimMA342_1200rpm_Avv__Dvv_07,trimMA342_1200rpm_Avv__Dvv_07:99000,99000,102000,5,1,3000,1200
k2,validation,trimMA342_1200rpm_Avv__Dvv_07,trimMA342_1200rpm_Avv__Dvv_07:102000,102000,105000,5,1,3000,1200
k2,validation,trimMA342_1200rpm_Avv__Dvv_07,trimMA342_1200rpm_Avv__Dvv_07:105000,105000,108000,5,1,3000,1200
k2,validation,trimMA342_1200rpm_Avv__Dvv_07,trimMA342_1200rpm_Avv__Dvv_07:108000,108000,111000,5,1,3000,1200
k2,validation,trimMA342_1200rpm_Avv__Dvv_07,trimMA342_1200rpm_Avv__Dvv_07:111000,111000,114000,5,1,3000,1200
k2,validation,trimMA342_1200rpm_Avv__Dvv_07,trimMA342_1200rpm_Avv__Dvv_07:114000,114000,117000,5,1,3000,1200
k2,validation,trimMA342_1200rpm_Avv__Dvv_07,trimMA342_1200rpm_Avv__Dvv_07:117000,117000,120000,5,1,3000,1200
k2,validation,trimMA342_1200rpm_Avv__Dvv_07,trimMA342_1200rpm_Avv__Dvv_07:120000,120000,123000,5,1,3000,1200
k2,validation,trimMA342_1200rpm_Avv__Dvv_07,trimMA342_1200rpm_Avv__Dvv_07:123000,123000,126000,5,1,3000,1200
k2,validation,trimMA342_1200rpm_Avv__Dvv_07,trimMA342_1200rpm_Avv__Dvv_07:126000,126000,129000,5,1,3000,1200
k2,validation,trimMA342_1200rpm_Avv__Dvv_07,trimMA342_1200rpm_Avv__Dvv_07:129000,129000,132000,5,1,3000,1200
k2,validation,trimMA342_1200rpm_Avv__Dvv_07,trimMA342_1200rpm_Avv__Dvv_07:132000,132000,135000,5,1,3000,1200
k2,validation,trimMA342_1200rpm_Avv__Dvv_07,trimMA342_1200rpm_Avv__Dvv_07:135000,135000,138000,5,1,3000,1200
k2,validation,trimMA342_1200rpm_Avv__Dvv_07,trimMA342_1200rpm_Avv__Dvv_07:138000,138000,141000,5,1,3000,1200
k2,validation,trimMA342_1200rpm_Avv__Dvv_07,trimMA342_1200rpm_Avv__Dvv_07:141000,141000,144000,5,1,3000,1200
k2,validation,trimMA342_1200rpm_Avv__Dvv_07,trimMA342_1200rpm_Avv__Dvv_07:144000,144000,147000,5,1,3000,1200
k2,validation,trimMA342_1200rpm_Avv__Dvv_07,trimMA342_1200rpm_Avv__Dvv_07:147000,147000,150000,5,1,3000,1200
k2,validation,trimMA342_1200rpm_Avv__Dvv_07,trimMA342_1200rpm_Avv__Dvv_07:150000,150000,153000,5,1,3000,1200
k2,validation,trimMA342_1200rpm_Avv__Dvv_07,trimMA342_1200rpm_Avv__Dvv_07:153000,153000,156000,5,1,3000,1200
k2,validation,trimMA342_1200rpm_Avv__Dvv_07,trimMA342_1200rpm_Avv__Dvv_07:156000,156000,159000,5,1,3000,1200
k2,validation,trimMA342_1200rpm_Avv__Dvv_07,trimMA342_1200rpm_Avv__Dvv_07:159000,159000,162000,5,1,3000,1200
k2,validation,trimMA342_1200rpm_Avv__Dvv_07,trimMA342_1200rpm_Avv__Dvv_07:162000,162000,165000,5,1,3000,1200
k2,validation,trimMA342_1200rpm_Avv__Dvv_07,trimMA342_1200rpm_Avv__Dvv_07:165000,165000,168000,5,1,3000,1200
k2,validation,trimMA342_1200rpm_Avv__Dvv_07,trimMA342_1200rpm_Avv__Dvv_07:168000,168000,171000,5,1,3000,1200
k2,validation,trimMA342_1200rpm_Avv__Dvv_07,trimMA342_1200rpm_Avv__Dvv_07:171000,171000,174000,5,1,3000,1200
k2,validation,trimMA342_1200rpm_Avv__Dvv_07,trimMA342_1200rpm_Avv__Dvv_07:174000,174000,177000,5,1,3000,1200
k2,validation,trimMA342_1200rpm_Avv__Dvv_07,trimMA342_1200rpm_Avv__Dvv_07:177000,177000,180000,5,1,3000,1200
k2,validation,trimMA342_1200rpm_Avv__Dvv_07,trimMA342_1200rpm_Avv__Dvv_07:180000,180000,183000,5,1,3000,1200
k2,validation,trimMA342_1200rpm_Avv__Dvv_07,trimMA342_1200rpm_Avv__Dvv_07:183000,183000,186000,5,1,3000,1200
k2,validation,trimMA342_1200rpm_Avv__Dvv_07,trimMA342_1200rpm_Avv__Dvv_07:186000,186000,189000,5,1,3000,1200
k2,validation,trimMA342_1200rpm_Avv__Dvv_07,trimMA342_1200rpm_Avv__Dvv_07:189000,189000,192000,5,1,3000,1200
k2,validation,trimMA342_1200rpm_Avv__Dvv_07,trimMA342_1200rpm_Avv__Dvv_07:192000,192000,195000,5,1,3000,1200
k2,validation,trimMA342_1200rpm_Avv__Dvv_07,trimMA342_1200rpm_Avv__Dvv_07:195000,195000,198000,5,1,3000,1200
k2,validation,trimMA342_1200rpm_Avv__Dvv_07,trimMA342_1200rpm_Avv__Dvv_07:198000,198000,201000,5,1,3000,1200
k2,validation,trimMA342_1200rpm_Avv__Dvv_07,trimMA342_1200rpm_Avv__Dvv_07:201000,201000,204000,5,1,3000,1200
k2,validation,trimMA342_1200rpm_Avv__Dvv_07,trimMA342_1200rpm_Avv__Dvv_07:204000,204000,207000,5,1,3000,1200
k2,validation,trimMA342_1200rpm_Avv__Dvv_07,trimMA342_1200rpm_Avv__Dvv_07:207000,207000,210000,5,1,3000,1200
k2,validation,trimMA342_1200rpm_Avv__Dvv_07,trimMA342_1200rpm_Avv__Dvv_07:210000,210000,213000,5,1,3000,1200
k2,validation,trimMA342_1200rpm_Avv__Dvv_07,trimMA342_1200rpm_Avv__Dvv_07:213000,213000,216000,5,1,3000,1200
k2,validation,trimMA342_1200rpm_Avv__Dvv_07,trimMA342_1200rpm_Avv__Dvv_07:216000,216000,219000,5,1,3000,1200
k2,validation,trimMA342_1200rpm_Avv__Dvv_07,trimMA342_1200rpm_Avv__Dvv_07:219000,219000,222000,5,1,3000,1200
k2,validation,trimMA342_1200rpm_Avv__Dvv_07,trimMA342_1200rpm_Avv__Dvv_07:222000,222000,225000,5,1,3000,1200
k2,validation,trimMA342_1200rpm_Avv__Dvv_07,trimMA342_1200rpm_Avv__Dvv_07:225000,225000,228000,5,1,3000,1200
k2,validation,trimMA342_1200rpm_Avv__Dvv_07,trimMA342_1200rpm_Avv__Dvv_07:228000,228000,231000,5,1,3000,1200
k2,validation,trimMA342_1200rpm_Avv__Dvv_07,trimMA342_1200rpm_Avv__Dvv_07:231000,231000,234000,5,1,3000,1200
k2,validation,trimMA342_1200rpm_Avv__Dvv_07,trimMA342_1200rpm_Avv__Dvv_07:234000,234000,237000,5,1,3000,1200
k2,validation,trimMA342_1200rpm_Avv__Dvv_07,trimMA342_1200rpm_Avv__Dvv_07:237000,237000,240000,5,1,3000,1200
k2,validation,trimMA342_1200rpm_Avv__Dvv_07,trimMA342_1200rpm_Avv__Dvv_07:240000,240000,243000,5,1,3000,1200
k2,validation,trimMA342_1200rpm_Avv__Dvv_07,trimMA342_1200rpm_Avv__Dvv_07:243000,243000,246000,5,1,3000,1200
k2,validation,trimMA342_1200rpm_Avv__Dvv_07,trimMA342_1200rpm_Avv__Dvv_07:246000,246000,249000,5,1,3000,1200
k2,validation,trimMA342_1200rpm_Avv__Dvv_07,trimMA342_1200rpm_Avv__Dvv_07:249000,249000,252000,5,1,3000,1200
k2,validation,trimMA342_1200rpm_Avv__Dvv_07,trimMA342_1200rpm_Avv__Dvv_07:252000,252000,255000,5,1,3000,1200
k2,validation,trimMA342_1200rpm_Avv__Dvv_07,trimMA342_1200rpm_Avv__Dvv_07:255000,255000,258000,5,1,3000,1200
k2,validation,trimMA342_1200rpm_Avv__Dvv_07,trimMA342_1200rpm_Avv__Dvv_07:258000,258000,261000,5,1,3000,1200
k2,validation,trimMA342_1200rpm_Avv__Dvv_07,trimMA342_1200rpm_Avv__Dvv_07:261000,261000,264000,5,1,3000,1200
k2,validation,trimMA342_1200rpm_Avv__Dvv_07,trimMA342_1200rpm_Avv__Dvv_07:264000,264000,267000,5,1,3000,1200
k2,validation,trimMA342_1200rpm_Avv__Dvv_07,trimMA342_1200rpm_Avv__Dvv_07:267000,267000,270000,5,1,3000,1200
k2,validation,trimMA342_1200rpm_Avv__Dvv_07,trimMA342_1200rpm_Avv__Dvv_07:270000,270000,273000,5,1,3000,1200
k2,validation,trimMA342_1200rpm_Avv__Dvv_07,trimMA342_1200rpm_Avv__Dvv_07:273000,273000,276000,5,1,3000,1200
k2,validation,trimMA342_1200rpm_Avv__Dvv_07,trimMA342_1200rpm_Avv__Dvv_07:276000,276000,279000,5,1,3000,1200
k2,validation,trimMA342_1200rpm_Avv__Dvv_07,trimMA342_1200rpm_Avv__Dvv_07:279000,279000,282000,5,1,3000,1200
k2,validation,trimMA342_1200rpm_Avv__Dvv_08,trimMA342_1200rpm_Avv__Dvv_08:0,0,3000,5,1,3000,1200
k2,validation,trimMA342_1200rpm_Avv__Dvv_08,trimMA342_1200rpm_Avv__Dvv_08:3000,3000,6000,5,1,3000,1200
k2,validation,trimMA342_1200rpm_Avv__Dvv_08,trimMA342_1200rpm_Avv__Dvv_08:6000,6000,9000,5,1,3000,1200
k2,validation,trimMA342_1200rpm_Avv__Dvv_08,trimMA342_1200rpm_Avv__Dvv_08:9000,9000,12000,5,1,3000,1200
k2,validation,trimMA342_1200rpm_Avv__Dvv_08,trimMA342_1200rpm_Avv__Dvv_08:12000,12000,15000,5,1,3000,1200
k2,validation,trimMA342_1200rpm_Avv__Dvv_08,trimMA342_1200rpm_Avv__Dvv_08:15000,15000,18000,5,1,3000,1200
k2,validation,trimMA342_1200rpm_Avv__Dvv_08,trimMA342_1200rpm_Avv__Dvv_08:18000,18000,21000,5,1,3000,1200
k2,validation,trimMA342_1200rpm_Avv__Dvv_08,trimMA342_1200rpm_Avv__Dvv_08:21000,21000,24000,5,1,3000,1200
k2,validation,trimMA342_1200rpm_Avv__Dvv_08,trimMA342_1200rpm_Avv__Dvv_08:24000,24000,27000,5,1,3000,1200
k2,validation,trimMA342_1200rpm_Avv__Dvv_08,trimMA342_1200rpm_Avv__Dvv_08:27000,27000,30000,5,1,3000,1200
k2,validation,trimMA342_1200rpm_Avv__Dvv_08,trimMA342_1200rpm_Avv__Dvv_08:30000,30000,33000,5,1,3000,1200
k2,validation,trimMA342_1200rpm_Avv__Dvv_08,trimMA342_1200rpm_Avv__Dvv_08:33000,33000,36000,5,1,3000,1200
k2,validation,trimMA342_1200rpm_Avv__Dvv_08,trimMA342_1200rpm_Avv__Dvv_08:36000,36000,39000,5,1,3000,1200
k2,validation,trimMA342_1200rpm_Avv__Dvv_08,trimMA342_1200rpm_Avv__Dvv_08:39000,39000,42000,5,1,3000,1200
k2,validation,trimMA342_1200rpm_Avv__Dvv_08,trimMA342_1200rpm_Avv__Dvv_08:42000,42000,45000,5,1,3000,1200
k2,validation,trimMA342_1200rpm_Avv__Dvv_08,trimMA342_1200rpm_Avv__Dvv_08:45000,45000,48000,5,1,3000,1200
k2,validation,trimMA342_1200rpm_Avv__Dvv_08,trimMA342_1200rpm_Avv__Dvv_08:48000,48000,51000,5,1,3000,1200
k2,validation,trimMA342_1200rpm_Avv__Dvv_08,trimMA342_1200rpm_Avv__Dvv_08:51000,51000,54000,5,1,3000,1200
k2,validation,trimMA342_1200rpm_Avv__Dvv_08,trimMA342_1200rpm_Avv__Dvv_08:54000,54000,57000,5,1,3000,1200
k2,validation,trimMA342_1200rpm_Avv__Dvv_08,trimMA342_1200rpm_Avv__Dvv_08:57000,57000,60000,5,1,3000,1200
k2,validation,trimMA342_1200rpm_Avv__Dvv_08,trimMA342_1200rpm_Avv__Dvv_08:60000,60000,63000,5,1,3000,1200
k2,validation,trimMA342_1200rpm_Avv__Dvv_08,trimMA342_1200rpm_Avv__Dvv_08:63000,63000,66000,5,1,3000,1200
k2,validation,trimMA342_1200rpm_Avv__Dvv_08,trimMA342_1200rpm_Avv__Dvv_08:66000,66000,69000,5,1,3000,1200
k2,validation,trimMA342_1200rpm_Avv__Dvv_08,trimMA342_1200rpm_Avv__Dvv_08:69000,69000,72000,5,1,3000,1200
k2,validation,trimMA342_1200rpm_Avv__Dvv_08,trimMA342_1200rpm_Avv__Dvv_08:72000,72000,75000,5,1,3000,1200
k2,validation,trimMA342_1200rpm_Avv__Dvv_08,trimMA342_1200rpm_Avv__Dvv_08:75000,75000,78000,5,1,3000,1200
k2,validation,trimMA342_1200rpm_Avv__Dvv_08,trimMA342_1200rpm_Avv__Dvv_08:78000,78000,81000,5,1,3000,1200
k2,validation,trimMA342_1200rpm_Avv__Dvv_08,trimMA342_1200rpm_Avv__Dvv_08:81000,81000,84000,5,1,3000,1200
k2,validation,trimMA342_1200rpm_Avv__Dvv_08,trimMA342_1200rpm_Avv__Dvv_08:84000,84000,87000,5,1,3000,1200
k2,validation,trimMA342_1200rpm_Avv__Dvv_08,trimMA342_1200rpm_Avv__Dvv_08:87000,87000,90000,5,1,3000,1200
k2,validation,trimMA342_1200rpm_Avv__Dvv_08,trimMA342_1200rpm_Avv__Dvv_08:90000,90000,93000,5,1,3000,1200
k2,validation,trimMA342_1200rpm_Avv__Dvv_08,trimMA342_1200rpm_Avv__Dvv_08:93000,93000,96000,5,1,3000,1200
k2,validation,trimMA342_1200rpm_Avv__Dvv_08,trimMA342_1200rpm_Avv__Dvv_08:96000,96000,99000,5,1,3000,1200
k2,validation,trimMA342_1200rpm_Avv__Dvv_08,trimMA342_1200rpm_Avv__Dvv_08:99000,99000,102000,5,1,3000,1200
k2,validation,trimMA342_1200rpm_Avv__Dvv_08,trimMA342_1200rpm_Avv__Dvv_08:102000,102000,105000,5,1,3000,1200
k2,validation,trimMA342_1200rpm_Avv__Dvv_08,trimMA342_1200rpm_Avv__Dvv_08:105000,105000,108000,5,1,3000,1200
k2,validation,trimMA342_1200rpm_Avv__Dvv_08,trimMA342_1200rpm_Avv__Dvv_08:108000,108000,111000,5,1,3000,1200
k2,validation,trimMA342_1200rpm_Avv__Dvv_08,trimMA342_1200rpm_Avv__Dvv_08:111000,111000,114000,5,1,3000,1200
k2,validation,trimMA342_1200rpm_Avv__Dvv_08,trimMA342_1200rpm_Avv__Dvv_08:114000,114000,117000,5,1,3000,1200
k2,validation,trimMA342_1200rpm_Avv__Dvv_08,trimMA342_1200rpm_Avv__Dvv_08:117000,117000,120000,5,1,3000,1200
k2,validation,trimMA342_1200rpm_Avv__Dvv_08,trimMA342_1200rpm_Avv__Dvv_08:120000,120000,123000,5,1,3000,1200
k2,validation,trimMA342_1200rpm_Avv__Dvv_08,trimMA342_1200rpm_Avv__Dvv_08:123000,123000,126000,5,1,3000,1200
k2,validation,trimMA342_1200rpm_Avv__Dvv_08,trimMA342_1200rpm_Avv__Dvv_08:126000,126000,129000,5,1,3000,1200
k2,validation,trimMA342_1200rpm_Avv__Dvv_08,trimMA342_1200rpm_Avv__Dvv_08:129000,129000,132000,5,1,3000,1200
k2,validation,trimMA342_1200rpm_Avv__Dvv_08,trimMA342_1200rpm_Avv__Dvv_08:132000,132000,135000,5,1,3000,1200
k2,validation,trimMA342_1200rpm_Avv__Dvv_08,trimMA342_1200rpm_Avv__Dvv_08:135000,135000,138000,5,1,3000,1200
k2,validation,trimMA342_1200rpm_Avv__Dvv_08,trimMA342_1200rpm_Avv__Dvv_08:138000,138000,141000,5,1,3000,1200
k2,validation,trimMA342_1200rpm_Avv__Dvv_08,trimMA342_1200rpm_Avv__Dvv_08:141000,141000,144000,5,1,3000,1200
k2,validation,trimMA342_1200rpm_Avv__Dvv_08,trimMA342_1200rpm_Avv__Dvv_08:144000,144000,147000,5,1,3000,1200
k2,validation,trimMA342_1200rpm_Avv__Dvv_08,trimMA342_1200rpm_Avv__Dvv_08:147000,147000,150000,5,1,3000,1200
k2,validation,trimMA342_1200rpm_Avv__Dvv_08,trimMA342_1200rpm_Avv__Dvv_08:150000,150000,153000,5,1,3000,1200
k2,validation,trimMA342_1200rpm_Avv__Dvv_08,trimMA342_1200rpm_Avv__Dvv_08:153000,153000,156000,5,1,3000,1200
k2,validation,trimMA342_1200rpm_Avv__Dvv_08,trimMA342_1200rpm_Avv__Dvv_08:156000,156000,159000,5,1,3000,1200
k2,validation,trimMA342_1200rpm_Avv__Dvv_08,trimMA342_1200rpm_Avv__Dvv_08:159000,159000,162000,5,1,3000,1200
k2,validation,trimMA342_1200rpm_Avv__Dvv_08,trimMA342_1200rpm_Avv__Dvv_08:162000,162000,165000,5,1,3000,1200
k2,validation,trimMA342_1200rpm_Avv__Dvv_08,trimMA342_1200rpm_Avv__Dvv_08:165000,165000,168000,5,1,3000,1200
k2,validation,trimMA342_1200rpm_Avv__Dvv_08,trimMA342_1200rpm_Avv__Dvv_08:168000,168000,171000,5,1,3000,1200
k2,validation,trimMA342_1200rpm_Avv__Dvv_08,trimMA342_1200rpm_Avv__Dvv_08:171000,171000,174000,5,1,3000,1200
k2,validation,trimMA342_1200rpm_Avv__Dvv_08,trimMA342_1200rpm_Avv__Dvv_08:174000,174000,177000,5,1,3000,1200
k2,validation,trimMA342_1200rpm_Avv__Dvv_08,trimMA342_1200rpm_Avv__Dvv_08:177000,177000,180000,5,1,3000,1200
k2,validation,trimMA342_1200rpm_Avv__Dvv_08,trimMA342_1200rpm_Avv__Dvv_08:180000,180000,183000,5,1,3000,1200
k2,validation,trimMA342_1200rpm_Avv__Dvv_08,trimMA342_1200rpm_Avv__Dvv_08:183000,183000,186000,5,1,3000,1200
k2,validation,trimMA342_1200rpm_Avv__Dvv_08,trimMA342_1200rpm_Avv__Dvv_08:186000,186000,189000,5,1,3000,1200
k2,validation,trimMA342_1200rpm_Avv__Dvv_08,trimMA342_1200rpm_Avv__Dvv_08:189000,189000,192000,5,1,3000,1200
k2,validation,trimMA342_1200rpm_Avv__Dvv_08,trimMA342_1200rpm_Avv__Dvv_08:192000,192000,195000,5,1,3000,1200
k2,validation,trimMA342_1200rpm_Avv__Dvv_08,trimMA342_1200rpm_Avv__Dvv_08:195000,195000,198000,5,1,3000,1200
k2,validation,trimMA342_1200rpm_Avv__Dvv_08,trimMA342_1200rpm_Avv__Dvv_08:198000,198000,201000,5,1,3000,1200
k2,validation,trimMA342_1200rpm_Avv__Dvv_08,trimMA342_1200rpm_Avv__Dvv_08:201000,201000,204000,5,1,3000,1200
k2,validation,trimMA342_1200rpm_Avv__Dvv_08,trimMA342_1200rpm_Avv__Dvv_08:204000,204000,207000,5,1,3000,1200
k2,validation,trimMA342_1200rpm_Avv__Dvv_08,trimMA342_1200rpm_Avv__Dvv_08:207000,207000,210000,5,1,3000,1200
k2,validation,trimMA342_1200rpm_Avv__Dvv_08,trimMA342_1200rpm_Avv__Dvv_08:210000,210000,213000,5,1,3000,1200
k2,validation,trimMA342_1200rpm_Avv__Dvv_08,trimMA342_1200rpm_Avv__Dvv_08:213000,213000,216000,5,1,3000,1200
k2,validation,trimMA342_1200rpm_Avv__Dvv_08,trimMA342_1200rpm_Avv__Dvv_08:216000,216000,219000,5,1,3000,1200
k2,validation,trimMA342_1200rpm_Avv__Dvv_08,trimMA342_1200rpm_Avv__Dvv_08:219000,219000,222000,5,1,3000,1200
k2,validation,trimMA342_1200rpm_Avv__Dvv_08,trimMA342_1200rpm_Avv__Dvv_08:222000,222000,225000,5,1,3000,1200
k2,validation,trimMA342_1200rpm_Avv__Dvv_08,trimMA342_1200rpm_Avv__Dvv_08:225000,225000,228000,5,1,3000,1200
k2,validation,trimMA342_1200rpm_Avv__Dvv_08,trimMA342_1200rpm_Avv__Dvv_08:228000,228000,231000,5,1,3000,1200
k2,validation,trimMA342_1200rpm_Avv__Dvv_08,trimMA342_1200rpm_Avv__Dvv_08:231000,231000,234000,5,1,3000,1200
k2,validation,trimMA342_1200rpm_Avv__Dvv_08,trimMA342_1200rpm_Avv__Dvv_08:234000,234000,237000,5,1,3000,1200
k2,validation,trimMA342_1200rpm_Avv__Dvv_08,trimMA342_1200rpm_Avv__Dvv_08:237000,237000,240000,5,1,3000,1200
k2,validation,trimMA342_1200rpm_Avv__Dvv_08,trimMA342_1200rpm_Avv__Dvv_08:240000,240000,243000,5,1,3000,1200
k2,validation,trimMA342_1200rpm_Avv__Dvv_08,trimMA342_1200rpm_Avv__Dvv_08:243000,243000,246000,5,1,3000,1200
k2,validation,trimMA342_1200rpm_Avv__Dvv_08,trimMA342_1200rpm_Avv__Dvv_08:246000,246000,249000,5,1,3000,1200
k2,validation,trimMA342_1200rpm_Avv__Dvv_08,trimMA342_1200rpm_Avv__Dvv_08:249000,249000,252000,5,1,3000,1200
k2,validation,trimMA342_1200rpm_Avv__Dvv_08,trimMA342_1200rpm_Avv__Dvv_08:252000,252000,255000,5,1,3000,1200
k2,validation,trimMA342_1200rpm_Avv__Dvv_08,trimMA342_1200rpm_Avv__Dvv_08:255000,255000,258000,5,1,3000,1200
k2,validation,trimMA342_1200rpm_Avv__Dvv_08,trimMA342_1200rpm_Avv__Dvv_08:258000,258000,261000,5,1,3000,1200
k2,validation,trimMA342_1200rpm_Avv__Dvv_08,trimMA342_1200rpm_Avv__Dvv_08:261000,261000,264000,5,1,3000,1200
k2,validation,trimMA342_1200rpm_Avv__Dvv_08,trimMA342_1200rpm_Avv__Dvv_08:264000,264000,267000,5,1,3000,1200
k2,validation,trimMA342_1200rpm_Avv__Dvv_08,trimMA342_1200rpm_Avv__Dvv_08:267000,267000,270000,5,1,3000,1200
k2,validation,trimMA342_1200rpm_Avv__Dvv_08,trimMA342_1200rpm_Avv__Dvv_08:270000,270000,273000,5,1,3000,1200
k2,validation,trimMA342_1200rpm_Avv__Dvv_08,trimMA342_1200rpm_Avv__Dvv_08:273000,273000,276000,5,1,3000,1200
k2,validation,trimMA342_1200rpm_Avv__Dvv_08,trimMA342_1200rpm_Avv__Dvv_08:276000,276000,279000,5,1,3000,1200
k2,validation,trimMA342_1200rpm_Avv__Dvv_08,trimMA342_1200rpm_Avv__Dvv_08:279000,279000,282000,5,1,3000,1200
k2,validation,trimMA342_1200rpm_Avv__Dvv_09,trimMA342_1200rpm_Avv__Dvv_09:0,0,3000,5,1,3000,1200
k2,validation,trimMA342_1200rpm_Avv__Dvv_09,trimMA342_1200rpm_Avv__Dvv_09:3000,3000,6000,5,1,3000,1200
k2,validation,trimMA342_1200rpm_Avv__Dvv_09,trimMA342_1200rpm_Avv__Dvv_09:6000,6000,9000,5,1,3000,1200
k2,validation,trimMA342_1200rpm_Avv__Dvv_09,trimMA342_1200rpm_Avv__Dvv_09:9000,9000,12000,5,1,3000,1200
k2,validation,trimMA342_1200rpm_Avv__Dvv_09,trimMA342_1200rpm_Avv__Dvv_09:12000,12000,15000,5,1,3000,1200
k2,validation,trimMA342_1200rpm_Avv__Dvv_09,trimMA342_1200rpm_Avv__Dvv_09:15000,15000,18000,5,1,3000,1200
k2,validation,trimMA342_1200rpm_Avv__Dvv_09,trimMA342_1200rpm_Avv__Dvv_09:18000,18000,21000,5,1,3000,1200
k2,validation,trimMA342_1200rpm_Avv__Dvv_09,trimMA342_1200rpm_Avv__Dvv_09:21000,21000,24000,5,1,3000,1200
k2,validation,trimMA342_1200rpm_Avv__Dvv_09,trimMA342_1200rpm_Avv__Dvv_09:24000,24000,27000,5,1,3000,1200
k2,validation,trimMA342_1200rpm_Avv__Dvv_09,trimMA342_1200rpm_Avv__Dvv_09:27000,27000,30000,5,1,3000,1200
k2,validation,trimMA342_1200rpm_Avv__Dvv_09,trimMA342_1200rpm_Avv__Dvv_09:30000,30000,33000,5,1,3000,1200
k2,validation,trimMA342_1200rpm_Avv__Dvv_09,trimMA342_1200rpm_Avv__Dvv_09:33000,33000,36000,5,1,3000,1200
k2,validation,trimMA342_1200rpm_Avv__Dvv_09,trimMA342_1200rpm_Avv__Dvv_09:36000,36000,39000,5,1,3000,1200
k2,validation,trimMA342_1200rpm_Avv__Dvv_09,trimMA342_1200rpm_Avv__Dvv_09:39000,39000,42000,5,1,3000,1200
k2,validation,trimMA342_1200rpm_Avv__Dvv_09,trimMA342_1200rpm_Avv__Dvv_09:42000,42000,45000,5,1,3000,1200
k2,validation,trimMA342_1200rpm_Avv__Dvv_09,trimMA342_1200rpm_Avv__Dvv_09:45000,45000,48000,5,1,3000,1200
k2,validation,trimMA342_1200rpm_Avv__Dvv_09,trimMA342_1200rpm_Avv__Dvv_09:48000,48000,51000,5,1,3000,1200
k2,validation,trimMA342_1200rpm_Avv__Dvv_09,trimMA342_1200rpm_Avv__Dvv_09:51000,51000,54000,5,1,3000,1200
k2,validation,trimMA342_1200rpm_Avv__Dvv_09,trimMA342_1200rpm_Avv__Dvv_09:54000,54000,57000,5,1,3000,1200
k2,validation,trimMA342_1200rpm_Avv__Dvv_09,trimMA342_1200rpm_Avv__Dvv_09:57000,57000,60000,5,1,3000,1200
k2,validation,trimMA342_1200rpm_Avv__Dvv_09,trimMA342_1200rpm_Avv__Dvv_09:60000,60000,63000,5,1,3000,1200
k2,validation,trimMA342_1200rpm_Avv__Dvv_09,trimMA342_1200rpm_Avv__Dvv_09:63000,63000,66000,5,1,3000,1200
k2,validation,trimMA342_1200rpm_Avv__Dvv_09,trimMA342_1200rpm_Avv__Dvv_09:66000,66000,69000,5,1,3000,1200
k2,validation,trimMA342_1200rpm_Avv__Dvv_09,trimMA342_1200rpm_Avv__Dvv_09:69000,69000,72000,5,1,3000,1200
k2,validation,trimMA342_1200rpm_Avv__Dvv_09,trimMA342_1200rpm_Avv__Dvv_09:72000,72000,75000,5,1,3000,1200
k2,validation,trimMA342_1200rpm_Avv__Dvv_09,trimMA342_1200rpm_Avv__Dvv_09:75000,75000,78000,5,1,3000,1200
k2,validation,trimMA342_1200rpm_Avv__Dvv_09,trimMA342_1200rpm_Avv__Dvv_09:78000,78000,81000,5,1,3000,1200
k2,validation,trimMA342_1200rpm_Avv__Dvv_09,trimMA342_1200rpm_Avv__Dvv_09:81000,81000,84000,5,1,3000,1200
k2,validation,trimMA342_1200rpm_Avv__Dvv_09,trimMA342_1200rpm_Avv__Dvv_09:84000,84000,87000,5,1,3000,1200
k2,validation,trimMA342_1200rpm_Avv__Dvv_09,trimMA342_1200rpm_Avv__Dvv_09:87000,87000,90000,5,1,3000,1200
k2,validation,trimMA342_1200rpm_Avv__Dvv_09,trimMA342_1200rpm_Avv__Dvv_09:90000,90000,93000,5,1,3000,1200
k2,validation,trimMA342_1200rpm_Avv__Dvv_09,trimMA342_1200rpm_Avv__Dvv_09:93000,93000,96000,5,1,3000,1200
k2,validation,trimMA342_1200rpm_Avv__Dvv_09,trimMA342_1200rpm_Avv__Dvv_09:96000,96000,99000,5,1,3000,1200
k2,validation,trimMA342_1200rpm_Avv__Dvv_09,trimMA342_1200rpm_Avv__Dvv_09:99000,99000,102000,5,1,3000,1200
k2,validation,trimMA342_1200rpm_Avv__Dvv_09,trimMA342_1200rpm_Avv__Dvv_09:102000,102000,105000,5,1,3000,1200
k2,validation,trimMA342_1200rpm_Avv__Dvv_09,trimMA342_1200rpm_Avv__Dvv_09:105000,105000,108000,5,1,3000,1200
k2,validation,trimMA342_1200rpm_Avv__Dvv_09,trimMA342_1200rpm_Avv__Dvv_09:108000,108000,111000,5,1,3000,1200
k2,validation,trimMA342_1200rpm_Avv__Dvv_09,trimMA342_1200rpm_Avv__Dvv_09:111000,111000,114000,5,1,3000,1200
k2,validation,trimMA342_1200rpm_Avv__Dvv_09,trimMA342_1200rpm_Avv__Dvv_09:114000,114000,117000,5,1,3000,1200
k2,validation,trimMA342_1200rpm_Avv__Dvv_09,trimMA342_1200rpm_Avv__Dvv_09:117000,117000,120000,5,1,3000,1200
k2,validation,trimMA342_1200rpm_Avv__Dvv_09,trimMA342_1200rpm_Avv__Dvv_09:120000,120000,123000,5,1,3000,1200
k2,validation,trimMA342_1200rpm_Avv__Dvv_09,trimMA342_1200rpm_Avv__Dvv_09:123000,123000,126000,5,1,3000,1200
k2,validation,trimMA342_1200rpm_Avv__Dvv_09,trimMA342_1200rpm_Avv__Dvv_09:126000,126000,129000,5,1,3000,1200
k2,validation,trimMA342_1200rpm_Avv__Dvv_09,trimMA342_1200rpm_Avv__Dvv_09:129000,129000,132000,5,1,3000,1200
k2,validation,trimMA342_1200rpm_Avv__Dvv_09,trimMA342_1200rpm_Avv__Dvv_09:132000,132000,135000,5,1,3000,1200
k2,validation,trimMA342_1200rpm_Avv__Dvv_09,trimMA342_1200rpm_Avv__Dvv_09:135000,135000,138000,5,1,3000,1200
k2,validation,trimMA342_1200rpm_Avv__Dvv_09,trimMA342_1200rpm_Avv__Dvv_09:138000,138000,141000,5,1,3000,1200
k2,validation,trimMA342_1200rpm_Avv__Dvv_09,trimMA342_1200rpm_Avv__Dvv_09:141000,141000,144000,5,1,3000,1200
k2,validation,trimMA342_1200rpm_Avv__Dvv_09,trimMA342_1200rpm_Avv__Dvv_09:144000,144000,147000,5,1,3000,1200
k2,validation,trimMA342_1200rpm_Avv__Dvv_09,trimMA342_1200rpm_Avv__Dvv_09:147000,147000,150000,5,1,3000,1200
k2,validation,trimMA342_1200rpm_Avv__Dvv_09,trimMA342_1200rpm_Avv__Dvv_09:150000,150000,153000,5,1,3000,1200
k2,validation,trimMA342_1200rpm_Avv__Dvv_09,trimMA342_1200rpm_Avv__Dvv_09:153000,153000,156000,5,1,3000,1200
k2,validation,trimMA342_1200rpm_Avv__Dvv_09,trimMA342_1200rpm_Avv__Dvv_09:156000,156000,159000,5,1,3000,1200
k2,validation,trimMA342_1200rpm_Avv__Dvv_09,trimMA342_1200rpm_Avv__Dvv_09:159000,159000,162000,5,1,3000,1200
k2,validation,trimMA342_1200rpm_Avv__Dvv_09,trimMA342_1200rpm_Avv__Dvv_09:162000,162000,165000,5,1,3000,1200
k2,validation,trimMA342_1200rpm_Avv__Dvv_09,trimMA342_1200rpm_Avv__Dvv_09:165000,165000,168000,5,1,3000,1200
k2,validation,trimMA342_1200rpm_Avv__Dvv_09,trimMA342_1200rpm_Avv__Dvv_09:168000,168000,171000,5,1,3000,1200
k2,validation,trimMA342_1200rpm_Avv__Dvv_09,trimMA342_1200rpm_Avv__Dvv_09:171000,171000,174000,5,1,3000,1200
k2,validation,trimMA342_1200rpm_Avv__Dvv_09,trimMA342_1200rpm_Avv__Dvv_09:174000,174000,177000,5,1,3000,1200
k2,validation,trimMA342_1200rpm_Avv__Dvv_09,trimMA342_1200rpm_Avv__Dvv_09:177000,177000,180000,5,1,3000,1200
k2,validation,trimMA342_1200rpm_Avv__Dvv_09,trimMA342_1200rpm_Avv__Dvv_09:180000,180000,183000,5,1,3000,1200
k2,validation,trimMA342_1200rpm_Avv__Dvv_09,trimMA342_1200rpm_Avv__Dvv_09:183000,183000,186000,5,1,3000,1200
k2,validation,trimMA342_1200rpm_Avv__Dvv_09,trimMA342_1200rpm_Avv__Dvv_09:186000,186000,189000,5,1,3000,1200
k2,validation,trimMA342_1200rpm_Avv__Dvv_09,trimMA342_1200rpm_Avv__Dvv_09:189000,189000,192000,5,1,3000,1200
k2,validation,trimMA342_1200rpm_Avv__Dvv_09,trimMA342_1200rpm_Avv__Dvv_09:192000,192000,195000,5,1,3000,1200
k2,validation,trimMA342_1200rpm_Avv__Dvv_09,trimMA342_1200rpm_Avv__Dvv_09:195000,195000,198000,5,1,3000,1200
k2,validation,trimMA342_1200rpm_Avv__Dvv_09,trimMA342_1200rpm_Avv__Dvv_09:198000,198000,201000,5,1,3000,1200
k2,validation,trimMA342_1200rpm_Avv__Dvv_09,trimMA342_1200rpm_Avv__Dvv_09:201000,201000,204000,5,1,3000,1200
k2,validation,trimMA342_1200rpm_Avv__Dvv_09,trimMA342_1200rpm_Avv__Dvv_09:204000,204000,207000,5,1,3000,1200
k2,validation,trimMA342_1200rpm_Avv__Dvv_09,trimMA342_1200rpm_Avv__Dvv_09:207000,207000,210000,5,1,3000,1200
k2,validation,trimMA342_1200rpm_Avv__Dvv_09,trimMA342_1200rpm_Avv__Dvv_09:210000,210000,213000,5,1,3000,1200
k2,validation,trimMA342_1200rpm_Avv__Dvv_09,trimMA342_1200rpm_Avv__Dvv_09:213000,213000,216000,5,1,3000,1200
k2,validation,trimMA342_1200rpm_Avv__Dvv_09,trimMA342_1200rpm_Avv__Dvv_09:216000,216000,219000,5,1,3000,1200
k2,validation,trimMA342_1200rpm_Avv__Dvv_09,trimMA342_1200rpm_Avv__Dvv_09:219000,219000,222000,5,1,3000,1200
k2,validation,trimMA342_1200rpm_Avv__Dvv_09,trimMA342_1200rpm_Avv__Dvv_09:222000,222000,225000,5,1,3000,1200
k2,validation,trimMA342_1200rpm_Avv__Dvv_09,trimMA342_1200rpm_Avv__Dvv_09:225000,225000,228000,5,1,3000,1200
k2,validation,trimMA342_1200rpm_Avv__Dvv_09,trimMA342_1200rpm_Avv__Dvv_09:228000,228000,231000,5,1,3000,1200
k2,validation,trimMA342_1200rpm_Avv__Dvv_09,trimMA342_1200rpm_Avv__Dvv_09:231000,231000,234000,5,1,3000,1200
k2,validation,trimMA342_1200rpm_Avv__Dvv_09,trimMA342_1200rpm_Avv__Dvv_09:234000,234000,237000,5,1,3000,1200
k2,validation,trimMA342_1200rpm_Avv__Dvv_09,trimMA342_1200rpm_Avv__Dvv_09:237000,237000,240000,5,1,3000,1200
k2,validation,trimMA342_1200rpm_Avv__Dvv_09,trimMA342_1200rpm_Avv__Dvv_09:240000,240000,243000,5,1,3000,1200
k2,validation,trimMA342_1200rpm_Avv__Dvv_09,trimMA342_1200rpm_Avv__Dvv_09:243000,243000,246000,5,1,3000,1200
k2,validation,trimMA342_1200rpm_Avv__Dvv_09,trimMA342_1200rpm_Avv__Dvv_09:246000,246000,249000,5,1,3000,1200
k2,validation,trimMA342_1200rpm_Avv__Dvv_09,trimMA342_1200rpm_Avv__Dvv_09:249000,249000,252000,5,1,3000,1200
k2,validation,trimMA342_1200rpm_Avv__Dvv_09,trimMA342_1200rpm_Avv__Dvv_09:252000,252000,255000,5,1,3000,1200
k2,validation,trimMA342_1200rpm_Avv__Dvv_09,trimMA342_1200rpm_Avv__Dvv_09:255000,255000,258000,5,1,3000,1200
k2,validation,trimMA342_1200rpm_Avv__Dvv_09,trimMA342_1200rpm_Avv__Dvv_09:258000,258000,261000,5,1,3000,1200
k2,validation,trimMA342_1200rpm_Avv__Dvv_09,trimMA342_1200rpm_Avv__Dvv_09:261000,261000,264000,5,1,3000,1200
k2,validation,trimMA342_1200rpm_Avv__Dvv_09,trimMA342_1200rpm_Avv__Dvv_09:264000,264000,267000,5,1,3000,1200
k2,validation,trimMA342_1200rpm_Avv__Dvv_09,trimMA342_1200rpm_Avv__Dvv_09:267000,267000,270000,5,1,3000,1200
k2,validation,trimMA342_1200rpm_Avv__Dvv_09,trimMA342_1200rpm_Avv__Dvv_09:270000,270000,273000,5,1,3000,1200
k2,validation,trimMA342_1200rpm_Avv__Dvv_09,trimMA342_1200rpm_Avv__Dvv_09:273000,273000,276000,5,1,3000,1200
k2,validation,trimMA342_1200rpm_Avv__Dvv_09,trimMA342_1200rpm_Avv__Dvv_09:276000,276000,279000,5,1,3000,1200
k2,validation,trimMA342_1200rpm_Avv__Dvv_09,trimMA342_1200rpm_Avv__Dvv_09:279000,279000,282000,5,1,3000,1200
k2,validation,trimMA342_1200rpm_Avv__Dvv_11,trimMA342_1200rpm_Avv__Dvv_11:0,0,3000,5,1,3000,1200
k2,validation,trimMA342_1200rpm_Avv__Dvv_11,trimMA342_1200rpm_Avv__Dvv_11:3000,3000,6000,5,1,3000,1200
k2,validation,trimMA342_1200rpm_Avv__Dvv_11,trimMA342_1200rpm_Avv__Dvv_11:6000,6000,9000,5,1,3000,1200
k2,validation,trimMA342_1200rpm_Avv__Dvv_11,trimMA342_1200rpm_Avv__Dvv_11:9000,9000,12000,5,1,3000,1200
k2,validation,trimMA342_1200rpm_Avv__Dvv_11,trimMA342_1200rpm_Avv__Dvv_11:12000,12000,15000,5,1,3000,1200
k2,validation,trimMA342_1200rpm_Avv__Dvv_11,trimMA342_1200rpm_Avv__Dvv_11:15000,15000,18000,5,1,3000,1200
k2,validation,trimMA342_1200rpm_Avv__Dvv_11,trimMA342_1200rpm_Avv__Dvv_11:18000,18000,21000,5,1,3000,1200
k2,validation,trimMA342_1200rpm_Avv__Dvv_11,trimMA342_1200rpm_Avv__Dvv_11:21000,21000,24000,5,1,3000,1200
k2,validation,trimMA342_1200rpm_Avv__Dvv_11,trimMA342_1200rpm_Avv__Dvv_11:24000,24000,27000,5,1,3000,1200
k2,validation,trimMA342_1200rpm_Avv__Dvv_11,trimMA342_1200rpm_Avv__Dvv_11:27000,27000,30000,5,1,3000,1200
k2,validation,trimMA342_1200rpm_Avv__Dvv_11,trimMA342_1200rpm_Avv__Dvv_11:30000,30000,33000,5,1,3000,1200
k2,validation,trimMA342_1200rpm_Avv__Dvv_11,trimMA342_1200rpm_Avv__Dvv_11:33000,33000,36000,5,1,3000,1200
k2,validation,trimMA342_1200rpm_Avv__Dvv_11,trimMA342_1200rpm_Avv__Dvv_11:36000,36000,39000,5,1,3000,1200
k2,validation,trimMA342_1200rpm_Avv__Dvv_11,trimMA342_1200rpm_Avv__Dvv_11:39000,39000,42000,5,1,3000,1200
k2,validation,trimMA342_1200rpm_Avv__Dvv_11,trimMA342_1200rpm_Avv__Dvv_11:42000,42000,45000,5,1,3000,1200
k2,validation,trimMA342_1200rpm_Avv__Dvv_11,trimMA342_1200rpm_Avv__Dvv_11:45000,45000,48000,5,1,3000,1200
k2,validation,trimMA342_1200rpm_Avv__Dvv_11,trimMA342_1200rpm_Avv__Dvv_11:48000,48000,51000,5,1,3000,1200
k2,validation,trimMA342_1200rpm_Avv__Dvv_11,trimMA342_1200rpm_Avv__Dvv_11:51000,51000,54000,5,1,3000,1200
k2,validation,trimMA342_1200rpm_Avv__Dvv_11,trimMA342_1200rpm_Avv__Dvv_11:54000,54000,57000,5,1,3000,1200
k2,validation,trimMA342_1200rpm_Avv__Dvv_11,trimMA342_1200rpm_Avv__Dvv_11:57000,57000,60000,5,1,3000,1200
k2,validation,trimMA342_1200rpm_Avv__Dvv_11,trimMA342_1200rpm_Avv__Dvv_11:60000,60000,63000,5,1,3000,1200
k2,validation,trimMA342_1200rpm_Avv__Dvv_11,trimMA342_1200rpm_Avv__Dvv_11:63000,63000,66000,5,1,3000,1200
k2,validation,trimMA342_1200rpm_Avv__Dvv_11,trimMA342_1200rpm_Avv__Dvv_11:66000,66000,69000,5,1,3000,1200
k2,validation,trimMA342_1200rpm_Avv__Dvv_11,trimMA342_1200rpm_Avv__Dvv_11:69000,69000,72000,5,1,3000,1200
k2,validation,trimMA342_1200rpm_Avv__Dvv_11,trimMA342_1200rpm_Avv__Dvv_11:72000,72000,75000,5,1,3000,1200
k2,validation,trimMA342_1200rpm_Avv__Dvv_11,trimMA342_1200rpm_Avv__Dvv_11:75000,75000,78000,5,1,3000,1200
k2,validation,trimMA342_1200rpm_Avv__Dvv_11,trimMA342_1200rpm_Avv__Dvv_11:78000,78000,81000,5,1,3000,1200
k2,validation,trimMA342_1200rpm_Avv__Dvv_11,trimMA342_1200rpm_Avv__Dvv_11:81000,81000,84000,5,1,3000,1200
k2,validation,trimMA342_1200rpm_Avv__Dvv_11,trimMA342_1200rpm_Avv__Dvv_11:84000,84000,87000,5,1,3000,1200
k2,validation,trimMA342_1200rpm_Avv__Dvv_11,trimMA342_1200rpm_Avv__Dvv_11:87000,87000,90000,5,1,3000,1200
k2,validation,trimMA342_1200rpm_Avv__Dvv_11,trimMA342_1200rpm_Avv__Dvv_11:90000,90000,93000,5,1,3000,1200
k2,validation,trimMA342_1200rpm_Avv__Dvv_11,trimMA342_1200rpm_Avv__Dvv_11:93000,93000,96000,5,1,3000,1200
k2,validation,trimMA342_1200rpm_Avv__Dvv_11,trimMA342_1200rpm_Avv__Dvv_11:96000,96000,99000,5,1,3000,1200
k2,validation,trimMA342_1200rpm_Avv__Dvv_11,trimMA342_1200rpm_Avv__Dvv_11:99000,99000,102000,5,1,3000,1200
k2,validation,trimMA342_1200rpm_Avv__Dvv_11,trimMA342_1200rpm_Avv__Dvv_11:102000,102000,105000,5,1,3000,1200
k2,validation,trimMA342_1200rpm_Avv__Dvv_11,trimMA342_1200rpm_Avv__Dvv_11:105000,105000,108000,5,1,3000,1200
k2,validation,trimMA342_1200rpm_Avv__Dvv_11,trimMA342_1200rpm_Avv__Dvv_11:108000,108000,111000,5,1,3000,1200
k2,validation,trimMA342_1200rpm_Avv__Dvv_11,trimMA342_1200rpm_Avv__Dvv_11:111000,111000,114000,5,1,3000,1200
k2,validation,trimMA342_1200rpm_Avv__Dvv_11,trimMA342_1200rpm_Avv__Dvv_11:114000,114000,117000,5,1,3000,1200
k2,validation,trimMA342_1200rpm_Avv__Dvv_11,trimMA342_1200rpm_Avv__Dvv_11:117000,117000,120000,5,1,3000,1200
k2,validation,trimMA342_1200rpm_Avv__Dvv_11,trimMA342_1200rpm_Avv__Dvv_11:120000,120000,123000,5,1,3000,1200
k2,validation,trimMA342_1200rpm_Avv__Dvv_11,trimMA342_1200rpm_Avv__Dvv_11:123000,123000,126000,5,1,3000,1200
k2,validation,trimMA342_1200rpm_Avv__Dvv_11,trimMA342_1200rpm_Avv__Dvv_11:126000,126000,129000,5,1,3000,1200
k2,validation,trimMA342_1200rpm_Avv__Dvv_11,trimMA342_1200rpm_Avv__Dvv_11:129000,129000,132000,5,1,3000,1200
k2,validation,trimMA342_1200rpm_Avv__Dvv_11,trimMA342_1200rpm_Avv__Dvv_11:132000,132000,135000,5,1,3000,1200
k2,validation,trimMA342_1200rpm_Avv__Dvv_11,trimMA342_1200rpm_Avv__Dvv_11:135000,135000,138000,5,1,3000,1200
k2,validation,trimMA342_1200rpm_Avv__Dvv_11,trimMA342_1200rpm_Avv__Dvv_11:138000,138000,141000,5,1,3000,1200
k2,validation,trimMA342_1200rpm_Avv__Dvv_11,trimMA342_1200rpm_Avv__Dvv_11:141000,141000,144000,5,1,3000,1200
k2,validation,trimMA342_1200rpm_Avv__Dvv_11,trimMA342_1200rpm_Avv__Dvv_11:144000,144000,147000,5,1,3000,1200
k2,validation,trimMA342_1200rpm_Avv__Dvv_11,trimMA342_1200rpm_Avv__Dvv_11:147000,147000,150000,5,1,3000,1200
k2,validation,trimMA342_1200rpm_Avv__Dvv_11,trimMA342_1200rpm_Avv__Dvv_11:150000,150000,153000,5,1,3000,1200
k2,validation,trimMA342_1200rpm_Avv__Dvv_11,trimMA342_1200rpm_Avv__Dvv_11:153000,153000,156000,5,1,3000,1200
k2,validation,trimMA342_1200rpm_Avv__Dvv_11,trimMA342_1200rpm_Avv__Dvv_11:156000,156000,159000,5,1,3000,1200
k2,validation,trimMA342_1200rpm_Avv__Dvv_11,trimMA342_1200rpm_Avv__Dvv_11:159000,159000,162000,5,1,3000,1200
k2,validation,trimMA342_1200rpm_Avv__Dvv_11,trimMA342_1200rpm_Avv__Dvv_11:162000,162000,165000,5,1,3000,1200
k2,validation,trimMA342_1200rpm_Avv__Dvv_11,trimMA342_1200rpm_Avv__Dvv_11:165000,165000,168000,5,1,3000,1200
k2,validation,trimMA342_1200rpm_Avv__Dvv_11,trimMA342_1200rpm_Avv__Dvv_11:168000,168000,171000,5,1,3000,1200
k2,validation,trimMA342_1200rpm_Avv__Dvv_11,trimMA342_1200rpm_Avv__Dvv_11:171000,171000,174000,5,1,3000,1200
k2,validation,trimMA342_1200rpm_Avv__Dvv_11,trimMA342_1200rpm_Avv__Dvv_11:174000,174000,177000,5,1,3000,1200
k2,validation,trimMA342_1200rpm_Avv__Dvv_11,trimMA342_1200rpm_Avv__Dvv_11:177000,177000,180000,5,1,3000,1200
k2,validation,trimMA342_1200rpm_Avv__Dvv_11,trimMA342_1200rpm_Avv__Dvv_11:180000,180000,183000,5,1,3000,1200
k2,validation,trimMA342_1200rpm_Avv__Dvv_11,trimMA342_1200rpm_Avv__Dvv_11:183000,183000,186000,5,1,3000,1200
k2,validation,trimMA342_1200rpm_Avv__Dvv_11,trimMA342_1200rpm_Avv__Dvv_11:186000,186000,189000,5,1,3000,1200
k2,validation,trimMA342_1200rpm_Avv__Dvv_11,trimMA342_1200rpm_Avv__Dvv_11:189000,189000,192000,5,1,3000,1200
k2,validation,trimMA342_1200rpm_Avv__Dvv_11,trimMA342_1200rpm_Avv__Dvv_11:192000,192000,195000,5,1,3000,1200
k2,validation,trimMA342_1200rpm_Avv__Dvv_11,trimMA342_1200rpm_Avv__Dvv_11:195000,195000,198000,5,1,3000,1200
k2,validation,trimMA342_1200rpm_Avv__Dvv_11,trimMA342_1200rpm_Avv__Dvv_11:198000,198000,201000,5,1,3000,1200
k2,validation,trimMA342_1200rpm_Avv__Dvv_11,trimMA342_1200rpm_Avv__Dvv_11:201000,201000,204000,5,1,3000,1200
k2,validation,trimMA342_1200rpm_Avv__Dvv_11,trimMA342_1200rpm_Avv__Dvv_11:204000,204000,207000,5,1,3000,1200
k2,validation,trimMA342_1200rpm_Avv__Dvv_11,trimMA342_1200rpm_Avv__Dvv_11:207000,207000,210000,5,1,3000,1200
k2,validation,trimMA342_1200rpm_Avv__Dvv_11,trimMA342_1200rpm_Avv__Dvv_11:210000,210000,213000,5,1,3000,1200
k2,validation,trimMA342_1200rpm_Avv__Dvv_11,trimMA342_1200rpm_Avv__Dvv_11:213000,213000,216000,5,1,3000,1200
k2,validation,trimMA342_1200rpm_Avv__Dvv_11,trimMA342_1200rpm_Avv__Dvv_11:216000,216000,219000,5,1,3000,1200
k2,validation,trimMA342_1200rpm_Avv__Dvv_11,trimMA342_1200rpm_Avv__Dvv_11:219000,219000,222000,5,1,3000,1200
k2,validation,trimMA342_1200rpm_Avv__Dvv_11,trimMA342_1200rpm_Avv__Dvv_11:222000,222000,225000,5,1,3000,1200
k2,validation,trimMA342_1200rpm_Avv__Dvv_11,trimMA342_1200rpm_Avv__Dvv_11:225000,225000,228000,5,1,3000,1200
k2,validation,trimMA342_1200rpm_Avv__Dvv_11,trimMA342_1200rpm_Avv__Dvv_11:228000,228000,231000,5,1,3000,1200
k2,validation,trimMA342_1200rpm_Avv__Dvv_11,trimMA342_1200rpm_Avv__Dvv_11:231000,231000,234000,5,1,3000,1200
k2,validation,trimMA342_1200rpm_Avv__Dvv_11,trimMA342_1200rpm_Avv__Dvv_11:234000,234000,237000,5,1,3000,1200
k2,validation,trimMA342_1200rpm_Avv__Dvv_11,trimMA342_1200rpm_Avv__Dvv_11:237000,237000,240000,5,1,3000,1200
k2,validation,trimMA342_1200rpm_Avv__Dvv_11,trimMA342_1200rpm_Avv__Dvv_11:240000,240000,243000,5,1,3000,1200
k2,validation,trimMA342_1200rpm_Avv__Dvv_11,trimMA342_1200rpm_Avv__Dvv_11:243000,243000,246000,5,1,3000,1200
k2,validation,trimMA342_1200rpm_Avv__Dvv_11,trimMA342_1200rpm_Avv__Dvv_11:246000,246000,249000,5,1,3000,1200
k2,validation,trimMA342_1200rpm_Avv__Dvv_11,trimMA342_1200rpm_Avv__Dvv_11:249000,249000,252000,5,1,3000,1200
k2,validation,trimMA342_1200rpm_Avv__Dvv_11,trimMA342_1200rpm_Avv__Dvv_11:252000,252000,255000,5,1,3000,1200
k2,validation,trimMA342_1200rpm_Avv__Dvv_11,trimMA342_1200rpm_Avv__Dvv_11:255000,255000,258000,5,1,3000,1200
k2,validation,trimMA342_1200rpm_Avv__Dvv_11,trimMA342_1200rpm_Avv__Dvv_11:258000,258000,261000,5,1,3000,1200
k2,validation,trimMA342_1200rpm_Avv__Dvv_11,trimMA342_1200rpm_Avv__Dvv_11:261000,261000,264000,5,1,3000,1200
k2,validation,trimMA342_1200rpm_Avv__Dvv_11,trimMA342_1200rpm_Avv__Dvv_11:264000,264000,267000,5,1,3000,1200
k2,validation,trimMA342_1200rpm_Avv__Dvv_11,trimMA342_1200rpm_Avv__Dvv_11:267000,267000,270000,5,1,3000,1200
k2,validation,trimMA342_1200rpm_Avv__Dvv_11,trimMA342_1200rpm_Avv__Dvv_11:270000,270000,273000,5,1,3000,1200
k2,validation,trimMA342_1200rpm_Avv__Dvv_11,trimMA342_1200rpm_Avv__Dvv_11:273000,273000,276000,5,1,3000,1200
k2,validation,trimMA342_1200rpm_Avv__Dvv_11,trimMA342_1200rpm_Avv__Dvv_11:276000,276000,279000,5,1,3000,1200
k2,validation,trimMA342_1200rpm_Avv__Dvv_11,trimMA342_1200rpm_Avv__Dvv_11:279000,279000,282000,5,1,3000,1200
k2,test,trimMA342_1200rpm_AW__D_05,trimMA342_1200rpm_AW__D_05:0,0,3000,1,1,3000,1200
k2,test,trimMA342_1200rpm_AW__D_05,trimMA342_1200rpm_AW__D_05:3000,3000,6000,1,1,3000,1200
k2,test,trimMA342_1200rpm_AW__D_05,trimMA342_1200rpm_AW__D_05:6000,6000,9000,1,1,3000,1200
k2,test,trimMA342_1200rpm_AW__D_05,trimMA342_1200rpm_AW__D_05:9000,9000,12000,1,1,3000,1200
k2,test,trimMA342_1200rpm_AW__D_05,trimMA342_1200rpm_AW__D_05:12000,12000,15000,1,1,3000,1200
k2,test,trimMA342_1200rpm_AW__D_05,trimMA342_1200rpm_AW__D_05:15000,15000,18000,1,1,3000,1200
k2,test,trimMA342_1200rpm_AW__D_05,trimMA342_1200rpm_AW__D_05:18000,18000,21000,1,1,3000,1200
k2,test,trimMA342_1200rpm_AW__D_05,trimMA342_1200rpm_AW__D_05:21000,21000,24000,1,1,3000,1200
k2,test,trimMA342_1200rpm_AW__D_05,trimMA342_1200rpm_AW__D_05:24000,24000,27000,1,1,3000,1200
k2,test,trimMA342_1200rpm_AW__D_05,trimMA342_1200rpm_AW__D_05:27000,27000,30000,1,1,3000,1200
k2,test,trimMA342_1200rpm_AW__D_05,trimMA342_1200rpm_AW__D_05:30000,30000,33000,1,1,3000,1200
k2,test,trimMA342_1200rpm_AW__D_05,trimMA342_1200rpm_AW__D_05:33000,33000,36000,1,1,3000,1200
k2,test,trimMA342_1200rpm_AW__D_05,trimMA342_1200rpm_AW__D_05:36000,36000,39000,1,1,3000,1200
k2,test,trimMA342_1200rpm_AW__D_05,trimMA342_1200rpm_AW__D_05:39000,39000,42000,1,1,3000,1200
k2,test,trimMA342_1200rpm_AW__D_05,trimMA342_1200rpm_AW__D_05:42000,42000,45000,1,1,3000,1200
k2,test,trimMA342_1200rpm_AW__D_05,trimMA342_1200rpm_AW__D_05:45000,45000,48000,1,1,3000,1200
k2,test,trimMA342_1200rpm_AW__D_05,trimMA342_1200rpm_AW__D_05:48000,48000,51000,1,1,3000,1200
k2,test,trimMA342_1200rpm_AW__D_05,trimMA342_1200rpm_AW__D_05:51000,51000,54000,1,1,3000,1200
k2,test,trimMA342_1200rpm_AW__D_05,trimMA342_1200rpm_AW__D_05:54000,54000,57000,1,1,3000,1200
k2,test,trimMA342_1200rpm_AW__D_05,trimMA342_1200rpm_AW__D_05:57000,57000,60000,1,1,3000,1200
k2,test,trimMA342_1200rpm_AW__D_05,trimMA342_1200rpm_AW__D_05:60000,60000,63000,1,1,3000,1200
k2,test,trimMA342_1200rpm_AW__D_05,trimMA342_1200rpm_AW__D_05:63000,63000,66000,1,1,3000,1200
k2,test,trimMA342_1200rpm_AW__D_05,trimMA342_1200rpm_AW__D_05:66000,66000,69000,1,1,3000,1200
k2,test,trimMA342_1200rpm_AW__D_05,trimMA342_1200rpm_AW__D_05:69000,69000,72000,1,1,3000,1200
k2,test,trimMA342_1200rpm_AW__D_05,trimMA342_1200rpm_AW__D_05:72000,72000,75000,1,1,3000,1200
k2,test,trimMA342_1200rpm_AW__D_05,trimMA342_1200rpm_AW__D_05:75000,75000,78000,1,1,3000,1200
k2,test,trimMA342_1200rpm_AW__D_05,trimMA342_1200rpm_AW__D_05:78000,78000,81000,1,1,3000,1200
k2,test,trimMA342_1200rpm_AW__D_05,trimMA342_1200rpm_AW__D_05:81000,81000,84000,1,1,3000,1200
k2,test,trimMA342_1200rpm_AW__D_05,trimMA342_1200rpm_AW__D_05:84000,84000,87000,1,1,3000,1200
k2,test,trimMA342_1200rpm_AW__D_05,trimMA342_1200rpm_AW__D_05:87000,87000,90000,1,1,3000,1200
k2,test,trimMA342_1200rpm_AW__D_05,trimMA342_1200rpm_AW__D_05:90000,90000,93000,1,1,3000,1200
k2,test,trimMA342_1200rpm_AW__D_05,trimMA342_1200rpm_AW__D_05:93000,93000,96000,1,1,3000,1200
k2,test,trimMA342_1200rpm_AW__D_05,trimMA342_1200rpm_AW__D_05:96000,96000,99000,1,1,3000,1200
k2,test,trimMA342_1200rpm_AW__D_05,trimMA342_1200rpm_AW__D_05:99000,99000,102000,1,1,3000,1200
k2,test,trimMA342_1200rpm_AW__D_05,trimMA342_1200rpm_AW__D_05:102000,102000,105000,1,1,3000,1200
k2,test,trimMA342_1200rpm_AW__D_05,trimMA342_1200rpm_AW__D_05:105000,105000,108000,1,1,3000,1200
k2,test,trimMA342_1200rpm_AW__D_05,trimMA342_1200rpm_AW__D_05:108000,108000,111000,1,1,3000,1200
k2,test,trimMA342_1200rpm_AW__D_05,trimMA342_1200rpm_AW__D_05:111000,111000,114000,1,1,3000,1200
k2,test,trimMA342_1200rpm_AW__D_05,trimMA342_1200rpm_AW__D_05:114000,114000,117000,1,1,3000,1200
k2,test,trimMA342_1200rpm_AW__D_05,trimMA342_1200rpm_AW__D_05:117000,117000,120000,1,1,3000,1200
k2,test,trimMA342_1200rpm_AW__D_05,trimMA342_1200rpm_AW__D_05:120000,120000,123000,1,1,3000,1200
k2,test,trimMA342_1200rpm_AW__D_05,trimMA342_1200rpm_AW__D_05:123000,123000,126000,1,1,3000,1200
k2,test,trimMA342_1200rpm_AW__D_05,trimMA342_1200rpm_AW__D_05:126000,126000,129000,1,1,3000,1200
k2,test,trimMA342_1200rpm_AW__D_05,trimMA342_1200rpm_AW__D_05:129000,129000,132000,1,1,3000,1200
k2,test,trimMA342_1200rpm_AW__D_05,trimMA342_1200rpm_AW__D_05:132000,132000,135000,1,1,3000,1200
k2,test,trimMA342_1200rpm_AW__D_05,trimMA342_1200rpm_AW__D_05:135000,135000,138000,1,1,3000,1200
k2,test,trimMA342_1200rpm_AW__D_05,trimMA342_1200rpm_AW__D_05:138000,138000,141000,1,1,3000,1200
k2,test,trimMA342_1200rpm_AW__D_05,trimMA342_1200rpm_AW__D_05:141000,141000,144000,1,1,3000,1200
k2,test,trimMA342_1200rpm_AW__D_05,trimMA342_1200rpm_AW__D_05:144000,144000,147000,1,1,3000,1200
k2,test,trimMA342_1200rpm_AW__D_05,trimMA342_1200rpm_AW__D_05:147000,147000,150000,1,1,3000,1200
k2,test,trimMA342_1200rpm_AW__D_05,trimMA342_1200rpm_AW__D_05:150000,150000,153000,1,1,3000,1200
k2,test,trimMA342_1200rpm_AW__D_05,trimMA342_1200rpm_AW__D_05:153000,153000,156000,1,1,3000,1200
k2,test,trimMA342_1200rpm_AW__D_05,trimMA342_1200rpm_AW__D_05:156000,156000,159000,1,1,3000,1200
k2,test,trimMA342_1200rpm_AW__D_05,trimMA342_1200rpm_AW__D_05:159000,159000,162000,1,1,3000,1200
k2,test,trimMA342_1200rpm_AW__D_05,trimMA342_1200rpm_AW__D_05:162000,162000,165000,1,1,3000,1200
k2,test,trimMA342_1200rpm_AW__D_05,trimMA342_1200rpm_AW__D_05:165000,165000,168000,1,1,3000,1200
k2,test,trimMA342_1200rpm_AW__D_05,trimMA342_1200rpm_AW__D_05:168000,168000,171000,1,1,3000,1200
k2,test,trimMA342_1200rpm_AW__D_05,trimMA342_1200rpm_AW__D_05:171000,171000,174000,1,1,3000,1200
k2,test,trimMA342_1200rpm_AW__D_05,trimMA342_1200rpm_AW__D_05:174000,174000,177000,1,1,3000,1200
k2,test,trimMA342_1200rpm_AW__D_05,trimMA342_1200rpm_AW__D_05:177000,177000,180000,1,1,3000,1200
k2,test,trimMA342_1200rpm_AW__D_05,trimMA342_1200rpm_AW__D_05:180000,180000,183000,1,1,3000,1200
k2,test,trimMA342_1200rpm_AW__D_05,trimMA342_1200rpm_AW__D_05:183000,183000,186000,1,1,3000,1200
k2,test,trimMA342_1200rpm_AW__D_05,trimMA342_1200rpm_AW__D_05:186000,186000,189000,1,1,3000,1200
k2,test,trimMA342_1200rpm_AW__D_05,trimMA342_1200rpm_AW__D_05:189000,189000,192000,1,1,3000,1200
k2,test,trimMA342_1200rpm_AW__D_05,trimMA342_1200rpm_AW__D_05:192000,192000,195000,1,1,3000,1200
k2,test,trimMA342_1200rpm_AW__D_05,trimMA342_1200rpm_AW__D_05:195000,195000,198000,1,1,3000,1200
k2,test,trimMA342_1200rpm_AW__D_05,trimMA342_1200rpm_AW__D_05:198000,198000,201000,1,1,3000,1200
k2,test,trimMA342_1200rpm_AW__D_05,trimMA342_1200rpm_AW__D_05:201000,201000,204000,1,1,3000,1200
k2,test,trimMA342_1200rpm_AW__D_05,trimMA342_1200rpm_AW__D_05:204000,204000,207000,1,1,3000,1200
k2,test,trimMA342_1200rpm_AW__D_05,trimMA342_1200rpm_AW__D_05:207000,207000,210000,1,1,3000,1200
k2,test,trimMA342_1200rpm_AW__D_05,trimMA342_1200rpm_AW__D_05:210000,210000,213000,1,1,3000,1200
k2,test,trimMA342_1200rpm_AW__D_05,trimMA342_1200rpm_AW__D_05:213000,213000,216000,1,1,3000,1200
k2,test,trimMA342_1200rpm_AW__D_05,trimMA342_1200rpm_AW__D_05:216000,216000,219000,1,1,3000,1200
k2,test,trimMA342_1200rpm_AW__D_05,trimMA342_1200rpm_AW__D_05:219000,219000,222000,1,1,3000,1200
k2,test,trimMA342_1200rpm_AW__D_05,trimMA342_1200rpm_AW__D_05:222000,222000,225000,1,1,3000,1200
k2,test,trimMA342_1200rpm_AW__D_05,trimMA342_1200rpm_AW__D_05:225000,225000,228000,1,1,3000,1200
k2,test,trimMA342_1200rpm_AW__D_05,trimMA342_1200rpm_AW__D_05:228000,228000,231000,1,1,3000,1200
k2,test,trimMA342_1200rpm_AW__D_05,trimMA342_1200rpm_AW__D_05:231000,231000,234000,1,1,3000,1200
k2,test,trimMA342_1200rpm_AW__D_05,trimMA342_1200rpm_AW__D_05:234000,234000,237000,1,1,3000,1200
k2,test,trimMA342_1200rpm_AW__D_05,trimMA342_1200rpm_AW__D_05:237000,237000,240000,1,1,3000,1200
k2,test,trimMA342_1200rpm_AW__D_05,trimMA342_1200rpm_AW__D_05:240000,240000,243000,1,1,3000,1200
k2,test,trimMA342_1200rpm_AW__D_05,trimMA342_1200rpm_AW__D_05:243000,243000,246000,1,1,3000,1200
k2,test,trimMA342_1200rpm_AW__D_05,trimMA342_1200rpm_AW__D_05:246000,246000,249000,1,1,3000,1200
k2,test,trimMA342_1200rpm_AW__D_05,trimMA342_1200rpm_AW__D_05:249000,249000,252000,1,1,3000,1200
k2,test,trimMA342_1200rpm_AW__D_05,trimMA342_1200rpm_AW__D_05:252000,252000,255000,1,1,3000,1200
k2,test,trimMA342_1200rpm_AW__D_05,trimMA342_1200rpm_AW__D_05:255000,255000,258000,1,1,3000,1200
k2,test,trimMA342_1200rpm_AW__D_05,trimMA342_1200rpm_AW__D_05:258000,258000,261000,1,1,3000,1200
k2,test,trimMA342_1200rpm_AW__D_05,trimMA342_1200rpm_AW__D_05:261000,261000,264000,1,1,3000,1200
k2,test,trimMA342_1200rpm_AW__D_05,trimMA342_1200rpm_AW__D_05:264000,264000,267000,1,1,3000,1200
k2,test,trimMA342_1200rpm_AW__D_05,trimMA342_1200rpm_AW__D_05:267000,267000,270000,1,1,3000,1200
k2,test,trimMA342_1200rpm_AW__D_05,trimMA342_1200rpm_AW__D_05:270000,270000,273000,1,1,3000,1200
k2,test,trimMA342_1200rpm_AW__D_05,trimMA342_1200rpm_AW__D_05:273000,273000,276000,1,1,3000,1200
k2,test,trimMA342_1200rpm_AW__D_05,trimMA342_1200rpm_AW__D_05:276000,276000,279000,1,1,3000,1200
k2,test,trimMA342_1200rpm_AW__D_05,trimMA342_1200rpm_AW__D_05:279000,279000,282000,1,1,3000,1200
k2,test,trimMA342_1200rpm_AW__D_06,trimMA342_1200rpm_AW__D_06:0,0,3000,1,1,3000,1200
k2,test,trimMA342_1200rpm_AW__D_06,trimMA342_1200rpm_AW__D_06:3000,3000,6000,1,1,3000,1200
k2,test,trimMA342_1200rpm_AW__D_06,trimMA342_1200rpm_AW__D_06:6000,6000,9000,1,1,3000,1200
k2,test,trimMA342_1200rpm_AW__D_06,trimMA342_1200rpm_AW__D_06:9000,9000,12000,1,1,3000,1200
k2,test,trimMA342_1200rpm_AW__D_06,trimMA342_1200rpm_AW__D_06:12000,12000,15000,1,1,3000,1200
k2,test,trimMA342_1200rpm_AW__D_06,trimMA342_1200rpm_AW__D_06:15000,15000,18000,1,1,3000,1200
k2,test,trimMA342_1200rpm_AW__D_06,trimMA342_1200rpm_AW__D_06:18000,18000,21000,1,1,3000,1200
k2,test,trimMA342_1200rpm_AW__D_06,trimMA342_1200rpm_AW__D_06:21000,21000,24000,1,1,3000,1200
k2,test,trimMA342_1200rpm_AW__D_06,trimMA342_1200rpm_AW__D_06:24000,24000,27000,1,1,3000,1200
k2,test,trimMA342_1200rpm_AW__D_06,trimMA342_1200rpm_AW__D_06:27000,27000,30000,1,1,3000,1200
k2,test,trimMA342_1200rpm_AW__D_06,trimMA342_1200rpm_AW__D_06:30000,30000,33000,1,1,3000,1200
k2,test,trimMA342_1200rpm_AW__D_06,trimMA342_1200rpm_AW__D_06:33000,33000,36000,1,1,3000,1200
k2,test,trimMA342_1200rpm_AW__D_06,trimMA342_1200rpm_AW__D_06:36000,36000,39000,1,1,3000,1200
k2,test,trimMA342_1200rpm_AW__D_06,trimMA342_1200rpm_AW__D_06:39000,39000,42000,1,1,3000,1200
k2,test,trimMA342_1200rpm_AW__D_06,trimMA342_1200rpm_AW__D_06:42000,42000,45000,1,1,3000,1200
k2,test,trimMA342_1200rpm_AW__D_06,trimMA342_1200rpm_AW__D_06:45000,45000,48000,1,1,3000,1200
k2,test,trimMA342_1200rpm_AW__D_06,trimMA342_1200rpm_AW__D_06:48000,48000,51000,1,1,3000,1200
k2,test,trimMA342_1200rpm_AW__D_06,trimMA342_1200rpm_AW__D_06:51000,51000,54000,1,1,3000,1200
k2,test,trimMA342_1200rpm_AW__D_06,trimMA342_1200rpm_AW__D_06:54000,54000,57000,1,1,3000,1200
k2,test,trimMA342_1200rpm_AW__D_06,trimMA342_1200rpm_AW__D_06:57000,57000,60000,1,1,3000,1200
k2,test,trimMA342_1200rpm_AW__D_06,trimMA342_1200rpm_AW__D_06:60000,60000,63000,1,1,3000,1200
k2,test,trimMA342_1200rpm_AW__D_06,trimMA342_1200rpm_AW__D_06:63000,63000,66000,1,1,3000,1200
k2,test,trimMA342_1200rpm_AW__D_06,trimMA342_1200rpm_AW__D_06:66000,66000,69000,1,1,3000,1200
k2,test,trimMA342_1200rpm_AW__D_06,trimMA342_1200rpm_AW__D_06:69000,69000,72000,1,1,3000,1200
k2,test,trimMA342_1200rpm_AW__D_06,trimMA342_1200rpm_AW__D_06:72000,72000,75000,1,1,3000,1200
k2,test,trimMA342_1200rpm_AW__D_06,trimMA342_1200rpm_AW__D_06:75000,75000,78000,1,1,3000,1200
k2,test,trimMA342_1200rpm_AW__D_06,trimMA342_1200rpm_AW__D_06:78000,78000,81000,1,1,3000,1200
k2,test,trimMA342_1200rpm_AW__D_06,trimMA342_1200rpm_AW__D_06:81000,81000,84000,1,1,3000,1200
k2,test,trimMA342_1200rpm_AW__D_06,trimMA342_1200rpm_AW__D_06:84000,84000,87000,1,1,3000,1200
k2,test,trimMA342_1200rpm_AW__D_06,trimMA342_1200rpm_AW__D_06:87000,87000,90000,1,1,3000,1200
k2,test,trimMA342_1200rpm_AW__D_06,trimMA342_1200rpm_AW__D_06:90000,90000,93000,1,1,3000,1200
k2,test,trimMA342_1200rpm_AW__D_06,trimMA342_1200rpm_AW__D_06:93000,93000,96000,1,1,3000,1200
k2,test,trimMA342_1200rpm_AW__D_06,trimMA342_1200rpm_AW__D_06:96000,96000,99000,1,1,3000,1200
k2,test,trimMA342_1200rpm_AW__D_06,trimMA342_1200rpm_AW__D_06:99000,99000,102000,1,1,3000,1200
k2,test,trimMA342_1200rpm_AW__D_06,trimMA342_1200rpm_AW__D_06:102000,102000,105000,1,1,3000,1200
k2,test,trimMA342_1200rpm_AW__D_06,trimMA342_1200rpm_AW__D_06:105000,105000,108000,1,1,3000,1200
k2,test,trimMA342_1200rpm_AW__D_06,trimMA342_1200rpm_AW__D_06:108000,108000,111000,1,1,3000,1200
k2,test,trimMA342_1200rpm_AW__D_06,trimMA342_1200rpm_AW__D_06:111000,111000,114000,1,1,3000,1200
k2,test,trimMA342_1200rpm_AW__D_06,trimMA342_1200rpm_AW__D_06:114000,114000,117000,1,1,3000,1200
k2,test,trimMA342_1200rpm_AW__D_06,trimMA342_1200rpm_AW__D_06:117000,117000,120000,1,1,3000,1200
k2,test,trimMA342_1200rpm_AW__D_06,trimMA342_1200rpm_AW__D_06:120000,120000,123000,1,1,3000,1200
k2,test,trimMA342_1200rpm_AW__D_06,trimMA342_1200rpm_AW__D_06:123000,123000,126000,1,1,3000,1200
k2,test,trimMA342_1200rpm_AW__D_06,trimMA342_1200rpm_AW__D_06:126000,126000,129000,1,1,3000,1200
k2,test,trimMA342_1200rpm_AW__D_06,trimMA342_1200rpm_AW__D_06:129000,129000,132000,1,1,3000,1200
k2,test,trimMA342_1200rpm_AW__D_06,trimMA342_1200rpm_AW__D_06:132000,132000,135000,1,1,3000,1200
k2,test,trimMA342_1200rpm_AW__D_06,trimMA342_1200rpm_AW__D_06:135000,135000,138000,1,1,3000,1200
k2,test,trimMA342_1200rpm_AW__D_06,trimMA342_1200rpm_AW__D_06:138000,138000,141000,1,1,3000,1200
k2,test,trimMA342_1200rpm_AW__D_06,trimMA342_1200rpm_AW__D_06:141000,141000,144000,1,1,3000,1200
k2,test,trimMA342_1200rpm_AW__D_06,trimMA342_1200rpm_AW__D_06:144000,144000,147000,1,1,3000,1200
k2,test,trimMA342_1200rpm_AW__D_06,trimMA342_1200rpm_AW__D_06:147000,147000,150000,1,1,3000,1200
k2,test,trimMA342_1200rpm_AW__D_06,trimMA342_1200rpm_AW__D_06:150000,150000,153000,1,1,3000,1200
k2,test,trimMA342_1200rpm_AW__D_06,trimMA342_1200rpm_AW__D_06:153000,153000,156000,1,1,3000,1200
k2,test,trimMA342_1200rpm_AW__D_06,trimMA342_1200rpm_AW__D_06:156000,156000,159000,1,1,3000,1200
k2,test,trimMA342_1200rpm_AW__D_06,trimMA342_1200rpm_AW__D_06:159000,159000,162000,1,1,3000,1200
k2,test,trimMA342_1200rpm_AW__D_06,trimMA342_1200rpm_AW__D_06:162000,162000,165000,1,1,3000,1200
k2,test,trimMA342_1200rpm_AW__D_06,trimMA342_1200rpm_AW__D_06:165000,165000,168000,1,1,3000,1200
k2,test,trimMA342_1200rpm_AW__D_06,trimMA342_1200rpm_AW__D_06:168000,168000,171000,1,1,3000,1200
k2,test,trimMA342_1200rpm_AW__D_06,trimMA342_1200rpm_AW__D_06:171000,171000,174000,1,1,3000,1200
k2,test,trimMA342_1200rpm_AW__D_06,trimMA342_1200rpm_AW__D_06:174000,174000,177000,1,1,3000,1200
k2,test,trimMA342_1200rpm_AW__D_06,trimMA342_1200rpm_AW__D_06:177000,177000,180000,1,1,3000,1200
k2,test,trimMA342_1200rpm_AW__D_06,trimMA342_1200rpm_AW__D_06:180000,180000,183000,1,1,3000,1200
k2,test,trimMA342_1200rpm_AW__D_06,trimMA342_1200rpm_AW__D_06:183000,183000,186000,1,1,3000,1200
k2,test,trimMA342_1200rpm_AW__D_06,trimMA342_1200rpm_AW__D_06:186000,186000,189000,1,1,3000,1200
k2,test,trimMA342_1200rpm_AW__D_06,trimMA342_1200rpm_AW__D_06:189000,189000,192000,1,1,3000,1200
k2,test,trimMA342_1200rpm_AW__D_06,trimMA342_1200rpm_AW__D_06:192000,192000,195000,1,1,3000,1200
k2,test,trimMA342_1200rpm_AW__D_06,trimMA342_1200rpm_AW__D_06:195000,195000,198000,1,1,3000,1200
k2,test,trimMA342_1200rpm_AW__D_06,trimMA342_1200rpm_AW__D_06:198000,198000,201000,1,1,3000,1200
k2,test,trimMA342_1200rpm_AW__D_06,trimMA342_1200rpm_AW__D_06:201000,201000,204000,1,1,3000,1200
k2,test,trimMA342_1200rpm_AW__D_06,trimMA342_1200rpm_AW__D_06:204000,204000,207000,1,1,3000,1200
k2,test,trimMA342_1200rpm_AW__D_06,trimMA342_1200rpm_AW__D_06:207000,207000,210000,1,1,3000,1200
k2,test,trimMA342_1200rpm_AW__D_06,trimMA342_1200rpm_AW__D_06:210000,210000,213000,1,1,3000,1200
k2,test,trimMA342_1200rpm_AW__D_06,trimMA342_1200rpm_AW__D_06:213000,213000,216000,1,1,3000,1200
k2,test,trimMA342_1200rpm_AW__D_06,trimMA342_1200rpm_AW__D_06:216000,216000,219000,1,1,3000,1200
k2,test,trimMA342_1200rpm_AW__D_06,trimMA342_1200rpm_AW__D_06:219000,219000,222000,1,1,3000,1200
k2,test,trimMA342_1200rpm_AW__D_06,trimMA342_1200rpm_AW__D_06:222000,222000,225000,1,1,3000,1200
k2,test,trimMA342_1200rpm_AW__D_06,trimMA342_1200rpm_AW__D_06:225000,225000,228000,1,1,3000,1200
k2,test,trimMA342_1200rpm_AW__D_06,trimMA342_1200rpm_AW__D_06:228000,228000,231000,1,1,3000,1200
k2,test,trimMA342_1200rpm_AW__D_06,trimMA342_1200rpm_AW__D_06:231000,231000,234000,1,1,3000,1200
k2,test,trimMA342_1200rpm_AW__D_06,trimMA342_1200rpm_AW__D_06:234000,234000,237000,1,1,3000,1200
k2,test,trimMA342_1200rpm_AW__D_06,trimMA342_1200rpm_AW__D_06:237000,237000,240000,1,1,3000,1200
k2,test,trimMA342_1200rpm_AW__D_06,trimMA342_1200rpm_AW__D_06:240000,240000,243000,1,1,3000,1200
k2,test,trimMA342_1200rpm_AW__D_06,trimMA342_1200rpm_AW__D_06:243000,243000,246000,1,1,3000,1200
k2,test,trimMA342_1200rpm_AW__D_06,trimMA342_1200rpm_AW__D_06:246000,246000,249000,1,1,3000,1200
k2,test,trimMA342_1200rpm_AW__D_06,trimMA342_1200rpm_AW__D_06:249000,249000,252000,1,1,3000,1200
k2,test,trimMA342_1200rpm_AW__D_06,trimMA342_1200rpm_AW__D_06:252000,252000,255000,1,1,3000,1200
k2,test,trimMA342_1200rpm_AW__D_06,trimMA342_1200rpm_AW__D_06:255000,255000,258000,1,1,3000,1200
k2,test,trimMA342_1200rpm_AW__D_06,trimMA342_1200rpm_AW__D_06:258000,258000,261000,1,1,3000,1200
k2,test,trimMA342_1200rpm_AW__D_06,trimMA342_1200rpm_AW__D_06:261000,261000,264000,1,1,3000,1200
k2,test,trimMA342_1200rpm_AW__D_06,trimMA342_1200rpm_AW__D_06:264000,264000,267000,1,1,3000,1200
k2,test,trimMA342_1200rpm_AW__D_06,trimMA342_1200rpm_AW__D_06:267000,267000,270000,1,1,3000,1200
k2,test,trimMA342_1200rpm_AW__D_06,trimMA342_1200rpm_AW__D_06:270000,270000,273000,1,1,3000,1200
k2,test,trimMA342_1200rpm_AW__D_06,trimMA342_1200rpm_AW__D_06:273000,273000,276000,1,1,3000,1200
k2,test,trimMA342_1200rpm_AW__D_06,trimMA342_1200rpm_AW__D_06:276000,276000,279000,1,1,3000,1200
k2,test,trimMA342_1200rpm_AW__D_06,trimMA342_1200rpm_AW__D_06:279000,279000,282000,1,1,3000,1200
k2,test,trimMA342_1200rpm_AW__D_11,trimMA342_1200rpm_AW__D_11:0,0,3000,1,1,3000,1200
k2,test,trimMA342_1200rpm_AW__D_11,trimMA342_1200rpm_AW__D_11:3000,3000,6000,1,1,3000,1200
k2,test,trimMA342_1200rpm_AW__D_11,trimMA342_1200rpm_AW__D_11:6000,6000,9000,1,1,3000,1200
k2,test,trimMA342_1200rpm_AW__D_11,trimMA342_1200rpm_AW__D_11:9000,9000,12000,1,1,3000,1200
k2,test,trimMA342_1200rpm_AW__D_11,trimMA342_1200rpm_AW__D_11:12000,12000,15000,1,1,3000,1200
k2,test,trimMA342_1200rpm_AW__D_11,trimMA342_1200rpm_AW__D_11:15000,15000,18000,1,1,3000,1200
k2,test,trimMA342_1200rpm_AW__D_11,trimMA342_1200rpm_AW__D_11:18000,18000,21000,1,1,3000,1200
k2,test,trimMA342_1200rpm_AW__D_11,trimMA342_1200rpm_AW__D_11:21000,21000,24000,1,1,3000,1200
k2,test,trimMA342_1200rpm_AW__D_11,trimMA342_1200rpm_AW__D_11:24000,24000,27000,1,1,3000,1200
k2,test,trimMA342_1200rpm_AW__D_11,trimMA342_1200rpm_AW__D_11:27000,27000,30000,1,1,3000,1200
k2,test,trimMA342_1200rpm_AW__D_11,trimMA342_1200rpm_AW__D_11:30000,30000,33000,1,1,3000,1200
k2,test,trimMA342_1200rpm_AW__D_11,trimMA342_1200rpm_AW__D_11:33000,33000,36000,1,1,3000,1200
k2,test,trimMA342_1200rpm_AW__D_11,trimMA342_1200rpm_AW__D_11:36000,36000,39000,1,1,3000,1200
k2,test,trimMA342_1200rpm_AW__D_11,trimMA342_1200rpm_AW__D_11:39000,39000,42000,1,1,3000,1200
k2,test,trimMA342_1200rpm_AW__D_11,trimMA342_1200rpm_AW__D_11:42000,42000,45000,1,1,3000,1200
k2,test,trimMA342_1200rpm_AW__D_11,trimMA342_1200rpm_AW__D_11:45000,45000,48000,1,1,3000,1200
k2,test,trimMA342_1200rpm_AW__D_11,trimMA342_1200rpm_AW__D_11:48000,48000,51000,1,1,3000,1200
k2,test,trimMA342_1200rpm_AW__D_11,trimMA342_1200rpm_AW__D_11:51000,51000,54000,1,1,3000,1200
k2,test,trimMA342_1200rpm_AW__D_11,trimMA342_1200rpm_AW__D_11:54000,54000,57000,1,1,3000,1200
k2,test,trimMA342_1200rpm_AW__D_11,trimMA342_1200rpm_AW__D_11:57000,57000,60000,1,1,3000,1200
k2,test,trimMA342_1200rpm_AW__D_11,trimMA342_1200rpm_AW__D_11:60000,60000,63000,1,1,3000,1200
k2,test,trimMA342_1200rpm_AW__D_11,trimMA342_1200rpm_AW__D_11:63000,63000,66000,1,1,3000,1200
k2,test,trimMA342_1200rpm_AW__D_11,trimMA342_1200rpm_AW__D_11:66000,66000,69000,1,1,3000,1200
k2,test,trimMA342_1200rpm_AW__D_11,trimMA342_1200rpm_AW__D_11:69000,69000,72000,1,1,3000,1200
k2,test,trimMA342_1200rpm_AW__D_11,trimMA342_1200rpm_AW__D_11:72000,72000,75000,1,1,3000,1200
k2,test,trimMA342_1200rpm_AW__D_11,trimMA342_1200rpm_AW__D_11:75000,75000,78000,1,1,3000,1200
k2,test,trimMA342_1200rpm_AW__D_11,trimMA342_1200rpm_AW__D_11:78000,78000,81000,1,1,3000,1200
k2,test,trimMA342_1200rpm_AW__D_11,trimMA342_1200rpm_AW__D_11:81000,81000,84000,1,1,3000,1200
k2,test,trimMA342_1200rpm_AW__D_11,trimMA342_1200rpm_AW__D_11:84000,84000,87000,1,1,3000,1200
k2,test,trimMA342_1200rpm_AW__D_11,trimMA342_1200rpm_AW__D_11:87000,87000,90000,1,1,3000,1200
k2,test,trimMA342_1200rpm_AW__D_11,trimMA342_1200rpm_AW__D_11:90000,90000,93000,1,1,3000,1200
k2,test,trimMA342_1200rpm_AW__D_11,trimMA342_1200rpm_AW__D_11:93000,93000,96000,1,1,3000,1200
k2,test,trimMA342_1200rpm_AW__D_11,trimMA342_1200rpm_AW__D_11:96000,96000,99000,1,1,3000,1200
k2,test,trimMA342_1200rpm_AW__D_11,trimMA342_1200rpm_AW__D_11:99000,99000,102000,1,1,3000,1200
k2,test,trimMA342_1200rpm_AW__D_11,trimMA342_1200rpm_AW__D_11:102000,102000,105000,1,1,3000,1200
k2,test,trimMA342_1200rpm_AW__D_11,trimMA342_1200rpm_AW__D_11:105000,105000,108000,1,1,3000,1200
k2,test,trimMA342_1200rpm_AW__D_11,trimMA342_1200rpm_AW__D_11:108000,108000,111000,1,1,3000,1200
k2,test,trimMA342_1200rpm_AW__D_11,trimMA342_1200rpm_AW__D_11:111000,111000,114000,1,1,3000,1200
k2,test,trimMA342_1200rpm_AW__D_11,trimMA342_1200rpm_AW__D_11:114000,114000,117000,1,1,3000,1200
k2,test,trimMA342_1200rpm_AW__D_11,trimMA342_1200rpm_AW__D_11:117000,117000,120000,1,1,3000,1200
k2,test,trimMA342_1200rpm_AW__D_11,trimMA342_1200rpm_AW__D_11:120000,120000,123000,1,1,3000,1200
k2,test,trimMA342_1200rpm_AW__D_11,trimMA342_1200rpm_AW__D_11:123000,123000,126000,1,1,3000,1200
k2,test,trimMA342_1200rpm_AW__D_11,trimMA342_1200rpm_AW__D_11:126000,126000,129000,1,1,3000,1200
k2,test,trimMA342_1200rpm_AW__D_11,trimMA342_1200rpm_AW__D_11:129000,129000,132000,1,1,3000,1200
k2,test,trimMA342_1200rpm_AW__D_11,trimMA342_1200rpm_AW__D_11:132000,132000,135000,1,1,3000,1200
k2,test,trimMA342_1200rpm_AW__D_11,trimMA342_1200rpm_AW__D_11:135000,135000,138000,1,1,3000,1200
k2,test,trimMA342_1200rpm_AW__D_11,trimMA342_1200rpm_AW__D_11:138000,138000,141000,1,1,3000,1200
k2,test,trimMA342_1200rpm_AW__D_11,trimMA342_1200rpm_AW__D_11:141000,141000,144000,1,1,3000,1200
k2,test,trimMA342_1200rpm_AW__D_11,trimMA342_1200rpm_AW__D_11:144000,144000,147000,1,1,3000,1200
k2,test,trimMA342_1200rpm_AW__D_11,trimMA342_1200rpm_AW__D_11:147000,147000,150000,1,1,3000,1200
k2,test,trimMA342_1200rpm_AW__D_11,trimMA342_1200rpm_AW__D_11:150000,150000,153000,1,1,3000,1200
k2,test,trimMA342_1200rpm_AW__D_11,trimMA342_1200rpm_AW__D_11:153000,153000,156000,1,1,3000,1200
k2,test,trimMA342_1200rpm_AW__D_11,trimMA342_1200rpm_AW__D_11:156000,156000,159000,1,1,3000,1200
k2,test,trimMA342_1200rpm_AW__D_11,trimMA342_1200rpm_AW__D_11:159000,159000,162000,1,1,3000,1200
k2,test,trimMA342_1200rpm_AW__D_11,trimMA342_1200rpm_AW__D_11:162000,162000,165000,1,1,3000,1200
k2,test,trimMA342_1200rpm_AW__D_11,trimMA342_1200rpm_AW__D_11:165000,165000,168000,1,1,3000,1200
k2,test,trimMA342_1200rpm_AW__D_11,trimMA342_1200rpm_AW__D_11:168000,168000,171000,1,1,3000,1200
k2,test,trimMA342_1200rpm_AW__D_11,trimMA342_1200rpm_AW__D_11:171000,171000,174000,1,1,3000,1200
k2,test,trimMA342_1200rpm_AW__D_11,trimMA342_1200rpm_AW__D_11:174000,174000,177000,1,1,3000,1200
k2,test,trimMA342_1200rpm_AW__D_11,trimMA342_1200rpm_AW__D_11:177000,177000,180000,1,1,3000,1200
k2,test,trimMA342_1200rpm_AW__D_11,trimMA342_1200rpm_AW__D_11:180000,180000,183000,1,1,3000,1200
k2,test,trimMA342_1200rpm_AW__D_11,trimMA342_1200rpm_AW__D_11:183000,183000,186000,1,1,3000,1200
k2,test,trimMA342_1200rpm_AW__D_11,trimMA342_1200rpm_AW__D_11:186000,186000,189000,1,1,3000,1200
k2,test,trimMA342_1200rpm_AW__D_11,trimMA342_1200rpm_AW__D_11:189000,189000,192000,1,1,3000,1200
k2,test,trimMA342_1200rpm_AW__D_11,trimMA342_1200rpm_AW__D_11:192000,192000,195000,1,1,3000,1200
k2,test,trimMA342_1200rpm_AW__D_11,trimMA342_1200rpm_AW__D_11:195000,195000,198000,1,1,3000,1200
k2,test,trimMA342_1200rpm_AW__D_11,trimMA342_1200rpm_AW__D_11:198000,198000,201000,1,1,3000,1200
k2,test,trimMA342_1200rpm_AW__D_11,trimMA342_1200rpm_AW__D_11:201000,201000,204000,1,1,3000,1200
k2,test,trimMA342_1200rpm_AW__D_11,trimMA342_1200rpm_AW__D_11:204000,204000,207000,1,1,3000,1200
k2,test,trimMA342_1200rpm_AW__D_11,trimMA342_1200rpm_AW__D_11:207000,207000,210000,1,1,3000,1200
k2,test,trimMA342_1200rpm_AW__D_11,trimMA342_1200rpm_AW__D_11:210000,210000,213000,1,1,3000,1200
k2,test,trimMA342_1200rpm_AW__D_11,trimMA342_1200rpm_AW__D_11:213000,213000,216000,1,1,3000,1200
k2,test,trimMA342_1200rpm_AW__D_11,trimMA342_1200rpm_AW__D_11:216000,216000,219000,1,1,3000,1200
k2,test,trimMA342_1200rpm_AW__D_11,trimMA342_1200rpm_AW__D_11:219000,219000,222000,1,1,3000,1200
k2,test,trimMA342_1200rpm_AW__D_11,trimMA342_1200rpm_AW__D_11:222000,222000,225000,1,1,3000,1200
k2,test,trimMA342_1200rpm_AW__D_11,trimMA342_1200rpm_AW__D_11:225000,225000,228000,1,1,3000,1200
k2,test,trimMA342_1200rpm_AW__D_11,trimMA342_1200rpm_AW__D_11:228000,228000,231000,1,1,3000,1200
k2,test,trimMA342_1200rpm_AW__D_11,trimMA342_1200rpm_AW__D_11:231000,231000,234000,1,1,3000,1200
k2,test,trimMA342_1200rpm_AW__D_11,trimMA342_1200rpm_AW__D_11:234000,234000,237000,1,1,3000,1200
k2,test,trimMA342_1200rpm_AW__D_11,trimMA342_1200rpm_AW__D_11:237000,237000,240000,1,1,3000,1200
k2,test,trimMA342_1200rpm_AW__D_11,trimMA342_1200rpm_AW__D_11:240000,240000,243000,1,1,3000,1200
k2,test,trimMA342_1200rpm_AW__D_11,trimMA342_1200rpm_AW__D_11:243000,243000,246000,1,1,3000,1200
k2,test,trimMA342_1200rpm_AW__D_11,trimMA342_1200rpm_AW__D_11:246000,246000,249000,1,1,3000,1200
k2,test,trimMA342_1200rpm_AW__D_11,trimMA342_1200rpm_AW__D_11:249000,249000,252000,1,1,3000,1200
k2,test,trimMA342_1200rpm_AW__D_11,trimMA342_1200rpm_AW__D_11:252000,252000,255000,1,1,3000,1200
k2,test,trimMA342_1200rpm_AW__D_11,trimMA342_1200rpm_AW__D_11:255000,255000,258000,1,1,3000,1200
k2,test,trimMA342_1200rpm_AW__D_11,trimMA342_1200rpm_AW__D_11:258000,258000,261000,1,1,3000,1200
k2,test,trimMA342_1200rpm_AW__D_11,trimMA342_1200rpm_AW__D_11:261000,261000,264000,1,1,3000,1200
k2,test,trimMA342_1200rpm_AW__D_11,trimMA342_1200rpm_AW__D_11:264000,264000,267000,1,1,3000,1200
k2,test,trimMA342_1200rpm_AW__D_11,trimMA342_1200rpm_AW__D_11:267000,267000,270000,1,1,3000,1200
k2,test,trimMA342_1200rpm_AW__D_11,trimMA342_1200rpm_AW__D_11:270000,270000,273000,1,1,3000,1200
k2,test,trimMA342_1200rpm_AW__D_11,trimMA342_1200rpm_AW__D_11:273000,273000,276000,1,1,3000,1200
k2,test,trimMA342_1200rpm_AW__D_11,trimMA342_1200rpm_AW__D_11:276000,276000,279000,1,1,3000,1200
k2,test,trimMA342_1200rpm_AW__D_11,trimMA342_1200rpm_AW__D_11:279000,279000,282000,1,1,3000,1200
k2,test,trimMA342_1200rpm_AW__D_13,trimMA342_1200rpm_AW__D_13:0,0,3000,1,1,3000,1200
k2,test,trimMA342_1200rpm_AW__D_13,trimMA342_1200rpm_AW__D_13:3000,3000,6000,1,1,3000,1200
k2,test,trimMA342_1200rpm_AW__D_13,trimMA342_1200rpm_AW__D_13:6000,6000,9000,1,1,3000,1200
k2,test,trimMA342_1200rpm_AW__D_13,trimMA342_1200rpm_AW__D_13:9000,9000,12000,1,1,3000,1200
k2,test,trimMA342_1200rpm_AW__D_13,trimMA342_1200rpm_AW__D_13:12000,12000,15000,1,1,3000,1200
k2,test,trimMA342_1200rpm_AW__D_13,trimMA342_1200rpm_AW__D_13:15000,15000,18000,1,1,3000,1200
k2,test,trimMA342_1200rpm_AW__D_13,trimMA342_1200rpm_AW__D_13:18000,18000,21000,1,1,3000,1200
k2,test,trimMA342_1200rpm_AW__D_13,trimMA342_1200rpm_AW__D_13:21000,21000,24000,1,1,3000,1200
k2,test,trimMA342_1200rpm_AW__D_13,trimMA342_1200rpm_AW__D_13:24000,24000,27000,1,1,3000,1200
k2,test,trimMA342_1200rpm_AW__D_13,trimMA342_1200rpm_AW__D_13:27000,27000,30000,1,1,3000,1200
k2,test,trimMA342_1200rpm_AW__D_13,trimMA342_1200rpm_AW__D_13:30000,30000,33000,1,1,3000,1200
k2,test,trimMA342_1200rpm_AW__D_13,trimMA342_1200rpm_AW__D_13:33000,33000,36000,1,1,3000,1200
k2,test,trimMA342_1200rpm_AW__D_13,trimMA342_1200rpm_AW__D_13:36000,36000,39000,1,1,3000,1200
k2,test,trimMA342_1200rpm_AW__D_13,trimMA342_1200rpm_AW__D_13:39000,39000,42000,1,1,3000,1200
k2,test,trimMA342_1200rpm_AW__D_13,trimMA342_1200rpm_AW__D_13:42000,42000,45000,1,1,3000,1200
k2,test,trimMA342_1200rpm_AW__D_13,trimMA342_1200rpm_AW__D_13:45000,45000,48000,1,1,3000,1200
k2,test,trimMA342_1200rpm_AW__D_13,trimMA342_1200rpm_AW__D_13:48000,48000,51000,1,1,3000,1200
k2,test,trimMA342_1200rpm_AW__D_13,trimMA342_1200rpm_AW__D_13:51000,51000,54000,1,1,3000,1200
k2,test,trimMA342_1200rpm_AW__D_13,trimMA342_1200rpm_AW__D_13:54000,54000,57000,1,1,3000,1200
k2,test,trimMA342_1200rpm_AW__D_13,trimMA342_1200rpm_AW__D_13:57000,57000,60000,1,1,3000,1200
k2,test,trimMA342_1200rpm_AW__D_13,trimMA342_1200rpm_AW__D_13:60000,60000,63000,1,1,3000,1200
k2,test,trimMA342_1200rpm_AW__D_13,trimMA342_1200rpm_AW__D_13:63000,63000,66000,1,1,3000,1200
k2,test,trimMA342_1200rpm_AW__D_13,trimMA342_1200rpm_AW__D_13:66000,66000,69000,1,1,3000,1200
k2,test,trimMA342_1200rpm_AW__D_13,trimMA342_1200rpm_AW__D_13:69000,69000,72000,1,1,3000,1200
k2,test,trimMA342_1200rpm_AW__D_13,trimMA342_1200rpm_AW__D_13:72000,72000,75000,1,1,3000,1200
k2,test,trimMA342_1200rpm_AW__D_13,trimMA342_1200rpm_AW__D_13:75000,75000,78000,1,1,3000,1200
k2,test,trimMA342_1200rpm_AW__D_13,trimMA342_1200rpm_AW__D_13:78000,78000,81000,1,1,3000,1200
k2,test,trimMA342_1200rpm_AW__D_13,trimMA342_1200rpm_AW__D_13:81000,81000,84000,1,1,3000,1200
k2,test,trimMA342_1200rpm_AW__D_13,trimMA342_1200rpm_AW__D_13:84000,84000,87000,1,1,3000,1200
k2,test,trimMA342_1200rpm_AW__D_13,trimMA342_1200rpm_AW__D_13:87000,87000,90000,1,1,3000,1200
k2,test,trimMA342_1200rpm_AW__D_13,trimMA342_1200rpm_AW__D_13:90000,90000,93000,1,1,3000,1200
k2,test,trimMA342_1200rpm_AW__D_13,trimMA342_1200rpm_AW__D_13:93000,93000,96000,1,1,3000,1200
k2,test,trimMA342_1200rpm_AW__D_13,trimMA342_1200rpm_AW__D_13:96000,96000,99000,1,1,3000,1200
k2,test,trimMA342_1200rpm_AW__D_13,trimMA342_1200rpm_AW__D_13:99000,99000,102000,1,1,3000,1200
k2,test,trimMA342_1200rpm_AW__D_13,trimMA342_1200rpm_AW__D_13:102000,102000,105000,1,1,3000,1200
k2,test,trimMA342_1200rpm_AW__D_13,trimMA342_1200rpm_AW__D_13:105000,105000,108000,1,1,3000,1200
k2,test,trimMA342_1200rpm_AW__D_13,trimMA342_1200rpm_AW__D_13:108000,108000,111000,1,1,3000,1200
k2,test,trimMA342_1200rpm_AW__D_13,trimMA342_1200rpm_AW__D_13:111000,111000,114000,1,1,3000,1200
k2,test,trimMA342_1200rpm_AW__D_13,trimMA342_1200rpm_AW__D_13:114000,114000,117000,1,1,3000,1200
k2,test,trimMA342_1200rpm_AW__D_13,trimMA342_1200rpm_AW__D_13:117000,117000,120000,1,1,3000,1200
k2,test,trimMA342_1200rpm_AW__D_13,trimMA342_1200rpm_AW__D_13:120000,120000,123000,1,1,3000,1200
k2,test,trimMA342_1200rpm_AW__D_13,trimMA342_1200rpm_AW__D_13:123000,123000,126000,1,1,3000,1200
k2,test,trimMA342_1200rpm_AW__D_13,trimMA342_1200rpm_AW__D_13:126000,126000,129000,1,1,3000,1200
k2,test,trimMA342_1200rpm_AW__D_13,trimMA342_1200rpm_AW__D_13:129000,129000,132000,1,1,3000,1200
k2,test,trimMA342_1200rpm_AW__D_13,trimMA342_1200rpm_AW__D_13:132000,132000,135000,1,1,3000,1200
k2,test,trimMA342_1200rpm_AW__D_13,trimMA342_1200rpm_AW__D_13:135000,135000,138000,1,1,3000,1200
k2,test,trimMA342_1200rpm_AW__D_13,trimMA342_1200rpm_AW__D_13:138000,138000,141000,1,1,3000,1200
k2,test,trimMA342_1200rpm_AW__D_13,trimMA342_1200rpm_AW__D_13:141000,141000,144000,1,1,3000,1200
k2,test,trimMA342_1200rpm_AW__D_13,trimMA342_1200rpm_AW__D_13:144000,144000,147000,1,1,3000,1200
k2,test,trimMA342_1200rpm_AW__D_13,trimMA342_1200rpm_AW__D_13:147000,147000,150000,1,1,3000,1200
k2,test,trimMA342_1200rpm_AW__D_13,trimMA342_1200rpm_AW__D_13:150000,150000,153000,1,1,3000,1200
k2,test,trimMA342_1200rpm_AW__D_13,trimMA342_1200rpm_AW__D_13:153000,153000,156000,1,1,3000,1200
k2,test,trimMA342_1200rpm_AW__D_13,trimMA342_1200rpm_AW__D_13:156000,156000,159000,1,1,3000,1200
k2,test,trimMA342_1200rpm_AW__D_13,trimMA342_1200rpm_AW__D_13:159000,159000,162000,1,1,3000,1200
k2,test,trimMA342_1200rpm_AW__D_13,trimMA342_1200rpm_AW__D_13:162000,162000,165000,1,1,3000,1200
k2,test,trimMA342_1200rpm_AW__D_13,trimMA342_1200rpm_AW__D_13:165000,165000,168000,1,1,3000,1200
k2,test,trimMA342_1200rpm_AW__D_13,trimMA342_1200rpm_AW__D_13:168000,168000,171000,1,1,3000,1200
k2,test,trimMA342_1200rpm_AW__D_13,trimMA342_1200rpm_AW__D_13:171000,171000,174000,1,1,3000,1200
k2,test,trimMA342_1200rpm_AW__D_13,trimMA342_1200rpm_AW__D_13:174000,174000,177000,1,1,3000,1200
k2,test,trimMA342_1200rpm_AW__D_13,trimMA342_1200rpm_AW__D_13:177000,177000,180000,1,1,3000,1200
k2,test,trimMA342_1200rpm_AW__D_13,trimMA342_1200rpm_AW__D_13:180000,180000,183000,1,1,3000,1200
k2,test,trimMA342_1200rpm_AW__D_13,trimMA342_1200rpm_AW__D_13:183000,183000,186000,1,1,3000,1200
k2,test,trimMA342_1200rpm_AW__D_13,trimMA342_1200rpm_AW__D_13:186000,186000,189000,1,1,3000,1200
k2,test,trimMA342_1200rpm_AW__D_13,trimMA342_1200rpm_AW__D_13:189000,189000,192000,1,1,3000,1200
k2,test,trimMA342_1200rpm_AW__D_13,trimMA342_1200rpm_AW__D_13:192000,192000,195000,1,1,3000,1200
k2,test,trimMA342_1200rpm_AW__D_13,trimMA342_1200rpm_AW__D_13:195000,195000,198000,1,1,3000,1200
k2,test,trimMA342_1200rpm_AW__D_13,trimMA342_1200rpm_AW__D_13:198000,198000,201000,1,1,3000,1200
k2,test,trimMA342_1200rpm_AW__D_13,trimMA342_1200rpm_AW__D_13:201000,201000,204000,1,1,3000,1200
k2,test,trimMA342_1200rpm_AW__D_13,trimMA342_1200rpm_AW__D_13:204000,204000,207000,1,1,3000,1200
k2,test,trimMA342_1200rpm_AW__D_13,trimMA342_1200rpm_AW__D_13:207000,207000,210000,1,1,3000,1200
k2,test,trimMA342_1200rpm_AW__D_13,trimMA342_1200rpm_AW__D_13:210000,210000,213000,1,1,3000,1200
k2,test,trimMA342_1200rpm_AW__D_13,trimMA342_1200rpm_AW__D_13:213000,213000,216000,1,1,3000,1200
k2,test,trimMA342_1200rpm_AW__D_13,trimMA342_1200rpm_AW__D_13:216000,216000,219000,1,1,3000,1200
k2,test,trimMA342_1200rpm_AW__D_13,trimMA342_1200rpm_AW__D_13:219000,219000,222000,1,1,3000,1200
k2,test,trimMA342_1200rpm_AW__D_13,trimMA342_1200rpm_AW__D_13:222000,222000,225000,1,1,3000,1200
k2,test,trimMA342_1200rpm_AW__D_13,trimMA342_1200rpm_AW__D_13:225000,225000,228000,1,1,3000,1200
k2,test,trimMA342_1200rpm_AW__D_13,trimMA342_1200rpm_AW__D_13:228000,228000,231000,1,1,3000,1200
k2,test,trimMA342_1200rpm_AW__D_13,trimMA342_1200rpm_AW__D_13:231000,231000,234000,1,1,3000,1200
k2,test,trimMA342_1200rpm_AW__D_13,trimMA342_1200rpm_AW__D_13:234000,234000,237000,1,1,3000,1200
k2,test,trimMA342_1200rpm_AW__D_13,trimMA342_1200rpm_AW__D_13:237000,237000,240000,1,1,3000,1200
k2,test,trimMA342_1200rpm_AW__D_13,trimMA342_1200rpm_AW__D_13:240000,240000,243000,1,1,3000,1200
k2,test,trimMA342_1200rpm_AW__D_13,trimMA342_1200rpm_AW__D_13:243000,243000,246000,1,1,3000,1200
k2,test,trimMA342_1200rpm_AW__D_13,trimMA342_1200rpm_AW__D_13:246000,246000,249000,1,1,3000,1200
k2,test,trimMA342_1200rpm_AW__D_13,trimMA342_1200rpm_AW__D_13:249000,249000,252000,1,1,3000,1200
k2,test,trimMA342_1200rpm_AW__D_13,trimMA342_1200rpm_AW__D_13:252000,252000,255000,1,1,3000,1200
k2,test,trimMA342_1200rpm_AW__D_13,trimMA342_1200rpm_AW__D_13:255000,255000,258000,1,1,3000,1200
k2,test,trimMA342_1200rpm_AW__D_13,trimMA342_1200rpm_AW__D_13:258000,258000,261000,1,1,3000,1200
k2,test,trimMA342_1200rpm_AW__D_13,trimMA342_1200rpm_AW__D_13:261000,261000,264000,1,1,3000,1200
k2,test,trimMA342_1200rpm_AW__D_13,trimMA342_1200rpm_AW__D_13:264000,264000,267000,1,1,3000,1200
k2,test,trimMA342_1200rpm_AW__D_13,trimMA342_1200rpm_AW__D_13:267000,267000,270000,1,1,3000,1200
k2,test,trimMA342_1200rpm_AW__D_13,trimMA342_1200rpm_AW__D_13:270000,270000,273000,1,1,3000,1200
k2,test,trimMA342_1200rpm_AW__D_13,trimMA342_1200rpm_AW__D_13:273000,273000,276000,1,1,3000,1200
k2,test,trimMA342_1200rpm_AW__D_13,trimMA342_1200rpm_AW__D_13:276000,276000,279000,1,1,3000,1200
k2,test,trimMA342_1200rpm_AW__D_13,trimMA342_1200rpm_AW__D_13:279000,279000,282000,1,1,3000,1200
k2,test,trimMA342_1200rpm_A__DW_01,trimMA342_1200rpm_A__DW_01:0,0,3000,2,1,3000,1200
k2,test,trimMA342_1200rpm_A__DW_01,trimMA342_1200rpm_A__DW_01:3000,3000,6000,2,1,3000,1200
k2,test,trimMA342_1200rpm_A__DW_01,trimMA342_1200rpm_A__DW_01:6000,6000,9000,2,1,3000,1200
k2,test,trimMA342_1200rpm_A__DW_01,trimMA342_1200rpm_A__DW_01:9000,9000,12000,2,1,3000,1200
k2,test,trimMA342_1200rpm_A__DW_01,trimMA342_1200rpm_A__DW_01:12000,12000,15000,2,1,3000,1200
k2,test,trimMA342_1200rpm_A__DW_01,trimMA342_1200rpm_A__DW_01:15000,15000,18000,2,1,3000,1200
k2,test,trimMA342_1200rpm_A__DW_01,trimMA342_1200rpm_A__DW_01:18000,18000,21000,2,1,3000,1200
k2,test,trimMA342_1200rpm_A__DW_01,trimMA342_1200rpm_A__DW_01:21000,21000,24000,2,1,3000,1200
k2,test,trimMA342_1200rpm_A__DW_01,trimMA342_1200rpm_A__DW_01:24000,24000,27000,2,1,3000,1200
k2,test,trimMA342_1200rpm_A__DW_01,trimMA342_1200rpm_A__DW_01:27000,27000,30000,2,1,3000,1200
k2,test,trimMA342_1200rpm_A__DW_01,trimMA342_1200rpm_A__DW_01:30000,30000,33000,2,1,3000,1200
k2,test,trimMA342_1200rpm_A__DW_01,trimMA342_1200rpm_A__DW_01:33000,33000,36000,2,1,3000,1200
k2,test,trimMA342_1200rpm_A__DW_01,trimMA342_1200rpm_A__DW_01:36000,36000,39000,2,1,3000,1200
k2,test,trimMA342_1200rpm_A__DW_01,trimMA342_1200rpm_A__DW_01:39000,39000,42000,2,1,3000,1200
k2,test,trimMA342_1200rpm_A__DW_01,trimMA342_1200rpm_A__DW_01:42000,42000,45000,2,1,3000,1200
k2,test,trimMA342_1200rpm_A__DW_01,trimMA342_1200rpm_A__DW_01:45000,45000,48000,2,1,3000,1200
k2,test,trimMA342_1200rpm_A__DW_01,trimMA342_1200rpm_A__DW_01:48000,48000,51000,2,1,3000,1200
k2,test,trimMA342_1200rpm_A__DW_01,trimMA342_1200rpm_A__DW_01:51000,51000,54000,2,1,3000,1200
k2,test,trimMA342_1200rpm_A__DW_01,trimMA342_1200rpm_A__DW_01:54000,54000,57000,2,1,3000,1200
k2,test,trimMA342_1200rpm_A__DW_01,trimMA342_1200rpm_A__DW_01:57000,57000,60000,2,1,3000,1200
k2,test,trimMA342_1200rpm_A__DW_01,trimMA342_1200rpm_A__DW_01:60000,60000,63000,2,1,3000,1200
k2,test,trimMA342_1200rpm_A__DW_01,trimMA342_1200rpm_A__DW_01:63000,63000,66000,2,1,3000,1200
k2,test,trimMA342_1200rpm_A__DW_01,trimMA342_1200rpm_A__DW_01:66000,66000,69000,2,1,3000,1200
k2,test,trimMA342_1200rpm_A__DW_01,trimMA342_1200rpm_A__DW_01:69000,69000,72000,2,1,3000,1200
k2,test,trimMA342_1200rpm_A__DW_01,trimMA342_1200rpm_A__DW_01:72000,72000,75000,2,1,3000,1200
k2,test,trimMA342_1200rpm_A__DW_01,trimMA342_1200rpm_A__DW_01:75000,75000,78000,2,1,3000,1200
k2,test,trimMA342_1200rpm_A__DW_01,trimMA342_1200rpm_A__DW_01:78000,78000,81000,2,1,3000,1200
k2,test,trimMA342_1200rpm_A__DW_01,trimMA342_1200rpm_A__DW_01:81000,81000,84000,2,1,3000,1200
k2,test,trimMA342_1200rpm_A__DW_01,trimMA342_1200rpm_A__DW_01:84000,84000,87000,2,1,3000,1200
k2,test,trimMA342_1200rpm_A__DW_01,trimMA342_1200rpm_A__DW_01:87000,87000,90000,2,1,3000,1200
k2,test,trimMA342_1200rpm_A__DW_01,trimMA342_1200rpm_A__DW_01:90000,90000,93000,2,1,3000,1200
k2,test,trimMA342_1200rpm_A__DW_01,trimMA342_1200rpm_A__DW_01:93000,93000,96000,2,1,3000,1200
k2,test,trimMA342_1200rpm_A__DW_01,trimMA342_1200rpm_A__DW_01:96000,96000,99000,2,1,3000,1200
k2,test,trimMA342_1200rpm_A__DW_01,trimMA342_1200rpm_A__DW_01:99000,99000,102000,2,1,3000,1200
k2,test,trimMA342_1200rpm_A__DW_01,trimMA342_1200rpm_A__DW_01:102000,102000,105000,2,1,3000,1200
k2,test,trimMA342_1200rpm_A__DW_01,trimMA342_1200rpm_A__DW_01:105000,105000,108000,2,1,3000,1200
k2,test,trimMA342_1200rpm_A__DW_01,trimMA342_1200rpm_A__DW_01:108000,108000,111000,2,1,3000,1200
k2,test,trimMA342_1200rpm_A__DW_01,trimMA342_1200rpm_A__DW_01:111000,111000,114000,2,1,3000,1200
k2,test,trimMA342_1200rpm_A__DW_01,trimMA342_1200rpm_A__DW_01:114000,114000,117000,2,1,3000,1200
k2,test,trimMA342_1200rpm_A__DW_01,trimMA342_1200rpm_A__DW_01:117000,117000,120000,2,1,3000,1200
k2,test,trimMA342_1200rpm_A__DW_01,trimMA342_1200rpm_A__DW_01:120000,120000,123000,2,1,3000,1200
k2,test,trimMA342_1200rpm_A__DW_01,trimMA342_1200rpm_A__DW_01:123000,123000,126000,2,1,3000,1200
k2,test,trimMA342_1200rpm_A__DW_01,trimMA342_1200rpm_A__DW_01:126000,126000,129000,2,1,3000,1200
k2,test,trimMA342_1200rpm_A__DW_01,trimMA342_1200rpm_A__DW_01:129000,129000,132000,2,1,3000,1200
k2,test,trimMA342_1200rpm_A__DW_01,trimMA342_1200rpm_A__DW_01:132000,132000,135000,2,1,3000,1200
k2,test,trimMA342_1200rpm_A__DW_01,trimMA342_1200rpm_A__DW_01:135000,135000,138000,2,1,3000,1200
k2,test,trimMA342_1200rpm_A__DW_01,trimMA342_1200rpm_A__DW_01:138000,138000,141000,2,1,3000,1200
k2,test,trimMA342_1200rpm_A__DW_01,trimMA342_1200rpm_A__DW_01:141000,141000,144000,2,1,3000,1200
k2,test,trimMA342_1200rpm_A__DW_01,trimMA342_1200rpm_A__DW_01:144000,144000,147000,2,1,3000,1200
k2,test,trimMA342_1200rpm_A__DW_01,trimMA342_1200rpm_A__DW_01:147000,147000,150000,2,1,3000,1200
k2,test,trimMA342_1200rpm_A__DW_01,trimMA342_1200rpm_A__DW_01:150000,150000,153000,2,1,3000,1200
k2,test,trimMA342_1200rpm_A__DW_01,trimMA342_1200rpm_A__DW_01:153000,153000,156000,2,1,3000,1200
k2,test,trimMA342_1200rpm_A__DW_01,trimMA342_1200rpm_A__DW_01:156000,156000,159000,2,1,3000,1200
k2,test,trimMA342_1200rpm_A__DW_01,trimMA342_1200rpm_A__DW_01:159000,159000,162000,2,1,3000,1200
k2,test,trimMA342_1200rpm_A__DW_01,trimMA342_1200rpm_A__DW_01:162000,162000,165000,2,1,3000,1200
k2,test,trimMA342_1200rpm_A__DW_01,trimMA342_1200rpm_A__DW_01:165000,165000,168000,2,1,3000,1200
k2,test,trimMA342_1200rpm_A__DW_01,trimMA342_1200rpm_A__DW_01:168000,168000,171000,2,1,3000,1200
k2,test,trimMA342_1200rpm_A__DW_01,trimMA342_1200rpm_A__DW_01:171000,171000,174000,2,1,3000,1200
k2,test,trimMA342_1200rpm_A__DW_01,trimMA342_1200rpm_A__DW_01:174000,174000,177000,2,1,3000,1200
k2,test,trimMA342_1200rpm_A__DW_01,trimMA342_1200rpm_A__DW_01:177000,177000,180000,2,1,3000,1200
k2,test,trimMA342_1200rpm_A__DW_01,trimMA342_1200rpm_A__DW_01:180000,180000,183000,2,1,3000,1200
k2,test,trimMA342_1200rpm_A__DW_01,trimMA342_1200rpm_A__DW_01:183000,183000,186000,2,1,3000,1200
k2,test,trimMA342_1200rpm_A__DW_01,trimMA342_1200rpm_A__DW_01:186000,186000,189000,2,1,3000,1200
k2,test,trimMA342_1200rpm_A__DW_01,trimMA342_1200rpm_A__DW_01:189000,189000,192000,2,1,3000,1200
k2,test,trimMA342_1200rpm_A__DW_01,trimMA342_1200rpm_A__DW_01:192000,192000,195000,2,1,3000,1200
k2,test,trimMA342_1200rpm_A__DW_01,trimMA342_1200rpm_A__DW_01:195000,195000,198000,2,1,3000,1200
k2,test,trimMA342_1200rpm_A__DW_01,trimMA342_1200rpm_A__DW_01:198000,198000,201000,2,1,3000,1200
k2,test,trimMA342_1200rpm_A__DW_01,trimMA342_1200rpm_A__DW_01:201000,201000,204000,2,1,3000,1200
k2,test,trimMA342_1200rpm_A__DW_01,trimMA342_1200rpm_A__DW_01:204000,204000,207000,2,1,3000,1200
k2,test,trimMA342_1200rpm_A__DW_01,trimMA342_1200rpm_A__DW_01:207000,207000,210000,2,1,3000,1200
k2,test,trimMA342_1200rpm_A__DW_01,trimMA342_1200rpm_A__DW_01:210000,210000,213000,2,1,3000,1200
k2,test,trimMA342_1200rpm_A__DW_01,trimMA342_1200rpm_A__DW_01:213000,213000,216000,2,1,3000,1200
k2,test,trimMA342_1200rpm_A__DW_01,trimMA342_1200rpm_A__DW_01:216000,216000,219000,2,1,3000,1200
k2,test,trimMA342_1200rpm_A__DW_01,trimMA342_1200rpm_A__DW_01:219000,219000,222000,2,1,3000,1200
k2,test,trimMA342_1200rpm_A__DW_01,trimMA342_1200rpm_A__DW_01:222000,222000,225000,2,1,3000,1200
k2,test,trimMA342_1200rpm_A__DW_01,trimMA342_1200rpm_A__DW_01:225000,225000,228000,2,1,3000,1200
k2,test,trimMA342_1200rpm_A__DW_01,trimMA342_1200rpm_A__DW_01:228000,228000,231000,2,1,3000,1200
k2,test,trimMA342_1200rpm_A__DW_01,trimMA342_1200rpm_A__DW_01:231000,231000,234000,2,1,3000,1200
k2,test,trimMA342_1200rpm_A__DW_01,trimMA342_1200rpm_A__DW_01:234000,234000,237000,2,1,3000,1200
k2,test,trimMA342_1200rpm_A__DW_01,trimMA342_1200rpm_A__DW_01:237000,237000,240000,2,1,3000,1200
k2,test,trimMA342_1200rpm_A__DW_01,trimMA342_1200rpm_A__DW_01:240000,240000,243000,2,1,3000,1200
k2,test,trimMA342_1200rpm_A__DW_01,trimMA342_1200rpm_A__DW_01:243000,243000,246000,2,1,3000,1200
k2,test,trimMA342_1200rpm_A__DW_01,trimMA342_1200rpm_A__DW_01:246000,246000,249000,2,1,3000,1200
k2,test,trimMA342_1200rpm_A__DW_01,trimMA342_1200rpm_A__DW_01:249000,249000,252000,2,1,3000,1200
k2,test,trimMA342_1200rpm_A__DW_01,trimMA342_1200rpm_A__DW_01:252000,252000,255000,2,1,3000,1200
k2,test,trimMA342_1200rpm_A__DW_01,trimMA342_1200rpm_A__DW_01:255000,255000,258000,2,1,3000,1200
k2,test,trimMA342_1200rpm_A__DW_01,trimMA342_1200rpm_A__DW_01:258000,258000,261000,2,1,3000,1200
k2,test,trimMA342_1200rpm_A__DW_01,trimMA342_1200rpm_A__DW_01:261000,261000,264000,2,1,3000,1200
k2,test,trimMA342_1200rpm_A__DW_01,trimMA342_1200rpm_A__DW_01:264000,264000,267000,2,1,3000,1200
k2,test,trimMA342_1200rpm_A__DW_01,trimMA342_1200rpm_A__DW_01:267000,267000,270000,2,1,3000,1200
k2,test,trimMA342_1200rpm_A__DW_01,trimMA342_1200rpm_A__DW_01:270000,270000,273000,2,1,3000,1200
k2,test,trimMA342_1200rpm_A__DW_01,trimMA342_1200rpm_A__DW_01:273000,273000,276000,2,1,3000,1200
k2,test,trimMA342_1200rpm_A__DW_01,trimMA342_1200rpm_A__DW_01:276000,276000,279000,2,1,3000,1200
k2,test,trimMA342_1200rpm_A__DW_01,trimMA342_1200rpm_A__DW_01:279000,279000,282000,2,1,3000,1200
k2,test,trimMA342_1200rpm_A__DW_03,trimMA342_1200rpm_A__DW_03:0,0,3000,2,1,3000,1200
k2,test,trimMA342_1200rpm_A__DW_03,trimMA342_1200rpm_A__DW_03:3000,3000,6000,2,1,3000,1200
k2,test,trimMA342_1200rpm_A__DW_03,trimMA342_1200rpm_A__DW_03:6000,6000,9000,2,1,3000,1200
k2,test,trimMA342_1200rpm_A__DW_03,trimMA342_1200rpm_A__DW_03:9000,9000,12000,2,1,3000,1200
k2,test,trimMA342_1200rpm_A__DW_03,trimMA342_1200rpm_A__DW_03:12000,12000,15000,2,1,3000,1200
k2,test,trimMA342_1200rpm_A__DW_03,trimMA342_1200rpm_A__DW_03:15000,15000,18000,2,1,3000,1200
k2,test,trimMA342_1200rpm_A__DW_03,trimMA342_1200rpm_A__DW_03:18000,18000,21000,2,1,3000,1200
k2,test,trimMA342_1200rpm_A__DW_03,trimMA342_1200rpm_A__DW_03:21000,21000,24000,2,1,3000,1200
k2,test,trimMA342_1200rpm_A__DW_03,trimMA342_1200rpm_A__DW_03:24000,24000,27000,2,1,3000,1200
k2,test,trimMA342_1200rpm_A__DW_03,trimMA342_1200rpm_A__DW_03:27000,27000,30000,2,1,3000,1200
k2,test,trimMA342_1200rpm_A__DW_03,trimMA342_1200rpm_A__DW_03:30000,30000,33000,2,1,3000,1200
k2,test,trimMA342_1200rpm_A__DW_03,trimMA342_1200rpm_A__DW_03:33000,33000,36000,2,1,3000,1200
k2,test,trimMA342_1200rpm_A__DW_03,trimMA342_1200rpm_A__DW_03:36000,36000,39000,2,1,3000,1200
k2,test,trimMA342_1200rpm_A__DW_03,trimMA342_1200rpm_A__DW_03:39000,39000,42000,2,1,3000,1200
k2,test,trimMA342_1200rpm_A__DW_03,trimMA342_1200rpm_A__DW_03:42000,42000,45000,2,1,3000,1200
k2,test,trimMA342_1200rpm_A__DW_03,trimMA342_1200rpm_A__DW_03:45000,45000,48000,2,1,3000,1200
k2,test,trimMA342_1200rpm_A__DW_03,trimMA342_1200rpm_A__DW_03:48000,48000,51000,2,1,3000,1200
k2,test,trimMA342_1200rpm_A__DW_03,trimMA342_1200rpm_A__DW_03:51000,51000,54000,2,1,3000,1200
k2,test,trimMA342_1200rpm_A__DW_03,trimMA342_1200rpm_A__DW_03:54000,54000,57000,2,1,3000,1200
k2,test,trimMA342_1200rpm_A__DW_03,trimMA342_1200rpm_A__DW_03:57000,57000,60000,2,1,3000,1200
k2,test,trimMA342_1200rpm_A__DW_03,trimMA342_1200rpm_A__DW_03:60000,60000,63000,2,1,3000,1200
k2,test,trimMA342_1200rpm_A__DW_03,trimMA342_1200rpm_A__DW_03:63000,63000,66000,2,1,3000,1200
k2,test,trimMA342_1200rpm_A__DW_03,trimMA342_1200rpm_A__DW_03:66000,66000,69000,2,1,3000,1200
k2,test,trimMA342_1200rpm_A__DW_03,trimMA342_1200rpm_A__DW_03:69000,69000,72000,2,1,3000,1200
k2,test,trimMA342_1200rpm_A__DW_03,trimMA342_1200rpm_A__DW_03:72000,72000,75000,2,1,3000,1200
k2,test,trimMA342_1200rpm_A__DW_03,trimMA342_1200rpm_A__DW_03:75000,75000,78000,2,1,3000,1200
k2,test,trimMA342_1200rpm_A__DW_03,trimMA342_1200rpm_A__DW_03:78000,78000,81000,2,1,3000,1200
k2,test,trimMA342_1200rpm_A__DW_03,trimMA342_1200rpm_A__DW_03:81000,81000,84000,2,1,3000,1200
k2,test,trimMA342_1200rpm_A__DW_03,trimMA342_1200rpm_A__DW_03:84000,84000,87000,2,1,3000,1200
k2,test,trimMA342_1200rpm_A__DW_03,trimMA342_1200rpm_A__DW_03:87000,87000,90000,2,1,3000,1200
k2,test,trimMA342_1200rpm_A__DW_03,trimMA342_1200rpm_A__DW_03:90000,90000,93000,2,1,3000,1200
k2,test,trimMA342_1200rpm_A__DW_03,trimMA342_1200rpm_A__DW_03:93000,93000,96000,2,1,3000,1200
k2,test,trimMA342_1200rpm_A__DW_03,trimMA342_1200rpm_A__DW_03:96000,96000,99000,2,1,3000,1200
k2,test,trimMA342_1200rpm_A__DW_03,trimMA342_1200rpm_A__DW_03:99000,99000,102000,2,1,3000,1200
k2,test,trimMA342_1200rpm_A__DW_03,trimMA342_1200rpm_A__DW_03:102000,102000,105000,2,1,3000,1200
k2,test,trimMA342_1200rpm_A__DW_03,trimMA342_1200rpm_A__DW_03:105000,105000,108000,2,1,3000,1200
k2,test,trimMA342_1200rpm_A__DW_03,trimMA342_1200rpm_A__DW_03:108000,108000,111000,2,1,3000,1200
k2,test,trimMA342_1200rpm_A__DW_03,trimMA342_1200rpm_A__DW_03:111000,111000,114000,2,1,3000,1200
k2,test,trimMA342_1200rpm_A__DW_03,trimMA342_1200rpm_A__DW_03:114000,114000,117000,2,1,3000,1200
k2,test,trimMA342_1200rpm_A__DW_03,trimMA342_1200rpm_A__DW_03:117000,117000,120000,2,1,3000,1200
k2,test,trimMA342_1200rpm_A__DW_03,trimMA342_1200rpm_A__DW_03:120000,120000,123000,2,1,3000,1200
k2,test,trimMA342_1200rpm_A__DW_03,trimMA342_1200rpm_A__DW_03:123000,123000,126000,2,1,3000,1200
k2,test,trimMA342_1200rpm_A__DW_03,trimMA342_1200rpm_A__DW_03:126000,126000,129000,2,1,3000,1200
k2,test,trimMA342_1200rpm_A__DW_03,trimMA342_1200rpm_A__DW_03:129000,129000,132000,2,1,3000,1200
k2,test,trimMA342_1200rpm_A__DW_03,trimMA342_1200rpm_A__DW_03:132000,132000,135000,2,1,3000,1200
k2,test,trimMA342_1200rpm_A__DW_03,trimMA342_1200rpm_A__DW_03:135000,135000,138000,2,1,3000,1200
k2,test,trimMA342_1200rpm_A__DW_03,trimMA342_1200rpm_A__DW_03:138000,138000,141000,2,1,3000,1200
k2,test,trimMA342_1200rpm_A__DW_03,trimMA342_1200rpm_A__DW_03:141000,141000,144000,2,1,3000,1200
k2,test,trimMA342_1200rpm_A__DW_03,trimMA342_1200rpm_A__DW_03:144000,144000,147000,2,1,3000,1200
k2,test,trimMA342_1200rpm_A__DW_03,trimMA342_1200rpm_A__DW_03:147000,147000,150000,2,1,3000,1200
k2,test,trimMA342_1200rpm_A__DW_03,trimMA342_1200rpm_A__DW_03:150000,150000,153000,2,1,3000,1200
k2,test,trimMA342_1200rpm_A__DW_03,trimMA342_1200rpm_A__DW_03:153000,153000,156000,2,1,3000,1200
k2,test,trimMA342_1200rpm_A__DW_03,trimMA342_1200rpm_A__DW_03:156000,156000,159000,2,1,3000,1200
k2,test,trimMA342_1200rpm_A__DW_03,trimMA342_1200rpm_A__DW_03:159000,159000,162000,2,1,3000,1200
k2,test,trimMA342_1200rpm_A__DW_03,trimMA342_1200rpm_A__DW_03:162000,162000,165000,2,1,3000,1200
k2,test,trimMA342_1200rpm_A__DW_03,trimMA342_1200rpm_A__DW_03:165000,165000,168000,2,1,3000,1200
k2,test,trimMA342_1200rpm_A__DW_03,trimMA342_1200rpm_A__DW_03:168000,168000,171000,2,1,3000,1200
k2,test,trimMA342_1200rpm_A__DW_03,trimMA342_1200rpm_A__DW_03:171000,171000,174000,2,1,3000,1200
k2,test,trimMA342_1200rpm_A__DW_03,trimMA342_1200rpm_A__DW_03:174000,174000,177000,2,1,3000,1200
k2,test,trimMA342_1200rpm_A__DW_03,trimMA342_1200rpm_A__DW_03:177000,177000,180000,2,1,3000,1200
k2,test,trimMA342_1200rpm_A__DW_03,trimMA342_1200rpm_A__DW_03:180000,180000,183000,2,1,3000,1200
k2,test,trimMA342_1200rpm_A__DW_03,trimMA342_1200rpm_A__DW_03:183000,183000,186000,2,1,3000,1200
k2,test,trimMA342_1200rpm_A__DW_03,trimMA342_1200rpm_A__DW_03:186000,186000,189000,2,1,3000,1200
k2,test,trimMA342_1200rpm_A__DW_03,trimMA342_1200rpm_A__DW_03:189000,189000,192000,2,1,3000,1200
k2,test,trimMA342_1200rpm_A__DW_03,trimMA342_1200rpm_A__DW_03:192000,192000,195000,2,1,3000,1200
k2,test,trimMA342_1200rpm_A__DW_03,trimMA342_1200rpm_A__DW_03:195000,195000,198000,2,1,3000,1200
k2,test,trimMA342_1200rpm_A__DW_03,trimMA342_1200rpm_A__DW_03:198000,198000,201000,2,1,3000,1200
k2,test,trimMA342_1200rpm_A__DW_03,trimMA342_1200rpm_A__DW_03:201000,201000,204000,2,1,3000,1200
k2,test,trimMA342_1200rpm_A__DW_03,trimMA342_1200rpm_A__DW_03:204000,204000,207000,2,1,3000,1200
k2,test,trimMA342_1200rpm_A__DW_03,trimMA342_1200rpm_A__DW_03:207000,207000,210000,2,1,3000,1200
k2,test,trimMA342_1200rpm_A__DW_03,trimMA342_1200rpm_A__DW_03:210000,210000,213000,2,1,3000,1200
k2,test,trimMA342_1200rpm_A__DW_03,trimMA342_1200rpm_A__DW_03:213000,213000,216000,2,1,3000,1200
k2,test,trimMA342_1200rpm_A__DW_03,trimMA342_1200rpm_A__DW_03:216000,216000,219000,2,1,3000,1200
k2,test,trimMA342_1200rpm_A__DW_03,trimMA342_1200rpm_A__DW_03:219000,219000,222000,2,1,3000,1200
k2,test,trimMA342_1200rpm_A__DW_03,trimMA342_1200rpm_A__DW_03:222000,222000,225000,2,1,3000,1200
k2,test,trimMA342_1200rpm_A__DW_03,trimMA342_1200rpm_A__DW_03:225000,225000,228000,2,1,3000,1200
k2,test,trimMA342_1200rpm_A__DW_03,trimMA342_1200rpm_A__DW_03:228000,228000,231000,2,1,3000,1200
k2,test,trimMA342_1200rpm_A__DW_03,trimMA342_1200rpm_A__DW_03:231000,231000,234000,2,1,3000,1200
k2,test,trimMA342_1200rpm_A__DW_03,trimMA342_1200rpm_A__DW_03:234000,234000,237000,2,1,3000,1200
k2,test,trimMA342_1200rpm_A__DW_03,trimMA342_1200rpm_A__DW_03:237000,237000,240000,2,1,3000,1200
k2,test,trimMA342_1200rpm_A__DW_03,trimMA342_1200rpm_A__DW_03:240000,240000,243000,2,1,3000,1200
k2,test,trimMA342_1200rpm_A__DW_03,trimMA342_1200rpm_A__DW_03:243000,243000,246000,2,1,3000,1200
k2,test,trimMA342_1200rpm_A__DW_03,trimMA342_1200rpm_A__DW_03:246000,246000,249000,2,1,3000,1200
k2,test,trimMA342_1200rpm_A__DW_03,trimMA342_1200rpm_A__DW_03:249000,249000,252000,2,1,3000,1200
k2,test,trimMA342_1200rpm_A__DW_03,trimMA342_1200rpm_A__DW_03:252000,252000,255000,2,1,3000,1200
k2,test,trimMA342_1200rpm_A__DW_03,trimMA342_1200rpm_A__DW_03:255000,255000,258000,2,1,3000,1200
k2,test,trimMA342_1200rpm_A__DW_03,trimMA342_1200rpm_A__DW_03:258000,258000,261000,2,1,3000,1200
k2,test,trimMA342_1200rpm_A__DW_03,trimMA342_1200rpm_A__DW_03:261000,261000,264000,2,1,3000,1200
k2,test,trimMA342_1200rpm_A__DW_03,trimMA342_1200rpm_A__DW_03:264000,264000,267000,2,1,3000,1200
k2,test,trimMA342_1200rpm_A__DW_03,trimMA342_1200rpm_A__DW_03:267000,267000,270000,2,1,3000,1200
k2,test,trimMA342_1200rpm_A__DW_03,trimMA342_1200rpm_A__DW_03:270000,270000,273000,2,1,3000,1200
k2,test,trimMA342_1200rpm_A__DW_03,trimMA342_1200rpm_A__DW_03:273000,273000,276000,2,1,3000,1200
k2,test,trimMA342_1200rpm_A__DW_03,trimMA342_1200rpm_A__DW_03:276000,276000,279000,2,1,3000,1200
k2,test,trimMA342_1200rpm_A__DW_03,trimMA342_1200rpm_A__DW_03:279000,279000,282000,2,1,3000,1200
k2,test,trimMA342_1200rpm_A__DW_07,trimMA342_1200rpm_A__DW_07:0,0,3000,2,1,3000,1200
k2,test,trimMA342_1200rpm_A__DW_07,trimMA342_1200rpm_A__DW_07:3000,3000,6000,2,1,3000,1200
k2,test,trimMA342_1200rpm_A__DW_07,trimMA342_1200rpm_A__DW_07:6000,6000,9000,2,1,3000,1200
k2,test,trimMA342_1200rpm_A__DW_07,trimMA342_1200rpm_A__DW_07:9000,9000,12000,2,1,3000,1200
k2,test,trimMA342_1200rpm_A__DW_07,trimMA342_1200rpm_A__DW_07:12000,12000,15000,2,1,3000,1200
k2,test,trimMA342_1200rpm_A__DW_07,trimMA342_1200rpm_A__DW_07:15000,15000,18000,2,1,3000,1200
k2,test,trimMA342_1200rpm_A__DW_07,trimMA342_1200rpm_A__DW_07:18000,18000,21000,2,1,3000,1200
k2,test,trimMA342_1200rpm_A__DW_07,trimMA342_1200rpm_A__DW_07:21000,21000,24000,2,1,3000,1200
k2,test,trimMA342_1200rpm_A__DW_07,trimMA342_1200rpm_A__DW_07:24000,24000,27000,2,1,3000,1200
k2,test,trimMA342_1200rpm_A__DW_07,trimMA342_1200rpm_A__DW_07:27000,27000,30000,2,1,3000,1200
k2,test,trimMA342_1200rpm_A__DW_07,trimMA342_1200rpm_A__DW_07:30000,30000,33000,2,1,3000,1200
k2,test,trimMA342_1200rpm_A__DW_07,trimMA342_1200rpm_A__DW_07:33000,33000,36000,2,1,3000,1200
k2,test,trimMA342_1200rpm_A__DW_07,trimMA342_1200rpm_A__DW_07:36000,36000,39000,2,1,3000,1200
k2,test,trimMA342_1200rpm_A__DW_07,trimMA342_1200rpm_A__DW_07:39000,39000,42000,2,1,3000,1200
k2,test,trimMA342_1200rpm_A__DW_07,trimMA342_1200rpm_A__DW_07:42000,42000,45000,2,1,3000,1200
k2,test,trimMA342_1200rpm_A__DW_07,trimMA342_1200rpm_A__DW_07:45000,45000,48000,2,1,3000,1200
k2,test,trimMA342_1200rpm_A__DW_07,trimMA342_1200rpm_A__DW_07:48000,48000,51000,2,1,3000,1200
k2,test,trimMA342_1200rpm_A__DW_07,trimMA342_1200rpm_A__DW_07:51000,51000,54000,2,1,3000,1200
k2,test,trimMA342_1200rpm_A__DW_07,trimMA342_1200rpm_A__DW_07:54000,54000,57000,2,1,3000,1200
k2,test,trimMA342_1200rpm_A__DW_07,trimMA342_1200rpm_A__DW_07:57000,57000,60000,2,1,3000,1200
k2,test,trimMA342_1200rpm_A__DW_07,trimMA342_1200rpm_A__DW_07:60000,60000,63000,2,1,3000,1200
k2,test,trimMA342_1200rpm_A__DW_07,trimMA342_1200rpm_A__DW_07:63000,63000,66000,2,1,3000,1200
k2,test,trimMA342_1200rpm_A__DW_07,trimMA342_1200rpm_A__DW_07:66000,66000,69000,2,1,3000,1200
k2,test,trimMA342_1200rpm_A__DW_07,trimMA342_1200rpm_A__DW_07:69000,69000,72000,2,1,3000,1200
k2,test,trimMA342_1200rpm_A__DW_07,trimMA342_1200rpm_A__DW_07:72000,72000,75000,2,1,3000,1200
k2,test,trimMA342_1200rpm_A__DW_07,trimMA342_1200rpm_A__DW_07:75000,75000,78000,2,1,3000,1200
k2,test,trimMA342_1200rpm_A__DW_07,trimMA342_1200rpm_A__DW_07:78000,78000,81000,2,1,3000,1200
k2,test,trimMA342_1200rpm_A__DW_07,trimMA342_1200rpm_A__DW_07:81000,81000,84000,2,1,3000,1200
k2,test,trimMA342_1200rpm_A__DW_07,trimMA342_1200rpm_A__DW_07:84000,84000,87000,2,1,3000,1200
k2,test,trimMA342_1200rpm_A__DW_07,trimMA342_1200rpm_A__DW_07:87000,87000,90000,2,1,3000,1200
k2,test,trimMA342_1200rpm_A__DW_07,trimMA342_1200rpm_A__DW_07:90000,90000,93000,2,1,3000,1200
k2,test,trimMA342_1200rpm_A__DW_07,trimMA342_1200rpm_A__DW_07:93000,93000,96000,2,1,3000,1200
k2,test,trimMA342_1200rpm_A__DW_07,trimMA342_1200rpm_A__DW_07:96000,96000,99000,2,1,3000,1200
k2,test,trimMA342_1200rpm_A__DW_07,trimMA342_1200rpm_A__DW_07:99000,99000,102000,2,1,3000,1200
k2,test,trimMA342_1200rpm_A__DW_07,trimMA342_1200rpm_A__DW_07:102000,102000,105000,2,1,3000,1200
k2,test,trimMA342_1200rpm_A__DW_07,trimMA342_1200rpm_A__DW_07:105000,105000,108000,2,1,3000,1200
k2,test,trimMA342_1200rpm_A__DW_07,trimMA342_1200rpm_A__DW_07:108000,108000,111000,2,1,3000,1200
k2,test,trimMA342_1200rpm_A__DW_07,trimMA342_1200rpm_A__DW_07:111000,111000,114000,2,1,3000,1200
k2,test,trimMA342_1200rpm_A__DW_07,trimMA342_1200rpm_A__DW_07:114000,114000,117000,2,1,3000,1200
k2,test,trimMA342_1200rpm_A__DW_07,trimMA342_1200rpm_A__DW_07:117000,117000,120000,2,1,3000,1200
k2,test,trimMA342_1200rpm_A__DW_07,trimMA342_1200rpm_A__DW_07:120000,120000,123000,2,1,3000,1200
k2,test,trimMA342_1200rpm_A__DW_07,trimMA342_1200rpm_A__DW_07:123000,123000,126000,2,1,3000,1200
k2,test,trimMA342_1200rpm_A__DW_07,trimMA342_1200rpm_A__DW_07:126000,126000,129000,2,1,3000,1200
k2,test,trimMA342_1200rpm_A__DW_07,trimMA342_1200rpm_A__DW_07:129000,129000,132000,2,1,3000,1200
k2,test,trimMA342_1200rpm_A__DW_07,trimMA342_1200rpm_A__DW_07:132000,132000,135000,2,1,3000,1200
k2,test,trimMA342_1200rpm_A__DW_07,trimMA342_1200rpm_A__DW_07:135000,135000,138000,2,1,3000,1200
k2,test,trimMA342_1200rpm_A__DW_07,trimMA342_1200rpm_A__DW_07:138000,138000,141000,2,1,3000,1200
k2,test,trimMA342_1200rpm_A__DW_07,trimMA342_1200rpm_A__DW_07:141000,141000,144000,2,1,3000,1200
k2,test,trimMA342_1200rpm_A__DW_07,trimMA342_1200rpm_A__DW_07:144000,144000,147000,2,1,3000,1200
k2,test,trimMA342_1200rpm_A__DW_07,trimMA342_1200rpm_A__DW_07:147000,147000,150000,2,1,3000,1200
k2,test,trimMA342_1200rpm_A__DW_07,trimMA342_1200rpm_A__DW_07:150000,150000,153000,2,1,3000,1200
k2,test,trimMA342_1200rpm_A__DW_07,trimMA342_1200rpm_A__DW_07:153000,153000,156000,2,1,3000,1200
k2,test,trimMA342_1200rpm_A__DW_07,trimMA342_1200rpm_A__DW_07:156000,156000,159000,2,1,3000,1200
k2,test,trimMA342_1200rpm_A__DW_07,trimMA342_1200rpm_A__DW_07:159000,159000,162000,2,1,3000,1200
k2,test,trimMA342_1200rpm_A__DW_07,trimMA342_1200rpm_A__DW_07:162000,162000,165000,2,1,3000,1200
k2,test,trimMA342_1200rpm_A__DW_07,trimMA342_1200rpm_A__DW_07:165000,165000,168000,2,1,3000,1200
k2,test,trimMA342_1200rpm_A__DW_07,trimMA342_1200rpm_A__DW_07:168000,168000,171000,2,1,3000,1200
k2,test,trimMA342_1200rpm_A__DW_07,trimMA342_1200rpm_A__DW_07:171000,171000,174000,2,1,3000,1200
k2,test,trimMA342_1200rpm_A__DW_07,trimMA342_1200rpm_A__DW_07:174000,174000,177000,2,1,3000,1200
k2,test,trimMA342_1200rpm_A__DW_07,trimMA342_1200rpm_A__DW_07:177000,177000,180000,2,1,3000,1200
k2,test,trimMA342_1200rpm_A__DW_07,trimMA342_1200rpm_A__DW_07:180000,180000,183000,2,1,3000,1200
k2,test,trimMA342_1200rpm_A__DW_07,trimMA342_1200rpm_A__DW_07:183000,183000,186000,2,1,3000,1200
k2,test,trimMA342_1200rpm_A__DW_07,trimMA342_1200rpm_A__DW_07:186000,186000,189000,2,1,3000,1200
k2,test,trimMA342_1200rpm_A__DW_07,trimMA342_1200rpm_A__DW_07:189000,189000,192000,2,1,3000,1200
k2,test,trimMA342_1200rpm_A__DW_07,trimMA342_1200rpm_A__DW_07:192000,192000,195000,2,1,3000,1200
k2,test,trimMA342_1200rpm_A__DW_07,trimMA342_1200rpm_A__DW_07:195000,195000,198000,2,1,3000,1200
k2,test,trimMA342_1200rpm_A__DW_07,trimMA342_1200rpm_A__DW_07:198000,198000,201000,2,1,3000,1200
k2,test,trimMA342_1200rpm_A__DW_07,trimMA342_1200rpm_A__DW_07:201000,201000,204000,2,1,3000,1200
k2,test,trimMA342_1200rpm_A__DW_07,trimMA342_1200rpm_A__DW_07:204000,204000,207000,2,1,3000,1200
k2,test,trimMA342_1200rpm_A__DW_07,trimMA342_1200rpm_A__DW_07:207000,207000,210000,2,1,3000,1200
k2,test,trimMA342_1200rpm_A__DW_07,trimMA342_1200rpm_A__DW_07:210000,210000,213000,2,1,3000,1200
k2,test,trimMA342_1200rpm_A__DW_07,trimMA342_1200rpm_A__DW_07:213000,213000,216000,2,1,3000,1200
k2,test,trimMA342_1200rpm_A__DW_07,trimMA342_1200rpm_A__DW_07:216000,216000,219000,2,1,3000,1200
k2,test,trimMA342_1200rpm_A__DW_07,trimMA342_1200rpm_A__DW_07:219000,219000,222000,2,1,3000,1200
k2,test,trimMA342_1200rpm_A__DW_07,trimMA342_1200rpm_A__DW_07:222000,222000,225000,2,1,3000,1200
k2,test,trimMA342_1200rpm_A__DW_07,trimMA342_1200rpm_A__DW_07:225000,225000,228000,2,1,3000,1200
k2,test,trimMA342_1200rpm_A__DW_07,trimMA342_1200rpm_A__DW_07:228000,228000,231000,2,1,3000,1200
k2,test,trimMA342_1200rpm_A__DW_07,trimMA342_1200rpm_A__DW_07:231000,231000,234000,2,1,3000,1200
k2,test,trimMA342_1200rpm_A__DW_07,trimMA342_1200rpm_A__DW_07:234000,234000,237000,2,1,3000,1200
k2,test,trimMA342_1200rpm_A__DW_07,trimMA342_1200rpm_A__DW_07:237000,237000,240000,2,1,3000,1200
k2,test,trimMA342_1200rpm_A__DW_07,trimMA342_1200rpm_A__DW_07:240000,240000,243000,2,1,3000,1200
k2,test,trimMA342_1200rpm_A__DW_07,trimMA342_1200rpm_A__DW_07:243000,243000,246000,2,1,3000,1200
k2,test,trimMA342_1200rpm_A__DW_07,trimMA342_1200rpm_A__DW_07:246000,246000,249000,2,1,3000,1200
k2,test,trimMA342_1200rpm_A__DW_07,trimMA342_1200rpm_A__DW_07:249000,249000,252000,2,1,3000,1200
k2,test,trimMA342_1200rpm_A__DW_07,trimMA342_1200rpm_A__DW_07:252000,252000,255000,2,1,3000,1200
k2,test,trimMA342_1200rpm_A__DW_07,trimMA342_1200rpm_A__DW_07:255000,255000,258000,2,1,3000,1200
k2,test,trimMA342_1200rpm_A__DW_07,trimMA342_1200rpm_A__DW_07:258000,258000,261000,2,1,3000,1200
k2,test,trimMA342_1200rpm_A__DW_07,trimMA342_1200rpm_A__DW_07:261000,261000,264000,2,1,3000,1200
k2,test,trimMA342_1200rpm_A__DW_07,trimMA342_1200rpm_A__DW_07:264000,264000,267000,2,1,3000,1200
k2,test,trimMA342_1200rpm_A__DW_07,trimMA342_1200rpm_A__DW_07:267000,267000,270000,2,1,3000,1200
k2,test,trimMA342_1200rpm_A__DW_07,trimMA342_1200rpm_A__DW_07:270000,270000,273000,2,1,3000,1200
k2,test,trimMA342_1200rpm_A__DW_07,trimMA342_1200rpm_A__DW_07:273000,273000,276000,2,1,3000,1200
k2,test,trimMA342_1200rpm_A__DW_07,trimMA342_1200rpm_A__DW_07:276000,276000,279000,2,1,3000,1200
k2,test,trimMA342_1200rpm_A__DW_07,trimMA342_1200rpm_A__DW_07:279000,279000,282000,2,1,3000,1200
k2,test,trimMA342_1200rpm_A__DW_10,trimMA342_1200rpm_A__DW_10:0,0,3000,2,1,3000,1200
k2,test,trimMA342_1200rpm_A__DW_10,trimMA342_1200rpm_A__DW_10:3000,3000,6000,2,1,3000,1200
k2,test,trimMA342_1200rpm_A__DW_10,trimMA342_1200rpm_A__DW_10:6000,6000,9000,2,1,3000,1200
k2,test,trimMA342_1200rpm_A__DW_10,trimMA342_1200rpm_A__DW_10:9000,9000,12000,2,1,3000,1200
k2,test,trimMA342_1200rpm_A__DW_10,trimMA342_1200rpm_A__DW_10:12000,12000,15000,2,1,3000,1200
k2,test,trimMA342_1200rpm_A__DW_10,trimMA342_1200rpm_A__DW_10:15000,15000,18000,2,1,3000,1200
k2,test,trimMA342_1200rpm_A__DW_10,trimMA342_1200rpm_A__DW_10:18000,18000,21000,2,1,3000,1200
k2,test,trimMA342_1200rpm_A__DW_10,trimMA342_1200rpm_A__DW_10:21000,21000,24000,2,1,3000,1200
k2,test,trimMA342_1200rpm_A__DW_10,trimMA342_1200rpm_A__DW_10:24000,24000,27000,2,1,3000,1200
k2,test,trimMA342_1200rpm_A__DW_10,trimMA342_1200rpm_A__DW_10:27000,27000,30000,2,1,3000,1200
k2,test,trimMA342_1200rpm_A__DW_10,trimMA342_1200rpm_A__DW_10:30000,30000,33000,2,1,3000,1200
k2,test,trimMA342_1200rpm_A__DW_10,trimMA342_1200rpm_A__DW_10:33000,33000,36000,2,1,3000,1200
k2,test,trimMA342_1200rpm_A__DW_10,trimMA342_1200rpm_A__DW_10:36000,36000,39000,2,1,3000,1200
k2,test,trimMA342_1200rpm_A__DW_10,trimMA342_1200rpm_A__DW_10:39000,39000,42000,2,1,3000,1200
k2,test,trimMA342_1200rpm_A__DW_10,trimMA342_1200rpm_A__DW_10:42000,42000,45000,2,1,3000,1200
k2,test,trimMA342_1200rpm_A__DW_10,trimMA342_1200rpm_A__DW_10:45000,45000,48000,2,1,3000,1200
k2,test,trimMA342_1200rpm_A__DW_10,trimMA342_1200rpm_A__DW_10:48000,48000,51000,2,1,3000,1200
k2,test,trimMA342_1200rpm_A__DW_10,trimMA342_1200rpm_A__DW_10:51000,51000,54000,2,1,3000,1200
k2,test,trimMA342_1200rpm_A__DW_10,trimMA342_1200rpm_A__DW_10:54000,54000,57000,2,1,3000,1200
k2,test,trimMA342_1200rpm_A__DW_10,trimMA342_1200rpm_A__DW_10:57000,57000,60000,2,1,3000,1200
k2,test,trimMA342_1200rpm_A__DW_10,trimMA342_1200rpm_A__DW_10:60000,60000,63000,2,1,3000,1200
k2,test,trimMA342_1200rpm_A__DW_10,trimMA342_1200rpm_A__DW_10:63000,63000,66000,2,1,3000,1200
k2,test,trimMA342_1200rpm_A__DW_10,trimMA342_1200rpm_A__DW_10:66000,66000,69000,2,1,3000,1200
k2,test,trimMA342_1200rpm_A__DW_10,trimMA342_1200rpm_A__DW_10:69000,69000,72000,2,1,3000,1200
k2,test,trimMA342_1200rpm_A__DW_10,trimMA342_1200rpm_A__DW_10:72000,72000,75000,2,1,3000,1200
k2,test,trimMA342_1200rpm_A__DW_10,trimMA342_1200rpm_A__DW_10:75000,75000,78000,2,1,3000,1200
k2,test,trimMA342_1200rpm_A__DW_10,trimMA342_1200rpm_A__DW_10:78000,78000,81000,2,1,3000,1200
k2,test,trimMA342_1200rpm_A__DW_10,trimMA342_1200rpm_A__DW_10:81000,81000,84000,2,1,3000,1200
k2,test,trimMA342_1200rpm_A__DW_10,trimMA342_1200rpm_A__DW_10:84000,84000,87000,2,1,3000,1200
k2,test,trimMA342_1200rpm_A__DW_10,trimMA342_1200rpm_A__DW_10:87000,87000,90000,2,1,3000,1200
k2,test,trimMA342_1200rpm_A__DW_10,trimMA342_1200rpm_A__DW_10:90000,90000,93000,2,1,3000,1200
k2,test,trimMA342_1200rpm_A__DW_10,trimMA342_1200rpm_A__DW_10:93000,93000,96000,2,1,3000,1200
k2,test,trimMA342_1200rpm_A__DW_10,trimMA342_1200rpm_A__DW_10:96000,96000,99000,2,1,3000,1200
k2,test,trimMA342_1200rpm_A__DW_10,trimMA342_1200rpm_A__DW_10:99000,99000,102000,2,1,3000,1200
k2,test,trimMA342_1200rpm_A__DW_10,trimMA342_1200rpm_A__DW_10:102000,102000,105000,2,1,3000,1200
k2,test,trimMA342_1200rpm_A__DW_10,trimMA342_1200rpm_A__DW_10:105000,105000,108000,2,1,3000,1200
k2,test,trimMA342_1200rpm_A__DW_10,trimMA342_1200rpm_A__DW_10:108000,108000,111000,2,1,3000,1200
k2,test,trimMA342_1200rpm_A__DW_10,trimMA342_1200rpm_A__DW_10:111000,111000,114000,2,1,3000,1200
k2,test,trimMA342_1200rpm_A__DW_10,trimMA342_1200rpm_A__DW_10:114000,114000,117000,2,1,3000,1200
k2,test,trimMA342_1200rpm_A__DW_10,trimMA342_1200rpm_A__DW_10:117000,117000,120000,2,1,3000,1200
k2,test,trimMA342_1200rpm_A__DW_10,trimMA342_1200rpm_A__DW_10:120000,120000,123000,2,1,3000,1200
k2,test,trimMA342_1200rpm_A__DW_10,trimMA342_1200rpm_A__DW_10:123000,123000,126000,2,1,3000,1200
k2,test,trimMA342_1200rpm_A__DW_10,trimMA342_1200rpm_A__DW_10:126000,126000,129000,2,1,3000,1200
k2,test,trimMA342_1200rpm_A__DW_10,trimMA342_1200rpm_A__DW_10:129000,129000,132000,2,1,3000,1200
k2,test,trimMA342_1200rpm_A__DW_10,trimMA342_1200rpm_A__DW_10:132000,132000,135000,2,1,3000,1200
k2,test,trimMA342_1200rpm_A__DW_10,trimMA342_1200rpm_A__DW_10:135000,135000,138000,2,1,3000,1200
k2,test,trimMA342_1200rpm_A__DW_10,trimMA342_1200rpm_A__DW_10:138000,138000,141000,2,1,3000,1200
k2,test,trimMA342_1200rpm_A__DW_10,trimMA342_1200rpm_A__DW_10:141000,141000,144000,2,1,3000,1200
k2,test,trimMA342_1200rpm_A__DW_10,trimMA342_1200rpm_A__DW_10:144000,144000,147000,2,1,3000,1200
k2,test,trimMA342_1200rpm_A__DW_10,trimMA342_1200rpm_A__DW_10:147000,147000,150000,2,1,3000,1200
k2,test,trimMA342_1200rpm_A__DW_10,trimMA342_1200rpm_A__DW_10:150000,150000,153000,2,1,3000,1200
k2,test,trimMA342_1200rpm_A__DW_10,trimMA342_1200rpm_A__DW_10:153000,153000,156000,2,1,3000,1200
k2,test,trimMA342_1200rpm_A__DW_10,trimMA342_1200rpm_A__DW_10:156000,156000,159000,2,1,3000,1200
k2,test,trimMA342_1200rpm_A__DW_10,trimMA342_1200rpm_A__DW_10:159000,159000,162000,2,1,3000,1200
k2,test,trimMA342_1200rpm_A__DW_10,trimMA342_1200rpm_A__DW_10:162000,162000,165000,2,1,3000,1200
k2,test,trimMA342_1200rpm_A__DW_10,trimMA342_1200rpm_A__DW_10:165000,165000,168000,2,1,3000,1200
k2,test,trimMA342_1200rpm_A__DW_10,trimMA342_1200rpm_A__DW_10:168000,168000,171000,2,1,3000,1200
k2,test,trimMA342_1200rpm_A__DW_10,trimMA342_1200rpm_A__DW_10:171000,171000,174000,2,1,3000,1200
k2,test,trimMA342_1200rpm_A__DW_10,trimMA342_1200rpm_A__DW_10:174000,174000,177000,2,1,3000,1200
k2,test,trimMA342_1200rpm_A__DW_10,trimMA342_1200rpm_A__DW_10:177000,177000,180000,2,1,3000,1200
k2,test,trimMA342_1200rpm_A__DW_10,trimMA342_1200rpm_A__DW_10:180000,180000,183000,2,1,3000,1200
k2,test,trimMA342_1200rpm_A__DW_10,trimMA342_1200rpm_A__DW_10:183000,183000,186000,2,1,3000,1200
k2,test,trimMA342_1200rpm_A__DW_10,trimMA342_1200rpm_A__DW_10:186000,186000,189000,2,1,3000,1200
k2,test,trimMA342_1200rpm_A__DW_10,trimMA342_1200rpm_A__DW_10:189000,189000,192000,2,1,3000,1200
k2,test,trimMA342_1200rpm_A__DW_10,trimMA342_1200rpm_A__DW_10:192000,192000,195000,2,1,3000,1200
k2,test,trimMA342_1200rpm_A__DW_10,trimMA342_1200rpm_A__DW_10:195000,195000,198000,2,1,3000,1200
k2,test,trimMA342_1200rpm_A__DW_10,trimMA342_1200rpm_A__DW_10:198000,198000,201000,2,1,3000,1200
k2,test,trimMA342_1200rpm_A__DW_10,trimMA342_1200rpm_A__DW_10:201000,201000,204000,2,1,3000,1200
k2,test,trimMA342_1200rpm_A__DW_10,trimMA342_1200rpm_A__DW_10:204000,204000,207000,2,1,3000,1200
k2,test,trimMA342_1200rpm_A__DW_10,trimMA342_1200rpm_A__DW_10:207000,207000,210000,2,1,3000,1200
k2,test,trimMA342_1200rpm_A__DW_10,trimMA342_1200rpm_A__DW_10:210000,210000,213000,2,1,3000,1200
k2,test,trimMA342_1200rpm_A__DW_10,trimMA342_1200rpm_A__DW_10:213000,213000,216000,2,1,3000,1200
k2,test,trimMA342_1200rpm_A__DW_10,trimMA342_1200rpm_A__DW_10:216000,216000,219000,2,1,3000,1200
k2,test,trimMA342_1200rpm_A__DW_10,trimMA342_1200rpm_A__DW_10:219000,219000,222000,2,1,3000,1200
k2,test,trimMA342_1200rpm_A__DW_10,trimMA342_1200rpm_A__DW_10:222000,222000,225000,2,1,3000,1200
k2,test,trimMA342_1200rpm_A__DW_10,trimMA342_1200rpm_A__DW_10:225000,225000,228000,2,1,3000,1200
k2,test,trimMA342_1200rpm_A__DW_10,trimMA342_1200rpm_A__DW_10:228000,228000,231000,2,1,3000,1200
k2,test,trimMA342_1200rpm_A__DW_10,trimMA342_1200rpm_A__DW_10:231000,231000,234000,2,1,3000,1200
k2,test,trimMA342_1200rpm_A__DW_10,trimMA342_1200rpm_A__DW_10:234000,234000,237000,2,1,3000,1200
k2,test,trimMA342_1200rpm_A__DW_10,trimMA342_1200rpm_A__DW_10:237000,237000,240000,2,1,3000,1200
k2,test,trimMA342_1200rpm_A__DW_10,trimMA342_1200rpm_A__DW_10:240000,240000,243000,2,1,3000,1200
k2,test,trimMA342_1200rpm_A__DW_10,trimMA342_1200rpm_A__DW_10:243000,243000,246000,2,1,3000,1200
k2,test,trimMA342_1200rpm_A__DW_10,trimMA342_1200rpm_A__DW_10:246000,246000,249000,2,1,3000,1200
k2,test,trimMA342_1200rpm_A__DW_10,trimMA342_1200rpm_A__DW_10:249000,249000,252000,2,1,3000,1200
k2,test,trimMA342_1200rpm_A__DW_10,trimMA342_1200rpm_A__DW_10:252000,252000,255000,2,1,3000,1200
k2,test,trimMA342_1200rpm_A__DW_10,trimMA342_1200rpm_A__DW_10:255000,255000,258000,2,1,3000,1200
k2,test,trimMA342_1200rpm_A__DW_10,trimMA342_1200rpm_A__DW_10:258000,258000,261000,2,1,3000,1200
k2,test,trimMA342_1200rpm_A__DW_10,trimMA342_1200rpm_A__DW_10:261000,261000,264000,2,1,3000,1200
k2,test,trimMA342_1200rpm_A__DW_10,trimMA342_1200rpm_A__DW_10:264000,264000,267000,2,1,3000,1200
k2,test,trimMA342_1200rpm_A__DW_10,trimMA342_1200rpm_A__DW_10:267000,267000,270000,2,1,3000,1200
k2,test,trimMA342_1200rpm_A__DW_10,trimMA342_1200rpm_A__DW_10:270000,270000,273000,2,1,3000,1200
k2,test,trimMA342_1200rpm_A__DW_10,trimMA342_1200rpm_A__DW_10:273000,273000,276000,2,1,3000,1200
k2,test,trimMA342_1200rpm_A__DW_10,trimMA342_1200rpm_A__DW_10:276000,276000,279000,2,1,3000,1200
k2,test,trimMA342_1200rpm_A__DW_10,trimMA342_1200rpm_A__DW_10:279000,279000,282000,2,1,3000,1200
k2,test,trimMA342_1200rpm_A__D_01,trimMA342_1200rpm_A__D_01:0,0,3000,0,0,3000,1200
k2,test,trimMA342_1200rpm_A__D_01,trimMA342_1200rpm_A__D_01:3000,3000,6000,0,0,3000,1200
k2,test,trimMA342_1200rpm_A__D_01,trimMA342_1200rpm_A__D_01:6000,6000,9000,0,0,3000,1200
k2,test,trimMA342_1200rpm_A__D_01,trimMA342_1200rpm_A__D_01:9000,9000,12000,0,0,3000,1200
k2,test,trimMA342_1200rpm_A__D_01,trimMA342_1200rpm_A__D_01:12000,12000,15000,0,0,3000,1200
k2,test,trimMA342_1200rpm_A__D_01,trimMA342_1200rpm_A__D_01:15000,15000,18000,0,0,3000,1200
k2,test,trimMA342_1200rpm_A__D_01,trimMA342_1200rpm_A__D_01:18000,18000,21000,0,0,3000,1200
k2,test,trimMA342_1200rpm_A__D_01,trimMA342_1200rpm_A__D_01:21000,21000,24000,0,0,3000,1200
k2,test,trimMA342_1200rpm_A__D_01,trimMA342_1200rpm_A__D_01:24000,24000,27000,0,0,3000,1200
k2,test,trimMA342_1200rpm_A__D_01,trimMA342_1200rpm_A__D_01:27000,27000,30000,0,0,3000,1200
k2,test,trimMA342_1200rpm_A__D_01,trimMA342_1200rpm_A__D_01:30000,30000,33000,0,0,3000,1200
k2,test,trimMA342_1200rpm_A__D_01,trimMA342_1200rpm_A__D_01:33000,33000,36000,0,0,3000,1200
k2,test,trimMA342_1200rpm_A__D_01,trimMA342_1200rpm_A__D_01:36000,36000,39000,0,0,3000,1200
k2,test,trimMA342_1200rpm_A__D_01,trimMA342_1200rpm_A__D_01:39000,39000,42000,0,0,3000,1200
k2,test,trimMA342_1200rpm_A__D_01,trimMA342_1200rpm_A__D_01:42000,42000,45000,0,0,3000,1200
k2,test,trimMA342_1200rpm_A__D_01,trimMA342_1200rpm_A__D_01:45000,45000,48000,0,0,3000,1200
k2,test,trimMA342_1200rpm_A__D_01,trimMA342_1200rpm_A__D_01:48000,48000,51000,0,0,3000,1200
k2,test,trimMA342_1200rpm_A__D_01,trimMA342_1200rpm_A__D_01:51000,51000,54000,0,0,3000,1200
k2,test,trimMA342_1200rpm_A__D_01,trimMA342_1200rpm_A__D_01:54000,54000,57000,0,0,3000,1200
k2,test,trimMA342_1200rpm_A__D_01,trimMA342_1200rpm_A__D_01:57000,57000,60000,0,0,3000,1200
k2,test,trimMA342_1200rpm_A__D_01,trimMA342_1200rpm_A__D_01:60000,60000,63000,0,0,3000,1200
k2,test,trimMA342_1200rpm_A__D_01,trimMA342_1200rpm_A__D_01:63000,63000,66000,0,0,3000,1200
k2,test,trimMA342_1200rpm_A__D_01,trimMA342_1200rpm_A__D_01:66000,66000,69000,0,0,3000,1200
k2,test,trimMA342_1200rpm_A__D_01,trimMA342_1200rpm_A__D_01:69000,69000,72000,0,0,3000,1200
k2,test,trimMA342_1200rpm_A__D_01,trimMA342_1200rpm_A__D_01:72000,72000,75000,0,0,3000,1200
k2,test,trimMA342_1200rpm_A__D_01,trimMA342_1200rpm_A__D_01:75000,75000,78000,0,0,3000,1200
k2,test,trimMA342_1200rpm_A__D_01,trimMA342_1200rpm_A__D_01:78000,78000,81000,0,0,3000,1200
k2,test,trimMA342_1200rpm_A__D_01,trimMA342_1200rpm_A__D_01:81000,81000,84000,0,0,3000,1200
k2,test,trimMA342_1200rpm_A__D_01,trimMA342_1200rpm_A__D_01:84000,84000,87000,0,0,3000,1200
k2,test,trimMA342_1200rpm_A__D_01,trimMA342_1200rpm_A__D_01:87000,87000,90000,0,0,3000,1200
k2,test,trimMA342_1200rpm_A__D_01,trimMA342_1200rpm_A__D_01:90000,90000,93000,0,0,3000,1200
k2,test,trimMA342_1200rpm_A__D_01,trimMA342_1200rpm_A__D_01:93000,93000,96000,0,0,3000,1200
k2,test,trimMA342_1200rpm_A__D_01,trimMA342_1200rpm_A__D_01:96000,96000,99000,0,0,3000,1200
k2,test,trimMA342_1200rpm_A__D_01,trimMA342_1200rpm_A__D_01:99000,99000,102000,0,0,3000,1200
k2,test,trimMA342_1200rpm_A__D_01,trimMA342_1200rpm_A__D_01:102000,102000,105000,0,0,3000,1200
k2,test,trimMA342_1200rpm_A__D_01,trimMA342_1200rpm_A__D_01:105000,105000,108000,0,0,3000,1200
k2,test,trimMA342_1200rpm_A__D_01,trimMA342_1200rpm_A__D_01:108000,108000,111000,0,0,3000,1200
k2,test,trimMA342_1200rpm_A__D_01,trimMA342_1200rpm_A__D_01:111000,111000,114000,0,0,3000,1200
k2,test,trimMA342_1200rpm_A__D_01,trimMA342_1200rpm_A__D_01:114000,114000,117000,0,0,3000,1200
k2,test,trimMA342_1200rpm_A__D_01,trimMA342_1200rpm_A__D_01:117000,117000,120000,0,0,3000,1200
k2,test,trimMA342_1200rpm_A__D_01,trimMA342_1200rpm_A__D_01:120000,120000,123000,0,0,3000,1200
k2,test,trimMA342_1200rpm_A__D_01,trimMA342_1200rpm_A__D_01:123000,123000,126000,0,0,3000,1200
k2,test,trimMA342_1200rpm_A__D_01,trimMA342_1200rpm_A__D_01:126000,126000,129000,0,0,3000,1200
k2,test,trimMA342_1200rpm_A__D_01,trimMA342_1200rpm_A__D_01:129000,129000,132000,0,0,3000,1200
k2,test,trimMA342_1200rpm_A__D_01,trimMA342_1200rpm_A__D_01:132000,132000,135000,0,0,3000,1200
k2,test,trimMA342_1200rpm_A__D_01,trimMA342_1200rpm_A__D_01:135000,135000,138000,0,0,3000,1200
k2,test,trimMA342_1200rpm_A__D_01,trimMA342_1200rpm_A__D_01:138000,138000,141000,0,0,3000,1200
k2,test,trimMA342_1200rpm_A__D_01,trimMA342_1200rpm_A__D_01:141000,141000,144000,0,0,3000,1200
k2,test,trimMA342_1200rpm_A__D_01,trimMA342_1200rpm_A__D_01:144000,144000,147000,0,0,3000,1200
k2,test,trimMA342_1200rpm_A__D_01,trimMA342_1200rpm_A__D_01:147000,147000,150000,0,0,3000,1200
k2,test,trimMA342_1200rpm_A__D_01,trimMA342_1200rpm_A__D_01:150000,150000,153000,0,0,3000,1200
k2,test,trimMA342_1200rpm_A__D_01,trimMA342_1200rpm_A__D_01:153000,153000,156000,0,0,3000,1200
k2,test,trimMA342_1200rpm_A__D_01,trimMA342_1200rpm_A__D_01:156000,156000,159000,0,0,3000,1200
k2,test,trimMA342_1200rpm_A__D_01,trimMA342_1200rpm_A__D_01:159000,159000,162000,0,0,3000,1200
k2,test,trimMA342_1200rpm_A__D_01,trimMA342_1200rpm_A__D_01:162000,162000,165000,0,0,3000,1200
k2,test,trimMA342_1200rpm_A__D_01,trimMA342_1200rpm_A__D_01:165000,165000,168000,0,0,3000,1200
k2,test,trimMA342_1200rpm_A__D_01,trimMA342_1200rpm_A__D_01:168000,168000,171000,0,0,3000,1200
k2,test,trimMA342_1200rpm_A__D_01,trimMA342_1200rpm_A__D_01:171000,171000,174000,0,0,3000,1200
k2,test,trimMA342_1200rpm_A__D_01,trimMA342_1200rpm_A__D_01:174000,174000,177000,0,0,3000,1200
k2,test,trimMA342_1200rpm_A__D_01,trimMA342_1200rpm_A__D_01:177000,177000,180000,0,0,3000,1200
k2,test,trimMA342_1200rpm_A__D_01,trimMA342_1200rpm_A__D_01:180000,180000,183000,0,0,3000,1200
k2,test,trimMA342_1200rpm_A__D_01,trimMA342_1200rpm_A__D_01:183000,183000,186000,0,0,3000,1200
k2,test,trimMA342_1200rpm_A__D_01,trimMA342_1200rpm_A__D_01:186000,186000,189000,0,0,3000,1200
k2,test,trimMA342_1200rpm_A__D_01,trimMA342_1200rpm_A__D_01:189000,189000,192000,0,0,3000,1200
k2,test,trimMA342_1200rpm_A__D_01,trimMA342_1200rpm_A__D_01:192000,192000,195000,0,0,3000,1200
k2,test,trimMA342_1200rpm_A__D_01,trimMA342_1200rpm_A__D_01:195000,195000,198000,0,0,3000,1200
k2,test,trimMA342_1200rpm_A__D_01,trimMA342_1200rpm_A__D_01:198000,198000,201000,0,0,3000,1200
k2,test,trimMA342_1200rpm_A__D_01,trimMA342_1200rpm_A__D_01:201000,201000,204000,0,0,3000,1200
k2,test,trimMA342_1200rpm_A__D_01,trimMA342_1200rpm_A__D_01:204000,204000,207000,0,0,3000,1200
k2,test,trimMA342_1200rpm_A__D_01,trimMA342_1200rpm_A__D_01:207000,207000,210000,0,0,3000,1200
k2,test,trimMA342_1200rpm_A__D_01,trimMA342_1200rpm_A__D_01:210000,210000,213000,0,0,3000,1200
k2,test,trimMA342_1200rpm_A__D_01,trimMA342_1200rpm_A__D_01:213000,213000,216000,0,0,3000,1200
k2,test,trimMA342_1200rpm_A__D_01,trimMA342_1200rpm_A__D_01:216000,216000,219000,0,0,3000,1200
k2,test,trimMA342_1200rpm_A__D_01,trimMA342_1200rpm_A__D_01:219000,219000,222000,0,0,3000,1200
k2,test,trimMA342_1200rpm_A__D_01,trimMA342_1200rpm_A__D_01:222000,222000,225000,0,0,3000,1200
k2,test,trimMA342_1200rpm_A__D_01,trimMA342_1200rpm_A__D_01:225000,225000,228000,0,0,3000,1200
k2,test,trimMA342_1200rpm_A__D_01,trimMA342_1200rpm_A__D_01:228000,228000,231000,0,0,3000,1200
k2,test,trimMA342_1200rpm_A__D_01,trimMA342_1200rpm_A__D_01:231000,231000,234000,0,0,3000,1200
k2,test,trimMA342_1200rpm_A__D_01,trimMA342_1200rpm_A__D_01:234000,234000,237000,0,0,3000,1200
k2,test,trimMA342_1200rpm_A__D_01,trimMA342_1200rpm_A__D_01:237000,237000,240000,0,0,3000,1200
k2,test,trimMA342_1200rpm_A__D_01,trimMA342_1200rpm_A__D_01:240000,240000,243000,0,0,3000,1200
k2,test,trimMA342_1200rpm_A__D_01,trimMA342_1200rpm_A__D_01:243000,243000,246000,0,0,3000,1200
k2,test,trimMA342_1200rpm_A__D_01,trimMA342_1200rpm_A__D_01:246000,246000,249000,0,0,3000,1200
k2,test,trimMA342_1200rpm_A__D_01,trimMA342_1200rpm_A__D_01:249000,249000,252000,0,0,3000,1200
k2,test,trimMA342_1200rpm_A__D_01,trimMA342_1200rpm_A__D_01:252000,252000,255000,0,0,3000,1200
k2,test,trimMA342_1200rpm_A__D_01,trimMA342_1200rpm_A__D_01:255000,255000,258000,0,0,3000,1200
k2,test,trimMA342_1200rpm_A__D_01,trimMA342_1200rpm_A__D_01:258000,258000,261000,0,0,3000,1200
k2,test,trimMA342_1200rpm_A__D_01,trimMA342_1200rpm_A__D_01:261000,261000,264000,0,0,3000,1200
k2,test,trimMA342_1200rpm_A__D_01,trimMA342_1200rpm_A__D_01:264000,264000,267000,0,0,3000,1200
k2,test,trimMA342_1200rpm_A__D_01,trimMA342_1200rpm_A__D_01:267000,267000,270000,0,0,3000,1200
k2,test,trimMA342_1200rpm_A__D_01,trimMA342_1200rpm_A__D_01:270000,270000,273000,0,0,3000,1200
k2,test,trimMA342_1200rpm_A__D_01,trimMA342_1200rpm_A__D_01:273000,273000,276000,0,0,3000,1200
k2,test,trimMA342_1200rpm_A__D_01,trimMA342_1200rpm_A__D_01:276000,276000,279000,0,0,3000,1200
k2,test,trimMA342_1200rpm_A__D_01,trimMA342_1200rpm_A__D_01:279000,279000,282000,0,0,3000,1200
k2,test,trimMA342_1200rpm_A__D_08,trimMA342_1200rpm_A__D_08:0,0,3000,0,0,3000,1200
k2,test,trimMA342_1200rpm_A__D_08,trimMA342_1200rpm_A__D_08:3000,3000,6000,0,0,3000,1200
k2,test,trimMA342_1200rpm_A__D_08,trimMA342_1200rpm_A__D_08:6000,6000,9000,0,0,3000,1200
k2,test,trimMA342_1200rpm_A__D_08,trimMA342_1200rpm_A__D_08:9000,9000,12000,0,0,3000,1200
k2,test,trimMA342_1200rpm_A__D_08,trimMA342_1200rpm_A__D_08:12000,12000,15000,0,0,3000,1200
k2,test,trimMA342_1200rpm_A__D_08,trimMA342_1200rpm_A__D_08:15000,15000,18000,0,0,3000,1200
k2,test,trimMA342_1200rpm_A__D_08,trimMA342_1200rpm_A__D_08:18000,18000,21000,0,0,3000,1200
k2,test,trimMA342_1200rpm_A__D_08,trimMA342_1200rpm_A__D_08:21000,21000,24000,0,0,3000,1200
k2,test,trimMA342_1200rpm_A__D_08,trimMA342_1200rpm_A__D_08:24000,24000,27000,0,0,3000,1200
k2,test,trimMA342_1200rpm_A__D_08,trimMA342_1200rpm_A__D_08:27000,27000,30000,0,0,3000,1200
k2,test,trimMA342_1200rpm_A__D_08,trimMA342_1200rpm_A__D_08:30000,30000,33000,0,0,3000,1200
k2,test,trimMA342_1200rpm_A__D_08,trimMA342_1200rpm_A__D_08:33000,33000,36000,0,0,3000,1200
k2,test,trimMA342_1200rpm_A__D_08,trimMA342_1200rpm_A__D_08:36000,36000,39000,0,0,3000,1200
k2,test,trimMA342_1200rpm_A__D_08,trimMA342_1200rpm_A__D_08:39000,39000,42000,0,0,3000,1200
k2,test,trimMA342_1200rpm_A__D_08,trimMA342_1200rpm_A__D_08:42000,42000,45000,0,0,3000,1200
k2,test,trimMA342_1200rpm_A__D_08,trimMA342_1200rpm_A__D_08:45000,45000,48000,0,0,3000,1200
k2,test,trimMA342_1200rpm_A__D_08,trimMA342_1200rpm_A__D_08:48000,48000,51000,0,0,3000,1200
k2,test,trimMA342_1200rpm_A__D_08,trimMA342_1200rpm_A__D_08:51000,51000,54000,0,0,3000,1200
k2,test,trimMA342_1200rpm_A__D_08,trimMA342_1200rpm_A__D_08:54000,54000,57000,0,0,3000,1200
k2,test,trimMA342_1200rpm_A__D_08,trimMA342_1200rpm_A__D_08:57000,57000,60000,0,0,3000,1200
k2,test,trimMA342_1200rpm_A__D_08,trimMA342_1200rpm_A__D_08:60000,60000,63000,0,0,3000,1200
k2,test,trimMA342_1200rpm_A__D_08,trimMA342_1200rpm_A__D_08:63000,63000,66000,0,0,3000,1200
k2,test,trimMA342_1200rpm_A__D_08,trimMA342_1200rpm_A__D_08:66000,66000,69000,0,0,3000,1200
k2,test,trimMA342_1200rpm_A__D_08,trimMA342_1200rpm_A__D_08:69000,69000,72000,0,0,3000,1200
k2,test,trimMA342_1200rpm_A__D_08,trimMA342_1200rpm_A__D_08:72000,72000,75000,0,0,3000,1200
k2,test,trimMA342_1200rpm_A__D_08,trimMA342_1200rpm_A__D_08:75000,75000,78000,0,0,3000,1200
k2,test,trimMA342_1200rpm_A__D_08,trimMA342_1200rpm_A__D_08:78000,78000,81000,0,0,3000,1200
k2,test,trimMA342_1200rpm_A__D_08,trimMA342_1200rpm_A__D_08:81000,81000,84000,0,0,3000,1200
k2,test,trimMA342_1200rpm_A__D_08,trimMA342_1200rpm_A__D_08:84000,84000,87000,0,0,3000,1200
k2,test,trimMA342_1200rpm_A__D_08,trimMA342_1200rpm_A__D_08:87000,87000,90000,0,0,3000,1200
k2,test,trimMA342_1200rpm_A__D_08,trimMA342_1200rpm_A__D_08:90000,90000,93000,0,0,3000,1200
k2,test,trimMA342_1200rpm_A__D_08,trimMA342_1200rpm_A__D_08:93000,93000,96000,0,0,3000,1200
k2,test,trimMA342_1200rpm_A__D_08,trimMA342_1200rpm_A__D_08:96000,96000,99000,0,0,3000,1200
k2,test,trimMA342_1200rpm_A__D_08,trimMA342_1200rpm_A__D_08:99000,99000,102000,0,0,3000,1200
k2,test,trimMA342_1200rpm_A__D_08,trimMA342_1200rpm_A__D_08:102000,102000,105000,0,0,3000,1200
k2,test,trimMA342_1200rpm_A__D_08,trimMA342_1200rpm_A__D_08:105000,105000,108000,0,0,3000,1200
k2,test,trimMA342_1200rpm_A__D_08,trimMA342_1200rpm_A__D_08:108000,108000,111000,0,0,3000,1200
k2,test,trimMA342_1200rpm_A__D_08,trimMA342_1200rpm_A__D_08:111000,111000,114000,0,0,3000,1200
k2,test,trimMA342_1200rpm_A__D_08,trimMA342_1200rpm_A__D_08:114000,114000,117000,0,0,3000,1200
k2,test,trimMA342_1200rpm_A__D_08,trimMA342_1200rpm_A__D_08:117000,117000,120000,0,0,3000,1200
k2,test,trimMA342_1200rpm_A__D_08,trimMA342_1200rpm_A__D_08:120000,120000,123000,0,0,3000,1200
k2,test,trimMA342_1200rpm_A__D_08,trimMA342_1200rpm_A__D_08:123000,123000,126000,0,0,3000,1200
k2,test,trimMA342_1200rpm_A__D_08,trimMA342_1200rpm_A__D_08:126000,126000,129000,0,0,3000,1200
k2,test,trimMA342_1200rpm_A__D_08,trimMA342_1200rpm_A__D_08:129000,129000,132000,0,0,3000,1200
k2,test,trimMA342_1200rpm_A__D_08,trimMA342_1200rpm_A__D_08:132000,132000,135000,0,0,3000,1200
k2,test,trimMA342_1200rpm_A__D_08,trimMA342_1200rpm_A__D_08:135000,135000,138000,0,0,3000,1200
k2,test,trimMA342_1200rpm_A__D_08,trimMA342_1200rpm_A__D_08:138000,138000,141000,0,0,3000,1200
k2,test,trimMA342_1200rpm_A__D_08,trimMA342_1200rpm_A__D_08:141000,141000,144000,0,0,3000,1200
k2,test,trimMA342_1200rpm_A__D_08,trimMA342_1200rpm_A__D_08:144000,144000,147000,0,0,3000,1200
k2,test,trimMA342_1200rpm_A__D_08,trimMA342_1200rpm_A__D_08:147000,147000,150000,0,0,3000,1200
k2,test,trimMA342_1200rpm_A__D_08,trimMA342_1200rpm_A__D_08:150000,150000,153000,0,0,3000,1200
k2,test,trimMA342_1200rpm_A__D_08,trimMA342_1200rpm_A__D_08:153000,153000,156000,0,0,3000,1200
k2,test,trimMA342_1200rpm_A__D_08,trimMA342_1200rpm_A__D_08:156000,156000,159000,0,0,3000,1200
k2,test,trimMA342_1200rpm_A__D_08,trimMA342_1200rpm_A__D_08:159000,159000,162000,0,0,3000,1200
k2,test,trimMA342_1200rpm_A__D_08,trimMA342_1200rpm_A__D_08:162000,162000,165000,0,0,3000,1200
k2,test,trimMA342_1200rpm_A__D_08,trimMA342_1200rpm_A__D_08:165000,165000,168000,0,0,3000,1200
k2,test,trimMA342_1200rpm_A__D_08,trimMA342_1200rpm_A__D_08:168000,168000,171000,0,0,3000,1200
k2,test,trimMA342_1200rpm_A__D_08,trimMA342_1200rpm_A__D_08:171000,171000,174000,0,0,3000,1200
k2,test,trimMA342_1200rpm_A__D_08,trimMA342_1200rpm_A__D_08:174000,174000,177000,0,0,3000,1200
k2,test,trimMA342_1200rpm_A__D_08,trimMA342_1200rpm_A__D_08:177000,177000,180000,0,0,3000,1200
k2,test,trimMA342_1200rpm_A__D_08,trimMA342_1200rpm_A__D_08:180000,180000,183000,0,0,3000,1200
k2,test,trimMA342_1200rpm_A__D_08,trimMA342_1200rpm_A__D_08:183000,183000,186000,0,0,3000,1200
k2,test,trimMA342_1200rpm_A__D_08,trimMA342_1200rpm_A__D_08:186000,186000,189000,0,0,3000,1200
k2,test,trimMA342_1200rpm_A__D_08,trimMA342_1200rpm_A__D_08:189000,189000,192000,0,0,3000,1200
k2,test,trimMA342_1200rpm_A__D_08,trimMA342_1200rpm_A__D_08:192000,192000,195000,0,0,3000,1200
k2,test,trimMA342_1200rpm_A__D_08,trimMA342_1200rpm_A__D_08:195000,195000,198000,0,0,3000,1200
k2,test,trimMA342_1200rpm_A__D_08,trimMA342_1200rpm_A__D_08:198000,198000,201000,0,0,3000,1200
k2,test,trimMA342_1200rpm_A__D_08,trimMA342_1200rpm_A__D_08:201000,201000,204000,0,0,3000,1200
k2,test,trimMA342_1200rpm_A__D_08,trimMA342_1200rpm_A__D_08:204000,204000,207000,0,0,3000,1200
k2,test,trimMA342_1200rpm_A__D_08,trimMA342_1200rpm_A__D_08:207000,207000,210000,0,0,3000,1200
k2,test,trimMA342_1200rpm_A__D_08,trimMA342_1200rpm_A__D_08:210000,210000,213000,0,0,3000,1200
k2,test,trimMA342_1200rpm_A__D_08,trimMA342_1200rpm_A__D_08:213000,213000,216000,0,0,3000,1200
k2,test,trimMA342_1200rpm_A__D_08,trimMA342_1200rpm_A__D_08:216000,216000,219000,0,0,3000,1200
k2,test,trimMA342_1200rpm_A__D_08,trimMA342_1200rpm_A__D_08:219000,219000,222000,0,0,3000,1200
k2,test,trimMA342_1200rpm_A__D_08,trimMA342_1200rpm_A__D_08:222000,222000,225000,0,0,3000,1200
k2,test,trimMA342_1200rpm_A__D_08,trimMA342_1200rpm_A__D_08:225000,225000,228000,0,0,3000,1200
k2,test,trimMA342_1200rpm_A__D_08,trimMA342_1200rpm_A__D_08:228000,228000,231000,0,0,3000,1200
k2,test,trimMA342_1200rpm_A__D_08,trimMA342_1200rpm_A__D_08:231000,231000,234000,0,0,3000,1200
k2,test,trimMA342_1200rpm_A__D_08,trimMA342_1200rpm_A__D_08:234000,234000,237000,0,0,3000,1200
k2,test,trimMA342_1200rpm_A__D_08,trimMA342_1200rpm_A__D_08:237000,237000,240000,0,0,3000,1200
k2,test,trimMA342_1200rpm_A__D_08,trimMA342_1200rpm_A__D_08:240000,240000,243000,0,0,3000,1200
k2,test,trimMA342_1200rpm_A__D_08,trimMA342_1200rpm_A__D_08:243000,243000,246000,0,0,3000,1200
k2,test,trimMA342_1200rpm_A__D_08,trimMA342_1200rpm_A__D_08:246000,246000,249000,0,0,3000,1200
k2,test,trimMA342_1200rpm_A__D_08,trimMA342_1200rpm_A__D_08:249000,249000,252000,0,0,3000,1200
k2,test,trimMA342_1200rpm_A__D_08,trimMA342_1200rpm_A__D_08:252000,252000,255000,0,0,3000,1200
k2,test,trimMA342_1200rpm_A__D_08,trimMA342_1200rpm_A__D_08:255000,255000,258000,0,0,3000,1200
k2,test,trimMA342_1200rpm_A__D_08,trimMA342_1200rpm_A__D_08:258000,258000,261000,0,0,3000,1200
k2,test,trimMA342_1200rpm_A__D_08,trimMA342_1200rpm_A__D_08:261000,261000,264000,0,0,3000,1200
k2,test,trimMA342_1200rpm_A__D_08,trimMA342_1200rpm_A__D_08:264000,264000,267000,0,0,3000,1200
k2,test,trimMA342_1200rpm_A__D_08,trimMA342_1200rpm_A__D_08:267000,267000,270000,0,0,3000,1200
k2,test,trimMA342_1200rpm_A__D_08,trimMA342_1200rpm_A__D_08:270000,270000,273000,0,0,3000,1200
k2,test,trimMA342_1200rpm_A__D_08,trimMA342_1200rpm_A__D_08:273000,273000,276000,0,0,3000,1200
k2,test,trimMA342_1200rpm_A__D_08,trimMA342_1200rpm_A__D_08:276000,276000,279000,0,0,3000,1200
k2,test,trimMA342_1200rpm_A__D_08,trimMA342_1200rpm_A__D_08:279000,279000,282000,0,0,3000,1200
k2,test,trimMA342_1200rpm_A__D_13,trimMA342_1200rpm_A__D_13:0,0,3000,0,0,3000,1200
k2,test,trimMA342_1200rpm_A__D_13,trimMA342_1200rpm_A__D_13:3000,3000,6000,0,0,3000,1200
k2,test,trimMA342_1200rpm_A__D_13,trimMA342_1200rpm_A__D_13:6000,6000,9000,0,0,3000,1200
k2,test,trimMA342_1200rpm_A__D_13,trimMA342_1200rpm_A__D_13:9000,9000,12000,0,0,3000,1200
k2,test,trimMA342_1200rpm_A__D_13,trimMA342_1200rpm_A__D_13:12000,12000,15000,0,0,3000,1200
k2,test,trimMA342_1200rpm_A__D_13,trimMA342_1200rpm_A__D_13:15000,15000,18000,0,0,3000,1200
k2,test,trimMA342_1200rpm_A__D_13,trimMA342_1200rpm_A__D_13:18000,18000,21000,0,0,3000,1200
k2,test,trimMA342_1200rpm_A__D_13,trimMA342_1200rpm_A__D_13:21000,21000,24000,0,0,3000,1200
k2,test,trimMA342_1200rpm_A__D_13,trimMA342_1200rpm_A__D_13:24000,24000,27000,0,0,3000,1200
k2,test,trimMA342_1200rpm_A__D_13,trimMA342_1200rpm_A__D_13:27000,27000,30000,0,0,3000,1200
k2,test,trimMA342_1200rpm_A__D_13,trimMA342_1200rpm_A__D_13:30000,30000,33000,0,0,3000,1200
k2,test,trimMA342_1200rpm_A__D_13,trimMA342_1200rpm_A__D_13:33000,33000,36000,0,0,3000,1200
k2,test,trimMA342_1200rpm_A__D_13,trimMA342_1200rpm_A__D_13:36000,36000,39000,0,0,3000,1200
k2,test,trimMA342_1200rpm_A__D_13,trimMA342_1200rpm_A__D_13:39000,39000,42000,0,0,3000,1200
k2,test,trimMA342_1200rpm_A__D_13,trimMA342_1200rpm_A__D_13:42000,42000,45000,0,0,3000,1200
k2,test,trimMA342_1200rpm_A__D_13,trimMA342_1200rpm_A__D_13:45000,45000,48000,0,0,3000,1200
k2,test,trimMA342_1200rpm_A__D_13,trimMA342_1200rpm_A__D_13:48000,48000,51000,0,0,3000,1200
k2,test,trimMA342_1200rpm_A__D_13,trimMA342_1200rpm_A__D_13:51000,51000,54000,0,0,3000,1200
k2,test,trimMA342_1200rpm_A__D_13,trimMA342_1200rpm_A__D_13:54000,54000,57000,0,0,3000,1200
k2,test,trimMA342_1200rpm_A__D_13,trimMA342_1200rpm_A__D_13:57000,57000,60000,0,0,3000,1200
k2,test,trimMA342_1200rpm_A__D_13,trimMA342_1200rpm_A__D_13:60000,60000,63000,0,0,3000,1200
k2,test,trimMA342_1200rpm_A__D_13,trimMA342_1200rpm_A__D_13:63000,63000,66000,0,0,3000,1200
k2,test,trimMA342_1200rpm_A__D_13,trimMA342_1200rpm_A__D_13:66000,66000,69000,0,0,3000,1200
k2,test,trimMA342_1200rpm_A__D_13,trimMA342_1200rpm_A__D_13:69000,69000,72000,0,0,3000,1200
k2,test,trimMA342_1200rpm_A__D_13,trimMA342_1200rpm_A__D_13:72000,72000,75000,0,0,3000,1200
k2,test,trimMA342_1200rpm_A__D_13,trimMA342_1200rpm_A__D_13:75000,75000,78000,0,0,3000,1200
k2,test,trimMA342_1200rpm_A__D_13,trimMA342_1200rpm_A__D_13:78000,78000,81000,0,0,3000,1200
k2,test,trimMA342_1200rpm_A__D_13,trimMA342_1200rpm_A__D_13:81000,81000,84000,0,0,3000,1200
k2,test,trimMA342_1200rpm_A__D_13,trimMA342_1200rpm_A__D_13:84000,84000,87000,0,0,3000,1200
k2,test,trimMA342_1200rpm_A__D_13,trimMA342_1200rpm_A__D_13:87000,87000,90000,0,0,3000,1200
k2,test,trimMA342_1200rpm_A__D_13,trimMA342_1200rpm_A__D_13:90000,90000,93000,0,0,3000,1200
k2,test,trimMA342_1200rpm_A__D_13,trimMA342_1200rpm_A__D_13:93000,93000,96000,0,0,3000,1200
k2,test,trimMA342_1200rpm_A__D_13,trimMA342_1200rpm_A__D_13:96000,96000,99000,0,0,3000,1200
k2,test,trimMA342_1200rpm_A__D_13,trimMA342_1200rpm_A__D_13:99000,99000,102000,0,0,3000,1200
k2,test,trimMA342_1200rpm_A__D_13,trimMA342_1200rpm_A__D_13:102000,102000,105000,0,0,3000,1200
k2,test,trimMA342_1200rpm_A__D_13,trimMA342_1200rpm_A__D_13:105000,105000,108000,0,0,3000,1200
k2,test,trimMA342_1200rpm_A__D_13,trimMA342_1200rpm_A__D_13:108000,108000,111000,0,0,3000,1200
k2,test,trimMA342_1200rpm_A__D_13,trimMA342_1200rpm_A__D_13:111000,111000,114000,0,0,3000,1200
k2,test,trimMA342_1200rpm_A__D_13,trimMA342_1200rpm_A__D_13:114000,114000,117000,0,0,3000,1200
k2,test,trimMA342_1200rpm_A__D_13,trimMA342_1200rpm_A__D_13:117000,117000,120000,0,0,3000,1200
k2,test,trimMA342_1200rpm_A__D_13,trimMA342_1200rpm_A__D_13:120000,120000,123000,0,0,3000,1200
k2,test,trimMA342_1200rpm_A__D_13,trimMA342_1200rpm_A__D_13:123000,123000,126000,0,0,3000,1200
k2,test,trimMA342_1200rpm_A__D_13,trimMA342_1200rpm_A__D_13:126000,126000,129000,0,0,3000,1200
k2,test,trimMA342_1200rpm_A__D_13,trimMA342_1200rpm_A__D_13:129000,129000,132000,0,0,3000,1200
k2,test,trimMA342_1200rpm_A__D_13,trimMA342_1200rpm_A__D_13:132000,132000,135000,0,0,3000,1200
k2,test,trimMA342_1200rpm_A__D_13,trimMA342_1200rpm_A__D_13:135000,135000,138000,0,0,3000,1200
k2,test,trimMA342_1200rpm_A__D_13,trimMA342_1200rpm_A__D_13:138000,138000,141000,0,0,3000,1200
k2,test,trimMA342_1200rpm_A__D_13,trimMA342_1200rpm_A__D_13:141000,141000,144000,0,0,3000,1200
k2,test,trimMA342_1200rpm_A__D_13,trimMA342_1200rpm_A__D_13:144000,144000,147000,0,0,3000,1200
k2,test,trimMA342_1200rpm_A__D_13,trimMA342_1200rpm_A__D_13:147000,147000,150000,0,0,3000,1200
k2,test,trimMA342_1200rpm_A__D_13,trimMA342_1200rpm_A__D_13:150000,150000,153000,0,0,3000,1200
k2,test,trimMA342_1200rpm_A__D_13,trimMA342_1200rpm_A__D_13:153000,153000,156000,0,0,3000,1200
k2,test,trimMA342_1200rpm_A__D_13,trimMA342_1200rpm_A__D_13:156000,156000,159000,0,0,3000,1200
k2,test,trimMA342_1200rpm_A__D_13,trimMA342_1200rpm_A__D_13:159000,159000,162000,0,0,3000,1200
k2,test,trimMA342_1200rpm_A__D_13,trimMA342_1200rpm_A__D_13:162000,162000,165000,0,0,3000,1200
k2,test,trimMA342_1200rpm_A__D_13,trimMA342_1200rpm_A__D_13:165000,165000,168000,0,0,3000,1200
k2,test,trimMA342_1200rpm_A__D_13,trimMA342_1200rpm_A__D_13:168000,168000,171000,0,0,3000,1200
k2,test,trimMA342_1200rpm_A__D_13,trimMA342_1200rpm_A__D_13:171000,171000,174000,0,0,3000,1200
k2,test,trimMA342_1200rpm_A__D_13,trimMA342_1200rpm_A__D_13:174000,174000,177000,0,0,3000,1200
k2,test,trimMA342_1200rpm_A__D_13,trimMA342_1200rpm_A__D_13:177000,177000,180000,0,0,3000,1200
k2,test,trimMA342_1200rpm_A__D_13,trimMA342_1200rpm_A__D_13:180000,180000,183000,0,0,3000,1200
k2,test,trimMA342_1200rpm_A__D_13,trimMA342_1200rpm_A__D_13:183000,183000,186000,0,0,3000,1200
k2,test,trimMA342_1200rpm_A__D_13,trimMA342_1200rpm_A__D_13:186000,186000,189000,0,0,3000,1200
k2,test,trimMA342_1200rpm_A__D_13,trimMA342_1200rpm_A__D_13:189000,189000,192000,0,0,3000,1200
k2,test,trimMA342_1200rpm_A__D_13,trimMA342_1200rpm_A__D_13:192000,192000,195000,0,0,3000,1200
k2,test,trimMA342_1200rpm_A__D_13,trimMA342_1200rpm_A__D_13:195000,195000,198000,0,0,3000,1200
k2,test,trimMA342_1200rpm_A__D_13,trimMA342_1200rpm_A__D_13:198000,198000,201000,0,0,3000,1200
k2,test,trimMA342_1200rpm_A__D_13,trimMA342_1200rpm_A__D_13:201000,201000,204000,0,0,3000,1200
k2,test,trimMA342_1200rpm_A__D_13,trimMA342_1200rpm_A__D_13:204000,204000,207000,0,0,3000,1200
k2,test,trimMA342_1200rpm_A__D_13,trimMA342_1200rpm_A__D_13:207000,207000,210000,0,0,3000,1200
k2,test,trimMA342_1200rpm_A__D_13,trimMA342_1200rpm_A__D_13:210000,210000,213000,0,0,3000,1200
k2,test,trimMA342_1200rpm_A__D_13,trimMA342_1200rpm_A__D_13:213000,213000,216000,0,0,3000,1200
k2,test,trimMA342_1200rpm_A__D_13,trimMA342_1200rpm_A__D_13:216000,216000,219000,0,0,3000,1200
k2,test,trimMA342_1200rpm_A__D_13,trimMA342_1200rpm_A__D_13:219000,219000,222000,0,0,3000,1200
k2,test,trimMA342_1200rpm_A__D_13,trimMA342_1200rpm_A__D_13:222000,222000,225000,0,0,3000,1200
k2,test,trimMA342_1200rpm_A__D_13,trimMA342_1200rpm_A__D_13:225000,225000,228000,0,0,3000,1200
k2,test,trimMA342_1200rpm_A__D_13,trimMA342_1200rpm_A__D_13:228000,228000,231000,0,0,3000,1200
k2,test,trimMA342_1200rpm_A__D_13,trimMA342_1200rpm_A__D_13:231000,231000,234000,0,0,3000,1200
k2,test,trimMA342_1200rpm_A__D_13,trimMA342_1200rpm_A__D_13:234000,234000,237000,0,0,3000,1200
k2,test,trimMA342_1200rpm_A__D_13,trimMA342_1200rpm_A__D_13:237000,237000,240000,0,0,3000,1200
k2,test,trimMA342_1200rpm_A__D_13,trimMA342_1200rpm_A__D_13:240000,240000,243000,0,0,3000,1200
k2,test,trimMA342_1200rpm_A__D_13,trimMA342_1200rpm_A__D_13:243000,243000,246000,0,0,3000,1200
k2,test,trimMA342_1200rpm_A__D_13,trimMA342_1200rpm_A__D_13:246000,246000,249000,0,0,3000,1200
k2,test,trimMA342_1200rpm_A__D_13,trimMA342_1200rpm_A__D_13:249000,249000,252000,0,0,3000,1200
k2,test,trimMA342_1200rpm_A__D_13,trimMA342_1200rpm_A__D_13:252000,252000,255000,0,0,3000,1200
k2,test,trimMA342_1200rpm_A__D_13,trimMA342_1200rpm_A__D_13:255000,255000,258000,0,0,3000,1200
k2,test,trimMA342_1200rpm_A__D_13,trimMA342_1200rpm_A__D_13:258000,258000,261000,0,0,3000,1200
k2,test,trimMA342_1200rpm_A__D_13,trimMA342_1200rpm_A__D_13:261000,261000,264000,0,0,3000,1200
k2,test,trimMA342_1200rpm_A__D_13,trimMA342_1200rpm_A__D_13:264000,264000,267000,0,0,3000,1200
k2,test,trimMA342_1200rpm_A__D_13,trimMA342_1200rpm_A__D_13:267000,267000,270000,0,0,3000,1200
k2,test,trimMA342_1200rpm_A__D_13,trimMA342_1200rpm_A__D_13:270000,270000,273000,0,0,3000,1200
k2,test,trimMA342_1200rpm_A__D_13,trimMA342_1200rpm_A__D_13:273000,273000,276000,0,0,3000,1200
k2,test,trimMA342_1200rpm_A__D_13,trimMA342_1200rpm_A__D_13:276000,276000,279000,0,0,3000,1200
k2,test,trimMA342_1200rpm_A__D_13,trimMA342_1200rpm_A__D_13:279000,279000,282000,0,0,3000,1200
k2,test,trimMA342_1200rpm_A__D_14,trimMA342_1200rpm_A__D_14:0,0,3000,0,0,3000,1200
k2,test,trimMA342_1200rpm_A__D_14,trimMA342_1200rpm_A__D_14:3000,3000,6000,0,0,3000,1200
k2,test,trimMA342_1200rpm_A__D_14,trimMA342_1200rpm_A__D_14:6000,6000,9000,0,0,3000,1200
k2,test,trimMA342_1200rpm_A__D_14,trimMA342_1200rpm_A__D_14:9000,9000,12000,0,0,3000,1200
k2,test,trimMA342_1200rpm_A__D_14,trimMA342_1200rpm_A__D_14:12000,12000,15000,0,0,3000,1200
k2,test,trimMA342_1200rpm_A__D_14,trimMA342_1200rpm_A__D_14:15000,15000,18000,0,0,3000,1200
k2,test,trimMA342_1200rpm_A__D_14,trimMA342_1200rpm_A__D_14:18000,18000,21000,0,0,3000,1200
k2,test,trimMA342_1200rpm_A__D_14,trimMA342_1200rpm_A__D_14:21000,21000,24000,0,0,3000,1200
k2,test,trimMA342_1200rpm_A__D_14,trimMA342_1200rpm_A__D_14:24000,24000,27000,0,0,3000,1200
k2,test,trimMA342_1200rpm_A__D_14,trimMA342_1200rpm_A__D_14:27000,27000,30000,0,0,3000,1200
k2,test,trimMA342_1200rpm_A__D_14,trimMA342_1200rpm_A__D_14:30000,30000,33000,0,0,3000,1200
k2,test,trimMA342_1200rpm_A__D_14,trimMA342_1200rpm_A__D_14:33000,33000,36000,0,0,3000,1200
k2,test,trimMA342_1200rpm_A__D_14,trimMA342_1200rpm_A__D_14:36000,36000,39000,0,0,3000,1200
k2,test,trimMA342_1200rpm_A__D_14,trimMA342_1200rpm_A__D_14:39000,39000,42000,0,0,3000,1200
k2,test,trimMA342_1200rpm_A__D_14,trimMA342_1200rpm_A__D_14:42000,42000,45000,0,0,3000,1200
k2,test,trimMA342_1200rpm_A__D_14,trimMA342_1200rpm_A__D_14:45000,45000,48000,0,0,3000,1200
k2,test,trimMA342_1200rpm_A__D_14,trimMA342_1200rpm_A__D_14:48000,48000,51000,0,0,3000,1200
k2,test,trimMA342_1200rpm_A__D_14,trimMA342_1200rpm_A__D_14:51000,51000,54000,0,0,3000,1200
k2,test,trimMA342_1200rpm_A__D_14,trimMA342_1200rpm_A__D_14:54000,54000,57000,0,0,3000,1200
k2,test,trimMA342_1200rpm_A__D_14,trimMA342_1200rpm_A__D_14:57000,57000,60000,0,0,3000,1200
k2,test,trimMA342_1200rpm_A__D_14,trimMA342_1200rpm_A__D_14:60000,60000,63000,0,0,3000,1200
k2,test,trimMA342_1200rpm_A__D_14,trimMA342_1200rpm_A__D_14:63000,63000,66000,0,0,3000,1200
k2,test,trimMA342_1200rpm_A__D_14,trimMA342_1200rpm_A__D_14:66000,66000,69000,0,0,3000,1200
k2,test,trimMA342_1200rpm_A__D_14,trimMA342_1200rpm_A__D_14:69000,69000,72000,0,0,3000,1200
k2,test,trimMA342_1200rpm_A__D_14,trimMA342_1200rpm_A__D_14:72000,72000,75000,0,0,3000,1200
k2,test,trimMA342_1200rpm_A__D_14,trimMA342_1200rpm_A__D_14:75000,75000,78000,0,0,3000,1200
k2,test,trimMA342_1200rpm_A__D_14,trimMA342_1200rpm_A__D_14:78000,78000,81000,0,0,3000,1200
k2,test,trimMA342_1200rpm_A__D_14,trimMA342_1200rpm_A__D_14:81000,81000,84000,0,0,3000,1200
k2,test,trimMA342_1200rpm_A__D_14,trimMA342_1200rpm_A__D_14:84000,84000,87000,0,0,3000,1200
k2,test,trimMA342_1200rpm_A__D_14,trimMA342_1200rpm_A__D_14:87000,87000,90000,0,0,3000,1200
k2,test,trimMA342_1200rpm_A__D_14,trimMA342_1200rpm_A__D_14:90000,90000,93000,0,0,3000,1200
k2,test,trimMA342_1200rpm_A__D_14,trimMA342_1200rpm_A__D_14:93000,93000,96000,0,0,3000,1200
k2,test,trimMA342_1200rpm_A__D_14,trimMA342_1200rpm_A__D_14:96000,96000,99000,0,0,3000,1200
k2,test,trimMA342_1200rpm_A__D_14,trimMA342_1200rpm_A__D_14:99000,99000,102000,0,0,3000,1200
k2,test,trimMA342_1200rpm_A__D_14,trimMA342_1200rpm_A__D_14:102000,102000,105000,0,0,3000,1200
k2,test,trimMA342_1200rpm_A__D_14,trimMA342_1200rpm_A__D_14:105000,105000,108000,0,0,3000,1200
k2,test,trimMA342_1200rpm_A__D_14,trimMA342_1200rpm_A__D_14:108000,108000,111000,0,0,3000,1200
k2,test,trimMA342_1200rpm_A__D_14,trimMA342_1200rpm_A__D_14:111000,111000,114000,0,0,3000,1200
k2,test,trimMA342_1200rpm_A__D_14,trimMA342_1200rpm_A__D_14:114000,114000,117000,0,0,3000,1200
k2,test,trimMA342_1200rpm_A__D_14,trimMA342_1200rpm_A__D_14:117000,117000,120000,0,0,3000,1200
k2,test,trimMA342_1200rpm_A__D_14,trimMA342_1200rpm_A__D_14:120000,120000,123000,0,0,3000,1200
k2,test,trimMA342_1200rpm_A__D_14,trimMA342_1200rpm_A__D_14:123000,123000,126000,0,0,3000,1200
k2,test,trimMA342_1200rpm_A__D_14,trimMA342_1200rpm_A__D_14:126000,126000,129000,0,0,3000,1200
k2,test,trimMA342_1200rpm_A__D_14,trimMA342_1200rpm_A__D_14:129000,129000,132000,0,0,3000,1200
k2,test,trimMA342_1200rpm_A__D_14,trimMA342_1200rpm_A__D_14:132000,132000,135000,0,0,3000,1200
k2,test,trimMA342_1200rpm_A__D_14,trimMA342_1200rpm_A__D_14:135000,135000,138000,0,0,3000,1200
k2,test,trimMA342_1200rpm_A__D_14,trimMA342_1200rpm_A__D_14:138000,138000,141000,0,0,3000,1200
k2,test,trimMA342_1200rpm_A__D_14,trimMA342_1200rpm_A__D_14:141000,141000,144000,0,0,3000,1200
k2,test,trimMA342_1200rpm_A__D_14,trimMA342_1200rpm_A__D_14:144000,144000,147000,0,0,3000,1200
k2,test,trimMA342_1200rpm_A__D_14,trimMA342_1200rpm_A__D_14:147000,147000,150000,0,0,3000,1200
k2,test,trimMA342_1200rpm_A__D_14,trimMA342_1200rpm_A__D_14:150000,150000,153000,0,0,3000,1200
k2,test,trimMA342_1200rpm_A__D_14,trimMA342_1200rpm_A__D_14:153000,153000,156000,0,0,3000,1200
k2,test,trimMA342_1200rpm_A__D_14,trimMA342_1200rpm_A__D_14:156000,156000,159000,0,0,3000,1200
k2,test,trimMA342_1200rpm_A__D_14,trimMA342_1200rpm_A__D_14:159000,159000,162000,0,0,3000,1200
k2,test,trimMA342_1200rpm_A__D_14,trimMA342_1200rpm_A__D_14:162000,162000,165000,0,0,3000,1200
k2,test,trimMA342_1200rpm_A__D_14,trimMA342_1200rpm_A__D_14:165000,165000,168000,0,0,3000,1200
k2,test,trimMA342_1200rpm_A__D_14,trimMA342_1200rpm_A__D_14:168000,168000,171000,0,0,3000,1200
k2,test,trimMA342_1200rpm_A__D_14,trimMA342_1200rpm_A__D_14:171000,171000,174000,0,0,3000,1200
k2,test,trimMA342_1200rpm_A__D_14,trimMA342_1200rpm_A__D_14:174000,174000,177000,0,0,3000,1200
k2,test,trimMA342_1200rpm_A__D_14,trimMA342_1200rpm_A__D_14:177000,177000,180000,0,0,3000,1200
k2,test,trimMA342_1200rpm_A__D_14,trimMA342_1200rpm_A__D_14:180000,180000,183000,0,0,3000,1200
k2,test,trimMA342_1200rpm_A__D_14,trimMA342_1200rpm_A__D_14:183000,183000,186000,0,0,3000,1200
k2,test,trimMA342_1200rpm_A__D_14,trimMA342_1200rpm_A__D_14:186000,186000,189000,0,0,3000,1200
k2,test,trimMA342_1200rpm_A__D_14,trimMA342_1200rpm_A__D_14:189000,189000,192000,0,0,3000,1200
k2,test,trimMA342_1200rpm_A__D_14,trimMA342_1200rpm_A__D_14:192000,192000,195000,0,0,3000,1200
k2,test,trimMA342_1200rpm_A__D_14,trimMA342_1200rpm_A__D_14:195000,195000,198000,0,0,3000,1200
k2,test,trimMA342_1200rpm_A__D_14,trimMA342_1200rpm_A__D_14:198000,198000,201000,0,0,3000,1200
k2,test,trimMA342_1200rpm_A__D_14,trimMA342_1200rpm_A__D_14:201000,201000,204000,0,0,3000,1200
k2,test,trimMA342_1200rpm_A__D_14,trimMA342_1200rpm_A__D_14:204000,204000,207000,0,0,3000,1200
k2,test,trimMA342_1200rpm_A__D_14,trimMA342_1200rpm_A__D_14:207000,207000,210000,0,0,3000,1200
k2,test,trimMA342_1200rpm_A__D_14,trimMA342_1200rpm_A__D_14:210000,210000,213000,0,0,3000,1200
k2,test,trimMA342_1200rpm_A__D_14,trimMA342_1200rpm_A__D_14:213000,213000,216000,0,0,3000,1200
k2,test,trimMA342_1200rpm_A__D_14,trimMA342_1200rpm_A__D_14:216000,216000,219000,0,0,3000,1200
k2,test,trimMA342_1200rpm_A__D_14,trimMA342_1200rpm_A__D_14:219000,219000,222000,0,0,3000,1200
k2,test,trimMA342_1200rpm_A__D_14,trimMA342_1200rpm_A__D_14:222000,222000,225000,0,0,3000,1200
k2,test,trimMA342_1200rpm_A__D_14,trimMA342_1200rpm_A__D_14:225000,225000,228000,0,0,3000,1200
k2,test,trimMA342_1200rpm_A__D_14,trimMA342_1200rpm_A__D_14:228000,228000,231000,0,0,3000,1200
k2,test,trimMA342_1200rpm_A__D_14,trimMA342_1200rpm_A__D_14:231000,231000,234000,0,0,3000,1200
k2,test,trimMA342_1200rpm_A__D_14,trimMA342_1200rpm_A__D_14:234000,234000,237000,0,0,3000,1200
k2,test,trimMA342_1200rpm_A__D_14,trimMA342_1200rpm_A__D_14:237000,237000,240000,0,0,3000,1200
k2,test,trimMA342_1200rpm_A__D_14,trimMA342_1200rpm_A__D_14:240000,240000,243000,0,0,3000,1200
k2,test,trimMA342_1200rpm_A__D_14,trimMA342_1200rpm_A__D_14:243000,243000,246000,0,0,3000,1200
k2,test,trimMA342_1200rpm_A__D_14,trimMA342_1200rpm_A__D_14:246000,246000,249000,0,0,3000,1200
k2,test,trimMA342_1200rpm_A__D_14,trimMA342_1200rpm_A__D_14:249000,249000,252000,0,0,3000,1200
k2,test,trimMA342_1200rpm_A__D_14,trimMA342_1200rpm_A__D_14:252000,252000,255000,0,0,3000,1200
k2,test,trimMA342_1200rpm_A__D_14,trimMA342_1200rpm_A__D_14:255000,255000,258000,0,0,3000,1200
k2,test,trimMA342_1200rpm_A__D_14,trimMA342_1200rpm_A__D_14:258000,258000,261000,0,0,3000,1200
k2,test,trimMA342_1200rpm_A__D_14,trimMA342_1200rpm_A__D_14:261000,261000,264000,0,0,3000,1200
k2,test,trimMA342_1200rpm_A__D_14,trimMA342_1200rpm_A__D_14:264000,264000,267000,0,0,3000,1200
k2,test,trimMA342_1200rpm_A__D_14,trimMA342_1200rpm_A__D_14:267000,267000,270000,0,0,3000,1200
k2,test,trimMA342_1200rpm_A__D_14,trimMA342_1200rpm_A__D_14:270000,270000,273000,0,0,3000,1200
k2,test,trimMA342_1200rpm_A__D_14,trimMA342_1200rpm_A__D_14:273000,273000,276000,0,0,3000,1200
k2,test,trimMA342_1200rpm_A__D_14,trimMA342_1200rpm_A__D_14:276000,276000,279000,0,0,3000,1200
k2,test,trimMA342_1200rpm_A__D_14,trimMA342_1200rpm_A__D_14:279000,279000,282000,0,0,3000,1200
k2,test,trimMA342_1200rpm_A__Dvv_00,trimMA342_1200rpm_A__Dvv_00:0,0,3000,4,1,3000,1200
k2,test,trimMA342_1200rpm_A__Dvv_00,trimMA342_1200rpm_A__Dvv_00:3000,3000,6000,4,1,3000,1200
k2,test,trimMA342_1200rpm_A__Dvv_00,trimMA342_1200rpm_A__Dvv_00:6000,6000,9000,4,1,3000,1200
k2,test,trimMA342_1200rpm_A__Dvv_00,trimMA342_1200rpm_A__Dvv_00:9000,9000,12000,4,1,3000,1200
k2,test,trimMA342_1200rpm_A__Dvv_00,trimMA342_1200rpm_A__Dvv_00:12000,12000,15000,4,1,3000,1200
k2,test,trimMA342_1200rpm_A__Dvv_00,trimMA342_1200rpm_A__Dvv_00:15000,15000,18000,4,1,3000,1200
k2,test,trimMA342_1200rpm_A__Dvv_00,trimMA342_1200rpm_A__Dvv_00:18000,18000,21000,4,1,3000,1200
k2,test,trimMA342_1200rpm_A__Dvv_00,trimMA342_1200rpm_A__Dvv_00:21000,21000,24000,4,1,3000,1200
k2,test,trimMA342_1200rpm_A__Dvv_00,trimMA342_1200rpm_A__Dvv_00:24000,24000,27000,4,1,3000,1200
k2,test,trimMA342_1200rpm_A__Dvv_00,trimMA342_1200rpm_A__Dvv_00:27000,27000,30000,4,1,3000,1200
k2,test,trimMA342_1200rpm_A__Dvv_00,trimMA342_1200rpm_A__Dvv_00:30000,30000,33000,4,1,3000,1200
k2,test,trimMA342_1200rpm_A__Dvv_00,trimMA342_1200rpm_A__Dvv_00:33000,33000,36000,4,1,3000,1200
k2,test,trimMA342_1200rpm_A__Dvv_00,trimMA342_1200rpm_A__Dvv_00:36000,36000,39000,4,1,3000,1200
k2,test,trimMA342_1200rpm_A__Dvv_00,trimMA342_1200rpm_A__Dvv_00:39000,39000,42000,4,1,3000,1200
k2,test,trimMA342_1200rpm_A__Dvv_00,trimMA342_1200rpm_A__Dvv_00:42000,42000,45000,4,1,3000,1200
k2,test,trimMA342_1200rpm_A__Dvv_00,trimMA342_1200rpm_A__Dvv_00:45000,45000,48000,4,1,3000,1200
k2,test,trimMA342_1200rpm_A__Dvv_00,trimMA342_1200rpm_A__Dvv_00:48000,48000,51000,4,1,3000,1200
k2,test,trimMA342_1200rpm_A__Dvv_00,trimMA342_1200rpm_A__Dvv_00:51000,51000,54000,4,1,3000,1200
k2,test,trimMA342_1200rpm_A__Dvv_00,trimMA342_1200rpm_A__Dvv_00:54000,54000,57000,4,1,3000,1200
k2,test,trimMA342_1200rpm_A__Dvv_00,trimMA342_1200rpm_A__Dvv_00:57000,57000,60000,4,1,3000,1200
k2,test,trimMA342_1200rpm_A__Dvv_00,trimMA342_1200rpm_A__Dvv_00:60000,60000,63000,4,1,3000,1200
k2,test,trimMA342_1200rpm_A__Dvv_00,trimMA342_1200rpm_A__Dvv_00:63000,63000,66000,4,1,3000,1200
k2,test,trimMA342_1200rpm_A__Dvv_00,trimMA342_1200rpm_A__Dvv_00:66000,66000,69000,4,1,3000,1200
k2,test,trimMA342_1200rpm_A__Dvv_00,trimMA342_1200rpm_A__Dvv_00:69000,69000,72000,4,1,3000,1200
k2,test,trimMA342_1200rpm_A__Dvv_00,trimMA342_1200rpm_A__Dvv_00:72000,72000,75000,4,1,3000,1200
k2,test,trimMA342_1200rpm_A__Dvv_00,trimMA342_1200rpm_A__Dvv_00:75000,75000,78000,4,1,3000,1200
k2,test,trimMA342_1200rpm_A__Dvv_00,trimMA342_1200rpm_A__Dvv_00:78000,78000,81000,4,1,3000,1200
k2,test,trimMA342_1200rpm_A__Dvv_00,trimMA342_1200rpm_A__Dvv_00:81000,81000,84000,4,1,3000,1200
k2,test,trimMA342_1200rpm_A__Dvv_00,trimMA342_1200rpm_A__Dvv_00:84000,84000,87000,4,1,3000,1200
k2,test,trimMA342_1200rpm_A__Dvv_00,trimMA342_1200rpm_A__Dvv_00:87000,87000,90000,4,1,3000,1200
k2,test,trimMA342_1200rpm_A__Dvv_00,trimMA342_1200rpm_A__Dvv_00:90000,90000,93000,4,1,3000,1200
k2,test,trimMA342_1200rpm_A__Dvv_00,trimMA342_1200rpm_A__Dvv_00:93000,93000,96000,4,1,3000,1200
k2,test,trimMA342_1200rpm_A__Dvv_00,trimMA342_1200rpm_A__Dvv_00:96000,96000,99000,4,1,3000,1200
k2,test,trimMA342_1200rpm_A__Dvv_00,trimMA342_1200rpm_A__Dvv_00:99000,99000,102000,4,1,3000,1200
k2,test,trimMA342_1200rpm_A__Dvv_00,trimMA342_1200rpm_A__Dvv_00:102000,102000,105000,4,1,3000,1200
k2,test,trimMA342_1200rpm_A__Dvv_00,trimMA342_1200rpm_A__Dvv_00:105000,105000,108000,4,1,3000,1200
k2,test,trimMA342_1200rpm_A__Dvv_00,trimMA342_1200rpm_A__Dvv_00:108000,108000,111000,4,1,3000,1200
k2,test,trimMA342_1200rpm_A__Dvv_00,trimMA342_1200rpm_A__Dvv_00:111000,111000,114000,4,1,3000,1200
k2,test,trimMA342_1200rpm_A__Dvv_00,trimMA342_1200rpm_A__Dvv_00:114000,114000,117000,4,1,3000,1200
k2,test,trimMA342_1200rpm_A__Dvv_00,trimMA342_1200rpm_A__Dvv_00:117000,117000,120000,4,1,3000,1200
k2,test,trimMA342_1200rpm_A__Dvv_00,trimMA342_1200rpm_A__Dvv_00:120000,120000,123000,4,1,3000,1200
k2,test,trimMA342_1200rpm_A__Dvv_00,trimMA342_1200rpm_A__Dvv_00:123000,123000,126000,4,1,3000,1200
k2,test,trimMA342_1200rpm_A__Dvv_00,trimMA342_1200rpm_A__Dvv_00:126000,126000,129000,4,1,3000,1200
k2,test,trimMA342_1200rpm_A__Dvv_00,trimMA342_1200rpm_A__Dvv_00:129000,129000,132000,4,1,3000,1200
k2,test,trimMA342_1200rpm_A__Dvv_00,trimMA342_1200rpm_A__Dvv_00:132000,132000,135000,4,1,3000,1200
k2,test,trimMA342_1200rpm_A__Dvv_00,trimMA342_1200rpm_A__Dvv_00:135000,135000,138000,4,1,3000,1200
k2,test,trimMA342_1200rpm_A__Dvv_00,trimMA342_1200rpm_A__Dvv_00:138000,138000,141000,4,1,3000,1200
k2,test,trimMA342_1200rpm_A__Dvv_00,trimMA342_1200rpm_A__Dvv_00:141000,141000,144000,4,1,3000,1200
k2,test,trimMA342_1200rpm_A__Dvv_00,trimMA342_1200rpm_A__Dvv_00:144000,144000,147000,4,1,3000,1200
k2,test,trimMA342_1200rpm_A__Dvv_00,trimMA342_1200rpm_A__Dvv_00:147000,147000,150000,4,1,3000,1200
k2,test,trimMA342_1200rpm_A__Dvv_00,trimMA342_1200rpm_A__Dvv_00:150000,150000,153000,4,1,3000,1200
k2,test,trimMA342_1200rpm_A__Dvv_00,trimMA342_1200rpm_A__Dvv_00:153000,153000,156000,4,1,3000,1200
k2,test,trimMA342_1200rpm_A__Dvv_00,trimMA342_1200rpm_A__Dvv_00:156000,156000,159000,4,1,3000,1200
k2,test,trimMA342_1200rpm_A__Dvv_00,trimMA342_1200rpm_A__Dvv_00:159000,159000,162000,4,1,3000,1200
k2,test,trimMA342_1200rpm_A__Dvv_00,trimMA342_1200rpm_A__Dvv_00:162000,162000,165000,4,1,3000,1200
k2,test,trimMA342_1200rpm_A__Dvv_00,trimMA342_1200rpm_A__Dvv_00:165000,165000,168000,4,1,3000,1200
k2,test,trimMA342_1200rpm_A__Dvv_00,trimMA342_1200rpm_A__Dvv_00:168000,168000,171000,4,1,3000,1200
k2,test,trimMA342_1200rpm_A__Dvv_00,trimMA342_1200rpm_A__Dvv_00:171000,171000,174000,4,1,3000,1200
k2,test,trimMA342_1200rpm_A__Dvv_00,trimMA342_1200rpm_A__Dvv_00:174000,174000,177000,4,1,3000,1200
k2,test,trimMA342_1200rpm_A__Dvv_00,trimMA342_1200rpm_A__Dvv_00:177000,177000,180000,4,1,3000,1200
k2,test,trimMA342_1200rpm_A__Dvv_00,trimMA342_1200rpm_A__Dvv_00:180000,180000,183000,4,1,3000,1200
k2,test,trimMA342_1200rpm_A__Dvv_00,trimMA342_1200rpm_A__Dvv_00:183000,183000,186000,4,1,3000,1200
k2,test,trimMA342_1200rpm_A__Dvv_00,trimMA342_1200rpm_A__Dvv_00:186000,186000,189000,4,1,3000,1200
k2,test,trimMA342_1200rpm_A__Dvv_00,trimMA342_1200rpm_A__Dvv_00:189000,189000,192000,4,1,3000,1200
k2,test,trimMA342_1200rpm_A__Dvv_00,trimMA342_1200rpm_A__Dvv_00:192000,192000,195000,4,1,3000,1200
k2,test,trimMA342_1200rpm_A__Dvv_00,trimMA342_1200rpm_A__Dvv_00:195000,195000,198000,4,1,3000,1200
k2,test,trimMA342_1200rpm_A__Dvv_00,trimMA342_1200rpm_A__Dvv_00:198000,198000,201000,4,1,3000,1200
k2,test,trimMA342_1200rpm_A__Dvv_00,trimMA342_1200rpm_A__Dvv_00:201000,201000,204000,4,1,3000,1200
k2,test,trimMA342_1200rpm_A__Dvv_00,trimMA342_1200rpm_A__Dvv_00:204000,204000,207000,4,1,3000,1200
k2,test,trimMA342_1200rpm_A__Dvv_00,trimMA342_1200rpm_A__Dvv_00:207000,207000,210000,4,1,3000,1200
k2,test,trimMA342_1200rpm_A__Dvv_00,trimMA342_1200rpm_A__Dvv_00:210000,210000,213000,4,1,3000,1200
k2,test,trimMA342_1200rpm_A__Dvv_00,trimMA342_1200rpm_A__Dvv_00:213000,213000,216000,4,1,3000,1200
k2,test,trimMA342_1200rpm_A__Dvv_00,trimMA342_1200rpm_A__Dvv_00:216000,216000,219000,4,1,3000,1200
k2,test,trimMA342_1200rpm_A__Dvv_00,trimMA342_1200rpm_A__Dvv_00:219000,219000,222000,4,1,3000,1200
k2,test,trimMA342_1200rpm_A__Dvv_00,trimMA342_1200rpm_A__Dvv_00:222000,222000,225000,4,1,3000,1200
k2,test,trimMA342_1200rpm_A__Dvv_00,trimMA342_1200rpm_A__Dvv_00:225000,225000,228000,4,1,3000,1200
k2,test,trimMA342_1200rpm_A__Dvv_00,trimMA342_1200rpm_A__Dvv_00:228000,228000,231000,4,1,3000,1200
k2,test,trimMA342_1200rpm_A__Dvv_00,trimMA342_1200rpm_A__Dvv_00:231000,231000,234000,4,1,3000,1200
k2,test,trimMA342_1200rpm_A__Dvv_00,trimMA342_1200rpm_A__Dvv_00:234000,234000,237000,4,1,3000,1200
k2,test,trimMA342_1200rpm_A__Dvv_00,trimMA342_1200rpm_A__Dvv_00:237000,237000,240000,4,1,3000,1200
k2,test,trimMA342_1200rpm_A__Dvv_00,trimMA342_1200rpm_A__Dvv_00:240000,240000,243000,4,1,3000,1200
k2,test,trimMA342_1200rpm_A__Dvv_00,trimMA342_1200rpm_A__Dvv_00:243000,243000,246000,4,1,3000,1200
k2,test,trimMA342_1200rpm_A__Dvv_00,trimMA342_1200rpm_A__Dvv_00:246000,246000,249000,4,1,3000,1200
k2,test,trimMA342_1200rpm_A__Dvv_00,trimMA342_1200rpm_A__Dvv_00:249000,249000,252000,4,1,3000,1200
k2,test,trimMA342_1200rpm_A__Dvv_00,trimMA342_1200rpm_A__Dvv_00:252000,252000,255000,4,1,3000,1200
k2,test,trimMA342_1200rpm_A__Dvv_00,trimMA342_1200rpm_A__Dvv_00:255000,255000,258000,4,1,3000,1200
k2,test,trimMA342_1200rpm_A__Dvv_00,trimMA342_1200rpm_A__Dvv_00:258000,258000,261000,4,1,3000,1200
k2,test,trimMA342_1200rpm_A__Dvv_00,trimMA342_1200rpm_A__Dvv_00:261000,261000,264000,4,1,3000,1200
k2,test,trimMA342_1200rpm_A__Dvv_00,trimMA342_1200rpm_A__Dvv_00:264000,264000,267000,4,1,3000,1200
k2,test,trimMA342_1200rpm_A__Dvv_00,trimMA342_1200rpm_A__Dvv_00:267000,267000,270000,4,1,3000,1200
k2,test,trimMA342_1200rpm_A__Dvv_00,trimMA342_1200rpm_A__Dvv_00:270000,270000,273000,4,1,3000,1200
k2,test,trimMA342_1200rpm_A__Dvv_00,trimMA342_1200rpm_A__Dvv_00:273000,273000,276000,4,1,3000,1200
k2,test,trimMA342_1200rpm_A__Dvv_00,trimMA342_1200rpm_A__Dvv_00:276000,276000,279000,4,1,3000,1200
k2,test,trimMA342_1200rpm_A__Dvv_00,trimMA342_1200rpm_A__Dvv_00:279000,279000,282000,4,1,3000,1200
k2,test,trimMA342_1200rpm_A__Dvv_02,trimMA342_1200rpm_A__Dvv_02:0,0,3000,4,1,3000,1200
k2,test,trimMA342_1200rpm_A__Dvv_02,trimMA342_1200rpm_A__Dvv_02:3000,3000,6000,4,1,3000,1200
k2,test,trimMA342_1200rpm_A__Dvv_02,trimMA342_1200rpm_A__Dvv_02:6000,6000,9000,4,1,3000,1200
k2,test,trimMA342_1200rpm_A__Dvv_02,trimMA342_1200rpm_A__Dvv_02:9000,9000,12000,4,1,3000,1200
k2,test,trimMA342_1200rpm_A__Dvv_02,trimMA342_1200rpm_A__Dvv_02:12000,12000,15000,4,1,3000,1200
k2,test,trimMA342_1200rpm_A__Dvv_02,trimMA342_1200rpm_A__Dvv_02:15000,15000,18000,4,1,3000,1200
k2,test,trimMA342_1200rpm_A__Dvv_02,trimMA342_1200rpm_A__Dvv_02:18000,18000,21000,4,1,3000,1200
k2,test,trimMA342_1200rpm_A__Dvv_02,trimMA342_1200rpm_A__Dvv_02:21000,21000,24000,4,1,3000,1200
k2,test,trimMA342_1200rpm_A__Dvv_02,trimMA342_1200rpm_A__Dvv_02:24000,24000,27000,4,1,3000,1200
k2,test,trimMA342_1200rpm_A__Dvv_02,trimMA342_1200rpm_A__Dvv_02:27000,27000,30000,4,1,3000,1200
k2,test,trimMA342_1200rpm_A__Dvv_02,trimMA342_1200rpm_A__Dvv_02:30000,30000,33000,4,1,3000,1200
k2,test,trimMA342_1200rpm_A__Dvv_02,trimMA342_1200rpm_A__Dvv_02:33000,33000,36000,4,1,3000,1200
k2,test,trimMA342_1200rpm_A__Dvv_02,trimMA342_1200rpm_A__Dvv_02:36000,36000,39000,4,1,3000,1200
k2,test,trimMA342_1200rpm_A__Dvv_02,trimMA342_1200rpm_A__Dvv_02:39000,39000,42000,4,1,3000,1200
k2,test,trimMA342_1200rpm_A__Dvv_02,trimMA342_1200rpm_A__Dvv_02:42000,42000,45000,4,1,3000,1200
k2,test,trimMA342_1200rpm_A__Dvv_02,trimMA342_1200rpm_A__Dvv_02:45000,45000,48000,4,1,3000,1200
k2,test,trimMA342_1200rpm_A__Dvv_02,trimMA342_1200rpm_A__Dvv_02:48000,48000,51000,4,1,3000,1200
k2,test,trimMA342_1200rpm_A__Dvv_02,trimMA342_1200rpm_A__Dvv_02:51000,51000,54000,4,1,3000,1200
k2,test,trimMA342_1200rpm_A__Dvv_02,trimMA342_1200rpm_A__Dvv_02:54000,54000,57000,4,1,3000,1200
k2,test,trimMA342_1200rpm_A__Dvv_02,trimMA342_1200rpm_A__Dvv_02:57000,57000,60000,4,1,3000,1200
k2,test,trimMA342_1200rpm_A__Dvv_02,trimMA342_1200rpm_A__Dvv_02:60000,60000,63000,4,1,3000,1200
k2,test,trimMA342_1200rpm_A__Dvv_02,trimMA342_1200rpm_A__Dvv_02:63000,63000,66000,4,1,3000,1200
k2,test,trimMA342_1200rpm_A__Dvv_02,trimMA342_1200rpm_A__Dvv_02:66000,66000,69000,4,1,3000,1200
k2,test,trimMA342_1200rpm_A__Dvv_02,trimMA342_1200rpm_A__Dvv_02:69000,69000,72000,4,1,3000,1200
k2,test,trimMA342_1200rpm_A__Dvv_02,trimMA342_1200rpm_A__Dvv_02:72000,72000,75000,4,1,3000,1200
k2,test,trimMA342_1200rpm_A__Dvv_02,trimMA342_1200rpm_A__Dvv_02:75000,75000,78000,4,1,3000,1200
k2,test,trimMA342_1200rpm_A__Dvv_02,trimMA342_1200rpm_A__Dvv_02:78000,78000,81000,4,1,3000,1200
k2,test,trimMA342_1200rpm_A__Dvv_02,trimMA342_1200rpm_A__Dvv_02:81000,81000,84000,4,1,3000,1200
k2,test,trimMA342_1200rpm_A__Dvv_02,trimMA342_1200rpm_A__Dvv_02:84000,84000,87000,4,1,3000,1200
k2,test,trimMA342_1200rpm_A__Dvv_02,trimMA342_1200rpm_A__Dvv_02:87000,87000,90000,4,1,3000,1200
k2,test,trimMA342_1200rpm_A__Dvv_02,trimMA342_1200rpm_A__Dvv_02:90000,90000,93000,4,1,3000,1200
k2,test,trimMA342_1200rpm_A__Dvv_02,trimMA342_1200rpm_A__Dvv_02:93000,93000,96000,4,1,3000,1200
k2,test,trimMA342_1200rpm_A__Dvv_02,trimMA342_1200rpm_A__Dvv_02:96000,96000,99000,4,1,3000,1200
k2,test,trimMA342_1200rpm_A__Dvv_02,trimMA342_1200rpm_A__Dvv_02:99000,99000,102000,4,1,3000,1200
k2,test,trimMA342_1200rpm_A__Dvv_02,trimMA342_1200rpm_A__Dvv_02:102000,102000,105000,4,1,3000,1200
k2,test,trimMA342_1200rpm_A__Dvv_02,trimMA342_1200rpm_A__Dvv_02:105000,105000,108000,4,1,3000,1200
k2,test,trimMA342_1200rpm_A__Dvv_02,trimMA342_1200rpm_A__Dvv_02:108000,108000,111000,4,1,3000,1200
k2,test,trimMA342_1200rpm_A__Dvv_02,trimMA342_1200rpm_A__Dvv_02:111000,111000,114000,4,1,3000,1200
k2,test,trimMA342_1200rpm_A__Dvv_02,trimMA342_1200rpm_A__Dvv_02:114000,114000,117000,4,1,3000,1200
k2,test,trimMA342_1200rpm_A__Dvv_02,trimMA342_1200rpm_A__Dvv_02:117000,117000,120000,4,1,3000,1200
k2,test,trimMA342_1200rpm_A__Dvv_02,trimMA342_1200rpm_A__Dvv_02:120000,120000,123000,4,1,3000,1200
k2,test,trimMA342_1200rpm_A__Dvv_02,trimMA342_1200rpm_A__Dvv_02:123000,123000,126000,4,1,3000,1200
k2,test,trimMA342_1200rpm_A__Dvv_02,trimMA342_1200rpm_A__Dvv_02:126000,126000,129000,4,1,3000,1200
k2,test,trimMA342_1200rpm_A__Dvv_02,trimMA342_1200rpm_A__Dvv_02:129000,129000,132000,4,1,3000,1200
k2,test,trimMA342_1200rpm_A__Dvv_02,trimMA342_1200rpm_A__Dvv_02:132000,132000,135000,4,1,3000,1200
k2,test,trimMA342_1200rpm_A__Dvv_02,trimMA342_1200rpm_A__Dvv_02:135000,135000,138000,4,1,3000,1200
k2,test,trimMA342_1200rpm_A__Dvv_02,trimMA342_1200rpm_A__Dvv_02:138000,138000,141000,4,1,3000,1200
k2,test,trimMA342_1200rpm_A__Dvv_02,trimMA342_1200rpm_A__Dvv_02:141000,141000,144000,4,1,3000,1200
k2,test,trimMA342_1200rpm_A__Dvv_02,trimMA342_1200rpm_A__Dvv_02:144000,144000,147000,4,1,3000,1200
k2,test,trimMA342_1200rpm_A__Dvv_02,trimMA342_1200rpm_A__Dvv_02:147000,147000,150000,4,1,3000,1200
k2,test,trimMA342_1200rpm_A__Dvv_02,trimMA342_1200rpm_A__Dvv_02:150000,150000,153000,4,1,3000,1200
k2,test,trimMA342_1200rpm_A__Dvv_02,trimMA342_1200rpm_A__Dvv_02:153000,153000,156000,4,1,3000,1200
k2,test,trimMA342_1200rpm_A__Dvv_02,trimMA342_1200rpm_A__Dvv_02:156000,156000,159000,4,1,3000,1200
k2,test,trimMA342_1200rpm_A__Dvv_02,trimMA342_1200rpm_A__Dvv_02:159000,159000,162000,4,1,3000,1200
k2,test,trimMA342_1200rpm_A__Dvv_02,trimMA342_1200rpm_A__Dvv_02:162000,162000,165000,4,1,3000,1200
k2,test,trimMA342_1200rpm_A__Dvv_02,trimMA342_1200rpm_A__Dvv_02:165000,165000,168000,4,1,3000,1200
k2,test,trimMA342_1200rpm_A__Dvv_02,trimMA342_1200rpm_A__Dvv_02:168000,168000,171000,4,1,3000,1200
k2,test,trimMA342_1200rpm_A__Dvv_02,trimMA342_1200rpm_A__Dvv_02:171000,171000,174000,4,1,3000,1200
k2,test,trimMA342_1200rpm_A__Dvv_02,trimMA342_1200rpm_A__Dvv_02:174000,174000,177000,4,1,3000,1200
k2,test,trimMA342_1200rpm_A__Dvv_02,trimMA342_1200rpm_A__Dvv_02:177000,177000,180000,4,1,3000,1200
k2,test,trimMA342_1200rpm_A__Dvv_02,trimMA342_1200rpm_A__Dvv_02:180000,180000,183000,4,1,3000,1200
k2,test,trimMA342_1200rpm_A__Dvv_02,trimMA342_1200rpm_A__Dvv_02:183000,183000,186000,4,1,3000,1200
k2,test,trimMA342_1200rpm_A__Dvv_02,trimMA342_1200rpm_A__Dvv_02:186000,186000,189000,4,1,3000,1200
k2,test,trimMA342_1200rpm_A__Dvv_02,trimMA342_1200rpm_A__Dvv_02:189000,189000,192000,4,1,3000,1200
k2,test,trimMA342_1200rpm_A__Dvv_02,trimMA342_1200rpm_A__Dvv_02:192000,192000,195000,4,1,3000,1200
k2,test,trimMA342_1200rpm_A__Dvv_02,trimMA342_1200rpm_A__Dvv_02:195000,195000,198000,4,1,3000,1200
k2,test,trimMA342_1200rpm_A__Dvv_02,trimMA342_1200rpm_A__Dvv_02:198000,198000,201000,4,1,3000,1200
k2,test,trimMA342_1200rpm_A__Dvv_02,trimMA342_1200rpm_A__Dvv_02:201000,201000,204000,4,1,3000,1200
k2,test,trimMA342_1200rpm_A__Dvv_02,trimMA342_1200rpm_A__Dvv_02:204000,204000,207000,4,1,3000,1200
k2,test,trimMA342_1200rpm_A__Dvv_02,trimMA342_1200rpm_A__Dvv_02:207000,207000,210000,4,1,3000,1200
k2,test,trimMA342_1200rpm_A__Dvv_02,trimMA342_1200rpm_A__Dvv_02:210000,210000,213000,4,1,3000,1200
k2,test,trimMA342_1200rpm_A__Dvv_02,trimMA342_1200rpm_A__Dvv_02:213000,213000,216000,4,1,3000,1200
k2,test,trimMA342_1200rpm_A__Dvv_02,trimMA342_1200rpm_A__Dvv_02:216000,216000,219000,4,1,3000,1200
k2,test,trimMA342_1200rpm_A__Dvv_02,trimMA342_1200rpm_A__Dvv_02:219000,219000,222000,4,1,3000,1200
k2,test,trimMA342_1200rpm_A__Dvv_02,trimMA342_1200rpm_A__Dvv_02:222000,222000,225000,4,1,3000,1200
k2,test,trimMA342_1200rpm_A__Dvv_02,trimMA342_1200rpm_A__Dvv_02:225000,225000,228000,4,1,3000,1200
k2,test,trimMA342_1200rpm_A__Dvv_02,trimMA342_1200rpm_A__Dvv_02:228000,228000,231000,4,1,3000,1200
k2,test,trimMA342_1200rpm_A__Dvv_02,trimMA342_1200rpm_A__Dvv_02:231000,231000,234000,4,1,3000,1200
k2,test,trimMA342_1200rpm_A__Dvv_02,trimMA342_1200rpm_A__Dvv_02:234000,234000,237000,4,1,3000,1200
k2,test,trimMA342_1200rpm_A__Dvv_02,trimMA342_1200rpm_A__Dvv_02:237000,237000,240000,4,1,3000,1200
k2,test,trimMA342_1200rpm_A__Dvv_02,trimMA342_1200rpm_A__Dvv_02:240000,240000,243000,4,1,3000,1200
k2,test,trimMA342_1200rpm_A__Dvv_02,trimMA342_1200rpm_A__Dvv_02:243000,243000,246000,4,1,3000,1200
k2,test,trimMA342_1200rpm_A__Dvv_02,trimMA342_1200rpm_A__Dvv_02:246000,246000,249000,4,1,3000,1200
k2,test,trimMA342_1200rpm_A__Dvv_02,trimMA342_1200rpm_A__Dvv_02:249000,249000,252000,4,1,3000,1200
k2,test,trimMA342_1200rpm_A__Dvv_02,trimMA342_1200rpm_A__Dvv_02:252000,252000,255000,4,1,3000,1200
k2,test,trimMA342_1200rpm_A__Dvv_02,trimMA342_1200rpm_A__Dvv_02:255000,255000,258000,4,1,3000,1200
k2,test,trimMA342_1200rpm_A__Dvv_02,trimMA342_1200rpm_A__Dvv_02:258000,258000,261000,4,1,3000,1200
k2,test,trimMA342_1200rpm_A__Dvv_02,trimMA342_1200rpm_A__Dvv_02:261000,261000,264000,4,1,3000,1200
k2,test,trimMA342_1200rpm_A__Dvv_02,trimMA342_1200rpm_A__Dvv_02:264000,264000,267000,4,1,3000,1200
k2,test,trimMA342_1200rpm_A__Dvv_02,trimMA342_1200rpm_A__Dvv_02:267000,267000,270000,4,1,3000,1200
k2,test,trimMA342_1200rpm_A__Dvv_02,trimMA342_1200rpm_A__Dvv_02:270000,270000,273000,4,1,3000,1200
k2,test,trimMA342_1200rpm_A__Dvv_02,trimMA342_1200rpm_A__Dvv_02:273000,273000,276000,4,1,3000,1200
k2,test,trimMA342_1200rpm_A__Dvv_02,trimMA342_1200rpm_A__Dvv_02:276000,276000,279000,4,1,3000,1200
k2,test,trimMA342_1200rpm_A__Dvv_02,trimMA342_1200rpm_A__Dvv_02:279000,279000,282000,4,1,3000,1200
k2,test,trimMA342_1200rpm_A__Dvv_10,trimMA342_1200rpm_A__Dvv_10:0,0,3000,4,1,3000,1200
k2,test,trimMA342_1200rpm_A__Dvv_10,trimMA342_1200rpm_A__Dvv_10:3000,3000,6000,4,1,3000,1200
k2,test,trimMA342_1200rpm_A__Dvv_10,trimMA342_1200rpm_A__Dvv_10:6000,6000,9000,4,1,3000,1200
k2,test,trimMA342_1200rpm_A__Dvv_10,trimMA342_1200rpm_A__Dvv_10:9000,9000,12000,4,1,3000,1200
k2,test,trimMA342_1200rpm_A__Dvv_10,trimMA342_1200rpm_A__Dvv_10:12000,12000,15000,4,1,3000,1200
k2,test,trimMA342_1200rpm_A__Dvv_10,trimMA342_1200rpm_A__Dvv_10:15000,15000,18000,4,1,3000,1200
k2,test,trimMA342_1200rpm_A__Dvv_10,trimMA342_1200rpm_A__Dvv_10:18000,18000,21000,4,1,3000,1200
k2,test,trimMA342_1200rpm_A__Dvv_10,trimMA342_1200rpm_A__Dvv_10:21000,21000,24000,4,1,3000,1200
k2,test,trimMA342_1200rpm_A__Dvv_10,trimMA342_1200rpm_A__Dvv_10:24000,24000,27000,4,1,3000,1200
k2,test,trimMA342_1200rpm_A__Dvv_10,trimMA342_1200rpm_A__Dvv_10:27000,27000,30000,4,1,3000,1200
k2,test,trimMA342_1200rpm_A__Dvv_10,trimMA342_1200rpm_A__Dvv_10:30000,30000,33000,4,1,3000,1200
k2,test,trimMA342_1200rpm_A__Dvv_10,trimMA342_1200rpm_A__Dvv_10:33000,33000,36000,4,1,3000,1200
k2,test,trimMA342_1200rpm_A__Dvv_10,trimMA342_1200rpm_A__Dvv_10:36000,36000,39000,4,1,3000,1200
k2,test,trimMA342_1200rpm_A__Dvv_10,trimMA342_1200rpm_A__Dvv_10:39000,39000,42000,4,1,3000,1200
k2,test,trimMA342_1200rpm_A__Dvv_10,trimMA342_1200rpm_A__Dvv_10:42000,42000,45000,4,1,3000,1200
k2,test,trimMA342_1200rpm_A__Dvv_10,trimMA342_1200rpm_A__Dvv_10:45000,45000,48000,4,1,3000,1200
k2,test,trimMA342_1200rpm_A__Dvv_10,trimMA342_1200rpm_A__Dvv_10:48000,48000,51000,4,1,3000,1200
k2,test,trimMA342_1200rpm_A__Dvv_10,trimMA342_1200rpm_A__Dvv_10:51000,51000,54000,4,1,3000,1200
k2,test,trimMA342_1200rpm_A__Dvv_10,trimMA342_1200rpm_A__Dvv_10:54000,54000,57000,4,1,3000,1200
k2,test,trimMA342_1200rpm_A__Dvv_10,trimMA342_1200rpm_A__Dvv_10:57000,57000,60000,4,1,3000,1200
k2,test,trimMA342_1200rpm_A__Dvv_10,trimMA342_1200rpm_A__Dvv_10:60000,60000,63000,4,1,3000,1200
k2,test,trimMA342_1200rpm_A__Dvv_10,trimMA342_1200rpm_A__Dvv_10:63000,63000,66000,4,1,3000,1200
k2,test,trimMA342_1200rpm_A__Dvv_10,trimMA342_1200rpm_A__Dvv_10:66000,66000,69000,4,1,3000,1200
k2,test,trimMA342_1200rpm_A__Dvv_10,trimMA342_1200rpm_A__Dvv_10:69000,69000,72000,4,1,3000,1200
k2,test,trimMA342_1200rpm_A__Dvv_10,trimMA342_1200rpm_A__Dvv_10:72000,72000,75000,4,1,3000,1200
k2,test,trimMA342_1200rpm_A__Dvv_10,trimMA342_1200rpm_A__Dvv_10:75000,75000,78000,4,1,3000,1200
k2,test,trimMA342_1200rpm_A__Dvv_10,trimMA342_1200rpm_A__Dvv_10:78000,78000,81000,4,1,3000,1200
k2,test,trimMA342_1200rpm_A__Dvv_10,trimMA342_1200rpm_A__Dvv_10:81000,81000,84000,4,1,3000,1200
k2,test,trimMA342_1200rpm_A__Dvv_10,trimMA342_1200rpm_A__Dvv_10:84000,84000,87000,4,1,3000,1200
k2,test,trimMA342_1200rpm_A__Dvv_10,trimMA342_1200rpm_A__Dvv_10:87000,87000,90000,4,1,3000,1200
k2,test,trimMA342_1200rpm_A__Dvv_10,trimMA342_1200rpm_A__Dvv_10:90000,90000,93000,4,1,3000,1200
k2,test,trimMA342_1200rpm_A__Dvv_10,trimMA342_1200rpm_A__Dvv_10:93000,93000,96000,4,1,3000,1200
k2,test,trimMA342_1200rpm_A__Dvv_10,trimMA342_1200rpm_A__Dvv_10:96000,96000,99000,4,1,3000,1200
k2,test,trimMA342_1200rpm_A__Dvv_10,trimMA342_1200rpm_A__Dvv_10:99000,99000,102000,4,1,3000,1200
k2,test,trimMA342_1200rpm_A__Dvv_10,trimMA342_1200rpm_A__Dvv_10:102000,102000,105000,4,1,3000,1200
k2,test,trimMA342_1200rpm_A__Dvv_10,trimMA342_1200rpm_A__Dvv_10:105000,105000,108000,4,1,3000,1200
k2,test,trimMA342_1200rpm_A__Dvv_10,trimMA342_1200rpm_A__Dvv_10:108000,108000,111000,4,1,3000,1200
k2,test,trimMA342_1200rpm_A__Dvv_10,trimMA342_1200rpm_A__Dvv_10:111000,111000,114000,4,1,3000,1200
k2,test,trimMA342_1200rpm_A__Dvv_10,trimMA342_1200rpm_A__Dvv_10:114000,114000,117000,4,1,3000,1200
k2,test,trimMA342_1200rpm_A__Dvv_10,trimMA342_1200rpm_A__Dvv_10:117000,117000,120000,4,1,3000,1200
k2,test,trimMA342_1200rpm_A__Dvv_10,trimMA342_1200rpm_A__Dvv_10:120000,120000,123000,4,1,3000,1200
k2,test,trimMA342_1200rpm_A__Dvv_10,trimMA342_1200rpm_A__Dvv_10:123000,123000,126000,4,1,3000,1200
k2,test,trimMA342_1200rpm_A__Dvv_10,trimMA342_1200rpm_A__Dvv_10:126000,126000,129000,4,1,3000,1200
k2,test,trimMA342_1200rpm_A__Dvv_10,trimMA342_1200rpm_A__Dvv_10:129000,129000,132000,4,1,3000,1200
k2,test,trimMA342_1200rpm_A__Dvv_10,trimMA342_1200rpm_A__Dvv_10:132000,132000,135000,4,1,3000,1200
k2,test,trimMA342_1200rpm_A__Dvv_10,trimMA342_1200rpm_A__Dvv_10:135000,135000,138000,4,1,3000,1200
k2,test,trimMA342_1200rpm_A__Dvv_10,trimMA342_1200rpm_A__Dvv_10:138000,138000,141000,4,1,3000,1200
k2,test,trimMA342_1200rpm_A__Dvv_10,trimMA342_1200rpm_A__Dvv_10:141000,141000,144000,4,1,3000,1200
k2,test,trimMA342_1200rpm_A__Dvv_10,trimMA342_1200rpm_A__Dvv_10:144000,144000,147000,4,1,3000,1200
k2,test,trimMA342_1200rpm_A__Dvv_10,trimMA342_1200rpm_A__Dvv_10:147000,147000,150000,4,1,3000,1200
k2,test,trimMA342_1200rpm_A__Dvv_10,trimMA342_1200rpm_A__Dvv_10:150000,150000,153000,4,1,3000,1200
k2,test,trimMA342_1200rpm_A__Dvv_10,trimMA342_1200rpm_A__Dvv_10:153000,153000,156000,4,1,3000,1200
k2,test,trimMA342_1200rpm_A__Dvv_10,trimMA342_1200rpm_A__Dvv_10:156000,156000,159000,4,1,3000,1200
k2,test,trimMA342_1200rpm_A__Dvv_10,trimMA342_1200rpm_A__Dvv_10:159000,159000,162000,4,1,3000,1200
k2,test,trimMA342_1200rpm_A__Dvv_10,trimMA342_1200rpm_A__Dvv_10:162000,162000,165000,4,1,3000,1200
k2,test,trimMA342_1200rpm_A__Dvv_10,trimMA342_1200rpm_A__Dvv_10:165000,165000,168000,4,1,3000,1200
k2,test,trimMA342_1200rpm_A__Dvv_10,trimMA342_1200rpm_A__Dvv_10:168000,168000,171000,4,1,3000,1200
k2,test,trimMA342_1200rpm_A__Dvv_10,trimMA342_1200rpm_A__Dvv_10:171000,171000,174000,4,1,3000,1200
k2,test,trimMA342_1200rpm_A__Dvv_10,trimMA342_1200rpm_A__Dvv_10:174000,174000,177000,4,1,3000,1200
k2,test,trimMA342_1200rpm_A__Dvv_10,trimMA342_1200rpm_A__Dvv_10:177000,177000,180000,4,1,3000,1200
k2,test,trimMA342_1200rpm_A__Dvv_10,trimMA342_1200rpm_A__Dvv_10:180000,180000,183000,4,1,3000,1200
k2,test,trimMA342_1200rpm_A__Dvv_10,trimMA342_1200rpm_A__Dvv_10:183000,183000,186000,4,1,3000,1200
k2,test,trimMA342_1200rpm_A__Dvv_10,trimMA342_1200rpm_A__Dvv_10:186000,186000,189000,4,1,3000,1200
k2,test,trimMA342_1200rpm_A__Dvv_10,trimMA342_1200rpm_A__Dvv_10:189000,189000,192000,4,1,3000,1200
k2,test,trimMA342_1200rpm_A__Dvv_10,trimMA342_1200rpm_A__Dvv_10:192000,192000,195000,4,1,3000,1200
k2,test,trimMA342_1200rpm_A__Dvv_10,trimMA342_1200rpm_A__Dvv_10:195000,195000,198000,4,1,3000,1200
k2,test,trimMA342_1200rpm_A__Dvv_10,trimMA342_1200rpm_A__Dvv_10:198000,198000,201000,4,1,3000,1200
k2,test,trimMA342_1200rpm_A__Dvv_10,trimMA342_1200rpm_A__Dvv_10:201000,201000,204000,4,1,3000,1200
k2,test,trimMA342_1200rpm_A__Dvv_10,trimMA342_1200rpm_A__Dvv_10:204000,204000,207000,4,1,3000,1200
k2,test,trimMA342_1200rpm_A__Dvv_10,trimMA342_1200rpm_A__Dvv_10:207000,207000,210000,4,1,3000,1200
k2,test,trimMA342_1200rpm_A__Dvv_10,trimMA342_1200rpm_A__Dvv_10:210000,210000,213000,4,1,3000,1200
k2,test,trimMA342_1200rpm_A__Dvv_10,trimMA342_1200rpm_A__Dvv_10:213000,213000,216000,4,1,3000,1200
k2,test,trimMA342_1200rpm_A__Dvv_10,trimMA342_1200rpm_A__Dvv_10:216000,216000,219000,4,1,3000,1200
k2,test,trimMA342_1200rpm_A__Dvv_10,trimMA342_1200rpm_A__Dvv_10:219000,219000,222000,4,1,3000,1200
k2,test,trimMA342_1200rpm_A__Dvv_10,trimMA342_1200rpm_A__Dvv_10:222000,222000,225000,4,1,3000,1200
k2,test,trimMA342_1200rpm_A__Dvv_10,trimMA342_1200rpm_A__Dvv_10:225000,225000,228000,4,1,3000,1200
k2,test,trimMA342_1200rpm_A__Dvv_10,trimMA342_1200rpm_A__Dvv_10:228000,228000,231000,4,1,3000,1200
k2,test,trimMA342_1200rpm_A__Dvv_10,trimMA342_1200rpm_A__Dvv_10:231000,231000,234000,4,1,3000,1200
k2,test,trimMA342_1200rpm_A__Dvv_10,trimMA342_1200rpm_A__Dvv_10:234000,234000,237000,4,1,3000,1200
k2,test,trimMA342_1200rpm_A__Dvv_10,trimMA342_1200rpm_A__Dvv_10:237000,237000,240000,4,1,3000,1200
k2,test,trimMA342_1200rpm_A__Dvv_10,trimMA342_1200rpm_A__Dvv_10:240000,240000,243000,4,1,3000,1200
k2,test,trimMA342_1200rpm_A__Dvv_10,trimMA342_1200rpm_A__Dvv_10:243000,243000,246000,4,1,3000,1200
k2,test,trimMA342_1200rpm_A__Dvv_10,trimMA342_1200rpm_A__Dvv_10:246000,246000,249000,4,1,3000,1200
k2,test,trimMA342_1200rpm_A__Dvv_10,trimMA342_1200rpm_A__Dvv_10:249000,249000,252000,4,1,3000,1200
k2,test,trimMA342_1200rpm_A__Dvv_10,trimMA342_1200rpm_A__Dvv_10:252000,252000,255000,4,1,3000,1200
k2,test,trimMA342_1200rpm_A__Dvv_10,trimMA342_1200rpm_A__Dvv_10:255000,255000,258000,4,1,3000,1200
k2,test,trimMA342_1200rpm_A__Dvv_10,trimMA342_1200rpm_A__Dvv_10:258000,258000,261000,4,1,3000,1200
k2,test,trimMA342_1200rpm_A__Dvv_10,trimMA342_1200rpm_A__Dvv_10:261000,261000,264000,4,1,3000,1200
k2,test,trimMA342_1200rpm_A__Dvv_10,trimMA342_1200rpm_A__Dvv_10:264000,264000,267000,4,1,3000,1200
k2,test,trimMA342_1200rpm_A__Dvv_10,trimMA342_1200rpm_A__Dvv_10:267000,267000,270000,4,1,3000,1200
k2,test,trimMA342_1200rpm_A__Dvv_10,trimMA342_1200rpm_A__Dvv_10:270000,270000,273000,4,1,3000,1200
k2,test,trimMA342_1200rpm_A__Dvv_10,trimMA342_1200rpm_A__Dvv_10:273000,273000,276000,4,1,3000,1200
k2,test,trimMA342_1200rpm_A__Dvv_10,trimMA342_1200rpm_A__Dvv_10:276000,276000,279000,4,1,3000,1200
k2,test,trimMA342_1200rpm_A__Dvv_10,trimMA342_1200rpm_A__Dvv_10:279000,279000,282000,4,1,3000,1200
k2,test,trimMA342_1200rpm_A__Dvv_14,trimMA342_1200rpm_A__Dvv_14:0,0,3000,4,1,3000,1200
k2,test,trimMA342_1200rpm_A__Dvv_14,trimMA342_1200rpm_A__Dvv_14:3000,3000,6000,4,1,3000,1200
k2,test,trimMA342_1200rpm_A__Dvv_14,trimMA342_1200rpm_A__Dvv_14:6000,6000,9000,4,1,3000,1200
k2,test,trimMA342_1200rpm_A__Dvv_14,trimMA342_1200rpm_A__Dvv_14:9000,9000,12000,4,1,3000,1200
k2,test,trimMA342_1200rpm_A__Dvv_14,trimMA342_1200rpm_A__Dvv_14:12000,12000,15000,4,1,3000,1200
k2,test,trimMA342_1200rpm_A__Dvv_14,trimMA342_1200rpm_A__Dvv_14:15000,15000,18000,4,1,3000,1200
k2,test,trimMA342_1200rpm_A__Dvv_14,trimMA342_1200rpm_A__Dvv_14:18000,18000,21000,4,1,3000,1200
k2,test,trimMA342_1200rpm_A__Dvv_14,trimMA342_1200rpm_A__Dvv_14:21000,21000,24000,4,1,3000,1200
k2,test,trimMA342_1200rpm_A__Dvv_14,trimMA342_1200rpm_A__Dvv_14:24000,24000,27000,4,1,3000,1200
k2,test,trimMA342_1200rpm_A__Dvv_14,trimMA342_1200rpm_A__Dvv_14:27000,27000,30000,4,1,3000,1200
k2,test,trimMA342_1200rpm_A__Dvv_14,trimMA342_1200rpm_A__Dvv_14:30000,30000,33000,4,1,3000,1200
k2,test,trimMA342_1200rpm_A__Dvv_14,trimMA342_1200rpm_A__Dvv_14:33000,33000,36000,4,1,3000,1200
k2,test,trimMA342_1200rpm_A__Dvv_14,trimMA342_1200rpm_A__Dvv_14:36000,36000,39000,4,1,3000,1200
k2,test,trimMA342_1200rpm_A__Dvv_14,trimMA342_1200rpm_A__Dvv_14:39000,39000,42000,4,1,3000,1200
k2,test,trimMA342_1200rpm_A__Dvv_14,trimMA342_1200rpm_A__Dvv_14:42000,42000,45000,4,1,3000,1200
k2,test,trimMA342_1200rpm_A__Dvv_14,trimMA342_1200rpm_A__Dvv_14:45000,45000,48000,4,1,3000,1200
k2,test,trimMA342_1200rpm_A__Dvv_14,trimMA342_1200rpm_A__Dvv_14:48000,48000,51000,4,1,3000,1200
k2,test,trimMA342_1200rpm_A__Dvv_14,trimMA342_1200rpm_A__Dvv_14:51000,51000,54000,4,1,3000,1200
k2,test,trimMA342_1200rpm_A__Dvv_14,trimMA342_1200rpm_A__Dvv_14:54000,54000,57000,4,1,3000,1200
k2,test,trimMA342_1200rpm_A__Dvv_14,trimMA342_1200rpm_A__Dvv_14:57000,57000,60000,4,1,3000,1200
k2,test,trimMA342_1200rpm_A__Dvv_14,trimMA342_1200rpm_A__Dvv_14:60000,60000,63000,4,1,3000,1200
k2,test,trimMA342_1200rpm_A__Dvv_14,trimMA342_1200rpm_A__Dvv_14:63000,63000,66000,4,1,3000,1200
k2,test,trimMA342_1200rpm_A__Dvv_14,trimMA342_1200rpm_A__Dvv_14:66000,66000,69000,4,1,3000,1200
k2,test,trimMA342_1200rpm_A__Dvv_14,trimMA342_1200rpm_A__Dvv_14:69000,69000,72000,4,1,3000,1200
k2,test,trimMA342_1200rpm_A__Dvv_14,trimMA342_1200rpm_A__Dvv_14:72000,72000,75000,4,1,3000,1200
k2,test,trimMA342_1200rpm_A__Dvv_14,trimMA342_1200rpm_A__Dvv_14:75000,75000,78000,4,1,3000,1200
k2,test,trimMA342_1200rpm_A__Dvv_14,trimMA342_1200rpm_A__Dvv_14:78000,78000,81000,4,1,3000,1200
k2,test,trimMA342_1200rpm_A__Dvv_14,trimMA342_1200rpm_A__Dvv_14:81000,81000,84000,4,1,3000,1200
k2,test,trimMA342_1200rpm_A__Dvv_14,trimMA342_1200rpm_A__Dvv_14:84000,84000,87000,4,1,3000,1200
k2,test,trimMA342_1200rpm_A__Dvv_14,trimMA342_1200rpm_A__Dvv_14:87000,87000,90000,4,1,3000,1200
k2,test,trimMA342_1200rpm_A__Dvv_14,trimMA342_1200rpm_A__Dvv_14:90000,90000,93000,4,1,3000,1200
k2,test,trimMA342_1200rpm_A__Dvv_14,trimMA342_1200rpm_A__Dvv_14:93000,93000,96000,4,1,3000,1200
k2,test,trimMA342_1200rpm_A__Dvv_14,trimMA342_1200rpm_A__Dvv_14:96000,96000,99000,4,1,3000,1200
k2,test,trimMA342_1200rpm_A__Dvv_14,trimMA342_1200rpm_A__Dvv_14:99000,99000,102000,4,1,3000,1200
k2,test,trimMA342_1200rpm_A__Dvv_14,trimMA342_1200rpm_A__Dvv_14:102000,102000,105000,4,1,3000,1200
k2,test,trimMA342_1200rpm_A__Dvv_14,trimMA342_1200rpm_A__Dvv_14:105000,105000,108000,4,1,3000,1200
k2,test,trimMA342_1200rpm_A__Dvv_14,trimMA342_1200rpm_A__Dvv_14:108000,108000,111000,4,1,3000,1200
k2,test,trimMA342_1200rpm_A__Dvv_14,trimMA342_1200rpm_A__Dvv_14:111000,111000,114000,4,1,3000,1200
k2,test,trimMA342_1200rpm_A__Dvv_14,trimMA342_1200rpm_A__Dvv_14:114000,114000,117000,4,1,3000,1200
k2,test,trimMA342_1200rpm_A__Dvv_14,trimMA342_1200rpm_A__Dvv_14:117000,117000,120000,4,1,3000,1200
k2,test,trimMA342_1200rpm_A__Dvv_14,trimMA342_1200rpm_A__Dvv_14:120000,120000,123000,4,1,3000,1200
k2,test,trimMA342_1200rpm_A__Dvv_14,trimMA342_1200rpm_A__Dvv_14:123000,123000,126000,4,1,3000,1200
k2,test,trimMA342_1200rpm_A__Dvv_14,trimMA342_1200rpm_A__Dvv_14:126000,126000,129000,4,1,3000,1200
k2,test,trimMA342_1200rpm_A__Dvv_14,trimMA342_1200rpm_A__Dvv_14:129000,129000,132000,4,1,3000,1200
k2,test,trimMA342_1200rpm_A__Dvv_14,trimMA342_1200rpm_A__Dvv_14:132000,132000,135000,4,1,3000,1200
k2,test,trimMA342_1200rpm_A__Dvv_14,trimMA342_1200rpm_A__Dvv_14:135000,135000,138000,4,1,3000,1200
k2,test,trimMA342_1200rpm_A__Dvv_14,trimMA342_1200rpm_A__Dvv_14:138000,138000,141000,4,1,3000,1200
k2,test,trimMA342_1200rpm_A__Dvv_14,trimMA342_1200rpm_A__Dvv_14:141000,141000,144000,4,1,3000,1200
k2,test,trimMA342_1200rpm_A__Dvv_14,trimMA342_1200rpm_A__Dvv_14:144000,144000,147000,4,1,3000,1200
k2,test,trimMA342_1200rpm_A__Dvv_14,trimMA342_1200rpm_A__Dvv_14:147000,147000,150000,4,1,3000,1200
k2,test,trimMA342_1200rpm_A__Dvv_14,trimMA342_1200rpm_A__Dvv_14:150000,150000,153000,4,1,3000,1200
k2,test,trimMA342_1200rpm_A__Dvv_14,trimMA342_1200rpm_A__Dvv_14:153000,153000,156000,4,1,3000,1200
k2,test,trimMA342_1200rpm_A__Dvv_14,trimMA342_1200rpm_A__Dvv_14:156000,156000,159000,4,1,3000,1200
k2,test,trimMA342_1200rpm_A__Dvv_14,trimMA342_1200rpm_A__Dvv_14:159000,159000,162000,4,1,3000,1200
k2,test,trimMA342_1200rpm_A__Dvv_14,trimMA342_1200rpm_A__Dvv_14:162000,162000,165000,4,1,3000,1200
k2,test,trimMA342_1200rpm_A__Dvv_14,trimMA342_1200rpm_A__Dvv_14:165000,165000,168000,4,1,3000,1200
k2,test,trimMA342_1200rpm_A__Dvv_14,trimMA342_1200rpm_A__Dvv_14:168000,168000,171000,4,1,3000,1200
k2,test,trimMA342_1200rpm_A__Dvv_14,trimMA342_1200rpm_A__Dvv_14:171000,171000,174000,4,1,3000,1200
k2,test,trimMA342_1200rpm_A__Dvv_14,trimMA342_1200rpm_A__Dvv_14:174000,174000,177000,4,1,3000,1200
k2,test,trimMA342_1200rpm_A__Dvv_14,trimMA342_1200rpm_A__Dvv_14:177000,177000,180000,4,1,3000,1200
k2,test,trimMA342_1200rpm_A__Dvv_14,trimMA342_1200rpm_A__Dvv_14:180000,180000,183000,4,1,3000,1200
k2,test,trimMA342_1200rpm_A__Dvv_14,trimMA342_1200rpm_A__Dvv_14:183000,183000,186000,4,1,3000,1200
k2,test,trimMA342_1200rpm_A__Dvv_14,trimMA342_1200rpm_A__Dvv_14:186000,186000,189000,4,1,3000,1200
k2,test,trimMA342_1200rpm_A__Dvv_14,trimMA342_1200rpm_A__Dvv_14:189000,189000,192000,4,1,3000,1200
k2,test,trimMA342_1200rpm_A__Dvv_14,trimMA342_1200rpm_A__Dvv_14:192000,192000,195000,4,1,3000,1200
k2,test,trimMA342_1200rpm_A__Dvv_14,trimMA342_1200rpm_A__Dvv_14:195000,195000,198000,4,1,3000,1200
k2,test,trimMA342_1200rpm_A__Dvv_14,trimMA342_1200rpm_A__Dvv_14:198000,198000,201000,4,1,3000,1200
k2,test,trimMA342_1200rpm_A__Dvv_14,trimMA342_1200rpm_A__Dvv_14:201000,201000,204000,4,1,3000,1200
k2,test,trimMA342_1200rpm_A__Dvv_14,trimMA342_1200rpm_A__Dvv_14:204000,204000,207000,4,1,3000,1200
k2,test,trimMA342_1200rpm_A__Dvv_14,trimMA342_1200rpm_A__Dvv_14:207000,207000,210000,4,1,3000,1200
k2,test,trimMA342_1200rpm_A__Dvv_14,trimMA342_1200rpm_A__Dvv_14:210000,210000,213000,4,1,3000,1200
k2,test,trimMA342_1200rpm_A__Dvv_14,trimMA342_1200rpm_A__Dvv_14:213000,213000,216000,4,1,3000,1200
k2,test,trimMA342_1200rpm_A__Dvv_14,trimMA342_1200rpm_A__Dvv_14:216000,216000,219000,4,1,3000,1200
k2,test,trimMA342_1200rpm_A__Dvv_14,trimMA342_1200rpm_A__Dvv_14:219000,219000,222000,4,1,3000,1200
k2,test,trimMA342_1200rpm_A__Dvv_14,trimMA342_1200rpm_A__Dvv_14:222000,222000,225000,4,1,3000,1200
k2,test,trimMA342_1200rpm_A__Dvv_14,trimMA342_1200rpm_A__Dvv_14:225000,225000,228000,4,1,3000,1200
k2,test,trimMA342_1200rpm_A__Dvv_14,trimMA342_1200rpm_A__Dvv_14:228000,228000,231000,4,1,3000,1200
k2,test,trimMA342_1200rpm_A__Dvv_14,trimMA342_1200rpm_A__Dvv_14:231000,231000,234000,4,1,3000,1200
k2,test,trimMA342_1200rpm_A__Dvv_14,trimMA342_1200rpm_A__Dvv_14:234000,234000,237000,4,1,3000,1200
k2,test,trimMA342_1200rpm_A__Dvv_14,trimMA342_1200rpm_A__Dvv_14:237000,237000,240000,4,1,3000,1200
k2,test,trimMA342_1200rpm_A__Dvv_14,trimMA342_1200rpm_A__Dvv_14:240000,240000,243000,4,1,3000,1200
k2,test,trimMA342_1200rpm_A__Dvv_14,trimMA342_1200rpm_A__Dvv_14:243000,243000,246000,4,1,3000,1200
k2,test,trimMA342_1200rpm_A__Dvv_14,trimMA342_1200rpm_A__Dvv_14:246000,246000,249000,4,1,3000,1200
k2,test,trimMA342_1200rpm_A__Dvv_14,trimMA342_1200rpm_A__Dvv_14:249000,249000,252000,4,1,3000,1200
k2,test,trimMA342_1200rpm_A__Dvv_14,trimMA342_1200rpm_A__Dvv_14:252000,252000,255000,4,1,3000,1200
k2,test,trimMA342_1200rpm_A__Dvv_14,trimMA342_1200rpm_A__Dvv_14:255000,255000,258000,4,1,3000,1200
k2,test,trimMA342_1200rpm_A__Dvv_14,trimMA342_1200rpm_A__Dvv_14:258000,258000,261000,4,1,3000,1200
k2,test,trimMA342_1200rpm_A__Dvv_14,trimMA342_1200rpm_A__Dvv_14:261000,261000,264000,4,1,3000,1200
k2,test,trimMA342_1200rpm_A__Dvv_14,trimMA342_1200rpm_A__Dvv_14:264000,264000,267000,4,1,3000,1200
k2,test,trimMA342_1200rpm_A__Dvv_14,trimMA342_1200rpm_A__Dvv_14:267000,267000,270000,4,1,3000,1200
k2,test,trimMA342_1200rpm_A__Dvv_14,trimMA342_1200rpm_A__Dvv_14:270000,270000,273000,4,1,3000,1200
k2,test,trimMA342_1200rpm_A__Dvv_14,trimMA342_1200rpm_A__Dvv_14:273000,273000,276000,4,1,3000,1200
k2,test,trimMA342_1200rpm_A__Dvv_14,trimMA342_1200rpm_A__Dvv_14:276000,276000,279000,4,1,3000,1200
k2,test,trimMA342_1200rpm_A__Dvv_14,trimMA342_1200rpm_A__Dvv_14:279000,279000,282000,4,1,3000,1200
k2,test,trimMA342_1200rpm_Avv__D_00,trimMA342_1200rpm_Avv__D_00:0,0,3000,3,1,3000,1200
k2,test,trimMA342_1200rpm_Avv__D_00,trimMA342_1200rpm_Avv__D_00:3000,3000,6000,3,1,3000,1200
k2,test,trimMA342_1200rpm_Avv__D_00,trimMA342_1200rpm_Avv__D_00:6000,6000,9000,3,1,3000,1200
k2,test,trimMA342_1200rpm_Avv__D_00,trimMA342_1200rpm_Avv__D_00:9000,9000,12000,3,1,3000,1200
k2,test,trimMA342_1200rpm_Avv__D_00,trimMA342_1200rpm_Avv__D_00:12000,12000,15000,3,1,3000,1200
k2,test,trimMA342_1200rpm_Avv__D_00,trimMA342_1200rpm_Avv__D_00:15000,15000,18000,3,1,3000,1200
k2,test,trimMA342_1200rpm_Avv__D_00,trimMA342_1200rpm_Avv__D_00:18000,18000,21000,3,1,3000,1200
k2,test,trimMA342_1200rpm_Avv__D_00,trimMA342_1200rpm_Avv__D_00:21000,21000,24000,3,1,3000,1200
k2,test,trimMA342_1200rpm_Avv__D_00,trimMA342_1200rpm_Avv__D_00:24000,24000,27000,3,1,3000,1200
k2,test,trimMA342_1200rpm_Avv__D_00,trimMA342_1200rpm_Avv__D_00:27000,27000,30000,3,1,3000,1200
k2,test,trimMA342_1200rpm_Avv__D_00,trimMA342_1200rpm_Avv__D_00:30000,30000,33000,3,1,3000,1200
k2,test,trimMA342_1200rpm_Avv__D_00,trimMA342_1200rpm_Avv__D_00:33000,33000,36000,3,1,3000,1200
k2,test,trimMA342_1200rpm_Avv__D_00,trimMA342_1200rpm_Avv__D_00:36000,36000,39000,3,1,3000,1200
k2,test,trimMA342_1200rpm_Avv__D_00,trimMA342_1200rpm_Avv__D_00:39000,39000,42000,3,1,3000,1200
k2,test,trimMA342_1200rpm_Avv__D_00,trimMA342_1200rpm_Avv__D_00:42000,42000,45000,3,1,3000,1200
k2,test,trimMA342_1200rpm_Avv__D_00,trimMA342_1200rpm_Avv__D_00:45000,45000,48000,3,1,3000,1200
k2,test,trimMA342_1200rpm_Avv__D_00,trimMA342_1200rpm_Avv__D_00:48000,48000,51000,3,1,3000,1200
k2,test,trimMA342_1200rpm_Avv__D_00,trimMA342_1200rpm_Avv__D_00:51000,51000,54000,3,1,3000,1200
k2,test,trimMA342_1200rpm_Avv__D_00,trimMA342_1200rpm_Avv__D_00:54000,54000,57000,3,1,3000,1200
k2,test,trimMA342_1200rpm_Avv__D_00,trimMA342_1200rpm_Avv__D_00:57000,57000,60000,3,1,3000,1200
k2,test,trimMA342_1200rpm_Avv__D_00,trimMA342_1200rpm_Avv__D_00:60000,60000,63000,3,1,3000,1200
k2,test,trimMA342_1200rpm_Avv__D_00,trimMA342_1200rpm_Avv__D_00:63000,63000,66000,3,1,3000,1200
k2,test,trimMA342_1200rpm_Avv__D_00,trimMA342_1200rpm_Avv__D_00:66000,66000,69000,3,1,3000,1200
k2,test,trimMA342_1200rpm_Avv__D_00,trimMA342_1200rpm_Avv__D_00:69000,69000,72000,3,1,3000,1200
k2,test,trimMA342_1200rpm_Avv__D_00,trimMA342_1200rpm_Avv__D_00:72000,72000,75000,3,1,3000,1200
k2,test,trimMA342_1200rpm_Avv__D_00,trimMA342_1200rpm_Avv__D_00:75000,75000,78000,3,1,3000,1200
k2,test,trimMA342_1200rpm_Avv__D_00,trimMA342_1200rpm_Avv__D_00:78000,78000,81000,3,1,3000,1200
k2,test,trimMA342_1200rpm_Avv__D_00,trimMA342_1200rpm_Avv__D_00:81000,81000,84000,3,1,3000,1200
k2,test,trimMA342_1200rpm_Avv__D_00,trimMA342_1200rpm_Avv__D_00:84000,84000,87000,3,1,3000,1200
k2,test,trimMA342_1200rpm_Avv__D_00,trimMA342_1200rpm_Avv__D_00:87000,87000,90000,3,1,3000,1200
k2,test,trimMA342_1200rpm_Avv__D_00,trimMA342_1200rpm_Avv__D_00:90000,90000,93000,3,1,3000,1200
k2,test,trimMA342_1200rpm_Avv__D_00,trimMA342_1200rpm_Avv__D_00:93000,93000,96000,3,1,3000,1200
k2,test,trimMA342_1200rpm_Avv__D_00,trimMA342_1200rpm_Avv__D_00:96000,96000,99000,3,1,3000,1200
k2,test,trimMA342_1200rpm_Avv__D_00,trimMA342_1200rpm_Avv__D_00:99000,99000,102000,3,1,3000,1200
k2,test,trimMA342_1200rpm_Avv__D_00,trimMA342_1200rpm_Avv__D_00:102000,102000,105000,3,1,3000,1200
k2,test,trimMA342_1200rpm_Avv__D_00,trimMA342_1200rpm_Avv__D_00:105000,105000,108000,3,1,3000,1200
k2,test,trimMA342_1200rpm_Avv__D_00,trimMA342_1200rpm_Avv__D_00:108000,108000,111000,3,1,3000,1200
k2,test,trimMA342_1200rpm_Avv__D_00,trimMA342_1200rpm_Avv__D_00:111000,111000,114000,3,1,3000,1200
k2,test,trimMA342_1200rpm_Avv__D_00,trimMA342_1200rpm_Avv__D_00:114000,114000,117000,3,1,3000,1200
k2,test,trimMA342_1200rpm_Avv__D_00,trimMA342_1200rpm_Avv__D_00:117000,117000,120000,3,1,3000,1200
k2,test,trimMA342_1200rpm_Avv__D_00,trimMA342_1200rpm_Avv__D_00:120000,120000,123000,3,1,3000,1200
k2,test,trimMA342_1200rpm_Avv__D_00,trimMA342_1200rpm_Avv__D_00:123000,123000,126000,3,1,3000,1200
k2,test,trimMA342_1200rpm_Avv__D_00,trimMA342_1200rpm_Avv__D_00:126000,126000,129000,3,1,3000,1200
k2,test,trimMA342_1200rpm_Avv__D_00,trimMA342_1200rpm_Avv__D_00:129000,129000,132000,3,1,3000,1200
k2,test,trimMA342_1200rpm_Avv__D_00,trimMA342_1200rpm_Avv__D_00:132000,132000,135000,3,1,3000,1200
k2,test,trimMA342_1200rpm_Avv__D_00,trimMA342_1200rpm_Avv__D_00:135000,135000,138000,3,1,3000,1200
k2,test,trimMA342_1200rpm_Avv__D_00,trimMA342_1200rpm_Avv__D_00:138000,138000,141000,3,1,3000,1200
k2,test,trimMA342_1200rpm_Avv__D_00,trimMA342_1200rpm_Avv__D_00:141000,141000,144000,3,1,3000,1200
k2,test,trimMA342_1200rpm_Avv__D_00,trimMA342_1200rpm_Avv__D_00:144000,144000,147000,3,1,3000,1200
k2,test,trimMA342_1200rpm_Avv__D_00,trimMA342_1200rpm_Avv__D_00:147000,147000,150000,3,1,3000,1200
k2,test,trimMA342_1200rpm_Avv__D_00,trimMA342_1200rpm_Avv__D_00:150000,150000,153000,3,1,3000,1200
k2,test,trimMA342_1200rpm_Avv__D_00,trimMA342_1200rpm_Avv__D_00:153000,153000,156000,3,1,3000,1200
k2,test,trimMA342_1200rpm_Avv__D_00,trimMA342_1200rpm_Avv__D_00:156000,156000,159000,3,1,3000,1200
k2,test,trimMA342_1200rpm_Avv__D_00,trimMA342_1200rpm_Avv__D_00:159000,159000,162000,3,1,3000,1200
k2,test,trimMA342_1200rpm_Avv__D_00,trimMA342_1200rpm_Avv__D_00:162000,162000,165000,3,1,3000,1200
k2,test,trimMA342_1200rpm_Avv__D_00,trimMA342_1200rpm_Avv__D_00:165000,165000,168000,3,1,3000,1200
k2,test,trimMA342_1200rpm_Avv__D_00,trimMA342_1200rpm_Avv__D_00:168000,168000,171000,3,1,3000,1200
k2,test,trimMA342_1200rpm_Avv__D_00,trimMA342_1200rpm_Avv__D_00:171000,171000,174000,3,1,3000,1200
k2,test,trimMA342_1200rpm_Avv__D_00,trimMA342_1200rpm_Avv__D_00:174000,174000,177000,3,1,3000,1200
k2,test,trimMA342_1200rpm_Avv__D_00,trimMA342_1200rpm_Avv__D_00:177000,177000,180000,3,1,3000,1200
k2,test,trimMA342_1200rpm_Avv__D_00,trimMA342_1200rpm_Avv__D_00:180000,180000,183000,3,1,3000,1200
k2,test,trimMA342_1200rpm_Avv__D_00,trimMA342_1200rpm_Avv__D_00:183000,183000,186000,3,1,3000,1200
k2,test,trimMA342_1200rpm_Avv__D_00,trimMA342_1200rpm_Avv__D_00:186000,186000,189000,3,1,3000,1200
k2,test,trimMA342_1200rpm_Avv__D_00,trimMA342_1200rpm_Avv__D_00:189000,189000,192000,3,1,3000,1200
k2,test,trimMA342_1200rpm_Avv__D_00,trimMA342_1200rpm_Avv__D_00:192000,192000,195000,3,1,3000,1200
k2,test,trimMA342_1200rpm_Avv__D_00,trimMA342_1200rpm_Avv__D_00:195000,195000,198000,3,1,3000,1200
k2,test,trimMA342_1200rpm_Avv__D_00,trimMA342_1200rpm_Avv__D_00:198000,198000,201000,3,1,3000,1200
k2,test,trimMA342_1200rpm_Avv__D_00,trimMA342_1200rpm_Avv__D_00:201000,201000,204000,3,1,3000,1200
k2,test,trimMA342_1200rpm_Avv__D_00,trimMA342_1200rpm_Avv__D_00:204000,204000,207000,3,1,3000,1200
k2,test,trimMA342_1200rpm_Avv__D_00,trimMA342_1200rpm_Avv__D_00:207000,207000,210000,3,1,3000,1200
k2,test,trimMA342_1200rpm_Avv__D_00,trimMA342_1200rpm_Avv__D_00:210000,210000,213000,3,1,3000,1200
k2,test,trimMA342_1200rpm_Avv__D_00,trimMA342_1200rpm_Avv__D_00:213000,213000,216000,3,1,3000,1200
k2,test,trimMA342_1200rpm_Avv__D_00,trimMA342_1200rpm_Avv__D_00:216000,216000,219000,3,1,3000,1200
k2,test,trimMA342_1200rpm_Avv__D_00,trimMA342_1200rpm_Avv__D_00:219000,219000,222000,3,1,3000,1200
k2,test,trimMA342_1200rpm_Avv__D_00,trimMA342_1200rpm_Avv__D_00:222000,222000,225000,3,1,3000,1200
k2,test,trimMA342_1200rpm_Avv__D_00,trimMA342_1200rpm_Avv__D_00:225000,225000,228000,3,1,3000,1200
k2,test,trimMA342_1200rpm_Avv__D_00,trimMA342_1200rpm_Avv__D_00:228000,228000,231000,3,1,3000,1200
k2,test,trimMA342_1200rpm_Avv__D_00,trimMA342_1200rpm_Avv__D_00:231000,231000,234000,3,1,3000,1200
k2,test,trimMA342_1200rpm_Avv__D_00,trimMA342_1200rpm_Avv__D_00:234000,234000,237000,3,1,3000,1200
k2,test,trimMA342_1200rpm_Avv__D_00,trimMA342_1200rpm_Avv__D_00:237000,237000,240000,3,1,3000,1200
k2,test,trimMA342_1200rpm_Avv__D_00,trimMA342_1200rpm_Avv__D_00:240000,240000,243000,3,1,3000,1200
k2,test,trimMA342_1200rpm_Avv__D_00,trimMA342_1200rpm_Avv__D_00:243000,243000,246000,3,1,3000,1200
k2,test,trimMA342_1200rpm_Avv__D_00,trimMA342_1200rpm_Avv__D_00:246000,246000,249000,3,1,3000,1200
k2,test,trimMA342_1200rpm_Avv__D_00,trimMA342_1200rpm_Avv__D_00:249000,249000,252000,3,1,3000,1200
k2,test,trimMA342_1200rpm_Avv__D_00,trimMA342_1200rpm_Avv__D_00:252000,252000,255000,3,1,3000,1200
k2,test,trimMA342_1200rpm_Avv__D_00,trimMA342_1200rpm_Avv__D_00:255000,255000,258000,3,1,3000,1200
k2,test,trimMA342_1200rpm_Avv__D_00,trimMA342_1200rpm_Avv__D_00:258000,258000,261000,3,1,3000,1200
k2,test,trimMA342_1200rpm_Avv__D_00,trimMA342_1200rpm_Avv__D_00:261000,261000,264000,3,1,3000,1200
k2,test,trimMA342_1200rpm_Avv__D_00,trimMA342_1200rpm_Avv__D_00:264000,264000,267000,3,1,3000,1200
k2,test,trimMA342_1200rpm_Avv__D_00,trimMA342_1200rpm_Avv__D_00:267000,267000,270000,3,1,3000,1200
k2,test,trimMA342_1200rpm_Avv__D_00,trimMA342_1200rpm_Avv__D_00:270000,270000,273000,3,1,3000,1200
k2,test,trimMA342_1200rpm_Avv__D_00,trimMA342_1200rpm_Avv__D_00:273000,273000,276000,3,1,3000,1200
k2,test,trimMA342_1200rpm_Avv__D_00,trimMA342_1200rpm_Avv__D_00:276000,276000,279000,3,1,3000,1200
k2,test,trimMA342_1200rpm_Avv__D_00,trimMA342_1200rpm_Avv__D_00:279000,279000,282000,3,1,3000,1200
k2,test,trimMA342_1200rpm_Avv__D_06,trimMA342_1200rpm_Avv__D_06:0,0,3000,3,1,3000,1200
k2,test,trimMA342_1200rpm_Avv__D_06,trimMA342_1200rpm_Avv__D_06:3000,3000,6000,3,1,3000,1200
k2,test,trimMA342_1200rpm_Avv__D_06,trimMA342_1200rpm_Avv__D_06:6000,6000,9000,3,1,3000,1200
k2,test,trimMA342_1200rpm_Avv__D_06,trimMA342_1200rpm_Avv__D_06:9000,9000,12000,3,1,3000,1200
k2,test,trimMA342_1200rpm_Avv__D_06,trimMA342_1200rpm_Avv__D_06:12000,12000,15000,3,1,3000,1200
k2,test,trimMA342_1200rpm_Avv__D_06,trimMA342_1200rpm_Avv__D_06:15000,15000,18000,3,1,3000,1200
k2,test,trimMA342_1200rpm_Avv__D_06,trimMA342_1200rpm_Avv__D_06:18000,18000,21000,3,1,3000,1200
k2,test,trimMA342_1200rpm_Avv__D_06,trimMA342_1200rpm_Avv__D_06:21000,21000,24000,3,1,3000,1200
k2,test,trimMA342_1200rpm_Avv__D_06,trimMA342_1200rpm_Avv__D_06:24000,24000,27000,3,1,3000,1200
k2,test,trimMA342_1200rpm_Avv__D_06,trimMA342_1200rpm_Avv__D_06:27000,27000,30000,3,1,3000,1200
k2,test,trimMA342_1200rpm_Avv__D_06,trimMA342_1200rpm_Avv__D_06:30000,30000,33000,3,1,3000,1200
k2,test,trimMA342_1200rpm_Avv__D_06,trimMA342_1200rpm_Avv__D_06:33000,33000,36000,3,1,3000,1200
k2,test,trimMA342_1200rpm_Avv__D_06,trimMA342_1200rpm_Avv__D_06:36000,36000,39000,3,1,3000,1200
k2,test,trimMA342_1200rpm_Avv__D_06,trimMA342_1200rpm_Avv__D_06:39000,39000,42000,3,1,3000,1200
k2,test,trimMA342_1200rpm_Avv__D_06,trimMA342_1200rpm_Avv__D_06:42000,42000,45000,3,1,3000,1200
k2,test,trimMA342_1200rpm_Avv__D_06,trimMA342_1200rpm_Avv__D_06:45000,45000,48000,3,1,3000,1200
k2,test,trimMA342_1200rpm_Avv__D_06,trimMA342_1200rpm_Avv__D_06:48000,48000,51000,3,1,3000,1200
k2,test,trimMA342_1200rpm_Avv__D_06,trimMA342_1200rpm_Avv__D_06:51000,51000,54000,3,1,3000,1200
k2,test,trimMA342_1200rpm_Avv__D_06,trimMA342_1200rpm_Avv__D_06:54000,54000,57000,3,1,3000,1200
k2,test,trimMA342_1200rpm_Avv__D_06,trimMA342_1200rpm_Avv__D_06:57000,57000,60000,3,1,3000,1200
k2,test,trimMA342_1200rpm_Avv__D_06,trimMA342_1200rpm_Avv__D_06:60000,60000,63000,3,1,3000,1200
k2,test,trimMA342_1200rpm_Avv__D_06,trimMA342_1200rpm_Avv__D_06:63000,63000,66000,3,1,3000,1200
k2,test,trimMA342_1200rpm_Avv__D_06,trimMA342_1200rpm_Avv__D_06:66000,66000,69000,3,1,3000,1200
k2,test,trimMA342_1200rpm_Avv__D_06,trimMA342_1200rpm_Avv__D_06:69000,69000,72000,3,1,3000,1200
k2,test,trimMA342_1200rpm_Avv__D_06,trimMA342_1200rpm_Avv__D_06:72000,72000,75000,3,1,3000,1200
k2,test,trimMA342_1200rpm_Avv__D_06,trimMA342_1200rpm_Avv__D_06:75000,75000,78000,3,1,3000,1200
k2,test,trimMA342_1200rpm_Avv__D_06,trimMA342_1200rpm_Avv__D_06:78000,78000,81000,3,1,3000,1200
k2,test,trimMA342_1200rpm_Avv__D_06,trimMA342_1200rpm_Avv__D_06:81000,81000,84000,3,1,3000,1200
k2,test,trimMA342_1200rpm_Avv__D_06,trimMA342_1200rpm_Avv__D_06:84000,84000,87000,3,1,3000,1200
k2,test,trimMA342_1200rpm_Avv__D_06,trimMA342_1200rpm_Avv__D_06:87000,87000,90000,3,1,3000,1200
k2,test,trimMA342_1200rpm_Avv__D_06,trimMA342_1200rpm_Avv__D_06:90000,90000,93000,3,1,3000,1200
k2,test,trimMA342_1200rpm_Avv__D_06,trimMA342_1200rpm_Avv__D_06:93000,93000,96000,3,1,3000,1200
k2,test,trimMA342_1200rpm_Avv__D_06,trimMA342_1200rpm_Avv__D_06:96000,96000,99000,3,1,3000,1200
k2,test,trimMA342_1200rpm_Avv__D_06,trimMA342_1200rpm_Avv__D_06:99000,99000,102000,3,1,3000,1200
k2,test,trimMA342_1200rpm_Avv__D_06,trimMA342_1200rpm_Avv__D_06:102000,102000,105000,3,1,3000,1200
k2,test,trimMA342_1200rpm_Avv__D_06,trimMA342_1200rpm_Avv__D_06:105000,105000,108000,3,1,3000,1200
k2,test,trimMA342_1200rpm_Avv__D_06,trimMA342_1200rpm_Avv__D_06:108000,108000,111000,3,1,3000,1200
k2,test,trimMA342_1200rpm_Avv__D_06,trimMA342_1200rpm_Avv__D_06:111000,111000,114000,3,1,3000,1200
k2,test,trimMA342_1200rpm_Avv__D_06,trimMA342_1200rpm_Avv__D_06:114000,114000,117000,3,1,3000,1200
k2,test,trimMA342_1200rpm_Avv__D_06,trimMA342_1200rpm_Avv__D_06:117000,117000,120000,3,1,3000,1200
k2,test,trimMA342_1200rpm_Avv__D_06,trimMA342_1200rpm_Avv__D_06:120000,120000,123000,3,1,3000,1200
k2,test,trimMA342_1200rpm_Avv__D_06,trimMA342_1200rpm_Avv__D_06:123000,123000,126000,3,1,3000,1200
k2,test,trimMA342_1200rpm_Avv__D_06,trimMA342_1200rpm_Avv__D_06:126000,126000,129000,3,1,3000,1200
k2,test,trimMA342_1200rpm_Avv__D_06,trimMA342_1200rpm_Avv__D_06:129000,129000,132000,3,1,3000,1200
k2,test,trimMA342_1200rpm_Avv__D_06,trimMA342_1200rpm_Avv__D_06:132000,132000,135000,3,1,3000,1200
k2,test,trimMA342_1200rpm_Avv__D_06,trimMA342_1200rpm_Avv__D_06:135000,135000,138000,3,1,3000,1200
k2,test,trimMA342_1200rpm_Avv__D_06,trimMA342_1200rpm_Avv__D_06:138000,138000,141000,3,1,3000,1200
k2,test,trimMA342_1200rpm_Avv__D_06,trimMA342_1200rpm_Avv__D_06:141000,141000,144000,3,1,3000,1200
k2,test,trimMA342_1200rpm_Avv__D_06,trimMA342_1200rpm_Avv__D_06:144000,144000,147000,3,1,3000,1200
k2,test,trimMA342_1200rpm_Avv__D_06,trimMA342_1200rpm_Avv__D_06:147000,147000,150000,3,1,3000,1200
k2,test,trimMA342_1200rpm_Avv__D_06,trimMA342_1200rpm_Avv__D_06:150000,150000,153000,3,1,3000,1200
k2,test,trimMA342_1200rpm_Avv__D_06,trimMA342_1200rpm_Avv__D_06:153000,153000,156000,3,1,3000,1200
k2,test,trimMA342_1200rpm_Avv__D_06,trimMA342_1200rpm_Avv__D_06:156000,156000,159000,3,1,3000,1200
k2,test,trimMA342_1200rpm_Avv__D_06,trimMA342_1200rpm_Avv__D_06:159000,159000,162000,3,1,3000,1200
k2,test,trimMA342_1200rpm_Avv__D_06,trimMA342_1200rpm_Avv__D_06:162000,162000,165000,3,1,3000,1200
k2,test,trimMA342_1200rpm_Avv__D_06,trimMA342_1200rpm_Avv__D_06:165000,165000,168000,3,1,3000,1200
k2,test,trimMA342_1200rpm_Avv__D_06,trimMA342_1200rpm_Avv__D_06:168000,168000,171000,3,1,3000,1200
k2,test,trimMA342_1200rpm_Avv__D_06,trimMA342_1200rpm_Avv__D_06:171000,171000,174000,3,1,3000,1200
k2,test,trimMA342_1200rpm_Avv__D_06,trimMA342_1200rpm_Avv__D_06:174000,174000,177000,3,1,3000,1200
k2,test,trimMA342_1200rpm_Avv__D_06,trimMA342_1200rpm_Avv__D_06:177000,177000,180000,3,1,3000,1200
k2,test,trimMA342_1200rpm_Avv__D_06,trimMA342_1200rpm_Avv__D_06:180000,180000,183000,3,1,3000,1200
k2,test,trimMA342_1200rpm_Avv__D_06,trimMA342_1200rpm_Avv__D_06:183000,183000,186000,3,1,3000,1200
k2,test,trimMA342_1200rpm_Avv__D_06,trimMA342_1200rpm_Avv__D_06:186000,186000,189000,3,1,3000,1200
k2,test,trimMA342_1200rpm_Avv__D_06,trimMA342_1200rpm_Avv__D_06:189000,189000,192000,3,1,3000,1200
k2,test,trimMA342_1200rpm_Avv__D_06,trimMA342_1200rpm_Avv__D_06:192000,192000,195000,3,1,3000,1200
k2,test,trimMA342_1200rpm_Avv__D_06,trimMA342_1200rpm_Avv__D_06:195000,195000,198000,3,1,3000,1200
k2,test,trimMA342_1200rpm_Avv__D_06,trimMA342_1200rpm_Avv__D_06:198000,198000,201000,3,1,3000,1200
k2,test,trimMA342_1200rpm_Avv__D_06,trimMA342_1200rpm_Avv__D_06:201000,201000,204000,3,1,3000,1200
k2,test,trimMA342_1200rpm_Avv__D_06,trimMA342_1200rpm_Avv__D_06:204000,204000,207000,3,1,3000,1200
k2,test,trimMA342_1200rpm_Avv__D_06,trimMA342_1200rpm_Avv__D_06:207000,207000,210000,3,1,3000,1200
k2,test,trimMA342_1200rpm_Avv__D_06,trimMA342_1200rpm_Avv__D_06:210000,210000,213000,3,1,3000,1200
k2,test,trimMA342_1200rpm_Avv__D_06,trimMA342_1200rpm_Avv__D_06:213000,213000,216000,3,1,3000,1200
k2,test,trimMA342_1200rpm_Avv__D_06,trimMA342_1200rpm_Avv__D_06:216000,216000,219000,3,1,3000,1200
k2,test,trimMA342_1200rpm_Avv__D_06,trimMA342_1200rpm_Avv__D_06:219000,219000,222000,3,1,3000,1200
k2,test,trimMA342_1200rpm_Avv__D_06,trimMA342_1200rpm_Avv__D_06:222000,222000,225000,3,1,3000,1200
k2,test,trimMA342_1200rpm_Avv__D_06,trimMA342_1200rpm_Avv__D_06:225000,225000,228000,3,1,3000,1200
k2,test,trimMA342_1200rpm_Avv__D_06,trimMA342_1200rpm_Avv__D_06:228000,228000,231000,3,1,3000,1200
k2,test,trimMA342_1200rpm_Avv__D_06,trimMA342_1200rpm_Avv__D_06:231000,231000,234000,3,1,3000,1200
k2,test,trimMA342_1200rpm_Avv__D_06,trimMA342_1200rpm_Avv__D_06:234000,234000,237000,3,1,3000,1200
k2,test,trimMA342_1200rpm_Avv__D_06,trimMA342_1200rpm_Avv__D_06:237000,237000,240000,3,1,3000,1200
k2,test,trimMA342_1200rpm_Avv__D_06,trimMA342_1200rpm_Avv__D_06:240000,240000,243000,3,1,3000,1200
k2,test,trimMA342_1200rpm_Avv__D_06,trimMA342_1200rpm_Avv__D_06:243000,243000,246000,3,1,3000,1200
k2,test,trimMA342_1200rpm_Avv__D_06,trimMA342_1200rpm_Avv__D_06:246000,246000,249000,3,1,3000,1200
k2,test,trimMA342_1200rpm_Avv__D_06,trimMA342_1200rpm_Avv__D_06:249000,249000,252000,3,1,3000,1200
k2,test,trimMA342_1200rpm_Avv__D_06,trimMA342_1200rpm_Avv__D_06:252000,252000,255000,3,1,3000,1200
k2,test,trimMA342_1200rpm_Avv__D_06,trimMA342_1200rpm_Avv__D_06:255000,255000,258000,3,1,3000,1200
k2,test,trimMA342_1200rpm_Avv__D_06,trimMA342_1200rpm_Avv__D_06:258000,258000,261000,3,1,3000,1200
k2,test,trimMA342_1200rpm_Avv__D_06,trimMA342_1200rpm_Avv__D_06:261000,261000,264000,3,1,3000,1200
k2,test,trimMA342_1200rpm_Avv__D_06,trimMA342_1200rpm_Avv__D_06:264000,264000,267000,3,1,3000,1200
k2,test,trimMA342_1200rpm_Avv__D_06,trimMA342_1200rpm_Avv__D_06:267000,267000,270000,3,1,3000,1200
k2,test,trimMA342_1200rpm_Avv__D_06,trimMA342_1200rpm_Avv__D_06:270000,270000,273000,3,1,3000,1200
k2,test,trimMA342_1200rpm_Avv__D_06,trimMA342_1200rpm_Avv__D_06:273000,273000,276000,3,1,3000,1200
k2,test,trimMA342_1200rpm_Avv__D_06,trimMA342_1200rpm_Avv__D_06:276000,276000,279000,3,1,3000,1200
k2,test,trimMA342_1200rpm_Avv__D_06,trimMA342_1200rpm_Avv__D_06:279000,279000,282000,3,1,3000,1200
k2,test,trimMA342_1200rpm_Avv__D_12,trimMA342_1200rpm_Avv__D_12:0,0,3000,3,1,3000,1200
k2,test,trimMA342_1200rpm_Avv__D_12,trimMA342_1200rpm_Avv__D_12:3000,3000,6000,3,1,3000,1200
k2,test,trimMA342_1200rpm_Avv__D_12,trimMA342_1200rpm_Avv__D_12:6000,6000,9000,3,1,3000,1200
k2,test,trimMA342_1200rpm_Avv__D_12,trimMA342_1200rpm_Avv__D_12:9000,9000,12000,3,1,3000,1200
k2,test,trimMA342_1200rpm_Avv__D_12,trimMA342_1200rpm_Avv__D_12:12000,12000,15000,3,1,3000,1200
k2,test,trimMA342_1200rpm_Avv__D_12,trimMA342_1200rpm_Avv__D_12:15000,15000,18000,3,1,3000,1200
k2,test,trimMA342_1200rpm_Avv__D_12,trimMA342_1200rpm_Avv__D_12:18000,18000,21000,3,1,3000,1200
k2,test,trimMA342_1200rpm_Avv__D_12,trimMA342_1200rpm_Avv__D_12:21000,21000,24000,3,1,3000,1200
k2,test,trimMA342_1200rpm_Avv__D_12,trimMA342_1200rpm_Avv__D_12:24000,24000,27000,3,1,3000,1200
k2,test,trimMA342_1200rpm_Avv__D_12,trimMA342_1200rpm_Avv__D_12:27000,27000,30000,3,1,3000,1200
k2,test,trimMA342_1200rpm_Avv__D_12,trimMA342_1200rpm_Avv__D_12:30000,30000,33000,3,1,3000,1200
k2,test,trimMA342_1200rpm_Avv__D_12,trimMA342_1200rpm_Avv__D_12:33000,33000,36000,3,1,3000,1200
k2,test,trimMA342_1200rpm_Avv__D_12,trimMA342_1200rpm_Avv__D_12:36000,36000,39000,3,1,3000,1200
k2,test,trimMA342_1200rpm_Avv__D_12,trimMA342_1200rpm_Avv__D_12:39000,39000,42000,3,1,3000,1200
k2,test,trimMA342_1200rpm_Avv__D_12,trimMA342_1200rpm_Avv__D_12:42000,42000,45000,3,1,3000,1200
k2,test,trimMA342_1200rpm_Avv__D_12,trimMA342_1200rpm_Avv__D_12:45000,45000,48000,3,1,3000,1200
k2,test,trimMA342_1200rpm_Avv__D_12,trimMA342_1200rpm_Avv__D_12:48000,48000,51000,3,1,3000,1200
k2,test,trimMA342_1200rpm_Avv__D_12,trimMA342_1200rpm_Avv__D_12:51000,51000,54000,3,1,3000,1200
k2,test,trimMA342_1200rpm_Avv__D_12,trimMA342_1200rpm_Avv__D_12:54000,54000,57000,3,1,3000,1200
k2,test,trimMA342_1200rpm_Avv__D_12,trimMA342_1200rpm_Avv__D_12:57000,57000,60000,3,1,3000,1200
k2,test,trimMA342_1200rpm_Avv__D_12,trimMA342_1200rpm_Avv__D_12:60000,60000,63000,3,1,3000,1200
k2,test,trimMA342_1200rpm_Avv__D_12,trimMA342_1200rpm_Avv__D_12:63000,63000,66000,3,1,3000,1200
k2,test,trimMA342_1200rpm_Avv__D_12,trimMA342_1200rpm_Avv__D_12:66000,66000,69000,3,1,3000,1200
k2,test,trimMA342_1200rpm_Avv__D_12,trimMA342_1200rpm_Avv__D_12:69000,69000,72000,3,1,3000,1200
k2,test,trimMA342_1200rpm_Avv__D_12,trimMA342_1200rpm_Avv__D_12:72000,72000,75000,3,1,3000,1200
k2,test,trimMA342_1200rpm_Avv__D_12,trimMA342_1200rpm_Avv__D_12:75000,75000,78000,3,1,3000,1200
k2,test,trimMA342_1200rpm_Avv__D_12,trimMA342_1200rpm_Avv__D_12:78000,78000,81000,3,1,3000,1200
k2,test,trimMA342_1200rpm_Avv__D_12,trimMA342_1200rpm_Avv__D_12:81000,81000,84000,3,1,3000,1200
k2,test,trimMA342_1200rpm_Avv__D_12,trimMA342_1200rpm_Avv__D_12:84000,84000,87000,3,1,3000,1200
k2,test,trimMA342_1200rpm_Avv__D_12,trimMA342_1200rpm_Avv__D_12:87000,87000,90000,3,1,3000,1200
k2,test,trimMA342_1200rpm_Avv__D_12,trimMA342_1200rpm_Avv__D_12:90000,90000,93000,3,1,3000,1200
k2,test,trimMA342_1200rpm_Avv__D_12,trimMA342_1200rpm_Avv__D_12:93000,93000,96000,3,1,3000,1200
k2,test,trimMA342_1200rpm_Avv__D_12,trimMA342_1200rpm_Avv__D_12:96000,96000,99000,3,1,3000,1200
k2,test,trimMA342_1200rpm_Avv__D_12,trimMA342_1200rpm_Avv__D_12:99000,99000,102000,3,1,3000,1200
k2,test,trimMA342_1200rpm_Avv__D_12,trimMA342_1200rpm_Avv__D_12:102000,102000,105000,3,1,3000,1200
k2,test,trimMA342_1200rpm_Avv__D_12,trimMA342_1200rpm_Avv__D_12:105000,105000,108000,3,1,3000,1200
k2,test,trimMA342_1200rpm_Avv__D_12,trimMA342_1200rpm_Avv__D_12:108000,108000,111000,3,1,3000,1200
k2,test,trimMA342_1200rpm_Avv__D_12,trimMA342_1200rpm_Avv__D_12:111000,111000,114000,3,1,3000,1200
k2,test,trimMA342_1200rpm_Avv__D_12,trimMA342_1200rpm_Avv__D_12:114000,114000,117000,3,1,3000,1200
k2,test,trimMA342_1200rpm_Avv__D_12,trimMA342_1200rpm_Avv__D_12:117000,117000,120000,3,1,3000,1200
k2,test,trimMA342_1200rpm_Avv__D_12,trimMA342_1200rpm_Avv__D_12:120000,120000,123000,3,1,3000,1200
k2,test,trimMA342_1200rpm_Avv__D_12,trimMA342_1200rpm_Avv__D_12:123000,123000,126000,3,1,3000,1200
k2,test,trimMA342_1200rpm_Avv__D_12,trimMA342_1200rpm_Avv__D_12:126000,126000,129000,3,1,3000,1200
k2,test,trimMA342_1200rpm_Avv__D_12,trimMA342_1200rpm_Avv__D_12:129000,129000,132000,3,1,3000,1200
k2,test,trimMA342_1200rpm_Avv__D_12,trimMA342_1200rpm_Avv__D_12:132000,132000,135000,3,1,3000,1200
k2,test,trimMA342_1200rpm_Avv__D_12,trimMA342_1200rpm_Avv__D_12:135000,135000,138000,3,1,3000,1200
k2,test,trimMA342_1200rpm_Avv__D_12,trimMA342_1200rpm_Avv__D_12:138000,138000,141000,3,1,3000,1200
k2,test,trimMA342_1200rpm_Avv__D_12,trimMA342_1200rpm_Avv__D_12:141000,141000,144000,3,1,3000,1200
k2,test,trimMA342_1200rpm_Avv__D_12,trimMA342_1200rpm_Avv__D_12:144000,144000,147000,3,1,3000,1200
k2,test,trimMA342_1200rpm_Avv__D_12,trimMA342_1200rpm_Avv__D_12:147000,147000,150000,3,1,3000,1200
k2,test,trimMA342_1200rpm_Avv__D_12,trimMA342_1200rpm_Avv__D_12:150000,150000,153000,3,1,3000,1200
k2,test,trimMA342_1200rpm_Avv__D_12,trimMA342_1200rpm_Avv__D_12:153000,153000,156000,3,1,3000,1200
k2,test,trimMA342_1200rpm_Avv__D_12,trimMA342_1200rpm_Avv__D_12:156000,156000,159000,3,1,3000,1200
k2,test,trimMA342_1200rpm_Avv__D_12,trimMA342_1200rpm_Avv__D_12:159000,159000,162000,3,1,3000,1200
k2,test,trimMA342_1200rpm_Avv__D_12,trimMA342_1200rpm_Avv__D_12:162000,162000,165000,3,1,3000,1200
k2,test,trimMA342_1200rpm_Avv__D_12,trimMA342_1200rpm_Avv__D_12:165000,165000,168000,3,1,3000,1200
k2,test,trimMA342_1200rpm_Avv__D_12,trimMA342_1200rpm_Avv__D_12:168000,168000,171000,3,1,3000,1200
k2,test,trimMA342_1200rpm_Avv__D_12,trimMA342_1200rpm_Avv__D_12:171000,171000,174000,3,1,3000,1200
k2,test,trimMA342_1200rpm_Avv__D_12,trimMA342_1200rpm_Avv__D_12:174000,174000,177000,3,1,3000,1200
k2,test,trimMA342_1200rpm_Avv__D_12,trimMA342_1200rpm_Avv__D_12:177000,177000,180000,3,1,3000,1200
k2,test,trimMA342_1200rpm_Avv__D_12,trimMA342_1200rpm_Avv__D_12:180000,180000,183000,3,1,3000,1200
k2,test,trimMA342_1200rpm_Avv__D_12,trimMA342_1200rpm_Avv__D_12:183000,183000,186000,3,1,3000,1200
k2,test,trimMA342_1200rpm_Avv__D_12,trimMA342_1200rpm_Avv__D_12:186000,186000,189000,3,1,3000,1200
k2,test,trimMA342_1200rpm_Avv__D_12,trimMA342_1200rpm_Avv__D_12:189000,189000,192000,3,1,3000,1200
k2,test,trimMA342_1200rpm_Avv__D_12,trimMA342_1200rpm_Avv__D_12:192000,192000,195000,3,1,3000,1200
k2,test,trimMA342_1200rpm_Avv__D_12,trimMA342_1200rpm_Avv__D_12:195000,195000,198000,3,1,3000,1200
k2,test,trimMA342_1200rpm_Avv__D_12,trimMA342_1200rpm_Avv__D_12:198000,198000,201000,3,1,3000,1200
k2,test,trimMA342_1200rpm_Avv__D_12,trimMA342_1200rpm_Avv__D_12:201000,201000,204000,3,1,3000,1200
k2,test,trimMA342_1200rpm_Avv__D_12,trimMA342_1200rpm_Avv__D_12:204000,204000,207000,3,1,3000,1200
k2,test,trimMA342_1200rpm_Avv__D_12,trimMA342_1200rpm_Avv__D_12:207000,207000,210000,3,1,3000,1200
k2,test,trimMA342_1200rpm_Avv__D_12,trimMA342_1200rpm_Avv__D_12:210000,210000,213000,3,1,3000,1200
k2,test,trimMA342_1200rpm_Avv__D_12,trimMA342_1200rpm_Avv__D_12:213000,213000,216000,3,1,3000,1200
k2,test,trimMA342_1200rpm_Avv__D_12,trimMA342_1200rpm_Avv__D_12:216000,216000,219000,3,1,3000,1200
k2,test,trimMA342_1200rpm_Avv__D_12,trimMA342_1200rpm_Avv__D_12:219000,219000,222000,3,1,3000,1200
k2,test,trimMA342_1200rpm_Avv__D_12,trimMA342_1200rpm_Avv__D_12:222000,222000,225000,3,1,3000,1200
k2,test,trimMA342_1200rpm_Avv__D_12,trimMA342_1200rpm_Avv__D_12:225000,225000,228000,3,1,3000,1200
k2,test,trimMA342_1200rpm_Avv__D_12,trimMA342_1200rpm_Avv__D_12:228000,228000,231000,3,1,3000,1200
k2,test,trimMA342_1200rpm_Avv__D_12,trimMA342_1200rpm_Avv__D_12:231000,231000,234000,3,1,3000,1200
k2,test,trimMA342_1200rpm_Avv__D_12,trimMA342_1200rpm_Avv__D_12:234000,234000,237000,3,1,3000,1200
k2,test,trimMA342_1200rpm_Avv__D_12,trimMA342_1200rpm_Avv__D_12:237000,237000,240000,3,1,3000,1200
k2,test,trimMA342_1200rpm_Avv__D_12,trimMA342_1200rpm_Avv__D_12:240000,240000,243000,3,1,3000,1200
k2,test,trimMA342_1200rpm_Avv__D_12,trimMA342_1200rpm_Avv__D_12:243000,243000,246000,3,1,3000,1200
k2,test,trimMA342_1200rpm_Avv__D_12,trimMA342_1200rpm_Avv__D_12:246000,246000,249000,3,1,3000,1200
k2,test,trimMA342_1200rpm_Avv__D_12,trimMA342_1200rpm_Avv__D_12:249000,249000,252000,3,1,3000,1200
k2,test,trimMA342_1200rpm_Avv__D_12,trimMA342_1200rpm_Avv__D_12:252000,252000,255000,3,1,3000,1200
k2,test,trimMA342_1200rpm_Avv__D_12,trimMA342_1200rpm_Avv__D_12:255000,255000,258000,3,1,3000,1200
k2,test,trimMA342_1200rpm_Avv__D_12,trimMA342_1200rpm_Avv__D_12:258000,258000,261000,3,1,3000,1200
k2,test,trimMA342_1200rpm_Avv__D_12,trimMA342_1200rpm_Avv__D_12:261000,261000,264000,3,1,3000,1200
k2,test,trimMA342_1200rpm_Avv__D_12,trimMA342_1200rpm_Avv__D_12:264000,264000,267000,3,1,3000,1200
k2,test,trimMA342_1200rpm_Avv__D_12,trimMA342_1200rpm_Avv__D_12:267000,267000,270000,3,1,3000,1200
k2,test,trimMA342_1200rpm_Avv__D_12,trimMA342_1200rpm_Avv__D_12:270000,270000,273000,3,1,3000,1200
k2,test,trimMA342_1200rpm_Avv__D_12,trimMA342_1200rpm_Avv__D_12:273000,273000,276000,3,1,3000,1200
k2,test,trimMA342_1200rpm_Avv__D_12,trimMA342_1200rpm_Avv__D_12:276000,276000,279000,3,1,3000,1200
k2,test,trimMA342_1200rpm_Avv__D_12,trimMA342_1200rpm_Avv__D_12:279000,279000,282000,3,1,3000,1200
k2,test,trimMA342_1200rpm_Avv__D_13,trimMA342_1200rpm_Avv__D_13:0,0,3000,3,1,3000,1200
k2,test,trimMA342_1200rpm_Avv__D_13,trimMA342_1200rpm_Avv__D_13:3000,3000,6000,3,1,3000,1200
k2,test,trimMA342_1200rpm_Avv__D_13,trimMA342_1200rpm_Avv__D_13:6000,6000,9000,3,1,3000,1200
k2,test,trimMA342_1200rpm_Avv__D_13,trimMA342_1200rpm_Avv__D_13:9000,9000,12000,3,1,3000,1200
k2,test,trimMA342_1200rpm_Avv__D_13,trimMA342_1200rpm_Avv__D_13:12000,12000,15000,3,1,3000,1200
k2,test,trimMA342_1200rpm_Avv__D_13,trimMA342_1200rpm_Avv__D_13:15000,15000,18000,3,1,3000,1200
k2,test,trimMA342_1200rpm_Avv__D_13,trimMA342_1200rpm_Avv__D_13:18000,18000,21000,3,1,3000,1200
k2,test,trimMA342_1200rpm_Avv__D_13,trimMA342_1200rpm_Avv__D_13:21000,21000,24000,3,1,3000,1200
k2,test,trimMA342_1200rpm_Avv__D_13,trimMA342_1200rpm_Avv__D_13:24000,24000,27000,3,1,3000,1200
k2,test,trimMA342_1200rpm_Avv__D_13,trimMA342_1200rpm_Avv__D_13:27000,27000,30000,3,1,3000,1200
k2,test,trimMA342_1200rpm_Avv__D_13,trimMA342_1200rpm_Avv__D_13:30000,30000,33000,3,1,3000,1200
k2,test,trimMA342_1200rpm_Avv__D_13,trimMA342_1200rpm_Avv__D_13:33000,33000,36000,3,1,3000,1200
k2,test,trimMA342_1200rpm_Avv__D_13,trimMA342_1200rpm_Avv__D_13:36000,36000,39000,3,1,3000,1200
k2,test,trimMA342_1200rpm_Avv__D_13,trimMA342_1200rpm_Avv__D_13:39000,39000,42000,3,1,3000,1200
k2,test,trimMA342_1200rpm_Avv__D_13,trimMA342_1200rpm_Avv__D_13:42000,42000,45000,3,1,3000,1200
k2,test,trimMA342_1200rpm_Avv__D_13,trimMA342_1200rpm_Avv__D_13:45000,45000,48000,3,1,3000,1200
k2,test,trimMA342_1200rpm_Avv__D_13,trimMA342_1200rpm_Avv__D_13:48000,48000,51000,3,1,3000,1200
k2,test,trimMA342_1200rpm_Avv__D_13,trimMA342_1200rpm_Avv__D_13:51000,51000,54000,3,1,3000,1200
k2,test,trimMA342_1200rpm_Avv__D_13,trimMA342_1200rpm_Avv__D_13:54000,54000,57000,3,1,3000,1200
k2,test,trimMA342_1200rpm_Avv__D_13,trimMA342_1200rpm_Avv__D_13:57000,57000,60000,3,1,3000,1200
k2,test,trimMA342_1200rpm_Avv__D_13,trimMA342_1200rpm_Avv__D_13:60000,60000,63000,3,1,3000,1200
k2,test,trimMA342_1200rpm_Avv__D_13,trimMA342_1200rpm_Avv__D_13:63000,63000,66000,3,1,3000,1200
k2,test,trimMA342_1200rpm_Avv__D_13,trimMA342_1200rpm_Avv__D_13:66000,66000,69000,3,1,3000,1200
k2,test,trimMA342_1200rpm_Avv__D_13,trimMA342_1200rpm_Avv__D_13:69000,69000,72000,3,1,3000,1200
k2,test,trimMA342_1200rpm_Avv__D_13,trimMA342_1200rpm_Avv__D_13:72000,72000,75000,3,1,3000,1200
k2,test,trimMA342_1200rpm_Avv__D_13,trimMA342_1200rpm_Avv__D_13:75000,75000,78000,3,1,3000,1200
k2,test,trimMA342_1200rpm_Avv__D_13,trimMA342_1200rpm_Avv__D_13:78000,78000,81000,3,1,3000,1200
k2,test,trimMA342_1200rpm_Avv__D_13,trimMA342_1200rpm_Avv__D_13:81000,81000,84000,3,1,3000,1200
k2,test,trimMA342_1200rpm_Avv__D_13,trimMA342_1200rpm_Avv__D_13:84000,84000,87000,3,1,3000,1200
k2,test,trimMA342_1200rpm_Avv__D_13,trimMA342_1200rpm_Avv__D_13:87000,87000,90000,3,1,3000,1200
k2,test,trimMA342_1200rpm_Avv__D_13,trimMA342_1200rpm_Avv__D_13:90000,90000,93000,3,1,3000,1200
k2,test,trimMA342_1200rpm_Avv__D_13,trimMA342_1200rpm_Avv__D_13:93000,93000,96000,3,1,3000,1200
k2,test,trimMA342_1200rpm_Avv__D_13,trimMA342_1200rpm_Avv__D_13:96000,96000,99000,3,1,3000,1200
k2,test,trimMA342_1200rpm_Avv__D_13,trimMA342_1200rpm_Avv__D_13:99000,99000,102000,3,1,3000,1200
k2,test,trimMA342_1200rpm_Avv__D_13,trimMA342_1200rpm_Avv__D_13:102000,102000,105000,3,1,3000,1200
k2,test,trimMA342_1200rpm_Avv__D_13,trimMA342_1200rpm_Avv__D_13:105000,105000,108000,3,1,3000,1200
k2,test,trimMA342_1200rpm_Avv__D_13,trimMA342_1200rpm_Avv__D_13:108000,108000,111000,3,1,3000,1200
k2,test,trimMA342_1200rpm_Avv__D_13,trimMA342_1200rpm_Avv__D_13:111000,111000,114000,3,1,3000,1200
k2,test,trimMA342_1200rpm_Avv__D_13,trimMA342_1200rpm_Avv__D_13:114000,114000,117000,3,1,3000,1200
k2,test,trimMA342_1200rpm_Avv__D_13,trimMA342_1200rpm_Avv__D_13:117000,117000,120000,3,1,3000,1200
k2,test,trimMA342_1200rpm_Avv__D_13,trimMA342_1200rpm_Avv__D_13:120000,120000,123000,3,1,3000,1200
k2,test,trimMA342_1200rpm_Avv__D_13,trimMA342_1200rpm_Avv__D_13:123000,123000,126000,3,1,3000,1200
k2,test,trimMA342_1200rpm_Avv__D_13,trimMA342_1200rpm_Avv__D_13:126000,126000,129000,3,1,3000,1200
k2,test,trimMA342_1200rpm_Avv__D_13,trimMA342_1200rpm_Avv__D_13:129000,129000,132000,3,1,3000,1200
k2,test,trimMA342_1200rpm_Avv__D_13,trimMA342_1200rpm_Avv__D_13:132000,132000,135000,3,1,3000,1200
k2,test,trimMA342_1200rpm_Avv__D_13,trimMA342_1200rpm_Avv__D_13:135000,135000,138000,3,1,3000,1200
k2,test,trimMA342_1200rpm_Avv__D_13,trimMA342_1200rpm_Avv__D_13:138000,138000,141000,3,1,3000,1200
k2,test,trimMA342_1200rpm_Avv__D_13,trimMA342_1200rpm_Avv__D_13:141000,141000,144000,3,1,3000,1200
k2,test,trimMA342_1200rpm_Avv__D_13,trimMA342_1200rpm_Avv__D_13:144000,144000,147000,3,1,3000,1200
k2,test,trimMA342_1200rpm_Avv__D_13,trimMA342_1200rpm_Avv__D_13:147000,147000,150000,3,1,3000,1200
k2,test,trimMA342_1200rpm_Avv__D_13,trimMA342_1200rpm_Avv__D_13:150000,150000,153000,3,1,3000,1200
k2,test,trimMA342_1200rpm_Avv__D_13,trimMA342_1200rpm_Avv__D_13:153000,153000,156000,3,1,3000,1200
k2,test,trimMA342_1200rpm_Avv__D_13,trimMA342_1200rpm_Avv__D_13:156000,156000,159000,3,1,3000,1200
k2,test,trimMA342_1200rpm_Avv__D_13,trimMA342_1200rpm_Avv__D_13:159000,159000,162000,3,1,3000,1200
k2,test,trimMA342_1200rpm_Avv__D_13,trimMA342_1200rpm_Avv__D_13:162000,162000,165000,3,1,3000,1200
k2,test,trimMA342_1200rpm_Avv__D_13,trimMA342_1200rpm_Avv__D_13:165000,165000,168000,3,1,3000,1200
k2,test,trimMA342_1200rpm_Avv__D_13,trimMA342_1200rpm_Avv__D_13:168000,168000,171000,3,1,3000,1200
k2,test,trimMA342_1200rpm_Avv__D_13,trimMA342_1200rpm_Avv__D_13:171000,171000,174000,3,1,3000,1200
k2,test,trimMA342_1200rpm_Avv__D_13,trimMA342_1200rpm_Avv__D_13:174000,174000,177000,3,1,3000,1200
k2,test,trimMA342_1200rpm_Avv__D_13,trimMA342_1200rpm_Avv__D_13:177000,177000,180000,3,1,3000,1200
k2,test,trimMA342_1200rpm_Avv__D_13,trimMA342_1200rpm_Avv__D_13:180000,180000,183000,3,1,3000,1200
k2,test,trimMA342_1200rpm_Avv__D_13,trimMA342_1200rpm_Avv__D_13:183000,183000,186000,3,1,3000,1200
k2,test,trimMA342_1200rpm_Avv__D_13,trimMA342_1200rpm_Avv__D_13:186000,186000,189000,3,1,3000,1200
k2,test,trimMA342_1200rpm_Avv__D_13,trimMA342_1200rpm_Avv__D_13:189000,189000,192000,3,1,3000,1200
k2,test,trimMA342_1200rpm_Avv__D_13,trimMA342_1200rpm_Avv__D_13:192000,192000,195000,3,1,3000,1200
k2,test,trimMA342_1200rpm_Avv__D_13,trimMA342_1200rpm_Avv__D_13:195000,195000,198000,3,1,3000,1200
k2,test,trimMA342_1200rpm_Avv__D_13,trimMA342_1200rpm_Avv__D_13:198000,198000,201000,3,1,3000,1200
k2,test,trimMA342_1200rpm_Avv__D_13,trimMA342_1200rpm_Avv__D_13:201000,201000,204000,3,1,3000,1200
k2,test,trimMA342_1200rpm_Avv__D_13,trimMA342_1200rpm_Avv__D_13:204000,204000,207000,3,1,3000,1200
k2,test,trimMA342_1200rpm_Avv__D_13,trimMA342_1200rpm_Avv__D_13:207000,207000,210000,3,1,3000,1200
k2,test,trimMA342_1200rpm_Avv__D_13,trimMA342_1200rpm_Avv__D_13:210000,210000,213000,3,1,3000,1200
k2,test,trimMA342_1200rpm_Avv__D_13,trimMA342_1200rpm_Avv__D_13:213000,213000,216000,3,1,3000,1200
k2,test,trimMA342_1200rpm_Avv__D_13,trimMA342_1200rpm_Avv__D_13:216000,216000,219000,3,1,3000,1200
k2,test,trimMA342_1200rpm_Avv__D_13,trimMA342_1200rpm_Avv__D_13:219000,219000,222000,3,1,3000,1200
k2,test,trimMA342_1200rpm_Avv__D_13,trimMA342_1200rpm_Avv__D_13:222000,222000,225000,3,1,3000,1200
k2,test,trimMA342_1200rpm_Avv__D_13,trimMA342_1200rpm_Avv__D_13:225000,225000,228000,3,1,3000,1200
k2,test,trimMA342_1200rpm_Avv__D_13,trimMA342_1200rpm_Avv__D_13:228000,228000,231000,3,1,3000,1200
k2,test,trimMA342_1200rpm_Avv__D_13,trimMA342_1200rpm_Avv__D_13:231000,231000,234000,3,1,3000,1200
k2,test,trimMA342_1200rpm_Avv__D_13,trimMA342_1200rpm_Avv__D_13:234000,234000,237000,3,1,3000,1200
k2,test,trimMA342_1200rpm_Avv__D_13,trimMA342_1200rpm_Avv__D_13:237000,237000,240000,3,1,3000,1200
k2,test,trimMA342_1200rpm_Avv__D_13,trimMA342_1200rpm_Avv__D_13:240000,240000,243000,3,1,3000,1200
k2,test,trimMA342_1200rpm_Avv__D_13,trimMA342_1200rpm_Avv__D_13:243000,243000,246000,3,1,3000,1200
k2,test,trimMA342_1200rpm_Avv__D_13,trimMA342_1200rpm_Avv__D_13:246000,246000,249000,3,1,3000,1200
k2,test,trimMA342_1200rpm_Avv__D_13,trimMA342_1200rpm_Avv__D_13:249000,249000,252000,3,1,3000,1200
k2,test,trimMA342_1200rpm_Avv__D_13,trimMA342_1200rpm_Avv__D_13:252000,252000,255000,3,1,3000,1200
k2,test,trimMA342_1200rpm_Avv__D_13,trimMA342_1200rpm_Avv__D_13:255000,255000,258000,3,1,3000,1200
k2,test,trimMA342_1200rpm_Avv__D_13,trimMA342_1200rpm_Avv__D_13:258000,258000,261000,3,1,3000,1200
k2,test,trimMA342_1200rpm_Avv__D_13,trimMA342_1200rpm_Avv__D_13:261000,261000,264000,3,1,3000,1200
k2,test,trimMA342_1200rpm_Avv__D_13,trimMA342_1200rpm_Avv__D_13:264000,264000,267000,3,1,3000,1200
k2,test,trimMA342_1200rpm_Avv__D_13,trimMA342_1200rpm_Avv__D_13:267000,267000,270000,3,1,3000,1200
k2,test,trimMA342_1200rpm_Avv__D_13,trimMA342_1200rpm_Avv__D_13:270000,270000,273000,3,1,3000,1200
k2,test,trimMA342_1200rpm_Avv__D_13,trimMA342_1200rpm_Avv__D_13:273000,273000,276000,3,1,3000,1200
k2,test,trimMA342_1200rpm_Avv__D_13,trimMA342_1200rpm_Avv__D_13:276000,276000,279000,3,1,3000,1200
k2,test,trimMA342_1200rpm_Avv__D_13,trimMA342_1200rpm_Avv__D_13:279000,279000,282000,3,1,3000,1200
k2,test,trimMA342_1200rpm_Avv__Dvv_00,trimMA342_1200rpm_Avv__Dvv_00:0,0,3000,5,1,3000,1200
k2,test,trimMA342_1200rpm_Avv__Dvv_00,trimMA342_1200rpm_Avv__Dvv_00:3000,3000,6000,5,1,3000,1200
k2,test,trimMA342_1200rpm_Avv__Dvv_00,trimMA342_1200rpm_Avv__Dvv_00:6000,6000,9000,5,1,3000,1200
k2,test,trimMA342_1200rpm_Avv__Dvv_00,trimMA342_1200rpm_Avv__Dvv_00:9000,9000,12000,5,1,3000,1200
k2,test,trimMA342_1200rpm_Avv__Dvv_00,trimMA342_1200rpm_Avv__Dvv_00:12000,12000,15000,5,1,3000,1200
k2,test,trimMA342_1200rpm_Avv__Dvv_00,trimMA342_1200rpm_Avv__Dvv_00:15000,15000,18000,5,1,3000,1200
k2,test,trimMA342_1200rpm_Avv__Dvv_00,trimMA342_1200rpm_Avv__Dvv_00:18000,18000,21000,5,1,3000,1200
k2,test,trimMA342_1200rpm_Avv__Dvv_00,trimMA342_1200rpm_Avv__Dvv_00:21000,21000,24000,5,1,3000,1200
k2,test,trimMA342_1200rpm_Avv__Dvv_00,trimMA342_1200rpm_Avv__Dvv_00:24000,24000,27000,5,1,3000,1200
k2,test,trimMA342_1200rpm_Avv__Dvv_00,trimMA342_1200rpm_Avv__Dvv_00:27000,27000,30000,5,1,3000,1200
k2,test,trimMA342_1200rpm_Avv__Dvv_00,trimMA342_1200rpm_Avv__Dvv_00:30000,30000,33000,5,1,3000,1200
k2,test,trimMA342_1200rpm_Avv__Dvv_00,trimMA342_1200rpm_Avv__Dvv_00:33000,33000,36000,5,1,3000,1200
k2,test,trimMA342_1200rpm_Avv__Dvv_00,trimMA342_1200rpm_Avv__Dvv_00:36000,36000,39000,5,1,3000,1200
k2,test,trimMA342_1200rpm_Avv__Dvv_00,trimMA342_1200rpm_Avv__Dvv_00:39000,39000,42000,5,1,3000,1200
k2,test,trimMA342_1200rpm_Avv__Dvv_00,trimMA342_1200rpm_Avv__Dvv_00:42000,42000,45000,5,1,3000,1200
k2,test,trimMA342_1200rpm_Avv__Dvv_00,trimMA342_1200rpm_Avv__Dvv_00:45000,45000,48000,5,1,3000,1200
k2,test,trimMA342_1200rpm_Avv__Dvv_00,trimMA342_1200rpm_Avv__Dvv_00:48000,48000,51000,5,1,3000,1200
k2,test,trimMA342_1200rpm_Avv__Dvv_00,trimMA342_1200rpm_Avv__Dvv_00:51000,51000,54000,5,1,3000,1200
k2,test,trimMA342_1200rpm_Avv__Dvv_00,trimMA342_1200rpm_Avv__Dvv_00:54000,54000,57000,5,1,3000,1200
k2,test,trimMA342_1200rpm_Avv__Dvv_00,trimMA342_1200rpm_Avv__Dvv_00:57000,57000,60000,5,1,3000,1200
k2,test,trimMA342_1200rpm_Avv__Dvv_00,trimMA342_1200rpm_Avv__Dvv_00:60000,60000,63000,5,1,3000,1200
k2,test,trimMA342_1200rpm_Avv__Dvv_00,trimMA342_1200rpm_Avv__Dvv_00:63000,63000,66000,5,1,3000,1200
k2,test,trimMA342_1200rpm_Avv__Dvv_00,trimMA342_1200rpm_Avv__Dvv_00:66000,66000,69000,5,1,3000,1200
k2,test,trimMA342_1200rpm_Avv__Dvv_00,trimMA342_1200rpm_Avv__Dvv_00:69000,69000,72000,5,1,3000,1200
k2,test,trimMA342_1200rpm_Avv__Dvv_00,trimMA342_1200rpm_Avv__Dvv_00:72000,72000,75000,5,1,3000,1200
k2,test,trimMA342_1200rpm_Avv__Dvv_00,trimMA342_1200rpm_Avv__Dvv_00:75000,75000,78000,5,1,3000,1200
k2,test,trimMA342_1200rpm_Avv__Dvv_00,trimMA342_1200rpm_Avv__Dvv_00:78000,78000,81000,5,1,3000,1200
k2,test,trimMA342_1200rpm_Avv__Dvv_00,trimMA342_1200rpm_Avv__Dvv_00:81000,81000,84000,5,1,3000,1200
k2,test,trimMA342_1200rpm_Avv__Dvv_00,trimMA342_1200rpm_Avv__Dvv_00:84000,84000,87000,5,1,3000,1200
k2,test,trimMA342_1200rpm_Avv__Dvv_00,trimMA342_1200rpm_Avv__Dvv_00:87000,87000,90000,5,1,3000,1200
k2,test,trimMA342_1200rpm_Avv__Dvv_00,trimMA342_1200rpm_Avv__Dvv_00:90000,90000,93000,5,1,3000,1200
k2,test,trimMA342_1200rpm_Avv__Dvv_00,trimMA342_1200rpm_Avv__Dvv_00:93000,93000,96000,5,1,3000,1200
k2,test,trimMA342_1200rpm_Avv__Dvv_00,trimMA342_1200rpm_Avv__Dvv_00:96000,96000,99000,5,1,3000,1200
k2,test,trimMA342_1200rpm_Avv__Dvv_00,trimMA342_1200rpm_Avv__Dvv_00:99000,99000,102000,5,1,3000,1200
k2,test,trimMA342_1200rpm_Avv__Dvv_00,trimMA342_1200rpm_Avv__Dvv_00:102000,102000,105000,5,1,3000,1200
k2,test,trimMA342_1200rpm_Avv__Dvv_00,trimMA342_1200rpm_Avv__Dvv_00:105000,105000,108000,5,1,3000,1200
k2,test,trimMA342_1200rpm_Avv__Dvv_00,trimMA342_1200rpm_Avv__Dvv_00:108000,108000,111000,5,1,3000,1200
k2,test,trimMA342_1200rpm_Avv__Dvv_00,trimMA342_1200rpm_Avv__Dvv_00:111000,111000,114000,5,1,3000,1200
k2,test,trimMA342_1200rpm_Avv__Dvv_00,trimMA342_1200rpm_Avv__Dvv_00:114000,114000,117000,5,1,3000,1200
k2,test,trimMA342_1200rpm_Avv__Dvv_00,trimMA342_1200rpm_Avv__Dvv_00:117000,117000,120000,5,1,3000,1200
k2,test,trimMA342_1200rpm_Avv__Dvv_00,trimMA342_1200rpm_Avv__Dvv_00:120000,120000,123000,5,1,3000,1200
k2,test,trimMA342_1200rpm_Avv__Dvv_00,trimMA342_1200rpm_Avv__Dvv_00:123000,123000,126000,5,1,3000,1200
k2,test,trimMA342_1200rpm_Avv__Dvv_00,trimMA342_1200rpm_Avv__Dvv_00:126000,126000,129000,5,1,3000,1200
k2,test,trimMA342_1200rpm_Avv__Dvv_00,trimMA342_1200rpm_Avv__Dvv_00:129000,129000,132000,5,1,3000,1200
k2,test,trimMA342_1200rpm_Avv__Dvv_00,trimMA342_1200rpm_Avv__Dvv_00:132000,132000,135000,5,1,3000,1200
k2,test,trimMA342_1200rpm_Avv__Dvv_00,trimMA342_1200rpm_Avv__Dvv_00:135000,135000,138000,5,1,3000,1200
k2,test,trimMA342_1200rpm_Avv__Dvv_00,trimMA342_1200rpm_Avv__Dvv_00:138000,138000,141000,5,1,3000,1200
k2,test,trimMA342_1200rpm_Avv__Dvv_00,trimMA342_1200rpm_Avv__Dvv_00:141000,141000,144000,5,1,3000,1200
k2,test,trimMA342_1200rpm_Avv__Dvv_00,trimMA342_1200rpm_Avv__Dvv_00:144000,144000,147000,5,1,3000,1200
k2,test,trimMA342_1200rpm_Avv__Dvv_00,trimMA342_1200rpm_Avv__Dvv_00:147000,147000,150000,5,1,3000,1200
k2,test,trimMA342_1200rpm_Avv__Dvv_00,trimMA342_1200rpm_Avv__Dvv_00:150000,150000,153000,5,1,3000,1200
k2,test,trimMA342_1200rpm_Avv__Dvv_00,trimMA342_1200rpm_Avv__Dvv_00:153000,153000,156000,5,1,3000,1200
k2,test,trimMA342_1200rpm_Avv__Dvv_00,trimMA342_1200rpm_Avv__Dvv_00:156000,156000,159000,5,1,3000,1200
k2,test,trimMA342_1200rpm_Avv__Dvv_00,trimMA342_1200rpm_Avv__Dvv_00:159000,159000,162000,5,1,3000,1200
k2,test,trimMA342_1200rpm_Avv__Dvv_00,trimMA342_1200rpm_Avv__Dvv_00:162000,162000,165000,5,1,3000,1200
k2,test,trimMA342_1200rpm_Avv__Dvv_00,trimMA342_1200rpm_Avv__Dvv_00:165000,165000,168000,5,1,3000,1200
k2,test,trimMA342_1200rpm_Avv__Dvv_00,trimMA342_1200rpm_Avv__Dvv_00:168000,168000,171000,5,1,3000,1200
k2,test,trimMA342_1200rpm_Avv__Dvv_00,trimMA342_1200rpm_Avv__Dvv_00:171000,171000,174000,5,1,3000,1200
k2,test,trimMA342_1200rpm_Avv__Dvv_00,trimMA342_1200rpm_Avv__Dvv_00:174000,174000,177000,5,1,3000,1200
k2,test,trimMA342_1200rpm_Avv__Dvv_00,trimMA342_1200rpm_Avv__Dvv_00:177000,177000,180000,5,1,3000,1200
k2,test,trimMA342_1200rpm_Avv__Dvv_00,trimMA342_1200rpm_Avv__Dvv_00:180000,180000,183000,5,1,3000,1200
k2,test,trimMA342_1200rpm_Avv__Dvv_00,trimMA342_1200rpm_Avv__Dvv_00:183000,183000,186000,5,1,3000,1200
k2,test,trimMA342_1200rpm_Avv__Dvv_00,trimMA342_1200rpm_Avv__Dvv_00:186000,186000,189000,5,1,3000,1200
k2,test,trimMA342_1200rpm_Avv__Dvv_00,trimMA342_1200rpm_Avv__Dvv_00:189000,189000,192000,5,1,3000,1200
k2,test,trimMA342_1200rpm_Avv__Dvv_00,trimMA342_1200rpm_Avv__Dvv_00:192000,192000,195000,5,1,3000,1200
k2,test,trimMA342_1200rpm_Avv__Dvv_00,trimMA342_1200rpm_Avv__Dvv_00:195000,195000,198000,5,1,3000,1200
k2,test,trimMA342_1200rpm_Avv__Dvv_00,trimMA342_1200rpm_Avv__Dvv_00:198000,198000,201000,5,1,3000,1200
k2,test,trimMA342_1200rpm_Avv__Dvv_00,trimMA342_1200rpm_Avv__Dvv_00:201000,201000,204000,5,1,3000,1200
k2,test,trimMA342_1200rpm_Avv__Dvv_00,trimMA342_1200rpm_Avv__Dvv_00:204000,204000,207000,5,1,3000,1200
k2,test,trimMA342_1200rpm_Avv__Dvv_00,trimMA342_1200rpm_Avv__Dvv_00:207000,207000,210000,5,1,3000,1200
k2,test,trimMA342_1200rpm_Avv__Dvv_00,trimMA342_1200rpm_Avv__Dvv_00:210000,210000,213000,5,1,3000,1200
k2,test,trimMA342_1200rpm_Avv__Dvv_00,trimMA342_1200rpm_Avv__Dvv_00:213000,213000,216000,5,1,3000,1200
k2,test,trimMA342_1200rpm_Avv__Dvv_00,trimMA342_1200rpm_Avv__Dvv_00:216000,216000,219000,5,1,3000,1200
k2,test,trimMA342_1200rpm_Avv__Dvv_00,trimMA342_1200rpm_Avv__Dvv_00:219000,219000,222000,5,1,3000,1200
k2,test,trimMA342_1200rpm_Avv__Dvv_00,trimMA342_1200rpm_Avv__Dvv_00:222000,222000,225000,5,1,3000,1200
k2,test,trimMA342_1200rpm_Avv__Dvv_00,trimMA342_1200rpm_Avv__Dvv_00:225000,225000,228000,5,1,3000,1200
k2,test,trimMA342_1200rpm_Avv__Dvv_00,trimMA342_1200rpm_Avv__Dvv_00:228000,228000,231000,5,1,3000,1200
k2,test,trimMA342_1200rpm_Avv__Dvv_00,trimMA342_1200rpm_Avv__Dvv_00:231000,231000,234000,5,1,3000,1200
k2,test,trimMA342_1200rpm_Avv__Dvv_00,trimMA342_1200rpm_Avv__Dvv_00:234000,234000,237000,5,1,3000,1200
k2,test,trimMA342_1200rpm_Avv__Dvv_00,trimMA342_1200rpm_Avv__Dvv_00:237000,237000,240000,5,1,3000,1200
k2,test,trimMA342_1200rpm_Avv__Dvv_00,trimMA342_1200rpm_Avv__Dvv_00:240000,240000,243000,5,1,3000,1200
k2,test,trimMA342_1200rpm_Avv__Dvv_00,trimMA342_1200rpm_Avv__Dvv_00:243000,243000,246000,5,1,3000,1200
k2,test,trimMA342_1200rpm_Avv__Dvv_00,trimMA342_1200rpm_Avv__Dvv_00:246000,246000,249000,5,1,3000,1200
k2,test,trimMA342_1200rpm_Avv__Dvv_00,trimMA342_1200rpm_Avv__Dvv_00:249000,249000,252000,5,1,3000,1200
k2,test,trimMA342_1200rpm_Avv__Dvv_00,trimMA342_1200rpm_Avv__Dvv_00:252000,252000,255000,5,1,3000,1200
k2,test,trimMA342_1200rpm_Avv__Dvv_00,trimMA342_1200rpm_Avv__Dvv_00:255000,255000,258000,5,1,3000,1200
k2,test,trimMA342_1200rpm_Avv__Dvv_00,trimMA342_1200rpm_Avv__Dvv_00:258000,258000,261000,5,1,3000,1200
k2,test,trimMA342_1200rpm_Avv__Dvv_00,trimMA342_1200rpm_Avv__Dvv_00:261000,261000,264000,5,1,3000,1200
k2,test,trimMA342_1200rpm_Avv__Dvv_00,trimMA342_1200rpm_Avv__Dvv_00:264000,264000,267000,5,1,3000,1200
k2,test,trimMA342_1200rpm_Avv__Dvv_00,trimMA342_1200rpm_Avv__Dvv_00:267000,267000,270000,5,1,3000,1200
k2,test,trimMA342_1200rpm_Avv__Dvv_00,trimMA342_1200rpm_Avv__Dvv_00:270000,270000,273000,5,1,3000,1200
k2,test,trimMA342_1200rpm_Avv__Dvv_00,trimMA342_1200rpm_Avv__Dvv_00:273000,273000,276000,5,1,3000,1200
k2,test,trimMA342_1200rpm_Avv__Dvv_00,trimMA342_1200rpm_Avv__Dvv_00:276000,276000,279000,5,1,3000,1200
k2,test,trimMA342_1200rpm_Avv__Dvv_00,trimMA342_1200rpm_Avv__Dvv_00:279000,279000,282000,5,1,3000,1200
k2,test,trimMA342_1200rpm_Avv__Dvv_06,trimMA342_1200rpm_Avv__Dvv_06:0,0,3000,5,1,3000,1200
k2,test,trimMA342_1200rpm_Avv__Dvv_06,trimMA342_1200rpm_Avv__Dvv_06:3000,3000,6000,5,1,3000,1200
k2,test,trimMA342_1200rpm_Avv__Dvv_06,trimMA342_1200rpm_Avv__Dvv_06:6000,6000,9000,5,1,3000,1200
k2,test,trimMA342_1200rpm_Avv__Dvv_06,trimMA342_1200rpm_Avv__Dvv_06:9000,9000,12000,5,1,3000,1200
k2,test,trimMA342_1200rpm_Avv__Dvv_06,trimMA342_1200rpm_Avv__Dvv_06:12000,12000,15000,5,1,3000,1200
k2,test,trimMA342_1200rpm_Avv__Dvv_06,trimMA342_1200rpm_Avv__Dvv_06:15000,15000,18000,5,1,3000,1200
k2,test,trimMA342_1200rpm_Avv__Dvv_06,trimMA342_1200rpm_Avv__Dvv_06:18000,18000,21000,5,1,3000,1200
k2,test,trimMA342_1200rpm_Avv__Dvv_06,trimMA342_1200rpm_Avv__Dvv_06:21000,21000,24000,5,1,3000,1200
k2,test,trimMA342_1200rpm_Avv__Dvv_06,trimMA342_1200rpm_Avv__Dvv_06:24000,24000,27000,5,1,3000,1200
k2,test,trimMA342_1200rpm_Avv__Dvv_06,trimMA342_1200rpm_Avv__Dvv_06:27000,27000,30000,5,1,3000,1200
k2,test,trimMA342_1200rpm_Avv__Dvv_06,trimMA342_1200rpm_Avv__Dvv_06:30000,30000,33000,5,1,3000,1200
k2,test,trimMA342_1200rpm_Avv__Dvv_06,trimMA342_1200rpm_Avv__Dvv_06:33000,33000,36000,5,1,3000,1200
k2,test,trimMA342_1200rpm_Avv__Dvv_06,trimMA342_1200rpm_Avv__Dvv_06:36000,36000,39000,5,1,3000,1200
k2,test,trimMA342_1200rpm_Avv__Dvv_06,trimMA342_1200rpm_Avv__Dvv_06:39000,39000,42000,5,1,3000,1200
k2,test,trimMA342_1200rpm_Avv__Dvv_06,trimMA342_1200rpm_Avv__Dvv_06:42000,42000,45000,5,1,3000,1200
k2,test,trimMA342_1200rpm_Avv__Dvv_06,trimMA342_1200rpm_Avv__Dvv_06:45000,45000,48000,5,1,3000,1200
k2,test,trimMA342_1200rpm_Avv__Dvv_06,trimMA342_1200rpm_Avv__Dvv_06:48000,48000,51000,5,1,3000,1200
k2,test,trimMA342_1200rpm_Avv__Dvv_06,trimMA342_1200rpm_Avv__Dvv_06:51000,51000,54000,5,1,3000,1200
k2,test,trimMA342_1200rpm_Avv__Dvv_06,trimMA342_1200rpm_Avv__Dvv_06:54000,54000,57000,5,1,3000,1200
k2,test,trimMA342_1200rpm_Avv__Dvv_06,trimMA342_1200rpm_Avv__Dvv_06:57000,57000,60000,5,1,3000,1200
k2,test,trimMA342_1200rpm_Avv__Dvv_06,trimMA342_1200rpm_Avv__Dvv_06:60000,60000,63000,5,1,3000,1200
k2,test,trimMA342_1200rpm_Avv__Dvv_06,trimMA342_1200rpm_Avv__Dvv_06:63000,63000,66000,5,1,3000,1200
k2,test,trimMA342_1200rpm_Avv__Dvv_06,trimMA342_1200rpm_Avv__Dvv_06:66000,66000,69000,5,1,3000,1200
k2,test,trimMA342_1200rpm_Avv__Dvv_06,trimMA342_1200rpm_Avv__Dvv_06:69000,69000,72000,5,1,3000,1200
k2,test,trimMA342_1200rpm_Avv__Dvv_06,trimMA342_1200rpm_Avv__Dvv_06:72000,72000,75000,5,1,3000,1200
k2,test,trimMA342_1200rpm_Avv__Dvv_06,trimMA342_1200rpm_Avv__Dvv_06:75000,75000,78000,5,1,3000,1200
k2,test,trimMA342_1200rpm_Avv__Dvv_06,trimMA342_1200rpm_Avv__Dvv_06:78000,78000,81000,5,1,3000,1200
k2,test,trimMA342_1200rpm_Avv__Dvv_06,trimMA342_1200rpm_Avv__Dvv_06:81000,81000,84000,5,1,3000,1200
k2,test,trimMA342_1200rpm_Avv__Dvv_06,trimMA342_1200rpm_Avv__Dvv_06:84000,84000,87000,5,1,3000,1200
k2,test,trimMA342_1200rpm_Avv__Dvv_06,trimMA342_1200rpm_Avv__Dvv_06:87000,87000,90000,5,1,3000,1200
k2,test,trimMA342_1200rpm_Avv__Dvv_06,trimMA342_1200rpm_Avv__Dvv_06:90000,90000,93000,5,1,3000,1200
k2,test,trimMA342_1200rpm_Avv__Dvv_06,trimMA342_1200rpm_Avv__Dvv_06:93000,93000,96000,5,1,3000,1200
k2,test,trimMA342_1200rpm_Avv__Dvv_06,trimMA342_1200rpm_Avv__Dvv_06:96000,96000,99000,5,1,3000,1200
k2,test,trimMA342_1200rpm_Avv__Dvv_06,trimMA342_1200rpm_Avv__Dvv_06:99000,99000,102000,5,1,3000,1200
k2,test,trimMA342_1200rpm_Avv__Dvv_06,trimMA342_1200rpm_Avv__Dvv_06:102000,102000,105000,5,1,3000,1200
k2,test,trimMA342_1200rpm_Avv__Dvv_06,trimMA342_1200rpm_Avv__Dvv_06:105000,105000,108000,5,1,3000,1200
k2,test,trimMA342_1200rpm_Avv__Dvv_06,trimMA342_1200rpm_Avv__Dvv_06:108000,108000,111000,5,1,3000,1200
k2,test,trimMA342_1200rpm_Avv__Dvv_06,trimMA342_1200rpm_Avv__Dvv_06:111000,111000,114000,5,1,3000,1200
k2,test,trimMA342_1200rpm_Avv__Dvv_06,trimMA342_1200rpm_Avv__Dvv_06:114000,114000,117000,5,1,3000,1200
k2,test,trimMA342_1200rpm_Avv__Dvv_06,trimMA342_1200rpm_Avv__Dvv_06:117000,117000,120000,5,1,3000,1200
k2,test,trimMA342_1200rpm_Avv__Dvv_06,trimMA342_1200rpm_Avv__Dvv_06:120000,120000,123000,5,1,3000,1200
k2,test,trimMA342_1200rpm_Avv__Dvv_06,trimMA342_1200rpm_Avv__Dvv_06:123000,123000,126000,5,1,3000,1200
k2,test,trimMA342_1200rpm_Avv__Dvv_06,trimMA342_1200rpm_Avv__Dvv_06:126000,126000,129000,5,1,3000,1200
k2,test,trimMA342_1200rpm_Avv__Dvv_06,trimMA342_1200rpm_Avv__Dvv_06:129000,129000,132000,5,1,3000,1200
k2,test,trimMA342_1200rpm_Avv__Dvv_06,trimMA342_1200rpm_Avv__Dvv_06:132000,132000,135000,5,1,3000,1200
k2,test,trimMA342_1200rpm_Avv__Dvv_06,trimMA342_1200rpm_Avv__Dvv_06:135000,135000,138000,5,1,3000,1200
k2,test,trimMA342_1200rpm_Avv__Dvv_06,trimMA342_1200rpm_Avv__Dvv_06:138000,138000,141000,5,1,3000,1200
k2,test,trimMA342_1200rpm_Avv__Dvv_06,trimMA342_1200rpm_Avv__Dvv_06:141000,141000,144000,5,1,3000,1200
k2,test,trimMA342_1200rpm_Avv__Dvv_06,trimMA342_1200rpm_Avv__Dvv_06:144000,144000,147000,5,1,3000,1200
k2,test,trimMA342_1200rpm_Avv__Dvv_06,trimMA342_1200rpm_Avv__Dvv_06:147000,147000,150000,5,1,3000,1200
k2,test,trimMA342_1200rpm_Avv__Dvv_06,trimMA342_1200rpm_Avv__Dvv_06:150000,150000,153000,5,1,3000,1200
k2,test,trimMA342_1200rpm_Avv__Dvv_06,trimMA342_1200rpm_Avv__Dvv_06:153000,153000,156000,5,1,3000,1200
k2,test,trimMA342_1200rpm_Avv__Dvv_06,trimMA342_1200rpm_Avv__Dvv_06:156000,156000,159000,5,1,3000,1200
k2,test,trimMA342_1200rpm_Avv__Dvv_06,trimMA342_1200rpm_Avv__Dvv_06:159000,159000,162000,5,1,3000,1200
k2,test,trimMA342_1200rpm_Avv__Dvv_06,trimMA342_1200rpm_Avv__Dvv_06:162000,162000,165000,5,1,3000,1200
k2,test,trimMA342_1200rpm_Avv__Dvv_06,trimMA342_1200rpm_Avv__Dvv_06:165000,165000,168000,5,1,3000,1200
k2,test,trimMA342_1200rpm_Avv__Dvv_06,trimMA342_1200rpm_Avv__Dvv_06:168000,168000,171000,5,1,3000,1200
k2,test,trimMA342_1200rpm_Avv__Dvv_06,trimMA342_1200rpm_Avv__Dvv_06:171000,171000,174000,5,1,3000,1200
k2,test,trimMA342_1200rpm_Avv__Dvv_06,trimMA342_1200rpm_Avv__Dvv_06:174000,174000,177000,5,1,3000,1200
k2,test,trimMA342_1200rpm_Avv__Dvv_06,trimMA342_1200rpm_Avv__Dvv_06:177000,177000,180000,5,1,3000,1200
k2,test,trimMA342_1200rpm_Avv__Dvv_06,trimMA342_1200rpm_Avv__Dvv_06:180000,180000,183000,5,1,3000,1200
k2,test,trimMA342_1200rpm_Avv__Dvv_06,trimMA342_1200rpm_Avv__Dvv_06:183000,183000,186000,5,1,3000,1200
k2,test,trimMA342_1200rpm_Avv__Dvv_06,trimMA342_1200rpm_Avv__Dvv_06:186000,186000,189000,5,1,3000,1200
k2,test,trimMA342_1200rpm_Avv__Dvv_06,trimMA342_1200rpm_Avv__Dvv_06:189000,189000,192000,5,1,3000,1200
k2,test,trimMA342_1200rpm_Avv__Dvv_06,trimMA342_1200rpm_Avv__Dvv_06:192000,192000,195000,5,1,3000,1200
k2,test,trimMA342_1200rpm_Avv__Dvv_06,trimMA342_1200rpm_Avv__Dvv_06:195000,195000,198000,5,1,3000,1200
k2,test,trimMA342_1200rpm_Avv__Dvv_06,trimMA342_1200rpm_Avv__Dvv_06:198000,198000,201000,5,1,3000,1200
k2,test,trimMA342_1200rpm_Avv__Dvv_06,trimMA342_1200rpm_Avv__Dvv_06:201000,201000,204000,5,1,3000,1200
k2,test,trimMA342_1200rpm_Avv__Dvv_06,trimMA342_1200rpm_Avv__Dvv_06:204000,204000,207000,5,1,3000,1200
k2,test,trimMA342_1200rpm_Avv__Dvv_06,trimMA342_1200rpm_Avv__Dvv_06:207000,207000,210000,5,1,3000,1200
k2,test,trimMA342_1200rpm_Avv__Dvv_06,trimMA342_1200rpm_Avv__Dvv_06:210000,210000,213000,5,1,3000,1200
k2,test,trimMA342_1200rpm_Avv__Dvv_06,trimMA342_1200rpm_Avv__Dvv_06:213000,213000,216000,5,1,3000,1200
k2,test,trimMA342_1200rpm_Avv__Dvv_06,trimMA342_1200rpm_Avv__Dvv_06:216000,216000,219000,5,1,3000,1200
k2,test,trimMA342_1200rpm_Avv__Dvv_06,trimMA342_1200rpm_Avv__Dvv_06:219000,219000,222000,5,1,3000,1200
k2,test,trimMA342_1200rpm_Avv__Dvv_06,trimMA342_1200rpm_Avv__Dvv_06:222000,222000,225000,5,1,3000,1200
k2,test,trimMA342_1200rpm_Avv__Dvv_06,trimMA342_1200rpm_Avv__Dvv_06:225000,225000,228000,5,1,3000,1200
k2,test,trimMA342_1200rpm_Avv__Dvv_06,trimMA342_1200rpm_Avv__Dvv_06:228000,228000,231000,5,1,3000,1200
k2,test,trimMA342_1200rpm_Avv__Dvv_06,trimMA342_1200rpm_Avv__Dvv_06:231000,231000,234000,5,1,3000,1200
k2,test,trimMA342_1200rpm_Avv__Dvv_06,trimMA342_1200rpm_Avv__Dvv_06:234000,234000,237000,5,1,3000,1200
k2,test,trimMA342_1200rpm_Avv__Dvv_06,trimMA342_1200rpm_Avv__Dvv_06:237000,237000,240000,5,1,3000,1200
k2,test,trimMA342_1200rpm_Avv__Dvv_06,trimMA342_1200rpm_Avv__Dvv_06:240000,240000,243000,5,1,3000,1200
k2,test,trimMA342_1200rpm_Avv__Dvv_06,trimMA342_1200rpm_Avv__Dvv_06:243000,243000,246000,5,1,3000,1200
k2,test,trimMA342_1200rpm_Avv__Dvv_06,trimMA342_1200rpm_Avv__Dvv_06:246000,246000,249000,5,1,3000,1200
k2,test,trimMA342_1200rpm_Avv__Dvv_06,trimMA342_1200rpm_Avv__Dvv_06:249000,249000,252000,5,1,3000,1200
k2,test,trimMA342_1200rpm_Avv__Dvv_06,trimMA342_1200rpm_Avv__Dvv_06:252000,252000,255000,5,1,3000,1200
k2,test,trimMA342_1200rpm_Avv__Dvv_06,trimMA342_1200rpm_Avv__Dvv_06:255000,255000,258000,5,1,3000,1200
k2,test,trimMA342_1200rpm_Avv__Dvv_06,trimMA342_1200rpm_Avv__Dvv_06:258000,258000,261000,5,1,3000,1200
k2,test,trimMA342_1200rpm_Avv__Dvv_06,trimMA342_1200rpm_Avv__Dvv_06:261000,261000,264000,5,1,3000,1200
k2,test,trimMA342_1200rpm_Avv__Dvv_06,trimMA342_1200rpm_Avv__Dvv_06:264000,264000,267000,5,1,3000,1200
k2,test,trimMA342_1200rpm_Avv__Dvv_06,trimMA342_1200rpm_Avv__Dvv_06:267000,267000,270000,5,1,3000,1200
k2,test,trimMA342_1200rpm_Avv__Dvv_06,trimMA342_1200rpm_Avv__Dvv_06:270000,270000,273000,5,1,3000,1200
k2,test,trimMA342_1200rpm_Avv__Dvv_06,trimMA342_1200rpm_Avv__Dvv_06:273000,273000,276000,5,1,3000,1200
k2,test,trimMA342_1200rpm_Avv__Dvv_06,trimMA342_1200rpm_Avv__Dvv_06:276000,276000,279000,5,1,3000,1200
k2,test,trimMA342_1200rpm_Avv__Dvv_06,trimMA342_1200rpm_Avv__Dvv_06:279000,279000,282000,5,1,3000,1200
k2,test,trimMA342_1200rpm_Avv__Dvv_10,trimMA342_1200rpm_Avv__Dvv_10:0,0,3000,5,1,3000,1200
k2,test,trimMA342_1200rpm_Avv__Dvv_10,trimMA342_1200rpm_Avv__Dvv_10:3000,3000,6000,5,1,3000,1200
k2,test,trimMA342_1200rpm_Avv__Dvv_10,trimMA342_1200rpm_Avv__Dvv_10:6000,6000,9000,5,1,3000,1200
k2,test,trimMA342_1200rpm_Avv__Dvv_10,trimMA342_1200rpm_Avv__Dvv_10:9000,9000,12000,5,1,3000,1200
k2,test,trimMA342_1200rpm_Avv__Dvv_10,trimMA342_1200rpm_Avv__Dvv_10:12000,12000,15000,5,1,3000,1200
k2,test,trimMA342_1200rpm_Avv__Dvv_10,trimMA342_1200rpm_Avv__Dvv_10:15000,15000,18000,5,1,3000,1200
k2,test,trimMA342_1200rpm_Avv__Dvv_10,trimMA342_1200rpm_Avv__Dvv_10:18000,18000,21000,5,1,3000,1200
k2,test,trimMA342_1200rpm_Avv__Dvv_10,trimMA342_1200rpm_Avv__Dvv_10:21000,21000,24000,5,1,3000,1200
k2,test,trimMA342_1200rpm_Avv__Dvv_10,trimMA342_1200rpm_Avv__Dvv_10:24000,24000,27000,5,1,3000,1200
k2,test,trimMA342_1200rpm_Avv__Dvv_10,trimMA342_1200rpm_Avv__Dvv_10:27000,27000,30000,5,1,3000,1200
k2,test,trimMA342_1200rpm_Avv__Dvv_10,trimMA342_1200rpm_Avv__Dvv_10:30000,30000,33000,5,1,3000,1200
k2,test,trimMA342_1200rpm_Avv__Dvv_10,trimMA342_1200rpm_Avv__Dvv_10:33000,33000,36000,5,1,3000,1200
k2,test,trimMA342_1200rpm_Avv__Dvv_10,trimMA342_1200rpm_Avv__Dvv_10:36000,36000,39000,5,1,3000,1200
k2,test,trimMA342_1200rpm_Avv__Dvv_10,trimMA342_1200rpm_Avv__Dvv_10:39000,39000,42000,5,1,3000,1200
k2,test,trimMA342_1200rpm_Avv__Dvv_10,trimMA342_1200rpm_Avv__Dvv_10:42000,42000,45000,5,1,3000,1200
k2,test,trimMA342_1200rpm_Avv__Dvv_10,trimMA342_1200rpm_Avv__Dvv_10:45000,45000,48000,5,1,3000,1200
k2,test,trimMA342_1200rpm_Avv__Dvv_10,trimMA342_1200rpm_Avv__Dvv_10:48000,48000,51000,5,1,3000,1200
k2,test,trimMA342_1200rpm_Avv__Dvv_10,trimMA342_1200rpm_Avv__Dvv_10:51000,51000,54000,5,1,3000,1200
k2,test,trimMA342_1200rpm_Avv__Dvv_10,trimMA342_1200rpm_Avv__Dvv_10:54000,54000,57000,5,1,3000,1200
k2,test,trimMA342_1200rpm_Avv__Dvv_10,trimMA342_1200rpm_Avv__Dvv_10:57000,57000,60000,5,1,3000,1200
k2,test,trimMA342_1200rpm_Avv__Dvv_10,trimMA342_1200rpm_Avv__Dvv_10:60000,60000,63000,5,1,3000,1200
k2,test,trimMA342_1200rpm_Avv__Dvv_10,trimMA342_1200rpm_Avv__Dvv_10:63000,63000,66000,5,1,3000,1200
k2,test,trimMA342_1200rpm_Avv__Dvv_10,trimMA342_1200rpm_Avv__Dvv_10:66000,66000,69000,5,1,3000,1200
k2,test,trimMA342_1200rpm_Avv__Dvv_10,trimMA342_1200rpm_Avv__Dvv_10:69000,69000,72000,5,1,3000,1200
k2,test,trimMA342_1200rpm_Avv__Dvv_10,trimMA342_1200rpm_Avv__Dvv_10:72000,72000,75000,5,1,3000,1200
k2,test,trimMA342_1200rpm_Avv__Dvv_10,trimMA342_1200rpm_Avv__Dvv_10:75000,75000,78000,5,1,3000,1200
k2,test,trimMA342_1200rpm_Avv__Dvv_10,trimMA342_1200rpm_Avv__Dvv_10:78000,78000,81000,5,1,3000,1200
k2,test,trimMA342_1200rpm_Avv__Dvv_10,trimMA342_1200rpm_Avv__Dvv_10:81000,81000,84000,5,1,3000,1200
k2,test,trimMA342_1200rpm_Avv__Dvv_10,trimMA342_1200rpm_Avv__Dvv_10:84000,84000,87000,5,1,3000,1200
k2,test,trimMA342_1200rpm_Avv__Dvv_10,trimMA342_1200rpm_Avv__Dvv_10:87000,87000,90000,5,1,3000,1200
k2,test,trimMA342_1200rpm_Avv__Dvv_10,trimMA342_1200rpm_Avv__Dvv_10:90000,90000,93000,5,1,3000,1200
k2,test,trimMA342_1200rpm_Avv__Dvv_10,trimMA342_1200rpm_Avv__Dvv_10:93000,93000,96000,5,1,3000,1200
k2,test,trimMA342_1200rpm_Avv__Dvv_10,trimMA342_1200rpm_Avv__Dvv_10:96000,96000,99000,5,1,3000,1200
k2,test,trimMA342_1200rpm_Avv__Dvv_10,trimMA342_1200rpm_Avv__Dvv_10:99000,99000,102000,5,1,3000,1200
k2,test,trimMA342_1200rpm_Avv__Dvv_10,trimMA342_1200rpm_Avv__Dvv_10:102000,102000,105000,5,1,3000,1200
k2,test,trimMA342_1200rpm_Avv__Dvv_10,trimMA342_1200rpm_Avv__Dvv_10:105000,105000,108000,5,1,3000,1200
k2,test,trimMA342_1200rpm_Avv__Dvv_10,trimMA342_1200rpm_Avv__Dvv_10:108000,108000,111000,5,1,3000,1200
k2,test,trimMA342_1200rpm_Avv__Dvv_10,trimMA342_1200rpm_Avv__Dvv_10:111000,111000,114000,5,1,3000,1200
k2,test,trimMA342_1200rpm_Avv__Dvv_10,trimMA342_1200rpm_Avv__Dvv_10:114000,114000,117000,5,1,3000,1200
k2,test,trimMA342_1200rpm_Avv__Dvv_10,trimMA342_1200rpm_Avv__Dvv_10:117000,117000,120000,5,1,3000,1200
k2,test,trimMA342_1200rpm_Avv__Dvv_10,trimMA342_1200rpm_Avv__Dvv_10:120000,120000,123000,5,1,3000,1200
k2,test,trimMA342_1200rpm_Avv__Dvv_10,trimMA342_1200rpm_Avv__Dvv_10:123000,123000,126000,5,1,3000,1200
k2,test,trimMA342_1200rpm_Avv__Dvv_10,trimMA342_1200rpm_Avv__Dvv_10:126000,126000,129000,5,1,3000,1200
k2,test,trimMA342_1200rpm_Avv__Dvv_10,trimMA342_1200rpm_Avv__Dvv_10:129000,129000,132000,5,1,3000,1200
k2,test,trimMA342_1200rpm_Avv__Dvv_10,trimMA342_1200rpm_Avv__Dvv_10:132000,132000,135000,5,1,3000,1200
k2,test,trimMA342_1200rpm_Avv__Dvv_10,trimMA342_1200rpm_Avv__Dvv_10:135000,135000,138000,5,1,3000,1200
k2,test,trimMA342_1200rpm_Avv__Dvv_10,trimMA342_1200rpm_Avv__Dvv_10:138000,138000,141000,5,1,3000,1200
k2,test,trimMA342_1200rpm_Avv__Dvv_10,trimMA342_1200rpm_Avv__Dvv_10:141000,141000,144000,5,1,3000,1200
k2,test,trimMA342_1200rpm_Avv__Dvv_10,trimMA342_1200rpm_Avv__Dvv_10:144000,144000,147000,5,1,3000,1200
k2,test,trimMA342_1200rpm_Avv__Dvv_10,trimMA342_1200rpm_Avv__Dvv_10:147000,147000,150000,5,1,3000,1200
k2,test,trimMA342_1200rpm_Avv__Dvv_10,trimMA342_1200rpm_Avv__Dvv_10:150000,150000,153000,5,1,3000,1200
k2,test,trimMA342_1200rpm_Avv__Dvv_10,trimMA342_1200rpm_Avv__Dvv_10:153000,153000,156000,5,1,3000,1200
k2,test,trimMA342_1200rpm_Avv__Dvv_10,trimMA342_1200rpm_Avv__Dvv_10:156000,156000,159000,5,1,3000,1200
k2,test,trimMA342_1200rpm_Avv__Dvv_10,trimMA342_1200rpm_Avv__Dvv_10:159000,159000,162000,5,1,3000,1200
k2,test,trimMA342_1200rpm_Avv__Dvv_10,trimMA342_1200rpm_Avv__Dvv_10:162000,162000,165000,5,1,3000,1200
k2,test,trimMA342_1200rpm_Avv__Dvv_10,trimMA342_1200rpm_Avv__Dvv_10:165000,165000,168000,5,1,3000,1200
k2,test,trimMA342_1200rpm_Avv__Dvv_10,trimMA342_1200rpm_Avv__Dvv_10:168000,168000,171000,5,1,3000,1200
k2,test,trimMA342_1200rpm_Avv__Dvv_10,trimMA342_1200rpm_Avv__Dvv_10:171000,171000,174000,5,1,3000,1200
k2,test,trimMA342_1200rpm_Avv__Dvv_10,trimMA342_1200rpm_Avv__Dvv_10:174000,174000,177000,5,1,3000,1200
k2,test,trimMA342_1200rpm_Avv__Dvv_10,trimMA342_1200rpm_Avv__Dvv_10:177000,177000,180000,5,1,3000,1200
k2,test,trimMA342_1200rpm_Avv__Dvv_10,trimMA342_1200rpm_Avv__Dvv_10:180000,180000,183000,5,1,3000,1200
k2,test,trimMA342_1200rpm_Avv__Dvv_10,trimMA342_1200rpm_Avv__Dvv_10:183000,183000,186000,5,1,3000,1200
k2,test,trimMA342_1200rpm_Avv__Dvv_10,trimMA342_1200rpm_Avv__Dvv_10:186000,186000,189000,5,1,3000,1200
k2,test,trimMA342_1200rpm_Avv__Dvv_10,trimMA342_1200rpm_Avv__Dvv_10:189000,189000,192000,5,1,3000,1200
k2,test,trimMA342_1200rpm_Avv__Dvv_10,trimMA342_1200rpm_Avv__Dvv_10:192000,192000,195000,5,1,3000,1200
k2,test,trimMA342_1200rpm_Avv__Dvv_10,trimMA342_1200rpm_Avv__Dvv_10:195000,195000,198000,5,1,3000,1200
k2,test,trimMA342_1200rpm_Avv__Dvv_10,trimMA342_1200rpm_Avv__Dvv_10:198000,198000,201000,5,1,3000,1200
k2,test,trimMA342_1200rpm_Avv__Dvv_10,trimMA342_1200rpm_Avv__Dvv_10:201000,201000,204000,5,1,3000,1200
k2,test,trimMA342_1200rpm_Avv__Dvv_10,trimMA342_1200rpm_Avv__Dvv_10:204000,204000,207000,5,1,3000,1200
k2,test,trimMA342_1200rpm_Avv__Dvv_10,trimMA342_1200rpm_Avv__Dvv_10:207000,207000,210000,5,1,3000,1200
k2,test,trimMA342_1200rpm_Avv__Dvv_10,trimMA342_1200rpm_Avv__Dvv_10:210000,210000,213000,5,1,3000,1200
k2,test,trimMA342_1200rpm_Avv__Dvv_10,trimMA342_1200rpm_Avv__Dvv_10:213000,213000,216000,5,1,3000,1200
k2,test,trimMA342_1200rpm_Avv__Dvv_10,trimMA342_1200rpm_Avv__Dvv_10:216000,216000,219000,5,1,3000,1200
k2,test,trimMA342_1200rpm_Avv__Dvv_10,trimMA342_1200rpm_Avv__Dvv_10:219000,219000,222000,5,1,3000,1200
k2,test,trimMA342_1200rpm_Avv__Dvv_10,trimMA342_1200rpm_Avv__Dvv_10:222000,222000,225000,5,1,3000,1200
k2,test,trimMA342_1200rpm_Avv__Dvv_10,trimMA342_1200rpm_Avv__Dvv_10:225000,225000,228000,5,1,3000,1200
k2,test,trimMA342_1200rpm_Avv__Dvv_10,trimMA342_1200rpm_Avv__Dvv_10:228000,228000,231000,5,1,3000,1200
k2,test,trimMA342_1200rpm_Avv__Dvv_10,trimMA342_1200rpm_Avv__Dvv_10:231000,231000,234000,5,1,3000,1200
k2,test,trimMA342_1200rpm_Avv__Dvv_10,trimMA342_1200rpm_Avv__Dvv_10:234000,234000,237000,5,1,3000,1200
k2,test,trimMA342_1200rpm_Avv__Dvv_10,trimMA342_1200rpm_Avv__Dvv_10:237000,237000,240000,5,1,3000,1200
k2,test,trimMA342_1200rpm_Avv__Dvv_10,trimMA342_1200rpm_Avv__Dvv_10:240000,240000,243000,5,1,3000,1200
k2,test,trimMA342_1200rpm_Avv__Dvv_10,trimMA342_1200rpm_Avv__Dvv_10:243000,243000,246000,5,1,3000,1200
k2,test,trimMA342_1200rpm_Avv__Dvv_10,trimMA342_1200rpm_Avv__Dvv_10:246000,246000,249000,5,1,3000,1200
k2,test,trimMA342_1200rpm_Avv__Dvv_10,trimMA342_1200rpm_Avv__Dvv_10:249000,249000,252000,5,1,3000,1200
k2,test,trimMA342_1200rpm_Avv__Dvv_10,trimMA342_1200rpm_Avv__Dvv_10:252000,252000,255000,5,1,3000,1200
k2,test,trimMA342_1200rpm_Avv__Dvv_10,trimMA342_1200rpm_Avv__Dvv_10:255000,255000,258000,5,1,3000,1200
k2,test,trimMA342_1200rpm_Avv__Dvv_10,trimMA342_1200rpm_Avv__Dvv_10:258000,258000,261000,5,1,3000,1200
k2,test,trimMA342_1200rpm_Avv__Dvv_10,trimMA342_1200rpm_Avv__Dvv_10:261000,261000,264000,5,1,3000,1200
k2,test,trimMA342_1200rpm_Avv__Dvv_10,trimMA342_1200rpm_Avv__Dvv_10:264000,264000,267000,5,1,3000,1200
k2,test,trimMA342_1200rpm_Avv__Dvv_10,trimMA342_1200rpm_Avv__Dvv_10:267000,267000,270000,5,1,3000,1200
k2,test,trimMA342_1200rpm_Avv__Dvv_10,trimMA342_1200rpm_Avv__Dvv_10:270000,270000,273000,5,1,3000,1200
k2,test,trimMA342_1200rpm_Avv__Dvv_10,trimMA342_1200rpm_Avv__Dvv_10:273000,273000,276000,5,1,3000,1200
k2,test,trimMA342_1200rpm_Avv__Dvv_10,trimMA342_1200rpm_Avv__Dvv_10:276000,276000,279000,5,1,3000,1200
k2,test,trimMA342_1200rpm_Avv__Dvv_10,trimMA342_1200rpm_Avv__Dvv_10:279000,279000,282000,5,1,3000,1200
k2,test,trimMA342_1200rpm_Avv__Dvv_14,trimMA342_1200rpm_Avv__Dvv_14:0,0,3000,5,1,3000,1200
k2,test,trimMA342_1200rpm_Avv__Dvv_14,trimMA342_1200rpm_Avv__Dvv_14:3000,3000,6000,5,1,3000,1200
k2,test,trimMA342_1200rpm_Avv__Dvv_14,trimMA342_1200rpm_Avv__Dvv_14:6000,6000,9000,5,1,3000,1200
k2,test,trimMA342_1200rpm_Avv__Dvv_14,trimMA342_1200rpm_Avv__Dvv_14:9000,9000,12000,5,1,3000,1200
k2,test,trimMA342_1200rpm_Avv__Dvv_14,trimMA342_1200rpm_Avv__Dvv_14:12000,12000,15000,5,1,3000,1200
k2,test,trimMA342_1200rpm_Avv__Dvv_14,trimMA342_1200rpm_Avv__Dvv_14:15000,15000,18000,5,1,3000,1200
k2,test,trimMA342_1200rpm_Avv__Dvv_14,trimMA342_1200rpm_Avv__Dvv_14:18000,18000,21000,5,1,3000,1200
k2,test,trimMA342_1200rpm_Avv__Dvv_14,trimMA342_1200rpm_Avv__Dvv_14:21000,21000,24000,5,1,3000,1200
k2,test,trimMA342_1200rpm_Avv__Dvv_14,trimMA342_1200rpm_Avv__Dvv_14:24000,24000,27000,5,1,3000,1200
k2,test,trimMA342_1200rpm_Avv__Dvv_14,trimMA342_1200rpm_Avv__Dvv_14:27000,27000,30000,5,1,3000,1200
k2,test,trimMA342_1200rpm_Avv__Dvv_14,trimMA342_1200rpm_Avv__Dvv_14:30000,30000,33000,5,1,3000,1200
k2,test,trimMA342_1200rpm_Avv__Dvv_14,trimMA342_1200rpm_Avv__Dvv_14:33000,33000,36000,5,1,3000,1200
k2,test,trimMA342_1200rpm_Avv__Dvv_14,trimMA342_1200rpm_Avv__Dvv_14:36000,36000,39000,5,1,3000,1200
k2,test,trimMA342_1200rpm_Avv__Dvv_14,trimMA342_1200rpm_Avv__Dvv_14:39000,39000,42000,5,1,3000,1200
k2,test,trimMA342_1200rpm_Avv__Dvv_14,trimMA342_1200rpm_Avv__Dvv_14:42000,42000,45000,5,1,3000,1200
k2,test,trimMA342_1200rpm_Avv__Dvv_14,trimMA342_1200rpm_Avv__Dvv_14:45000,45000,48000,5,1,3000,1200
k2,test,trimMA342_1200rpm_Avv__Dvv_14,trimMA342_1200rpm_Avv__Dvv_14:48000,48000,51000,5,1,3000,1200
k2,test,trimMA342_1200rpm_Avv__Dvv_14,trimMA342_1200rpm_Avv__Dvv_14:51000,51000,54000,5,1,3000,1200
k2,test,trimMA342_1200rpm_Avv__Dvv_14,trimMA342_1200rpm_Avv__Dvv_14:54000,54000,57000,5,1,3000,1200
k2,test,trimMA342_1200rpm_Avv__Dvv_14,trimMA342_1200rpm_Avv__Dvv_14:57000,57000,60000,5,1,3000,1200
k2,test,trimMA342_1200rpm_Avv__Dvv_14,trimMA342_1200rpm_Avv__Dvv_14:60000,60000,63000,5,1,3000,1200
k2,test,trimMA342_1200rpm_Avv__Dvv_14,trimMA342_1200rpm_Avv__Dvv_14:63000,63000,66000,5,1,3000,1200
k2,test,trimMA342_1200rpm_Avv__Dvv_14,trimMA342_1200rpm_Avv__Dvv_14:66000,66000,69000,5,1,3000,1200
k2,test,trimMA342_1200rpm_Avv__Dvv_14,trimMA342_1200rpm_Avv__Dvv_14:69000,69000,72000,5,1,3000,1200
k2,test,trimMA342_1200rpm_Avv__Dvv_14,trimMA342_1200rpm_Avv__Dvv_14:72000,72000,75000,5,1,3000,1200
k2,test,trimMA342_1200rpm_Avv__Dvv_14,trimMA342_1200rpm_Avv__Dvv_14:75000,75000,78000,5,1,3000,1200
k2,test,trimMA342_1200rpm_Avv__Dvv_14,trimMA342_1200rpm_Avv__Dvv_14:78000,78000,81000,5,1,3000,1200
k2,test,trimMA342_1200rpm_Avv__Dvv_14,trimMA342_1200rpm_Avv__Dvv_14:81000,81000,84000,5,1,3000,1200
k2,test,trimMA342_1200rpm_Avv__Dvv_14,trimMA342_1200rpm_Avv__Dvv_14:84000,84000,87000,5,1,3000,1200
k2,test,trimMA342_1200rpm_Avv__Dvv_14,trimMA342_1200rpm_Avv__Dvv_14:87000,87000,90000,5,1,3000,1200
k2,test,trimMA342_1200rpm_Avv__Dvv_14,trimMA342_1200rpm_Avv__Dvv_14:90000,90000,93000,5,1,3000,1200
k2,test,trimMA342_1200rpm_Avv__Dvv_14,trimMA342_1200rpm_Avv__Dvv_14:93000,93000,96000,5,1,3000,1200
k2,test,trimMA342_1200rpm_Avv__Dvv_14,trimMA342_1200rpm_Avv__Dvv_14:96000,96000,99000,5,1,3000,1200
k2,test,trimMA342_1200rpm_Avv__Dvv_14,trimMA342_1200rpm_Avv__Dvv_14:99000,99000,102000,5,1,3000,1200
k2,test,trimMA342_1200rpm_Avv__Dvv_14,trimMA342_1200rpm_Avv__Dvv_14:102000,102000,105000,5,1,3000,1200
k2,test,trimMA342_1200rpm_Avv__Dvv_14,trimMA342_1200rpm_Avv__Dvv_14:105000,105000,108000,5,1,3000,1200
k2,test,trimMA342_1200rpm_Avv__Dvv_14,trimMA342_1200rpm_Avv__Dvv_14:108000,108000,111000,5,1,3000,1200
k2,test,trimMA342_1200rpm_Avv__Dvv_14,trimMA342_1200rpm_Avv__Dvv_14:111000,111000,114000,5,1,3000,1200
k2,test,trimMA342_1200rpm_Avv__Dvv_14,trimMA342_1200rpm_Avv__Dvv_14:114000,114000,117000,5,1,3000,1200
k2,test,trimMA342_1200rpm_Avv__Dvv_14,trimMA342_1200rpm_Avv__Dvv_14:117000,117000,120000,5,1,3000,1200
k2,test,trimMA342_1200rpm_Avv__Dvv_14,trimMA342_1200rpm_Avv__Dvv_14:120000,120000,123000,5,1,3000,1200
k2,test,trimMA342_1200rpm_Avv__Dvv_14,trimMA342_1200rpm_Avv__Dvv_14:123000,123000,126000,5,1,3000,1200
k2,test,trimMA342_1200rpm_Avv__Dvv_14,trimMA342_1200rpm_Avv__Dvv_14:126000,126000,129000,5,1,3000,1200
k2,test,trimMA342_1200rpm_Avv__Dvv_14,trimMA342_1200rpm_Avv__Dvv_14:129000,129000,132000,5,1,3000,1200
k2,test,trimMA342_1200rpm_Avv__Dvv_14,trimMA342_1200rpm_Avv__Dvv_14:132000,132000,135000,5,1,3000,1200
k2,test,trimMA342_1200rpm_Avv__Dvv_14,trimMA342_1200rpm_Avv__Dvv_14:135000,135000,138000,5,1,3000,1200
k2,test,trimMA342_1200rpm_Avv__Dvv_14,trimMA342_1200rpm_Avv__Dvv_14:138000,138000,141000,5,1,3000,1200
k2,test,trimMA342_1200rpm_Avv__Dvv_14,trimMA342_1200rpm_Avv__Dvv_14:141000,141000,144000,5,1,3000,1200
k2,test,trimMA342_1200rpm_Avv__Dvv_14,trimMA342_1200rpm_Avv__Dvv_14:144000,144000,147000,5,1,3000,1200
k2,test,trimMA342_1200rpm_Avv__Dvv_14,trimMA342_1200rpm_Avv__Dvv_14:147000,147000,150000,5,1,3000,1200
k2,test,trimMA342_1200rpm_Avv__Dvv_14,trimMA342_1200rpm_Avv__Dvv_14:150000,150000,153000,5,1,3000,1200
k2,test,trimMA342_1200rpm_Avv__Dvv_14,trimMA342_1200rpm_Avv__Dvv_14:153000,153000,156000,5,1,3000,1200
k2,test,trimMA342_1200rpm_Avv__Dvv_14,trimMA342_1200rpm_Avv__Dvv_14:156000,156000,159000,5,1,3000,1200
k2,test,trimMA342_1200rpm_Avv__Dvv_14,trimMA342_1200rpm_Avv__Dvv_14:159000,159000,162000,5,1,3000,1200
k2,test,trimMA342_1200rpm_Avv__Dvv_14,trimMA342_1200rpm_Avv__Dvv_14:162000,162000,165000,5,1,3000,1200
k2,test,trimMA342_1200rpm_Avv__Dvv_14,trimMA342_1200rpm_Avv__Dvv_14:165000,165000,168000,5,1,3000,1200
k2,test,trimMA342_1200rpm_Avv__Dvv_14,trimMA342_1200rpm_Avv__Dvv_14:168000,168000,171000,5,1,3000,1200
k2,test,trimMA342_1200rpm_Avv__Dvv_14,trimMA342_1200rpm_Avv__Dvv_14:171000,171000,174000,5,1,3000,1200
k2,test,trimMA342_1200rpm_Avv__Dvv_14,trimMA342_1200rpm_Avv__Dvv_14:174000,174000,177000,5,1,3000,1200
k2,test,trimMA342_1200rpm_Avv__Dvv_14,trimMA342_1200rpm_Avv__Dvv_14:177000,177000,180000,5,1,3000,1200
k2,test,trimMA342_1200rpm_Avv__Dvv_14,trimMA342_1200rpm_Avv__Dvv_14:180000,180000,183000,5,1,3000,1200
k2,test,trimMA342_1200rpm_Avv__Dvv_14,trimMA342_1200rpm_Avv__Dvv_14:183000,183000,186000,5,1,3000,1200
k2,test,trimMA342_1200rpm_Avv__Dvv_14,trimMA342_1200rpm_Avv__Dvv_14:186000,186000,189000,5,1,3000,1200
k2,test,trimMA342_1200rpm_Avv__Dvv_14,trimMA342_1200rpm_Avv__Dvv_14:189000,189000,192000,5,1,3000,1200
k2,test,trimMA342_1200rpm_Avv__Dvv_14,trimMA342_1200rpm_Avv__Dvv_14:192000,192000,195000,5,1,3000,1200
k2,test,trimMA342_1200rpm_Avv__Dvv_14,trimMA342_1200rpm_Avv__Dvv_14:195000,195000,198000,5,1,3000,1200
k2,test,trimMA342_1200rpm_Avv__Dvv_14,trimMA342_1200rpm_Avv__Dvv_14:198000,198000,201000,5,1,3000,1200
k2,test,trimMA342_1200rpm_Avv__Dvv_14,trimMA342_1200rpm_Avv__Dvv_14:201000,201000,204000,5,1,3000,1200
k2,test,trimMA342_1200rpm_Avv__Dvv_14,trimMA342_1200rpm_Avv__Dvv_14:204000,204000,207000,5,1,3000,1200
k2,test,trimMA342_1200rpm_Avv__Dvv_14,trimMA342_1200rpm_Avv__Dvv_14:207000,207000,210000,5,1,3000,1200
k2,test,trimMA342_1200rpm_Avv__Dvv_14,trimMA342_1200rpm_Avv__Dvv_14:210000,210000,213000,5,1,3000,1200
k2,test,trimMA342_1200rpm_Avv__Dvv_14,trimMA342_1200rpm_Avv__Dvv_14:213000,213000,216000,5,1,3000,1200
k2,test,trimMA342_1200rpm_Avv__Dvv_14,trimMA342_1200rpm_Avv__Dvv_14:216000,216000,219000,5,1,3000,1200
k2,test,trimMA342_1200rpm_Avv__Dvv_14,trimMA342_1200rpm_Avv__Dvv_14:219000,219000,222000,5,1,3000,1200
k2,test,trimMA342_1200rpm_Avv__Dvv_14,trimMA342_1200rpm_Avv__Dvv_14:222000,222000,225000,5,1,3000,1200
k2,test,trimMA342_1200rpm_Avv__Dvv_14,trimMA342_1200rpm_Avv__Dvv_14:225000,225000,228000,5,1,3000,1200
k2,test,trimMA342_1200rpm_Avv__Dvv_14,trimMA342_1200rpm_Avv__Dvv_14:228000,228000,231000,5,1,3000,1200
k2,test,trimMA342_1200rpm_Avv__Dvv_14,trimMA342_1200rpm_Avv__Dvv_14:231000,231000,234000,5,1,3000,1200
k2,test,trimMA342_1200rpm_Avv__Dvv_14,trimMA342_1200rpm_Avv__Dvv_14:234000,234000,237000,5,1,3000,1200
k2,test,trimMA342_1200rpm_Avv__Dvv_14,trimMA342_1200rpm_Avv__Dvv_14:237000,237000,240000,5,1,3000,1200
k2,test,trimMA342_1200rpm_Avv__Dvv_14,trimMA342_1200rpm_Avv__Dvv_14:240000,240000,243000,5,1,3000,1200
k2,test,trimMA342_1200rpm_Avv__Dvv_14,trimMA342_1200rpm_Avv__Dvv_14:243000,243000,246000,5,1,3000,1200
k2,test,trimMA342_1200rpm_Avv__Dvv_14,trimMA342_1200rpm_Avv__Dvv_14:246000,246000,249000,5,1,3000,1200
k2,test,trimMA342_1200rpm_Avv__Dvv_14,trimMA342_1200rpm_Avv__Dvv_14:249000,249000,252000,5,1,3000,1200
k2,test,trimMA342_1200rpm_Avv__Dvv_14,trimMA342_1200rpm_Avv__Dvv_14:252000,252000,255000,5,1,3000,1200
k2,test,trimMA342_1200rpm_Avv__Dvv_14,trimMA342_1200rpm_Avv__Dvv_14:255000,255000,258000,5,1,3000,1200
k2,test,trimMA342_1200rpm_Avv__Dvv_14,trimMA342_1200rpm_Avv__Dvv_14:258000,258000,261000,5,1,3000,1200
k2,test,trimMA342_1200rpm_Avv__Dvv_14,trimMA342_1200rpm_Avv__Dvv_14:261000,261000,264000,5,1,3000,1200
k2,test,trimMA342_1200rpm_Avv__Dvv_14,trimMA342_1200rpm_Avv__Dvv_14:264000,264000,267000,5,1,3000,1200
k2,test,trimMA342_1200rpm_Avv__Dvv_14,trimMA342_1200rpm_Avv__Dvv_14:267000,267000,270000,5,1,3000,1200
k2,test,trimMA342_1200rpm_Avv__Dvv_14,trimMA342_1200rpm_Avv__Dvv_14:270000,270000,273000,5,1,3000,1200
k2,test,trimMA342_1200rpm_Avv__Dvv_14,trimMA342_1200rpm_Avv__Dvv_14:273000,273000,276000,5,1,3000,1200
k2,test,trimMA342_1200rpm_Avv__Dvv_14,trimMA342_1200rpm_Avv__Dvv_14:276000,276000,279000,5,1,3000,1200
k2,test,trimMA342_1200rpm_Avv__Dvv_14,trimMA342_1200rpm_Avv__Dvv_14:279000,279000,282000,5,1,3000,1200
