time_s,X_mm_s,Y_mm_s,Z_mm_s
0.000000000000000000e+00,-2.657686508134349842e-04,1.561714024552886379e-04,2.872567366019428007e-04
3.333333333333333222e-04,-3.552740545754965612e-04,1.722936067303277208e-04,3.390992889463461117e-04
6.666666666666666444e-04,-3.340525925089375767e-04,1.875792571161155630e-04,3.376755023351258700e-04
1.000000000000000021e-03,-3.007323917391604854e-04,1.916156069802085412e-04,2.970324467664062847e-04
1.333333333333333289e-03,-3.177336329645058977e-04,2.155424461366690209e-04,3.545917128024213836e-04
1.666666666666666774e-03,-3.122857945783274330e-04,2.189605253358389619e-04,2.359586628989250763e-04
2.000000000000000042e-03,-3.194462714764209643e-04,2.180950551323592270e-04,3.031554839031528389e-04
2.333333333333333526e-03,-2.939180592618063459e-04,2.307343061854382404e-04,2.630455428074540952e-04
2.666666666666666578e-03,-2.977722845213770747e-04,2.370695677493940372e-04,2.774389078977671885e-04
3.000000000000000062e-03,-2.986581901650920464e-04,2.761469764253538829e-04,2.912926273838152709e-04
3.333333333333333547e-03,-2.911441178625775702e-04,2.902792878393353781e-04,2.858168688942369856e-04
3.666666666666666598e-03,-3.415506479158738197e-04,3.211614972356954725e-04,2.325011836136577005e-04
4.000000000000000083e-03,-3.283007594272255975e-04,2.922342584909979691e-04,2.318266774060139316e-04
4.333333333333333134e-03,-3.232340089436507675e-04,3.156237253549293428e-04,2.258789648591098126e-04
4.666666666666667053e-03,-3.618844639629674171e-04,3.026820049952740782e-04,2.081927485317563824e-04
5.000000000000000104e-03,-3.570403999953352856e-04,2.742533590993149182e-04,2.250664050505901583e-04
5.333333333333333155e-03,-4.010776714760806933e-04,2.431631438078554785e-04,1.685390287238975758e-04
5.666666666666667074e-03,-4.024256196881657822e-04,2.345047398635374228e-04,1.749446606527651170e-04
6.000000000000000125e-03,-4.126068722149680971e-04,2.630720649853892398e-04,1.432866419864696917e-04
6.333333333333333176e-03,-3.981275442254912427e-04,2.392973665439876766e-04,1.080318422622821185e-04
6.666666666666667095e-03,-4.541521431680556830e-04,1.868614232063198948e-04,1.429164284403024534e-04
7.000000000000000146e-03,-4.199575939372813464e-04,2.079705914679088599e-04,1.353453959658573920e-04
7.333333333333333197e-03,-4.478979397486314491e-04,1.555512678918656480e-04,1.212160337140570177e-04
7.666666666666666248e-03,-4.195806122337138850e-04,1.723260437417227986e-04,5.692492751396757971e-05
8.000000000000000167e-03,-4.331605466674099411e-04,1.417433007043557042e-04,4.566421226808882987e-05
8.333333333333333218e-03,-4.412095669662152112e-04,1.270464351447207286e-04,2.496656769138303483e-06
8.666666666666666269e-03,-4.419056084929058343e-04,7.212127477597060892e-05,8.686199134766008298e-07
8.999999999999999320e-03,-4.439309707724776359e-04,1.252122554708470119e-04,-1.642639616597844877e-05
9.333333333333334106e-03,-4.091750143953317266e-04,1.428466250664132010e-04,-8.412014917613455374e-05
9.666666666666667157e-03,-3.855430775276744030e-04,1.746455618750018129e-04,-6.641043528992724094e-05
1.000000000000000021e-02,-3.456802604445802468e-04,2.765275741440533083e-04,-9.440615839513937500e-05
1.033333333333333326e-02,-3.507527215360862149e-04,2.780820913804960774e-04,-1.092326681095631436e-04
1.066666666666666631e-02,-3.426453986496412756e-04,3.039009428392872351e-04,-1.121147547322227001e-04
1.099999999999999936e-02,-3.096083352597635350e-04,3.311523038452115000e-04,-1.439915517815714948e-04
1.133333333333333415e-02,-2.759567288763835639e-04,3.188347306082499962e-04,-1.614677559553636733e-04
1.166666666666666720e-02,-2.451073993849191756e-04,3.741175718047677970e-04,-1.738403309842430811e-04
1.200000000000000025e-02,-2.444831483579341025e-04,3.711862289888781183e-04,-2.207116184436146600e-04
1.233333333333333330e-02,-2.260370961326432998e-04,3.299099378325531275e-04,-2.142064085337115956e-04
1.266666666666666635e-02,-2.113925140269881273e-04,3.416127611017582047e-04,-2.348140724346892063e-04
1.299999999999999940e-02,-2.003999472733997253e-04,3.135507854607070600e-04,-2.561051103681776116e-04
1.333333333333333419e-02,-1.020745163600606653e-04,3.950219183311948451e-04,-2.359934786283791332e-04
1.366666666666666724e-02,-9.569005669306461764e-05,3.298373234534923227e-04,-3.229536479135933918e-04
1.400000000000000029e-02,-8.271826801231934505e-05,2.797649328511649667e-04,-2.857649802280189631e-04
1.433333333333333334e-02,-2.924405376516574738e-05,2.371414313915590156e-04,-3.379341471891287446e-04
1.466666666666666639e-02,-6.603548155759013697e-05,1.561832330332675199e-04,-3.306544612226718126e-04
1.499999999999999944e-02,-8.294680110304868614e-05,1.351600370899890392e-04,-3.799643279523515780e-04
1.533333333333333250e-02,-8.636153389723449621e-05,6.481125901523556994e-05,-4.175306401600865566e-04
1.566666666666666555e-02,-3.033518778057684112e-05,7.249156927796193640e-05,-3.835731698326078922e-04
1.600000000000000033e-02,2.983314724780936777e-05,2.411342358087618931e-05,-3.232436881953327200e-04
1.633333333333333165e-02,-4.458734914622219979e-05,8.126495246099605936e-05,-3.026520473363406732e-04
1.666666666666666644e-02,6.711764184585822918e-05,9.058066538881955369e-05,-3.192758372873990224e-04
1.700000000000000122e-02,8.376092313072105913e-05,1.046039387405536353e-04,-2.614121044264076086e-04
1.733333333333333254e-02,8.949643339142990619e-05,7.950337422244356154e-05,-2.596582779829839757e-04
1.766666666666666732e-02,1.368308399330366726e-04,5.881164156240731538e-05,-2.410913023232971741e-04
1.799999999999999864e-02,1.066274073919534586e-04,5.562024607455497166e-05,-2.374057704486097714e-04
1.833333333333333343e-02,1.622264844635358993e-04,4.668443190349341363e-05,-2.499275890832299983e-04
1.866666666666666821e-02,1.739332851090812581e-04,-3.931687391178934358e-05,-2.353172017584870030e-04
1.899999999999999953e-02,2.141798278517758160e-04,-4.622837458230716692e-05,-2.174362706383085810e-04
1.933333333333333431e-02,2.202656227239741177e-04,-4.703672082707208510e-05,-2.253141501722278478e-04
1.966666666666666563e-02,2.436630167658888630e-04,-6.159250609712181416e-05,-2.102145811172995073e-04
2.000000000000000042e-02,2.329053735452384360e-04,-8.087900814119616854e-05,-2.203080816144773618e-04
2.033333333333333173e-02,3.022403390337787595e-04,-1.224568042954984827e-04,-1.551437051125478057e-04
2.066666666666666652e-02,3.040405945873798704e-04,-1.611442957602591121e-04,-1.627828355154316764e-04
2.100000000000000130e-02,3.326311067083739153e-04,-1.524679517928789838e-04,-2.114097491077252813e-04
2.133333333333333262e-02,3.271773129739243935e-04,-1.792117111073151517e-04,-1.628462310293746869e-04
2.166666666666666741e-02,4.177406476452832636e-04,-1.309764513514864736e-04,-1.642627318008515319e-04
2.199999999999999872e-02,3.628939839586830152e-04,-1.755213344585369992e-04,-2.131688294833942055e-04
2.233333333333333351e-02,3.858699079419097540e-04,-2.084537933736302926e-04,-2.191390671762780801e-04
2.266666666666666829e-02,3.602001270373454602e-04,-1.663767248242615723e-04,-2.465396445752751457e-04
2.299999999999999961e-02,3.592743015248548648e-04,-1.856366210116230215e-04,-2.678156318796520328e-04
2.333333333333333440e-02,3.356928083605891433e-04,-1.820460794262487522e-04,-2.923820901865714205e-04
2.366666666666666571e-02,3.086167766563001455e-04,-2.122245635889586572e-04,-3.683030947113327984e-04
2.400000000000000050e-02,3.055059093891350909e-04,-2.025343106125606111e-04,-2.897956461048961738e-04
2.433333333333333182e-02,3.300932037702982683e-04,-1.450625018401982503e-04,-3.578847502596969161e-04
2.466666666666666660e-02,3.157198211546292151e-04,-1.430356028276728050e-04,-2.893416599153042393e-04
2.500000000000000139e-02,3.525827471180198415e-04,-8.842523420558193821e-05,-2.872493757371848014e-04
2.533333333333333270e-02,3.399353821528473753e-04,-6.567058657763047555e-05,-2.768647028955186287e-04
2.566666666666666749e-02,3.176017384016454215e-04,-4.814464021668155404e-05,-2.664024692419222299e-04
2.599999999999999881e-02,3.670895676056794396e-04,-7.158314443802325062e-05,-2.160663295757898916e-04
2.633333333333333359e-02,3.703491282260225337e-04,-9.883378706640068138e-05,-2.427197310468335201e-04
2.666666666666666838e-02,3.735647443586670468e-04,-1.017789796836442000e-04,-2.123860806605977307e-04
2.699999999999999969e-02,3.589369133696098378e-04,-1.576480881489659969e-04,-1.556935102543036413e-04
2.733333333333333448e-02,3.993837624838313441e-04,-1.849927735172839235e-04,-1.878934096231120259e-04
2.766666666666666580e-02,3.821046050058379351e-04,-2.110024415850081261e-04,-1.452658190281761711e-04
2.800000000000000058e-02,4.292204380288809217e-04,-1.961419412695644801e-04,-9.597836133547626460e-05
2.833333333333333190e-02,4.112892922853797766e-04,-1.781678761723812471e-04,-6.161286946873934867e-05
2.866666666666666669e-02,4.347129823171487603e-04,-1.862576098618584717e-04,-1.037142793042072107e-05
2.900000000000000147e-02,4.599092994374807150e-04,-2.578266525139323259e-04,1.393545419360698634e-05
2.933333333333333279e-02,4.681944125841812940e-04,-2.191967865777953630e-04,-6.360747315150564916e-06
2.966666666666666757e-02,4.694369864832515274e-04,-2.682799648262291755e-04,8.495115100208979972e-05
2.999999999999999889e-02,4.945601262419517963e-04,-2.162468306643853015e-04,1.346427188121139464e-04
3.033333333333333368e-02,4.108355165018242943e-04,-2.697066496905499303e-04,1.045511048929731414e-04
3.066666666666666499e-02,4.338079597335500943e-04,-2.932542890521859492e-04,1.789754861795171638e-04
3.099999999999999978e-02,4.239619198923047332e-04,-2.562773904357602871e-04,1.814054733838330708e-04
3.133333333333333109e-02,3.593277636924386035e-04,-2.565669677777118198e-04,2.246495302000898293e-04
3.166666666666666935e-02,4.292544297427566325e-04,-1.907279892016495938e-04,1.900856225661562546e-04
3.200000000000000067e-02,3.528747223435268815e-04,-2.161096011373260072e-04,1.795284552915201489e-04
3.233333333333333198e-02,3.103051586811934339e-04,-1.950495414237150610e-04,2.554946552444909260e-04
3.266666666666666330e-02,2.752807221511714155e-04,-2.056714588878204731e-04,2.557235060832852144e-04
3.300000000000000155e-02,2.443473651430062279e-04,-2.138246169012545175e-04,2.376120115165640165e-04
3.333333333333333287e-02,2.466391136858793898e-04,-1.636424892747422792e-04,2.056251576489391477e-04
3.366666666666666419e-02,2.348030357541218665e-04,-1.880314975967544257e-04,1.984365591929003404e-04
3.400000000000000244e-02,2.030775902325387548e-04,-2.135731718161145820e-04,2.069448380281280143e-04
3.433333333333333376e-02,1.985633818563567455e-04,-2.306188860229237104e-04,2.327734592184129727e-04
3.466666666666666508e-02,2.087236954874116535e-04,-2.566771707765217445e-04,3.079162431713738089e-04
3.500000000000000333e-02,1.713640554074977033e-04,-2.386409757293399953e-04,2.533998456956237369e-04
3.533333333333333465e-02,2.065434941527930976e-04,-2.347052504967655118e-04,3.235941511547823406e-04
3.566666666666666596e-02,1.761389938257921421e-04,-2.506448962687255312e-04,2.870848952820972684e-04
3.599999999999999728e-02,1.707907103712128991e-04,-3.264859942826993616e-04,3.853915988777381011e-04
3.633333333333333554e-02,1.750693425735505278e-04,-3.444015019020089247e-04,3.896050493477010092e-04
3.666666666666666685e-02,1.816517699821588560e-04,-2.437340007180332255e-04,4.212917469369706781e-04
3.699999999999999817e-02,1.763508301866657270e-04,-2.769533576209843966e-04,4.202344003294209958e-04
3.733333333333333642e-02,1.349039448502201101e-04,-2.159472089805173235e-04,4.692420353323724217e-04
3.766666666666666774e-02,1.631280262956337078e-04,-2.280665876769834874e-04,4.781210066633918691e-04
3.799999999999999906e-02,6.441230252357345895e-05,-1.936314253149982708e-04,4.651603976045410324e-04
3.833333333333333037e-02,1.485488442474754514e-04,-1.551498946344828298e-04,4.919038416050037013e-04
3.866666666666666863e-02,1.172159350377293270e-04,-1.275558740105770005e-04,4.581187350878701656e-04
3.899999999999999994e-02,1.181572743684328267e-04,-1.194404469980274544e-04,4.692961421263237994e-04
3.933333333333333126e-02,9.505900740862456197e-05,-7.935132327690903290e-05,4.926050819098734329e-04
3.966666666666666952e-02,7.128644002232056344e-05,-5.868849398736170856e-05,4.965852403717960521e-04
4.000000000000000083e-02,6.778532068649096860e-05,-3.874183533707364229e-05,4.842833176693531281e-04
4.033333333333333215e-02,2.318333806478516527e-05,-3.184351786532113479e-05,4.192820162577770137e-04
4.066666666666666347e-02,-1.168956000560747121e-05,-2.120790916067177763e-05,4.782119200103101555e-04
4.100000000000000172e-02,2.469882803539232100e-05,-3.421819521583112708e-06,4.421861420131905523e-04
4.133333333333333304e-02,-3.638158625639315887e-05,-1.873139640999019160e-05,4.513959078849126994e-04
4.166666666666666435e-02,7.711011837442118170e-06,-2.007515397073736778e-05,4.166627713836312222e-04
4.200000000000000261e-02,7.312501481891467924e-06,-6.185138088878241590e-05,4.322782707795958185e-04
4.233333333333333393e-02,-1.468582420944049875e-05,-9.927739490939028241e-05,4.264260869123558248e-04
4.266666666666666524e-02,-5.677990497973734081e-05,-1.255133519043748376e-04,4.339400227861022244e-04
4.299999999999999656e-02,-4.736195678304294660e-05,-1.428451098122293292e-04,4.199390770881864529e-04
4.333333333333333481e-02,-3.424178747288731951e-05,-8.812374215134421442e-05,4.129128570685017068e-04
4.366666666666666613e-02,-6.365237688450455487e-05,-9.918288619482479838e-05,3.772325033460716061e-04
4.399999999999999745e-02,-4.528022264517962990e-05,-1.219933666434676707e-04,3.776712792566771864e-04
4.433333333333333570e-02,-8.245292869380535918e-05,-8.042433340086307079e-05,3.691323331318521164e-04
4.466666666666666702e-02,-5.815801743871571518e-05,-9.658881192938034114e-05,3.770823163547065834e-04
4.499999999999999833e-02,-9.738648795580369844e-05,-4.343566892515642296e-05,3.860853501521145387e-04
4.533333333333333659e-02,-9.125086123106357870e-05,-9.675401287767855366e-05,3.813056070624106170e-04
4.566666666666666791e-02,-8.697269131603467096e-05,-1.345874181579227345e-04,3.846357292884175039e-04
4.599999999999999922e-02,-9.885718704503679993e-05,-1.090653795915100125e-04,3.844472843815868561e-04
4.633333333333333054e-02,-9.499797180186910460e-05,-1.217566515339732074e-04,4.112377525270072948e-04
4.666666666666666879e-02,-1.108147241688151101e-04,-9.325782468199480396e-05,4.104736391986940950e-04
4.700000000000000011e-02,-1.200369820687269051e-04,-1.054319748125065681e-04,4.086000463218780938e-04
4.733333333333333143e-02,-1.255231903015283307e-04,-1.017601077113321510e-04,4.138794935198828644e-04
4.766666666666666968e-02,-1.252438599935831081e-04,-8.514272126293485410e-05,4.003222003105683102e-04
4.800000000000000100e-02,-1.443755930711752042e-04,-8.025859528737216053e-05,3.994951849315616374e-04
4.833333333333333232e-02,-1.694182676447888016e-04,-1.055895065951018409e-04,4.083390913446126682e-04
4.866666666666666363e-02,-1.738401545260843137e-04,-1.256159051530911610e-04,4.212127347625416814e-04
4.900000000000000189e-02,-1.788663868867192944e-04,-1.286664080355822283e-04,3.995087696845494099e-04
4.933333333333333320e-02,-1.838481852789759373e-04,-8.907148276361368671e-05,3.609224979672312093e-04
4.966666666666666452e-02,-1.872958152538506762e-04,-6.896032859883468322e-05,3.861125777125900931e-04
5.000000000000000278e-02,-2.254920050089320054e-04,-4.641286493851898938e-05,3.686850812642541129e-04
5.033333333333333409e-02,-2.700857072491377135e-04,-5.428803025692830299e-05,3.808309534708372479e-04
5.066666666666666541e-02,-2.954398546953374417e-04,-2.139401813717820472e-07,3.865418326852042741e-04
5.099999999999999672e-02,-2.496359386676712104e-04,2.503810492107849157e-05,3.382523899011073178e-04
5.133333333333333498e-02,-2.715182540387167101e-04,4.161546932668504619e-05,3.320115311567167033e-04
5.166666666666666630e-02,-2.390242150763465239e-04,1.101092671380549077e-04,3.601897921233897389e-04
5.199999999999999761e-02,-2.619946459986109265e-04,1.069127782886766386e-04,3.417461097079671343e-04
5.233333333333333587e-02,-2.519719308253249982e-04,1.228868867672764731e-04,3.135070656798486909e-04
5.266666666666666718e-02,-2.526727039985871915e-04,1.454412494407899420e-04,3.438025742596187927e-04
5.299999999999999850e-02,-2.618701547457124852e-04,1.668587116917675107e-04,3.070419714294095998e-04
5.333333333333333676e-02,-2.710543623211117631e-04,1.809950615524989488e-04,3.096911433982785082e-04
5.366666666666666807e-02,-3.135266824883894314e-04,1.747452027823119872e-04,2.568862796627400754e-04
5.399999999999999939e-02,-2.971981780707014503e-04,1.643875447055337131e-04,2.816642305129693816e-04
5.433333333333333071e-02,-2.985549369350230841e-04,1.727715154832123795e-04,2.821590580432746477e-04
5.466666666666666896e-02,-3.555626578229871310e-04,1.907838422746030156e-04,2.531495437190987006e-04
5.500000000000000028e-02,-3.024075849790699923e-04,2.058564645943333576e-04,2.713887001312051384e-04
5.533333333333333159e-02,-3.158182134842938186e-04,1.767606983602647806e-04,2.322311576207753791e-04
5.566666666666666985e-02,-3.179063108709946519e-04,1.560075864871258175e-04,2.392936762165525212e-04
5.600000000000000117e-02,-2.970422784741817766e-04,1.884123938581169083e-04,1.632338488687909471e-04
5.633333333333333248e-02,-3.164713438713877172e-04,1.580632594327443380e-04,1.766359769133699607e-04
5.666666666666666380e-02,-3.277842757299121736e-04,1.731512071401409734e-04,1.495953229004243960e-04
5.700000000000000205e-02,-3.222878427895768823e-04,1.280095270321356799e-04,1.455305935457028191e-04
5.733333333333333337e-02,-2.935182079331432963e-04,1.186264289960429390e-04,1.431542051584637498e-04
5.766666666666666469e-02,-3.010210221800221453e-04,1.733637692315734855e-04,6.987263396020503567e-05
5.800000000000000294e-02,-3.175513014112764810e-04,1.836897151463733361e-04,6.836882647761917799e-05
5.833333333333333426e-02,-3.292798295603312111e-04,1.637643813070482999e-04,7.677707015262425633e-05
5.866666666666666557e-02,-3.433619167847706930e-04,1.766840714219332321e-04,3.493260573473451708e-05
5.899999999999999689e-02,-3.412351232309937228e-04,2.265174170416411567e-04,4.426694204971971206e-05
5.933333333333333515e-02,-2.840536638950680293e-04,2.463989492662172214e-04,4.200327923797958620e-07
5.966666666666666646e-02,-2.995709084727121848e-04,2.628466368168112083e-04,-1.587895674509549453e-05
5.999999999999999778e-02,-2.909708960886667976e-04,2.841573649911871189e-04,-1.873088405503215079e-05
6.033333333333333603e-02,-2.729273057556647758e-04,2.613947893227410368e-04,1.641319122412996891e-05
6.066666666666666735e-02,-2.517838614707933534e-04,2.631998714700320820e-04,-2.152243468502307181e-05
6.099999999999999867e-02,-2.345333114191977065e-04,2.793093649928006235e-04,-3.360774153453566470e-05
6.133333333333332998e-02,-2.053188202049295976e-04,2.914482110735997118e-04,-3.452404473446207594e-05
6.166666666666666824e-02,-2.029900614839885340e-04,2.719557417734103761e-04,-3.940882292819658755e-05
6.199999999999999956e-02,-1.927300841478499899e-04,2.720542954065955418e-04,-4.489598912701465891e-05
6.233333333333333087e-02,-1.633400053363853776e-04,2.260212058409861253e-04,-7.781148277580485174e-05
6.266666666666666219e-02,-1.470096245760914495e-04,2.058045860860845816e-04,-6.153734056430722784e-05
6.300000000000000044e-02,-1.604858434924098494e-04,1.848178138259927504e-04,-1.059747076269914391e-04
6.333333333333333870e-02,-1.201879596650773645e-04,1.977794416571267014e-04,-4.356194025908871999e-05
6.366666666666666308e-02,-1.423405227581204786e-04,1.115074757752929980e-04,-9.389182455285166921e-05
6.400000000000000133e-02,-1.130217925540810399e-04,6.559822543814421755e-05,-1.173583823037596641e-04
6.433333333333333959e-02,-1.052766309839537663e-04,6.869084724923845363e-05,-1.291637358408988842e-04
6.466666666666666397e-02,-1.091041659497892744e-04,5.176240332305157542e-05,-1.451514516632789549e-04
6.500000000000000222e-02,-1.212041759431063437e-04,5.301296272286603332e-05,-1.189441409698343622e-04
6.533333333333332660e-02,-1.239302842025691808e-04,3.627620263616425313e-05,-1.422616728193763292e-04
6.566666666666666485e-02,-9.503352713458311811e-05,2.059262933624510307e-05,-1.111441996020950436e-04
6.600000000000000311e-02,-6.718351090368643297e-05,4.580056864606619717e-05,-1.495180208768542417e-04
6.633333333333332749e-02,-1.064988914348118950e-04,4.825657851324825862e-05,-1.681904089948213011e-04
6.666666666666666574e-02,-2.781872341644259119e-05,9.589735819750753716e-05,-1.341127948797006140e-04
6.700000000000000400e-02,-6.339719730532714949e-06,4.919585391983042732e-05,-1.177787839651318083e-04
6.733333333333332837e-02,2.096793491127690919e-05,3.829529657372113260e-05,-1.164790307930500292e-04
6.766666666666666663e-02,5.074984300692989925e-05,5.618639230017713243e-05,-1.520458008863322542e-04
6.800000000000000488e-02,3.780043447060041053e-05,5.737148226518062709e-05,-1.325522899211032388e-04
6.833333333333332926e-02,8.266927244125905070e-05,5.833906563023088279e-05,-1.588690043196994779e-04
6.866666666666666752e-02,9.524172646739218840e-05,1.300956538900602796e-05,-1.427008551114815956e-04
6.900000000000000577e-02,1.483662951472772057e-04,4.604739539926317561e-07,-1.456600090828218542e-04
6.933333333333333015e-02,1.277204895535465762e-04,1.919255680050706002e-05,-1.754103568808319097e-04
6.966666666666666841e-02,1.944699093178430124e-04,3.338152025571070888e-06,-1.582664856919910258e-04
7.000000000000000666e-02,1.460918415884240255e-04,1.037920982151033865e-05,-1.744451717919494414e-04
7.033333333333333104e-02,1.906714304690284830e-04,-1.434502464702571933e-06,-1.425636723281048751e-04
7.066666666666666929e-02,2.265786182117178319e-04,-1.792549976794135795e-05,-1.618765467167462629e-04
7.099999999999999367e-02,2.268025012359889544e-04,-1.078225114799406686e-05,-1.836363602236882958e-04
7.133333333333333193e-02,2.583418897125018456e-04,-1.775611799175782414e-05,-1.567110895293890270e-04
7.166666666666667018e-02,2.521521617759571129e-04,-1.002528831343887808e-05,-1.691405869954672582e-04
7.199999999999999456e-02,2.413225105086323340e-04,-4.559177881806946803e-05,-1.619813931436520256e-04
7.233333333333333282e-02,2.954738396961905452e-04,-9.540787043291320949e-05,-1.854288509640771856e-04
7.266666666666667107e-02,2.707222701602087530e-04,-7.851695040777753468e-05,-2.284006466892036743e-04
7.299999999999999545e-02,2.893673234752135843e-04,-9.495064577588224915e-05,-1.943607970262990477e-04
7.333333333333333370e-02,2.371622782440666933e-04,-1.105278409520382650e-04,-2.026515601638472278e-04
7.366666666666667196e-02,1.962035954989899003e-04,-1.357505425968538336e-04,-2.404607723993638815e-04
7.399999999999999634e-02,2.432835876589223463e-04,-1.425389385961323445e-04,-2.274360131180706986e-04
7.433333333333333459e-02,2.362510827652281682e-04,-6.761285942076207046e-05,-2.413744921740426338e-04
7.466666666666667285e-02,2.390225767610579157e-04,-4.418415684621962203e-05,-2.171295977423342140e-04
7.499999999999999722e-02,2.308168138712288816e-04,-3.688386183391142536e-05,-1.702007782735143367e-04
7.533333333333333548e-02,2.122411308459016079e-04,-2.850681272097479595e-05,-1.524450416824734127e-04
7.566666666666665986e-02,1.880111029742579721e-04,-2.157312000894186921e-05,-1.366789779408941123e-04
7.599999999999999811e-02,2.353619954970944653e-04,-2.440605157278177422e-05,-1.061021662816268767e-04
7.633333333333333637e-02,2.390233381754487360e-04,-6.372893503399886038e-05,-1.365856263049780074e-04
7.666666666666666075e-02,2.086460584129194609e-04,-7.347859330321324372e-05,-8.466719672914285808e-05
7.699999999999999900e-02,2.261758299989759160e-04,-1.522151346713432286e-04,-4.780476630602521835e-05
7.733333333333333726e-02,2.284686934700642046e-04,-1.625558364492677235e-04,-4.216088198459800240e-05
7.766666666666666163e-02,2.434094113870047705e-04,-1.693163516334843775e-04,-4.197155174664318078e-05
7.799999999999999989e-02,2.376977701077794512e-04,-1.733371301788589822e-04,-1.222579025412900007e-05
7.833333333333333814e-02,2.764993658836731685e-04,-1.315220688061299480e-04,8.297868785424108922e-06
7.866666666666666252e-02,2.904292518100626904e-04,-1.766145368162405616e-04,4.505098258514000621e-05
7.900000000000000078e-02,2.930104194015593954e-04,-2.004901058202126455e-04,6.726082006205256938e-05
7.933333333333333903e-02,3.256049106767751008e-04,-1.832892220632821503e-04,1.948941589380595700e-06
7.966666666666666341e-02,2.875918954694273058e-04,-2.260711290079052134e-04,5.501183580674958812e-05
8.000000000000000167e-02,3.553338732788952092e-04,-1.905154529976962538e-04,1.373661424864161247e-04
8.033333333333333992e-02,2.963590383122569039e-04,-2.494676631536489261e-04,7.414288350155438280e-05
8.066666666666666430e-02,3.532558646328726962e-04,-2.492417948979250243e-04,1.216283803135614000e-04
8.100000000000000255e-02,3.136071681538245585e-04,-2.219703969831262399e-04,1.179613387971073843e-04
8.133333333333332693e-02,2.937755864775877111e-04,-2.115010862087047595e-04,8.361890908047472796e-05
8.166666666666666519e-02,3.072631722230261529e-04,-2.150692868995587132e-04,6.302621598367117686e-05
8.200000000000000344e-02,2.822695816842491390e-04,-2.005156049871912173e-04,7.472400178921956813e-05
8.233333333333332782e-02,2.353067113736469597e-04,-1.655311879797396958e-04,1.505431351801974921e-04
8.266666666666666607e-02,2.644721185530785122e-04,-1.610229611454077876e-04,8.721304865861928199e-05
8.300000000000000433e-02,1.909587828214483944e-04,-1.473153597146246454e-04,1.346003390271520472e-04
8.333333333333332871e-02,1.677938649090725959e-04,-1.014151635233141832e-04,7.520104287210330174e-05
8.366666666666666696e-02,1.457083062824213356e-04,-1.374192495038980720e-04,1.031068468137087528e-04
8.400000000000000522e-02,1.533148904334200209e-04,-9.397954818553518942e-05,9.995573563829100651e-05
8.433333333333332960e-02,1.670951584320140885e-04,-1.279538681152759942e-04,1.225939717839435138e-04
8.466666666666666785e-02,1.369817767393304833e-04,-8.947484204836986471e-05,1.512573796930555259e-04
8.500000000000000611e-02,1.780255067525243328e-04,-1.243859133554741476e-04,1.565990322877543889e-04
8.533333333333333048e-02,1.586696731036923123e-04,-8.683961316292116654e-05,2.364230553576326585e-04
8.566666666666666874e-02,1.956262530371533374e-04,-1.263057935291270965e-04,1.585104041304114257e-04
8.599999999999999312e-02,1.442216446843521945e-04,-1.506835796289207683e-04,2.092819235189024283e-04
8.633333333333333137e-02,2.353023604342708674e-04,-1.558621109612994948e-04,2.386119422236652836e-04
8.666666666666666963e-02,1.812640197036355784e-04,-1.130395477306461033e-04,2.290421223432667229e-04
8.699999999999999400e-02,1.842604572652093678e-04,-1.345646630637357748e-04,2.586530522596520824e-04
8.733333333333333226e-02,1.690949317493802375e-04,-9.627565756577829937e-05,2.869336633097331613e-04
8.766666666666667052e-02,1.906456239598540285e-04,-1.135829388620812977e-04,3.070143084601844631e-04
8.799999999999999489e-02,1.587777667538171238e-04,-1.042905505529864257e-04,3.031187934591857863e-04
8.833333333333333315e-02,1.757451522321423298e-04,-1.184249588527803949e-04,3.290935668530893987e-04
8.866666666666667140e-02,1.539689453951313615e-04,-1.119848012232437342e-04,3.528936767334476111e-04
8.899999999999999578e-02,1.700909977394236795e-04,-1.080616055305856014e-04,3.664902147847268654e-04
8.933333333333333404e-02,1.425620604394544071e-04,-1.129738582522622320e-04,3.747062617808422156e-04
8.966666666666667229e-02,1.350155464452169234e-04,-1.088230468990365187e-04,3.944583765160887979e-04
8.999999999999999667e-02,6.986976056477879117e-05,-1.059386639703540815e-04,4.119864233583343739e-04
9.033333333333333492e-02,4.926621007056708061e-05,-1.132277108729646246e-04,4.090000708537685657e-04
9.066666666666667318e-02,3.788706235341272134e-05,-1.366070557325421047e-04,4.333421775456395664e-04
9.099999999999999756e-02,6.007229488266180360e-05,-9.851696962449663704e-05,3.720701811017115422e-04
9.133333333333333581e-02,1.108468943960881791e-05,-1.002523432622632877e-04,4.162086110305394221e-04
9.166666666666666019e-02,2.994828058187786984e-05,-9.161257183107500749e-05,4.048366053082607069e-04
9.199999999999999845e-02,-2.758632546784557584e-05,-1.253794230309092188e-04,4.081030127205748570e-04
9.233333333333333670e-02,-2.746040316379291628e-05,-1.435261835016092200e-04,4.291111075349425172e-04
9.266666666666666108e-02,-4.590159797317084359e-05,-1.251002524555824044e-04,3.829564157956768578e-04
9.299999999999999933e-02,-6.106324163527536832e-05,-1.428180056215424707e-04,3.817017709700545316e-04
9.333333333333333759e-02,-2.731409602892897949e-05,-8.684884852111364841e-05,4.305747195331270107e-04
9.366666666666666197e-02,-5.599622601633227458e-05,-1.057714179112017390e-04,4.044605572848487341e-04
9.400000000000000022e-02,-4.729948681128211762e-05,-1.662879566582011587e-04,4.108209792718819009e-04
9.433333333333333848e-02,-7.428144304824861718e-05,-1.137098651724324940e-04,3.890226175769745214e-04
9.466666666666666285e-02,-6.050128382313893700e-05,-1.544888578539774856e-04,4.064574288923038757e-04
9.500000000000000111e-02,-1.124244765611710659e-04,-1.277194958226460849e-04,3.860879045501122405e-04
9.533333333333333937e-02,-1.158207586530651324e-04,-2.082238090087190131e-04,3.823221413564969725e-04
9.566666666666666374e-02,-1.417966825294798155e-04,-2.072695447516997196e-04,3.998705653282242614e-04
9.600000000000000200e-02,-1.419338730866822815e-04,-2.052419597209763510e-04,3.901638239096987784e-04
9.633333333333334025e-02,-1.796870012464217375e-04,-1.973309531876616231e-04,3.806552224994952079e-04
9.666666666666666463e-02,-1.478071517637295025e-04,-1.280332909013574719e-04,4.815464543783130381e-04
9.700000000000000289e-02,-1.790134214442601888e-04,-1.225546589667461932e-04,4.365004003973009658e-04
9.733333333333332726e-02,-1.587704584500136554e-04,-1.358678387649552423e-04,4.256930907960146870e-04
9.766666666666666552e-02,-1.690205102057005008e-04,-7.108197578510791319e-05,3.821195311516790549e-04
9.800000000000000377e-02,-1.675643595700062130e-04,-7.011724651463571018e-05,3.707875540071143530e-04
9.833333333333332815e-02,-1.741645714433143340e-04,-5.370894999952780300e-05,4.494230418131859531e-04
9.866666666666666641e-02,-1.503869596866711888e-04,-6.058291382525483692e-05,4.246666291824372462e-04
9.900000000000000466e-02,-1.123694915648056867e-04,-6.512479438250263065e-05,3.890292357899685421e-04
9.933333333333332904e-02,-1.246729895540684492e-04,-7.962683995273641275e-06,3.937292700512441137e-04
9.966666666666666730e-02,-1.408791781885459810e-04,2.959144715972706068e-05,3.944333259993613181e-04
1.000000000000000056e-01,-1.484857351461735763e-04,8.760163783630599277e-05,3.338351971635775562e-04
1.003333333333333299e-01,-1.832361440756149964e-04,5.478906383723068803e-05,3.637427855746962918e-04
1.006666666666666682e-01,-1.814683574071079559e-04,1.105301457743367212e-04,3.901779311531860931e-04
1.010000000000000064e-01,-1.528718355511007009e-04,1.433794670500882309e-04,3.413064629798622809e-04
1.013333333333333308e-01,-1.681453731369413724e-04,1.557337487325072224e-04,3.585099271128996544e-04
1.016666666666666691e-01,-1.917590088658479750e-04,2.283011420186202068e-04,2.910119919310675402e-04
1.019999999999999934e-01,-1.817473613945999893e-04,1.882306896418503323e-04,3.020977018868535743e-04
1.023333333333333317e-01,-1.723215951037141834e-04,2.194983636029930289e-04,3.095801431943782846e-04
1.026666666666666700e-01,-1.666590378593254477e-04,2.000102951742619361e-04,3.534981692141542405e-04
1.029999999999999943e-01,-2.333596999092385439e-04,2.301510612798268881e-04,3.040931221318100538e-04
1.033333333333333326e-01,-2.291386088801497642e-04,2.309209290227463645e-04,2.969329703807456694e-04
1.036666666666666708e-01,-3.031028650913698765e-04,2.337676974442005234e-04,2.263424139321932726e-04
1.039999999999999952e-01,-2.634662696624614836e-04,1.973901457454274783e-04,2.232312152254896430e-04
1.043333333333333335e-01,-2.989984880110447955e-04,2.200568859660007807e-04,2.005131831696588664e-04
1.046666666666666717e-01,-3.381698048604221056e-04,2.459294539440615764e-04,2.023381989436435005e-04
1.049999999999999961e-01,-3.784856906994231852e-04,1.645687052847378119e-04,1.113937130429479375e-04
1.053333333333333344e-01,-4.024762537451550691e-04,1.447857784683052841e-04,1.240829535986051862e-04
1.056666666666666726e-01,-3.796913360005388415e-04,1.339349121384552299e-04,1.290322593690317119e-04
1.059999999999999970e-01,-3.736287642672604615e-04,1.536584271902016545e-04,3.795683880051630284e-05
1.063333333333333353e-01,-3.281458387920655460e-04,1.403003326156395075e-04,5.850316086548654573e-05
1.066666666666666735e-01,-3.227714768946008663e-04,1.177699676353129984e-04,7.548221532897557711e-05
1.069999999999999979e-01,-2.770926775673684191e-04,1.623196528697488114e-04,9.406994547239373239e-05
1.073333333333333361e-01,-2.749639532842432948e-04,1.590317359158258256e-04,7.389814750021186300e-05
1.076666666666666605e-01,-2.488263376232645297e-04,1.796862941557795959e-04,1.209717186078391186e-04
1.079999999999999988e-01,-2.603226615764912951e-04,2.088140573140974344e-04,7.548614126453455006e-05
1.083333333333333370e-01,-2.322505366887877654e-04,2.531214098560598215e-04,9.909901086893604873e-05
1.086666666666666614e-01,-2.145362036930716131e-04,2.238552781215993361e-04,9.839335116525780667e-05
1.089999999999999997e-01,-2.217996075007808631e-04,1.948794226910279470e-04,8.909902891436163636e-05
1.093333333333333379e-01,-1.826580945861297934e-04,2.114518361162439817e-04,1.097775338189005715e-04
1.096666666666666623e-01,-1.769040316479875607e-04,1.949234572930894126e-04,1.369589627374070875e-04
1.100000000000000006e-01,-1.944966199212863720e-04,2.629536038807253878e-04,7.616002338630385531e-05
1.103333333333333388e-01,-2.001883012661238523e-04,2.014438402205617079e-04,8.980135048429289046e-05
1.106666666666666632e-01,-1.931105194095472188e-04,2.134988885313002206e-04,9.335150652191446694e-05
1.110000000000000014e-01,-1.929891825876963916e-04,1.849640780832809974e-04,1.094168484675372608e-04
1.113333333333333397e-01,-2.431686751856738504e-04,2.087655441781402369e-04,7.289654046942461432e-05
1.116666666666666641e-01,-1.951095313125225477e-04,2.388628452061853725e-04,5.263324134851249386e-05
1.120000000000000023e-01,-2.319272346997728717e-04,2.195521060097417848e-04,1.033192430009587796e-05
1.123333333333333267e-01,-2.132956149100916868e-04,1.637654685811732813e-04,8.089235426236631316e-06
1.126666666666666650e-01,-2.060771889381827929e-04,1.904708367640061859e-04,-8.022675316438398270e-05
1.130000000000000032e-01,-2.282375837221028840e-04,1.645490308005715925e-04,-3.514991578477453626e-05
1.133333333333333276e-01,-1.517289797438563107e-04,2.254568846826451661e-04,-9.873920113499478593e-05
1.136666666666666659e-01,-1.955595544108661632e-04,1.765094862624373121e-04,-1.531853816930579836e-04
1.140000000000000041e-01,-1.901120695385119779e-04,1.730960668095172530e-04,-1.177062738946969763e-04
1.143333333333333285e-01,-1.844069546683507971e-04,1.881875869890388159e-04,-1.625938971453514911e-04
1.146666666666666667e-01,-1.769769914626504446e-04,1.553517530899328324e-04,-1.683514231504265786e-04
1.150000000000000050e-01,-1.090757624736747149e-04,1.809009864532094879e-04,-1.373339778365553873e-04
1.153333333333333294e-01,-8.731071851550053153e-05,1.906130366870653452e-04,-1.815191416378412884e-04
1.156666666666666676e-01,-1.060886794317595158e-04,1.669406196758489345e-04,-1.509149282545986872e-04
1.160000000000000059e-01,-3.971972212253139183e-05,1.376950425998463550e-04,-1.690054941740886795e-04
1.163333333333333303e-01,-2.487782113305810176e-06,5.997356223355718597e-05,-1.518113187610429929e-04
1.166666666666666685e-01,1.903110744966585516e-05,1.263210162035293890e-04,-1.796870867557379451e-04
1.170000000000000068e-01,6.527648746212181825e-05,7.882543291804276861e-05,-1.628881173510870486e-04
1.173333333333333311e-01,1.009773115098715603e-04,5.739097553699266935e-05,-1.662558879203100584e-04
1.176666666666666694e-01,1.200714293568887702e-04,-3.130688930881597629e-06,-1.352653218399147176e-04
1.179999999999999938e-01,8.847849713267881577e-05,1.662522430104114424e-05,-1.046077273439700969e-04
1.183333333333333320e-01,1.557157931678909138e-04,2.122427735602718535e-05,-1.543992142052169831e-04
1.186666666666666703e-01,9.353359525673707688e-05,-9.626498168755508701e-06,-1.686092141574448546e-04
1.189999999999999947e-01,1.495381662814859530e-04,-6.772087492758245976e-05,-1.730778722091783864e-04
1.193333333333333329e-01,1.381547628017543573e-04,-6.860204588717640131e-05,-1.332831960754462890e-04
1.196666666666666712e-01,1.649284178160903233e-04,-7.625773715721585538e-05,-9.654413146471773602e-05
1.199999999999999956e-01,1.639495652299535657e-04,-2.541437212223472006e-05,-1.290186866727792696e-04
1.203333333333333338e-01,2.026813828156031846e-04,-7.385330162040237303e-05,-8.123693049072602075e-05
1.206666666666666721e-01,1.999486393735917811e-04,-1.191595937365548644e-04,-9.653725200647393060e-05
1.209999999999999964e-01,2.019249991984403236e-04,-9.494565596427299154e-05,-8.915135533236245228e-05
1.213333333333333347e-01,2.225278392658320214e-04,-1.210948251853532923e-04,-7.105852528737447989e-05
1.216666666666666730e-01,2.281957536043275887e-04,-7.901782135468247504e-05,-1.074236318366891205e-04
1.219999999999999973e-01,2.421728200295766300e-04,-1.355958519650970410e-04,-9.632239230216704654e-05
1.223333333333333356e-01,2.602748761104449427e-04,-1.490198690053555670e-04,-8.806852279933570786e-05
1.226666666666666600e-01,2.871909292125491295e-04,-1.306335199149736572e-04,-1.418714304707270819e-04
1.229999999999999982e-01,2.498239741158091577e-04,-1.385333818885073993e-04,-1.073091193355420571e-04
1.233333333333333365e-01,3.169817295405520262e-04,-1.061400491426566563e-04,-7.998245982860356000e-05
1.236666666666666609e-01,2.889949374513621342e-04,-1.454942791052089694e-04,-1.366138117647026863e-04
1.239999999999999991e-01,3.031905841935177278e-04,-1.605707586593350499e-04,-7.779003163807413101e-05
1.243333333333333374e-01,3.018477755285706686e-04,-1.069211326359248144e-04,-1.234121313948184911e-04
1.246666666666666617e-01,2.977036689330676486e-04,-1.305510424063505842e-04,-1.110139543314621108e-04
1.250000000000000000e-01,3.028964063049515787e-04,-9.139476752511135112e-05,-1.108887017478246847e-04
1.253333333333333244e-01,2.748266744339048699e-04,-9.623505305470632864e-05,-1.514374187541290629e-04
1.256666666666666765e-01,2.727525000532075210e-04,-9.699134281480320378e-05,-1.262350895092811856e-04
1.260000000000000009e-01,2.953635161896354532e-04,-1.004647241413416498e-04,-9.635731208388565654e-05
1.263333333333333253e-01,2.826607583275310941e-04,-1.072114736585117731e-04,-7.000856611494319715e-05
1.266666666666666774e-01,2.875710653471642863e-04,-6.706315821628015643e-05,-4.773128382271626615e-05
1.270000000000000018e-01,2.169673931299260041e-04,-1.022708223721899805e-04,-5.533349156363331775e-05
1.273333333333333262e-01,2.264680227714517308e-04,-1.424196749796142949e-04,-1.358497672053234813e-05
1.276666666666666783e-01,2.399233571787648769e-04,-1.201664225200208707e-04,-1.170569450272146642e-05
1.280000000000000027e-01,2.288983759268245846e-04,-1.530034731306476688e-04,3.809451504714256087e-05
1.283333333333333270e-01,2.405583495873347033e-04,-1.072629250233543189e-04,-1.633496032856063371e-05
1.286666666666666792e-01,2.570812866083918460e-04,-1.684538067151504319e-04,3.018389277525271113e-05
1.290000000000000036e-01,2.260977850239172368e-04,-1.697330106106621252e-04,8.090494828966407503e-05
1.293333333333333279e-01,2.521301895321078224e-04,-1.942055319404639821e-04,9.523692074628233983e-05
1.296666666666666801e-01,2.162908764436855620e-04,-2.073921219655510035e-04,1.270802348627862114e-04
1.300000000000000044e-01,2.682924064855157103e-04,-1.931119412705729476e-04,1.656448812788738800e-04
1.303333333333333288e-01,2.501979645485555184e-04,-2.134235680740139015e-04,1.336799720122292966e-04
1.306666666666666532e-01,2.387734854817765101e-04,-2.194868040068927390e-04,1.771401657317917900e-04
1.310000000000000053e-01,2.585476891449911031e-04,-2.440542288353173992e-04,2.085777950026602935e-04
1.313333333333333297e-01,2.126992303754620924e-04,-2.528373327667783306e-04,2.025523329667010535e-04
1.316666666666666541e-01,2.829982552562604814e-04,-1.982206799591199704e-04,2.580314917559607506e-04
1.320000000000000062e-01,2.558214721120438380e-04,-2.056115811485093817e-04,2.430432422046823599e-04
1.323333333333333306e-01,2.636218634188763964e-04,-2.138456375343373574e-04,2.901738300880708863e-04
1.326666666666666550e-01,2.520453462142739957e-04,-2.010146379230753498e-04,2.901323501478581565e-04
1.330000000000000071e-01,1.846894870810633421e-04,-1.829470931386235043e-04,2.966176183370291446e-04
1.333333333333333315e-01,2.054545628004411401e-04,-1.287999097656416169e-04,2.922330812557200129e-04
1.336666666666666559e-01,1.586121319304434633e-04,-1.655636767660931177e-04,2.655987797151592193e-04
1.340000000000000080e-01,1.479589384481903955e-04,-1.690092355243978303e-04,2.930070057945243877e-04
1.343333333333333324e-01,1.699001818544108530e-04,-1.767045087500822037e-04,3.194445316075120254e-04
1.346666666666666567e-01,9.336904816820742591e-05,-1.529168795128372181e-04,3.694577866585595921e-04
1.350000000000000089e-01,1.520056383884110958e-04,-1.490051260859704817e-04,3.228605744934416513e-04
1.353333333333333333e-01,1.264065466520227974e-04,-1.425993470287663541e-04,3.914958553837515195e-04
1.356666666666666576e-01,1.312588366144128746e-04,-1.856036403631654394e-04,3.673388554649640973e-04
1.360000000000000098e-01,8.305737623360664838e-05,-1.843781788744024749e-04,3.949609543221370748e-04
1.363333333333333341e-01,1.307150235791433286e-04,-2.077503787897301134e-04,4.274136520109682422e-04
1.366666666666666585e-01,8.722704459794421736e-05,-1.608443245954223929e-04,4.253084797338603854e-04
1.370000000000000107e-01,1.017000909186968659e-04,-1.836602673021692906e-04,4.169567593713670133e-04
1.373333333333333350e-01,6.893910822891781030e-05,-1.556625832156270661e-04,4.364905891868097907e-04
1.376666666666666594e-01,7.573409262273389498e-05,-1.516327828837631217e-04,4.205535259156341723e-04
1.380000000000000115e-01,5.545613855822369072e-05,-1.474582456558817280e-04,4.243700287422038525e-04
1.383333333333333359e-01,3.931080868826927088e-05,-1.291182739844258108e-04,4.432448238742389864e-04
1.386666666666666603e-01,6.252498777633466264e-06,-1.197453238401661492e-04,4.273926362819871309e-04
1.390000000000000124e-01,1.061662353953994716e-05,-1.093025477318898780e-04,4.461416853671352741e-04
1.393333333333333368e-01,1.893432964109024753e-05,-7.145106651931801213e-05,4.130460050641320316e-04
1.396666666666666612e-01,1.751725626360837616e-06,-7.127930309505120683e-05,4.594000559562184992e-04
1.400000000000000133e-01,-9.783250304714049764e-06,-4.498113848763064641e-05,4.564081592469076509e-04
1.403333333333333377e-01,-1.960640692417831159e-05,-5.143238243012018286e-05,4.495860588490393855e-04
1.406666666666666621e-01,-3.005638774336806464e-05,-3.436968927291301324e-05,4.684675302485685495e-04
1.409999999999999865e-01,-3.342086718775999114e-05,-2.254659924737219704e-05,4.587096137883390720e-04
1.413333333333333386e-01,-6.650207221727679017e-05,-1.701904968494175266e-05,4.396088705425070281e-04
1.416666666666666630e-01,-6.068442437915862219e-05,1.277961714838069764e-06,4.433852577096127350e-04
1.419999999999999873e-01,-9.888947917321874422e-05,-3.266435158284878979e-05,4.379971615149556266e-04
1.423333333333333395e-01,-1.087517398603256497e-04,-5.768086916391134512e-05,4.392914865912922896e-04
1.426666666666666639e-01,-1.192938144299189428e-04,-8.323449045490663716e-05,4.556831746515592409e-04
1.429999999999999882e-01,-1.244423353803932692e-04,-9.342294149598573448e-05,4.460014256952613367e-04
1.433333333333333404e-01,-1.168636788215148909e-04,-7.472512720001737866e-05,4.048096970475348788e-04
1.436666666666666647e-01,-1.576475081904148698e-04,-1.037434575120304843e-04,4.151079847932786712e-04
1.439999999999999891e-01,-1.492601479683761220e-04,-1.035037588705621487e-04,4.212564498010023866e-04
1.443333333333333413e-01,-1.579552011844180168e-04,-1.019433392888695247e-04,4.262421702565211373e-04
1.446666666666666656e-01,-1.879445675081973925e-04,-8.792892592688002532e-05,4.397251537059025206e-04
1.449999999999999900e-01,-1.844673239521941251e-04,-6.765361278483923973e-05,4.314248696303629141e-04
1.453333333333333421e-01,-2.095809188376380648e-04,-1.070244301496671847e-04,4.232727986931900718e-04
1.456666666666666665e-01,-2.076661791917034543e-04,-1.572443729113712847e-04,4.200532122350838756e-04
1.459999999999999909e-01,-2.179015465269959679e-04,-1.513947863440499408e-04,4.367362177760890059e-04
1.463333333333333430e-01,-2.337434255688389457e-04,-1.511551977243680593e-04,4.388010421757331230e-04
1.466666666666666674e-01,-2.337765742882105390e-04,-1.505419880616219893e-04,4.760259358692749631e-04
1.469999999999999918e-01,-2.572575335595174168e-04,-1.428131646629384117e-04,4.690830240570152991e-04
1.473333333333333439e-01,-2.406440969994374623e-04,-1.413565538727016972e-04,4.319796964863642204e-04
1.476666666666666683e-01,-2.565756597791701973e-04,-6.448048738540835103e-05,3.684607296492057259e-04
1.479999999999999927e-01,-2.294462746807818211e-04,-4.527256678434256619e-05,4.002685289253665691e-04
1.483333333333333448e-01,-2.822186280198292702e-04,-1.630683335812510123e-05,4.267759813835413866e-04
1.486666666666666692e-01,-2.911058567894390372e-04,-1.119984207442178753e-05,4.044775382260834226e-04
1.489999999999999936e-01,-2.961108239338733675e-04,-1.602292160917392411e-06,4.150063603911200404e-04
1.493333333333333457e-01,-2.868637996712317334e-04,5.577291748293681313e-05,3.612763691716631303e-04
1.496666666666666701e-01,-3.213342528451925881e-04,6.874035705314354412e-05,3.405691127760250483e-04
1.499999999999999944e-01,-3.314491807398805721e-04,6.865588620862468530e-05,3.655464808335751178e-04
1.503333333333333466e-01,-3.697980068869495193e-04,4.508578945881210390e-05,3.653180944307803622e-04
1.506666666666666710e-01,-3.896321447400698094e-04,6.960357504593582708e-05,3.547497952057792779e-04
1.509999999999999953e-01,-3.677882264090184014e-04,1.036418305773470044e-04,3.187478195536382541e-04
1.513333333333333197e-01,-3.592539404029231466e-04,1.109925479272008957e-04,3.145626125978999801e-04
1.516666666666666718e-01,-3.678450061678763760e-04,1.846964015487039370e-04,2.887160525671311545e-04
1.519999999999999962e-01,-3.682614998396530016e-04,1.770497061776746641e-04,2.834316997638807963e-04
1.523333333333333206e-01,-3.600052388596901580e-04,2.220530694844957090e-04,2.483050118074530614e-04
1.526666666666666727e-01,-3.818636512575382131e-04,2.466312635042534418e-04,2.711154375999507912e-04
1.529999999999999971e-01,-3.650252711317142438e-04,2.898212606704502880e-04,2.036889094530544694e-04
1.533333333333333215e-01,-3.761071409159969523e-04,3.118190943168517638e-04,2.202959216536279189e-04
1.536666666666666736e-01,-3.947449336009179691e-04,3.599050350928506537e-04,1.219558367205170847e-04
1.539999999999999980e-01,-3.885788910906018520e-04,3.419400047258963735e-04,1.463567816480852257e-04
1.543333333333333224e-01,-3.694226295922770228e-04,3.826559355081928047e-04,1.184029013237105005e-04
1.546666666666666745e-01,-3.988619012120625789e-04,3.726137163650529893e-04,1.331593827975721949e-04
1.549999999999999989e-01,-3.679395303258220637e-04,4.195248315615376770e-04,1.137034766346843904e-04
1.553333333333333233e-01,-3.646436121683175008e-04,3.646761492781138802e-04,1.016513697023294527e-04
1.556666666666666754e-01,-3.670241742612051581e-04,3.311948369734813401e-04,1.388994634254129526e-04
1.559999999999999998e-01,-3.503000334873747150e-04,3.629910297092783398e-04,6.606303236231665090e-05
1.563333333333333242e-01,-3.554504579738260650e-04,2.986962392654716266e-04,7.495270749176400932e-05
1.566666666666666763e-01,-3.782326563813322010e-04,2.709953939587870370e-04,1.806897813076672766e-05
1.570000000000000007e-01,-3.408734513953558818e-04,2.127332663349639820e-04,2.481925059857450884e-05
1.573333333333333250e-01,-3.455387733347438416e-04,1.847343267056822120e-04,2.660721308796746887e-05
1.576666666666666772e-01,-2.951694166197420884e-04,1.759203907865344624e-04,-5.515710747916685672e-05
1.580000000000000016e-01,-3.440879797931564125e-04,1.697429392955749565e-04,-4.443997102992453772e-05
1.583333333333333259e-01,-2.737298637169564169e-04,1.955992240492402561e-04,-1.103406199282513728e-05
1.586666666666666781e-01,-3.492283971190427664e-04,1.616021813846614432e-04,-1.031757550482571671e-04
1.590000000000000024e-01,-3.157460694707639351e-04,2.039316528558992746e-04,-7.848192516845224750e-05
1.593333333333333268e-01,-2.654249809894657108e-04,2.213485417389913763e-04,-7.376020755144618878e-05
1.596666666666666790e-01,-3.331917591533773565e-04,2.619496356637072000e-04,-1.207692002846939898e-04
1.600000000000000033e-01,-2.568784851597462966e-04,2.981597989221924970e-04,-7.973407365057681359e-05
1.603333333333333277e-01,-2.666460721253665462e-04,2.735791455919139902e-04,-7.093470955261076778e-05
1.606666666666666798e-01,-2.324817075365138465e-04,2.189226001788606869e-04,-1.268702347659603170e-04
1.610000000000000042e-01,-2.141155222421455169e-04,2.381798040683888679e-04,-1.065317405539907705e-04
1.613333333333333286e-01,-1.707571332709262551e-04,2.320594862439488682e-04,-9.936151634718544000e-05
1.616666666666666530e-01,-1.716291431020088053e-04,2.230411686767850719e-04,-1.834608324430960717e-04
1.620000000000000051e-01,-1.479429282656347425e-04,2.012908969936486210e-04,-1.736625971326528320e-04
1.623333333333333295e-01,-1.123400003538470906e-04,1.719095918643784001e-04,-1.862635585643269412e-04
1.626666666666666539e-01,-1.063739107012335884e-04,1.647033201764013270e-04,-2.083287097137445350e-04
1.630000000000000060e-01,-9.293536820057505437e-05,1.536604723010557845e-04,-2.031412208436571081e-04
1.633333333333333304e-01,-6.266493119310000018e-05,2.033075316206847129e-04,-2.199632959392872577e-04
1.636666666666666548e-01,-2.901882466902512756e-05,1.388995870054431407e-04,-2.141489636060132300e-04
1.640000000000000069e-01,-2.541849371790641483e-05,1.209863574843001745e-04,-2.248307013239123834e-04
1.643333333333333313e-01,8.983899546946766331e-06,1.075198655625999320e-04,-2.319723627167433807e-04
1.646666666666666556e-01,4.413528361513569667e-06,7.943342625373686638e-05,-2.339166079199958656e-04
1.650000000000000078e-01,3.193351904239074684e-05,9.596215455786019015e-05,-2.104082219018754642e-04
1.653333333333333321e-01,5.296643587042380006e-05,6.318337666283618326e-05,-2.434014069852208297e-04
1.656666666666666565e-01,8.965337993273695425e-05,3.409326037109558819e-05,-2.106683931433916035e-04
1.660000000000000087e-01,1.278792716474029089e-04,4.335927581079003544e-05,-2.281894734456434821e-04
1.663333333333333330e-01,9.187354192618780958e-05,3.330449476838489079e-05,-2.204961491670583281e-04
1.666666666666666574e-01,1.870037789285788757e-04,6.108690505005195601e-05,-2.359121733012022330e-04
1.670000000000000095e-01,1.927900660114752868e-04,-4.932069168651910158e-06,-2.066383658660138453e-04
1.673333333333333339e-01,2.090676916318340891e-04,-1.137110069284486013e-05,-1.963711953322420879e-04
1.676666666666666583e-01,2.421883474444750523e-04,-3.993729323748314460e-05,-1.890709580728036317e-04
1.680000000000000104e-01,2.183257020164003684e-04,-4.351433126653739156e-05,-1.722721047771526184e-04
1.683333333333333348e-01,2.437291782377765722e-04,-4.864270884396676545e-05,-1.997322606067211171e-04
1.686666666666666592e-01,2.151298282711748653e-04,-1.013967639974969019e-04,-1.998491243151160799e-04
1.690000000000000113e-01,2.622043545635160651e-04,-1.139558609432079767e-04,-1.809483497943543192e-04
1.693333333333333357e-01,2.467625172039338488e-04,-9.957726899618014708e-05,-1.960967426837387684e-04
1.696666666666666601e-01,2.690383478481759173e-04,-1.033662510531018229e-04,-1.717331848541369928e-04
1.700000000000000122e-01,2.494001926205775734e-04,-8.173909374900936720e-05,-2.286062757280188536e-04
1.703333333333333366e-01,3.002050239803841420e-04,-1.023488213469173216e-04,-1.777334076962439394e-04
1.706666666666666610e-01,3.008846407109300723e-04,-1.257303148672655655e-04,-1.997392852012148240e-04
1.710000000000000131e-01,3.127609920252875800e-04,-9.734495283647200418e-05,-2.605293857547009810e-04
1.713333333333333375e-01,3.303385151709966358e-04,-1.118632206773403296e-04,-2.113476598200310721e-04
1.716666666666666619e-01,3.531401840322107998e-04,-8.655705779969340825e-05,-2.268645246205843488e-04
1.719999999999999862e-01,3.066444686437456231e-04,-1.128267397081615111e-04,-2.619269317319448519e-04
1.723333333333333384e-01,3.625793838484203061e-04,-1.385946057767351383e-04,-2.854996711632574427e-04
1.726666666666666627e-01,3.473945782324808326e-04,-1.139997013891757064e-04,-2.881220509804004334e-04
1.729999999999999871e-01,3.555215347328603945e-04,-1.123163551126630437e-04,-2.944336201057274867e-04
1.733333333333333393e-01,3.861957389144370003e-04,-1.028201029051354438e-04,-1.772554449981735328e-04
1.736666666666666636e-01,3.337926987483066303e-04,-1.111054553309309874e-04,-2.261677835394605999e-04
1.739999999999999880e-01,3.669078343066142214e-04,-1.551930749497318080e-04,-2.063878316714890155e-04
1.743333333333333401e-01,3.364826670175767869e-04,-1.182325889950974074e-04,-1.693119058248132754e-04
1.746666666666666645e-01,3.817226469153590387e-04,-1.499664964560208993e-04,-1.750211014586817917e-04
1.749999999999999889e-01,3.219608085956985775e-04,-1.042204407875349460e-04,-1.102880698913645449e-04
1.753333333333333410e-01,3.292869475105369135e-04,-1.383965018424168462e-04,-8.438812874789368619e-05
1.756666666666666654e-01,3.355861287657615306e-04,-1.509845862929241249e-04,-6.271340862425016686e-05
1.759999999999999898e-01,3.323171592390176390e-04,-1.529503908546176643e-04,-4.454372893495627672e-05
1.763333333333333419e-01,3.528547896025101055e-04,-1.740956592059037097e-04,1.256741441596159461e-05
1.766666666666666663e-01,3.418528683292631131e-04,-1.494105887284088996e-04,2.536818492283112207e-05
1.769999999999999907e-01,2.961990325167010571e-04,-1.794654342906217112e-04,5.930799942551314639e-05
1.773333333333333428e-01,2.801501575340403978e-04,-2.004704313360464261e-04,9.396230517267797325e-05
1.776666666666666672e-01,2.957948302486619152e-04,-1.934353794352736947e-04,1.010354042010706013e-04
1.779999999999999916e-01,2.951185854961324551e-04,-2.360411220841717231e-04,1.603731117884871899e-04
1.783333333333333437e-01,2.884826415331981538e-04,-1.865991951494546405e-04,1.285018154030084553e-04
1.786666666666666681e-01,3.047595329325372259e-04,-2.399933376409749976e-04,1.692469743235112609e-04
1.789999999999999925e-01,2.411203549878705558e-04,-2.152444674710754275e-04,2.308940899188521650e-04
1.793333333333333446e-01,2.779526340220307701e-04,-2.508066930135133938e-04,2.329533410865012916e-04
1.796666666666666690e-01,2.146601443655255100e-04,-2.629415265350416842e-04,2.423441354026857500e-04
1.799999999999999933e-01,2.832012809648974672e-04,-2.558523956902910689e-04,3.067166630389519849e-04
1.803333333333333455e-01,2.400840428085982466e-04,-2.628132023008155098e-04,2.610383665262581325e-04
1.806666666666666698e-01,2.267866475006373157e-04,-2.646216498203981604e-04,3.004471253715871541e-04
1.809999999999999942e-01,2.336150661442215886e-04,-2.735036439222734940e-04,3.196604653200679443e-04
1.813333333333333464e-01,1.975628561534527967e-04,-2.839940529922153033e-04,3.196101610958631688e-04
1.816666666666666707e-01,2.383539733458077479e-04,-2.577369523986219359e-04,3.770205463667621005e-04
1.819999999999999951e-01,2.186365222480800936e-04,-2.243485243692372141e-04,3.422993110379699130e-04
1.823333333333333195e-01,1.901785778112014404e-04,-2.589468296249269408e-04,3.778149931712980491e-04
1.826666666666666716e-01,1.645420815928642715e-04,-2.578957720833057192e-04,3.775743282417643224e-04
1.829999999999999960e-01,1.235080868065244360e-04,-2.652690180119038690e-04,3.900157559075818751e-04
1.833333333333333204e-01,1.407512266644951376e-04,-1.691213024217077079e-04,3.274081576378542742e-04
1.836666666666666725e-01,7.989373343147810973e-05,-2.171013504641777867e-04,3.106525259174144015e-04
1.839999999999999969e-01,5.921996625391330393e-05,-1.853509009040672003e-04,3.340827705786050253e-04
1.843333333333333213e-01,6.252268955253579370e-05,-1.769171485039522048e-04,3.439561284119807810e-04
1.846666666666666734e-01,8.926234303942276512e-06,-1.455700905879467614e-04,3.644504699290602328e-04
1.849999999999999978e-01,6.366213939004985111e-05,-5.890028592628903558e-05,3.390362998139027331e-04
1.853333333333333222e-01,7.281232805820231455e-05,-4.947383283446292555e-05,3.628377159205098011e-04
1.856666666666666743e-01,8.967947197230796295e-05,-6.571596732860857527e-05,3.369592839692696047e-04
1.859999999999999987e-01,4.466657711824395695e-05,-8.344924651019847768e-05,3.904018763867347940e-04
1.863333333333333230e-01,7.914509312673615588e-05,-7.627967032393930620e-05,3.957957199768867584e-04
1.866666666666666752e-01,6.732477375353140175e-05,-6.398539581822722559e-05,3.719084993193568617e-04
1.869999999999999996e-01,5.568807082034060561e-05,-7.277189748132874107e-05,3.810293837516588820e-04
1.873333333333333239e-01,6.315188297471842577e-05,-7.292565616383555726e-05,3.813526312073683869e-04
1.876666666666666761e-01,4.795905531430430416e-05,-6.478804358164072790e-05,3.683245047650782113e-04
1.880000000000000004e-01,8.109288631524351725e-05,-6.886078476957139052e-05,4.269327285334004749e-04
1.883333333333333248e-01,4.210330956327420468e-05,-5.892951289026751973e-05,3.836955947162624882e-04
1.886666666666666770e-01,3.938056648348505173e-05,-4.650898514866257338e-05,4.092106635523292605e-04
1.890000000000000013e-01,3.633988530713060246e-05,-4.698443135509154119e-05,4.260230145192181136e-04
1.893333333333333257e-01,4.167333477777448444e-05,-6.370496322829108621e-05,4.288560160621718038e-04
1.896666666666666778e-01,3.883138275742312916e-05,-8.897784775147004200e-05,4.742000637914160852e-04
1.900000000000000022e-01,-4.056717255639786081e-06,-8.912014475257608282e-05,5.250573151627050674e-04
1.903333333333333266e-01,-2.936264405653541337e-05,-1.108233983016771823e-04,5.264365739724652859e-04
1.906666666666666787e-01,-2.428748062377630875e-05,-1.581831823433284517e-04,5.230965824814673773e-04
1.910000000000000031e-01,-4.058760535954943771e-05,-1.373882621913363028e-04,5.187589244088661004e-04
1.913333333333333275e-01,-6.330798643620115052e-05,-1.459286968930946125e-04,5.297341856785013495e-04
1.916666666666666796e-01,-6.394085776182513805e-05,-1.294764790336466037e-04,5.296740412165555027e-04
1.920000000000000040e-01,-1.401712531586843879e-04,-1.713133117763542771e-04,5.298216738099227694e-04
1.923333333333333284e-01,-1.603737796101043151e-04,-1.918317018758945898e-04,5.252621314385209558e-04
1.926666666666666805e-01,-1.607095633564543772e-04,-1.903438966732627570e-04,4.976478118843409397e-04
1.930000000000000049e-01,-1.840612997282912435e-04,-2.010886761134902912e-04,5.063120396200535217e-04
1.933333333333333293e-01,-1.594478453241293052e-04,-1.116180144746794042e-04,5.190237109831281328e-04
1.936666666666666536e-01,-1.907386863887828091e-04,-1.299473593359376543e-04,5.089727934616619393e-04
1.940000000000000058e-01,-1.773314298615755072e-04,-1.675750044599001623e-04,4.704740679302650596e-04
1.943333333333333302e-01,-2.282023954998987220e-04,-1.134465377343553324e-04,4.789306927741641224e-04
1.946666666666666545e-01,-2.012154764727063731e-04,-1.128461682612756368e-04,4.445272477780863054e-04
1.950000000000000067e-01,-2.443164529930874954e-04,-7.480543016039050222e-05,4.650663493146255469e-04
1.953333333333333310e-01,-2.456013941643324892e-04,-1.334501294231993623e-04,4.357786087994497100e-04
1.956666666666666554e-01,-2.269940852484151814e-04,-1.499045218308973340e-04,4.571519535002390930e-04
1.960000000000000075e-01,-2.360730544776552169e-04,-1.227766052693764264e-04,4.297407666413765909e-04
1.963333333333333319e-01,-2.668240799325909606e-04,-1.141401409636515874e-04,4.208718967933480402e-04
1.966666666666666563e-01,-2.616664763961690666e-04,-8.275052403189713196e-05,4.711307804336747678e-04
1.970000000000000084e-01,-2.842209575140788348e-04,-7.607357363042850532e-05,4.327653480341580737e-04
1.973333333333333328e-01,-2.613621281868112726e-04,-5.449085865619438673e-05,4.139241084030927933e-04
1.976666666666666572e-01,-2.639105005727606637e-04,3.640886678808772793e-06,3.688925099925676582e-04
1.980000000000000093e-01,-2.652221456344264639e-04,3.431293504742898357e-05,3.963186168579167930e-04
1.983333333333333337e-01,-3.296816116183423607e-04,8.043238524353639039e-05,3.771377584021567671e-04
1.986666666666666581e-01,-3.060908455145313462e-04,6.931811381317168558e-05,4.169938561968336435e-04
1.990000000000000102e-01,-3.001546685701285259e-04,8.130488389760970628e-05,4.216172585181780547e-04
1.993333333333333346e-01,-3.088770239307554255e-04,1.443082062526498076e-04,3.476544032494067148e-04
1.996666666666666590e-01,-3.412844791995412884e-04,1.619500055547366357e-04,3.543718023566190512e-04
2.000000000000000111e-01,-3.298285645957699306e-04,2.233854980371728258e-04,3.546520894823671053e-04
2.003333333333333355e-01,-3.351199867113778476e-04,2.047462023878593548e-04,3.485666426343367731e-04
2.006666666666666599e-01,-3.306885821501971776e-04,2.392189792570728634e-04,3.570828313951823481e-04
2.010000000000000120e-01,-3.163698310170692243e-04,2.942746578239084860e-04,2.873273599011293340e-04
2.013333333333333364e-01,-3.161058649637958021e-04,2.929005763172531614e-04,2.685037398107981946e-04
2.016666666666666607e-01,-3.000037453605202331e-04,3.473506690839571432e-04,2.509684361560591452e-04
2.020000000000000129e-01,-3.064230397358961634e-04,3.141286975456101930e-04,2.228483748255837297e-04
2.023333333333333373e-01,-2.922618741882961188e-04,3.184537963523213886e-04,2.253178971443641127e-04
2.026666666666666616e-01,-2.827820202822912314e-04,3.335454718567179566e-04,1.884890367358413017e-04
2.030000000000000138e-01,-3.182319514899242135e-04,3.429155743782693450e-04,1.891568957032410182e-04
2.033333333333333381e-01,-2.941116760640425341e-04,3.472436761325637918e-04,1.463219199208665709e-04
2.036666666666666625e-01,-3.235106471078570429e-04,3.357814252072489165e-04,1.226107785616783910e-04
2.039999999999999869e-01,-2.906600486636159823e-04,2.982066293720039190e-04,8.208126308123178281e-05
2.043333333333333390e-01,-3.114894095122756239e-04,2.861839921851813120e-04,8.908892017455822502e-05
2.046666666666666634e-01,-3.105680165192743910e-04,2.771798609566005107e-04,5.836232064861313133e-05
2.049999999999999878e-01,-3.311278638669560670e-04,2.506239153035141366e-04,4.297026576613518367e-05
2.053333333333333399e-01,-3.500870550049149134e-04,2.028476146658204980e-04,2.261812874667790271e-05
2.056666666666666643e-01,-3.267398327326807611e-04,1.587396733758743197e-04,-3.823083527056444517e-06
2.059999999999999887e-01,-3.148846650544106065e-04,1.544728990597242458e-04,-3.433681897213035778e-05
2.063333333333333408e-01,-3.056240984929608573e-04,1.396468290915714634e-04,-2.917398875089577097e-05
2.066666666666666652e-01,-3.269295880762206953e-04,9.068393054321297248e-05,-1.576618587894685212e-05
2.069999999999999896e-01,-3.306598115635727125e-04,8.723896719692906751e-05,1.223442831788588744e-05
2.073333333333333417e-01,-3.087553879818224719e-04,5.847437948383188015e-05,-7.276150670327789777e-06
2.076666666666666661e-01,-2.968443107325694961e-04,8.294961899894618405e-05,-3.631940917259838701e-05
2.079999999999999905e-01,-2.767234731679357545e-04,8.178384109340057484e-05,-4.335747231027249480e-05
2.083333333333333426e-01,-2.631774760613732290e-04,9.820936896182839635e-05,-4.306344078166177803e-05
2.086666666666666670e-01,-2.460908476507719716e-04,6.364623184658575999e-05,-2.520210305521574547e-05
2.089999999999999913e-01,-2.579984985352662429e-04,8.235297732286640760e-05,-1.259000967317663558e-05
2.093333333333333435e-01,-1.969099500263502532e-04,8.353951698670320414e-05,-4.732509100020635822e-05
2.096666666666666679e-01,-2.026112850179284501e-04,7.320866539460140496e-05,-4.817828895868949410e-05
2.099999999999999922e-01,-1.420581467926119751e-04,1.670094027079931456e-04,-3.044710942112647856e-05
2.103333333333333444e-01,-1.299949226320512195e-04,1.420162841721618119e-04,-7.577504702663522950e-05
2.106666666666666687e-01,-1.125101356801379201e-04,1.565998143480077786e-04,-6.270671784313118860e-05
2.109999999999999931e-01,-1.142777251967044762e-04,1.839005427767017285e-04,-6.544056230017397625e-05
2.113333333333333452e-01,-1.263332264398726423e-04,2.044439401811164528e-04,-9.898886451202038321e-05
2.116666666666666696e-01,-1.101247059738232422e-04,2.612531330367443548e-04,-1.068007360794989962e-04
2.119999999999999940e-01,-1.188053670982101726e-04,2.586720219264922985e-04,-1.568500139477641583e-04
2.123333333333333461e-01,-1.031429031205461169e-04,2.540575528776628923e-04,-1.157349752944688024e-04
2.126666666666666705e-01,-1.054888480520227477e-04,3.080165083896283418e-04,-1.872000647302351931e-04
2.129999999999999949e-01,-1.043337008410408738e-04,2.994438178888291315e-04,-1.830463233134686308e-04
2.133333333333333470e-01,-6.658312205984210155e-05,3.212096220594651708e-04,-1.780752325919367099e-04
2.136666666666666714e-01,-7.235255605099893429e-05,3.140006580736548567e-04,-2.308185875847804038e-04
2.139999999999999958e-01,-6.706825180027658172e-05,2.495003728202279162e-04,-2.397586612769949581e-04
2.143333333333333202e-01,-3.911253493591191282e-05,2.379590356460606912e-04,-2.886704337869075302e-04
2.146666666666666723e-01,-2.960479422784337397e-05,1.856660688558270400e-04,-2.567898051405621829e-04
2.149999999999999967e-01,-2.873550373387087468e-05,1.718032460999642139e-04,-2.642798806148299938e-04
2.153333333333333210e-01,-4.876554943074257263e-05,1.077114717396475207e-04,-2.721600242742472408e-04
2.156666666666666732e-01,1.350062539348214774e-06,9.523324080698142562e-05,-2.888867448537130764e-04
2.159999999999999976e-01,7.949750940262647990e-06,8.727523555524071186e-05,-2.787201827683508971e-04
2.163333333333333219e-01,4.309500421891322323e-05,7.626645560247770578e-05,-2.517896291145563866e-04
2.166666666666666741e-01,6.193865072306568452e-05,1.017024312444028412e-04,-2.976689973878195346e-04
2.169999999999999984e-01,9.417427787820971028e-05,6.673503525450301551e-05,-2.229677033933368435e-04
2.173333333333333228e-01,8.410788335259346477e-05,5.934021211201993547e-05,-2.124189395075682036e-04
2.176666666666666750e-01,1.558725357589147049e-04,-1.491705109535556498e-05,-2.103178600727066705e-04
2.179999999999999993e-01,1.489845636326201858e-04,-5.490614559697632829e-05,-2.080431396285012120e-04
2.183333333333333237e-01,2.253327539147443985e-04,-5.770946188465026351e-05,-1.928587529491491179e-04
2.186666666666666758e-01,2.393206976884336434e-04,-9.938460143248673538e-05,-1.954726277820497348e-04
2.190000000000000002e-01,3.030693017584091078e-04,-1.527323923925602719e-04,-1.988379890895249037e-04
2.193333333333333246e-01,2.739878949023072646e-04,-1.319425591302242622e-04,-1.852429894824942443e-04
2.196666666666666767e-01,2.998279878900745004e-04,-1.353847784037165685e-04,-1.469258293996841391e-04
2.200000000000000011e-01,3.175273101449431045e-04,-1.158586812680904989e-04,-1.580151097072169547e-04
2.203333333333333255e-01,3.549278218616212376e-04,-1.537374219962242420e-04,-1.148043326330552762e-04
2.206666666666666776e-01,3.723812888483694558e-04,-1.762640332920716870e-04,-8.763453638497577768e-05
2.210000000000000020e-01,3.648568286780945599e-04,-1.128421427582653206e-04,-1.731048675516541201e-04
2.213333333333333264e-01,3.992008326764376748e-04,-1.475796967643892995e-04,-1.191857928258671640e-04
2.216666666666666785e-01,3.863728221470440270e-04,-1.585681032710486039e-04,-9.505552700430571790e-05
2.220000000000000029e-01,3.689863324333165725e-04,-1.567980986580275605e-04,-1.289594130283325333e-04
2.223333333333333273e-01,3.721540882328240704e-04,-1.469222324560088557e-04,-1.206019162430943412e-04
2.226666666666666794e-01,3.846678521657793427e-04,-1.520206549841082082e-04,-9.044446126420019241e-05
2.230000000000000038e-01,3.597834973987133300e-04,-1.415686499895092211e-04,-1.268181889067571035e-04
2.233333333333333282e-01,3.271997746984534679e-04,-2.077793468789169247e-04,-1.580809144829078061e-04
2.236666666666666803e-01,2.670808058361289969e-04,-2.360537810614839205e-04,-1.945897639740932735e-04
2.240000000000000047e-01,2.683175059670415519e-04,-2.337781680928705387e-04,-1.422652431711231107e-04
2.243333333333333290e-01,2.760789019797158742e-04,-1.839096672764551233e-04,-1.927038635432883236e-04
2.246666666666666534e-01,2.833457593455549189e-04,-1.797615223335835197e-04,-1.036629774390692425e-04
2.250000000000000056e-01,2.577119824643278145e-04,-1.469865628417365070e-04,-2.196977836837758942e-04
2.253333333333333299e-01,2.340045567984953086e-04,-1.053052685457282799e-04,-2.263464462630499960e-04
2.256666666666666543e-01,1.845789732209105383e-04,-8.923083314162036123e-05,-1.968499417660617807e-04
2.260000000000000064e-01,2.554221102640605724e-04,-6.913987768246068885e-05,-1.843566133772909295e-04
2.263333333333333308e-01,2.259556452731744530e-04,-8.062916807976451962e-05,-1.670681864835799686e-04
2.266666666666666552e-01,2.117776470288631747e-04,-7.981153793778367200e-05,-2.057542538863084837e-04
2.270000000000000073e-01,1.971935973672779248e-04,-9.853383531717332770e-05,-1.976031408483847930e-04
2.273333333333333317e-01,1.700727237940440756e-04,-4.384736397820407149e-05,-1.697550067956650271e-04
2.276666666666666561e-01,2.431494427592831341e-04,-1.086787759776440711e-04,-9.586590976907733829e-05
2.280000000000000082e-01,1.854681692625286828e-04,-7.092327259408037689e-05,-1.033419941088577448e-04
2.283333333333333326e-01,2.725315267196441477e-04,-5.375653442216992068e-05,-1.440226797079775661e-05
2.286666666666666570e-01,2.762758907599685326e-04,-6.777741318208113121e-05,3.066324878132186532e-05
2.290000000000000091e-01,2.628779615590487039e-04,-1.442633812458211245e-04,6.144078387415867915e-05
2.293333333333333335e-01,3.215590537310585180e-04,-1.162600148576019396e-04,7.276699185279104855e-05
2.296666666666666579e-01,2.939626496773886980e-04,-1.657583894406406322e-04,1.616425750252211866e-04
2.300000000000000100e-01,3.779879093284042803e-04,-1.996738218271484184e-04,1.742640006681269143e-04
2.303333333333333344e-01,3.067625422610643676e-04,-2.735987804082087643e-04,1.583308705893227836e-04
2.306666666666666587e-01,3.085616284997081717e-04,-2.409867437664934078e-04,2.344598989010221793e-04
2.310000000000000109e-01,3.075177565632698676e-04,-2.859641160442316665e-04,2.458311354011765565e-04
2.313333333333333353e-01,2.675855691904980996e-04,-2.923952389435394150e-04,2.505174978277144499e-04
2.316666666666666596e-01,2.907046662725694245e-04,-2.555279738013820014e-04,2.296331461799855172e-04
2.320000000000000118e-01,2.582461418528566709e-04,-2.592773091839608549e-04,2.513007691410104128e-04
2.323333333333333361e-01,2.180810432566083795e-04,-2.210181001745235602e-04,2.864909687203810685e-04
2.326666666666666605e-01,2.281938500683505517e-04,-2.351932553665249056e-04,3.128108470892244572e-04
2.330000000000000127e-01,1.551042686385809010e-04,-1.832461452979498330e-04,3.014540806731820467e-04
2.333333333333333370e-01,2.283133649343376394e-04,-1.289742101628666988e-04,2.388566129136953471e-04
2.336666666666666614e-01,2.292889815093134313e-04,-1.413529037381392806e-04,2.245808952675265298e-04
2.340000000000000135e-01,1.936393693776888706e-04,-1.555271787558489937e-04,2.412562085872885773e-04
2.343333333333333379e-01,2.266359962247400592e-04,-1.559617259811304970e-04,2.423552383258007511e-04
2.346666666666666623e-01,1.714656770353005836e-04,-1.610288376031784841e-04,3.081279679326834938e-04
2.349999999999999867e-01,2.231690861497550042e-04,-1.668115826992930587e-04,2.588576072902182539e-04
2.353333333333333388e-01,2.015251478697772740e-04,-1.559479538422141461e-04,2.983934474359330180e-04
2.356666666666666632e-01,2.021578288418035768e-04,-1.912470072714499559e-04,2.633489356241813751e-04
2.359999999999999876e-01,1.385163666539644190e-04,-2.325736236872737530e-04,3.441646892030433163e-04
2.363333333333333397e-01,1.992236097133079180e-04,-2.572743172584452537e-04,3.261807693999574527e-04
2.366666666666666641e-01,1.562177284116655917e-04,-2.416999697049975382e-04,3.527175393806058850e-04
2.369999999999999885e-01,1.643077835074616122e-04,-2.385178289909470621e-04,3.601558592681702582e-04
2.373333333333333406e-01,1.244406562750479989e-04,-2.129846458647533544e-04,3.619571452653012433e-04
2.376666666666666650e-01,1.128397738099394461e-04,-2.204941117087233331e-04,3.814520205112790423e-04
2.379999999999999893e-01,1.350790701601078925e-04,-2.190023198342999286e-04,4.026408389839842899e-04
2.383333333333333415e-01,1.027936043540792627e-04,-1.550237190610274463e-04,4.095291215117930340e-04
2.386666666666666659e-01,1.103936484993282510e-04,-1.163258596608608160e-04,3.941994244190715271e-04
2.389999999999999902e-01,1.055041648036153464e-04,-9.989529020586540640e-05,4.002790077626071472e-04
2.393333333333333424e-01,8.329181028586481227e-05,-9.212970011489623123e-05,4.443756674787225757e-04
2.396666666666666667e-01,8.416534294572900290e-05,-7.706830001738437753e-05,4.314264951563614417e-04
2.399999999999999911e-01,6.379569963221039632e-05,-6.342144355646440004e-05,4.225240117528630823e-04
2.403333333333333433e-01,6.375428412802419513e-05,-5.360626407748072972e-05,4.164069252023612001e-04
2.406666666666666676e-01,5.863241268122844748e-05,-3.406764063787321269e-05,4.405242158431842809e-04
2.409999999999999920e-01,7.026602236845655512e-05,5.373995162148392283e-06,3.973876904744558995e-04
2.413333333333333441e-01,3.121759916142556856e-05,1.947988193177116445e-05,4.606683145620785484e-04
2.416666666666666685e-01,4.400293309404826575e-05,5.089961247366552938e-05,3.608040958145875975e-04
2.419999999999999929e-01,2.718081630372811146e-05,1.922228857032928025e-05,3.737951544586610932e-04
2.423333333333333450e-01,-3.421624609908108808e-05,1.452948400954334907e-05,4.108339254253702750e-04
2.426666666666666694e-01,-1.277340959673499594e-05,-3.980226091021807534e-05,4.330338500964166942e-04
2.429999999999999938e-01,-3.225824859806822602e-05,-8.276241932857394403e-05,4.038614638726371756e-04
2.433333333333333459e-01,-1.918711233517834451e-05,-8.783145956781980047e-05,3.910231175906764538e-04
2.436666666666666703e-01,-7.381582455157880004e-05,-1.127590180626630959e-04,3.650746138579992169e-04
2.439999999999999947e-01,-6.229741958101832962e-05,-1.181279129730894380e-04,3.996209309784486282e-04
2.443333333333333468e-01,-7.145968210593944782e-05,-1.171112469475403355e-04,3.936402144483241755e-04
2.446666666666666712e-01,-1.175883821613455646e-04,-1.145938319797763782e-04,4.404980913182077662e-04
2.449999999999999956e-01,-8.235324459369337846e-05,-8.420614462605574655e-05,4.479225071530346406e-04
2.453333333333333199e-01,-1.129350864903268112e-04,-1.098819483468450642e-04,4.261282673276235353e-04
2.456666666666666721e-01,-1.179142675206150046e-04,-1.517696888173328197e-04,4.200516447635852489e-04
2.459999999999999964e-01,-1.190609303998134958e-04,-1.477018856660530842e-04,4.634378625365892729e-04
2.463333333333333208e-01,-1.254455804204072553e-04,-1.623178269658149566e-04,4.697840321438852642e-04
2.466666666666666730e-01,-1.184865792087979794e-04,-1.549393517664252485e-04,5.065840830068089190e-04
2.469999999999999973e-01,-1.403005576382676696e-04,-1.559946807421088799e-04,4.873684499055801981e-04
2.473333333333333217e-01,-1.498841270616502132e-04,-1.688658577210366146e-04,4.806426038686254431e-04
2.476666666666666738e-01,-1.514056505614702999e-04,-1.210776100117078605e-04,4.507905736139568016e-04
2.479999999999999982e-01,-1.618616921032441146e-04,-1.205936824199171133e-04,4.746840061029810871e-04
2.483333333333333226e-01,-2.081789645905472459e-04,-1.200696033479397976e-04,4.045425302387750102e-04
2.486666666666666747e-01,-2.305925024660427085e-04,-1.382622234879825134e-04,3.926748842231918193e-04
2.489999999999999991e-01,-2.667197117743069258e-04,-7.717099564723613355e-05,4.048628169149871814e-04
2.493333333333333235e-01,-2.364126724893304431e-04,-6.259748392582744020e-05,3.787640391091950162e-04
2.496666666666666756e-01,-2.869105450761536219e-04,-1.682811658235247422e-05,3.727919146450628428e-04
2.500000000000000000e-01,-2.979764523516002773e-04,-7.666317661910791010e-06,3.365074748234256905e-04
2.503333333333333521e-01,-3.385579902328830141e-04,-2.229150997053752912e-06,3.456204928709847896e-04
2.506666666666666488e-01,-3.681213180116294620e-04,3.031510575233511523e-05,3.153299769782102351e-04
2.510000000000000009e-01,-3.229697709566663362e-04,4.495165348551316304e-05,3.160816956707846077e-04
2.513333333333333530e-01,-3.439744202754403549e-04,7.633496681609067830e-05,3.167139382024663336e-04
2.516666666666666496e-01,-2.684913327081391303e-04,1.922862221280053426e-04,3.309937777181314522e-04
2.520000000000000018e-01,-3.118576893370908465e-04,1.760000983348867511e-04,3.173621747488836729e-04
2.523333333333333539e-01,-2.838405766391238132e-04,1.827860867986028320e-04,2.498167509860942559e-04
2.526666666666666505e-01,-3.345411486141307614e-04,2.419702228804042528e-04,2.608738110461560782e-04
2.530000000000000027e-01,-2.693660346829606549e-04,2.603364832869533262e-04,2.001597764012265053e-04
2.533333333333333548e-01,-3.041436913702448455e-04,3.288192724478078009e-04,2.459548785678153382e-04
2.536666666666666514e-01,-3.179562107069642358e-04,3.577249469223600415e-04,1.412044447777162023e-04
2.540000000000000036e-01,-2.971729154289490141e-04,3.514854949187977981e-04,1.721274934746722313e-04
2.543333333333333557e-01,-2.948484532606418626e-04,3.671185293875150438e-04,1.609211027271196571e-04
2.546666666666666523e-01,-3.230635608935922666e-04,3.600059444866399324e-04,1.488417754911016799e-04
2.550000000000000044e-01,-3.172176931346144379e-04,3.827084353159416010e-04,1.542629627507290547e-04
2.553333333333333566e-01,-3.128619677252066620e-04,3.431967382894919182e-04,1.617881611974653457e-04
2.556666666666666532e-01,-3.098754557440845984e-04,2.995029707787235686e-04,1.920947872139753968e-04
2.560000000000000053e-01,-2.783698958212208504e-04,3.135311627514992118e-04,9.227942858500306047e-05
2.563333333333333575e-01,-2.851238862081028063e-04,2.499672017320294921e-04,1.663396339933744222e-04
2.566666666666666541e-01,-3.147157670265048903e-04,2.589573278343814755e-04,1.242415584924626228e-04
2.570000000000000062e-01,-3.346779040773955965e-04,2.041417815242901846e-04,1.412205549014517261e-04
2.573333333333333584e-01,-3.264315142911422985e-04,1.707400732180932722e-04,1.438103080896240373e-04
2.576666666666666550e-01,-3.511882233742621203e-04,1.868107096346335622e-04,5.357934827734961723e-05
2.580000000000000071e-01,-3.605745048903099062e-04,1.716801252490504257e-04,5.252733542698267825e-05
2.583333333333333592e-01,-3.806617042548922705e-04,1.930542777473831832e-04,6.579357965762133926e-05
2.586666666666666559e-01,-4.509889014681508720e-04,1.640856449234991111e-04,1.085442931325124578e-05
2.590000000000000080e-01,-4.305526479921213396e-04,2.047813316970877007e-04,1.548368062546542258e-05
2.593333333333333601e-01,-3.758139419887904253e-04,2.030216303007747417e-04,-2.280591808349446406e-05
2.596666666666666567e-01,-4.046708131797146861e-04,2.208655590401901916e-04,-3.903396502203351255e-05
2.600000000000000089e-01,-3.490232775208310318e-04,2.486972914415384178e-04,-5.082043633306470236e-05
2.603333333333333610e-01,-3.274465612542139573e-04,2.210536833512899413e-04,9.477579765238773376e-06
2.606666666666666576e-01,-2.807731643789775013e-04,1.889641854765414762e-04,-8.279070112732947841e-05
2.610000000000000098e-01,-2.818660387701390374e-04,1.965882551907795954e-04,-3.791952181378518884e-05
2.613333333333333064e-01,-2.229299815506901119e-04,2.289297417877305004e-04,-4.756803456886299965e-05
2.616666666666666585e-01,-2.069374512329499047e-04,2.245971873870194666e-04,-1.132543645661983936e-04
2.620000000000000107e-01,-1.807487936144153119e-04,2.294417961256351574e-04,-1.039059645486008503e-04
2.623333333333333073e-01,-1.408709385971025174e-04,1.949906611890045091e-04,-1.723688235740656889e-04
2.626666666666666594e-01,-1.367375461898131335e-04,1.849688413794475404e-04,-1.757681757912603207e-04
2.630000000000000115e-01,-8.743402685675614810e-05,1.727527729482961365e-04,-1.914446324121701361e-04
2.633333333333333082e-01,-9.047888221557452964e-05,2.076285143182085308e-04,-1.819827939016745372e-04
2.636666666666666603e-01,-1.092083437544756245e-04,1.608148913682632265e-04,-2.060564565857868726e-04
2.640000000000000124e-01,-6.357019851703857175e-05,1.260884948656598465e-04,-2.343467337101092657e-04
2.643333333333333091e-01,-6.778347825027870562e-05,1.677767852529126759e-04,-2.520416436988298561e-04
2.646666666666666612e-01,-4.121064628152055538e-05,1.599851458860326587e-04,-2.273900339541120132e-04
2.650000000000000133e-01,-4.656392651803953749e-05,2.587684268989067274e-04,-1.547472509324041424e-04
2.653333333333333099e-01,-2.524838898415807182e-05,2.357681523967578344e-04,-1.761314518246837849e-04
2.656666666666666621e-01,-2.254728124630996074e-06,1.750885743059705927e-04,-1.556004488908872851e-04
2.660000000000000142e-01,1.236673111766020270e-05,2.107739206993223743e-04,-1.772696683506607578e-04
2.663333333333333108e-01,-1.548428277003873746e-05,1.488947168239798950e-04,-2.038319532840362840e-04
2.666666666666666630e-01,2.059589390332129658e-05,1.463990343949758460e-04,-1.937509054770972391e-04
2.670000000000000151e-01,6.415536634067041321e-06,2.823592050376401576e-05,-2.016057083472872576e-04
2.673333333333333117e-01,3.623932422080062806e-05,4.703510369627686579e-05,-1.977354180265158989e-04
2.676666666666666639e-01,6.118064230197956823e-05,2.694925830731968305e-06,-2.273277124484180377e-04
2.680000000000000160e-01,7.090993420274738159e-05,4.255261278117300595e-06,-1.991208596405206642e-04
2.683333333333333126e-01,6.497452547107811336e-05,-3.632252367854226421e-06,-2.276254159241504439e-04
2.686666666666666647e-01,5.745166970969814164e-05,-1.111563657656438445e-05,-2.002134163022886509e-04
2.690000000000000169e-01,9.118791546062868269e-05,-5.857514189489612090e-06,-1.940759526223050828e-04
2.693333333333333135e-01,1.282534524337469815e-04,2.879147604347445702e-06,-2.329873585665810870e-04
2.696666666666666656e-01,1.205678443463300084e-04,3.013024702854727209e-06,-1.926142564226188657e-04
2.700000000000000178e-01,1.514108105889568393e-04,1.348226805164549279e-06,-2.525081116059106319e-04
2.703333333333333144e-01,1.734921814364586020e-04,-4.821075360253677933e-05,-1.870102265154058383e-04
2.706666666666666665e-01,1.913653781061443843e-04,-7.745011444760460391e-05,-2.030747484412168537e-04
2.710000000000000187e-01,2.166709309981873944e-04,-7.817178617618665885e-05,-2.174171416805757684e-04
2.713333333333333153e-01,2.153432418475722707e-04,-9.877800602066761574e-05,-2.065866683338103086e-04
2.716666666666666674e-01,3.183437095321249599e-04,-5.651808126220941468e-05,-1.843185296253251699e-04
2.720000000000000195e-01,3.048677081627753889e-04,-1.292919789696300714e-04,-2.192725344716581041e-04
2.723333333333333162e-01,3.369175977949595839e-04,-1.633722757672069286e-04,-2.381445720149457203e-04
2.726666666666666683e-01,3.620579509575665373e-04,-1.795015473240583505e-04,-2.263717289977772694e-04
2.730000000000000204e-01,3.316339529834864638e-04,-2.021613755876943460e-04,-2.376093966071767417e-04
2.733333333333333171e-01,3.523918224595226005e-04,-1.546353033236198826e-04,-2.349275980093371810e-04
2.736666666666666692e-01,3.032348821950405881e-04,-2.208110521161533904e-04,-2.695552349705884949e-04
2.740000000000000213e-01,3.203881887515805100e-04,-2.189547904225510515e-04,-2.279050063958991445e-04
2.743333333333333179e-01,3.289921441744354217e-04,-1.845008078632121029e-04,-2.322777584137188697e-04
2.746666666666666701e-01,2.549927541277534088e-04,-1.421890563714634632e-04,-2.053357680234346293e-04
2.750000000000000222e-01,3.055853412261198788e-04,-9.114316711509641046e-05,-9.952067275879239634e-05
2.753333333333333188e-01,2.525688458013314232e-04,-9.346686607626074610e-05,-1.474251851809853112e-04
2.756666666666666710e-01,2.845652460725607894e-04,-5.536086564039797032e-05,-8.263340245972085676e-05
2.760000000000000231e-01,2.803411365792798189e-04,-1.807178344083897384e-05,-8.879522000243255113e-05
2.763333333333333197e-01,2.627092538847406724e-04,-3.263956755748218279e-05,-1.544363690851835685e-04
2.766666666666666718e-01,3.087475495779228875e-04,-4.467525850567426573e-05,-5.275629266107473075e-05
2.770000000000000240e-01,2.853135260651356643e-04,-8.972409316965048538e-05,-3.819689170091088241e-05
2.773333333333333206e-01,2.756173216986545051e-04,-7.947204306413017060e-05,-1.620497630317746185e-05
2.776666666666666727e-01,2.844086666417635929e-04,-1.091794786559344339e-04,2.833706682210359324e-06
2.780000000000000249e-01,2.860577270520454560e-04,-1.081170953421780630e-04,3.860066700412855308e-06
2.783333333333333215e-01,2.618479854352428484e-04,-1.413613171688682672e-04,-2.941892068617562588e-05
2.786666666666666736e-01,2.736528181836058154e-04,-1.613910163804512356e-04,3.113500344708877537e-06
2.790000000000000258e-01,2.792488876356536255e-04,-2.098750418673261942e-04,2.329942733081554439e-05
2.793333333333333224e-01,2.875634512032560841e-04,-2.069939984234561497e-04,1.685305565660961356e-05
2.796666666666666745e-01,2.974020944475621263e-04,-2.336278136138740589e-04,1.123284703170452639e-04
2.800000000000000266e-01,3.019381934874801289e-04,-1.805502102738567010e-04,1.662424797877117423e-04
2.803333333333333233e-01,2.384531203768404828e-04,-1.880341640071085218e-04,1.210033075126232282e-04
2.806666666666666754e-01,2.394743130417808835e-04,-2.302015280838084804e-04,1.786065353187238011e-04
2.810000000000000275e-01,2.241497334983844113e-04,-2.363268939666858613e-04,2.274602097878135798e-04
2.813333333333333242e-01,1.701728769798075498e-04,-2.584781368146254121e-04,2.057298879668450272e-04
2.816666666666666763e-01,2.315205239285698870e-04,-2.054526061389505933e-04,3.464300628727571326e-04
2.819999999999999729e-01,1.989210834598138637e-04,-2.152749370340538914e-04,3.166415732682813624e-04
2.823333333333333250e-01,1.887054041251981799e-04,-2.664734847550631657e-04,3.515871892393718874e-04
2.826666666666666772e-01,1.833930703072138920e-04,-2.665370385164158185e-04,3.997801164173055621e-04
2.829999999999999738e-01,1.141409902137881374e-04,-2.844666548118709418e-04,4.134199631255458898e-04
2.833333333333333259e-01,1.779342729924818722e-04,-2.108153786605541588e-04,3.388665484560553155e-04
2.836666666666666781e-01,1.389472184256821329e-04,-2.951134501434549053e-04,3.728641344429978991e-04
2.839999999999999747e-01,8.811908914518513133e-05,-2.598360386468019016e-04,4.001731163547023271e-04
2.843333333333333268e-01,8.559998362488273479e-05,-2.952251546160564828e-04,4.191153417884268401e-04
2.846666666666666790e-01,3.568741096011448225e-05,-2.823713481356491715e-04,4.026282121302456420e-04
2.849999999999999756e-01,5.089261500355075766e-05,-2.766274342582836763e-04,3.363782745337918286e-04
2.853333333333333277e-01,1.136187007317446924e-04,-2.444314094067668751e-04,3.723492490829607006e-04
2.856666666666666798e-01,1.133417906338274079e-04,-2.483287693952172673e-04,3.248326568294191384e-04
2.859999999999999765e-01,6.556711661575934395e-05,-2.699583795379606769e-04,3.613238577526204330e-04
2.863333333333333286e-01,9.308043132403133815e-05,-2.376875657591331621e-04,3.694083242246040308e-04
2.866666666666666807e-01,1.017832142558085950e-04,-1.993025177134696119e-04,3.713437451438644701e-04
2.869999999999999774e-01,1.008742486334003369e-04,-1.614493149835332124e-04,3.222052552980307042e-04
2.873333333333333295e-01,9.557523276891257595e-05,-1.482335886006448157e-04,3.252264695298151672e-04
2.876666666666666816e-01,9.785613115671659723e-05,-9.553408483758733750e-05,3.005117980845290154e-04
2.879999999999999782e-01,1.065186271092083382e-04,-8.339065667297589687e-05,3.324443855083276163e-04
2.883333333333333304e-01,1.098003775203694975e-04,-5.410166305847694175e-05,3.376661555606342278e-04
2.886666666666666825e-01,9.182996454899912083e-05,-4.468430888657560666e-06,2.931737092911245661e-04
2.889999999999999791e-01,9.272250537526261838e-05,-3.382263453417372611e-06,3.152482942967836806e-04
2.893333333333333313e-01,7.518161849876879956e-05,-3.017828700520164800e-07,3.444526685500344802e-04
2.896666666666666834e-01,7.872467681117828280e-05,-1.554272557932007766e-05,3.480872866282676325e-04
2.899999999999999800e-01,5.379802275536533655e-05,1.670110697434665602e-05,4.471747651937067356e-04
2.903333333333333321e-01,1.282001912012159749e-05,-5.137402181527309676e-06,4.190078829090233934e-04
2.906666666666666843e-01,3.654474996748827278e-05,-5.773994439136829316e-05,4.265491043977453025e-04
2.909999999999999809e-01,2.582748550375084143e-05,-1.366348227608804759e-05,4.381186695833464329e-04
2.913333333333333330e-01,2.721977080782970215e-05,-4.938832649077742930e-05,4.689537366856315315e-04
2.916666666666666852e-01,-1.569279474129527336e-05,-5.366390578577885840e-05,4.909180181413897760e-04
2.919999999999999818e-01,-2.651152787012316269e-05,-1.035613779273159951e-04,5.108251964459969638e-04
2.923333333333333339e-01,-4.976139787381720589e-05,-1.528905131153065729e-04,5.178548416811786306e-04
2.926666666666666861e-01,-6.052195078517538215e-05,-1.671243034476190502e-04,5.251289544156406263e-04
2.929999999999999827e-01,-9.228627602908956310e-05,-1.933122585843599064e-04,5.330878199769871484e-04
2.933333333333333348e-01,-8.436569682033516677e-05,-1.413844088002843820e-04,5.269216773740293368e-04
2.936666666666666869e-01,-1.489732850966360217e-04,-1.736301634992791954e-04,5.086040893324933997e-04
2.939999999999999836e-01,-1.652125680637429666e-04,-1.874578569459137026e-04,5.182748659883011340e-04
2.943333333333333357e-01,-1.822819014903242693e-04,-1.251517297079041222e-04,4.621777315607218618e-04
2.946666666666666878e-01,-1.748836185619560770e-04,-1.487449698640911624e-04,4.728063494111687669e-04
2.949999999999999845e-01,-2.376212002877827855e-04,-1.053995183855021249e-04,4.896677564305135493e-04
2.953333333333333366e-01,-2.455744455335717637e-04,-1.580674653114561576e-04,4.423788829530172855e-04
2.956666666666666887e-01,-2.486554000925261907e-04,-1.534933548426466285e-04,4.976432255788450785e-04
2.959999999999999853e-01,-2.287735378731243629e-04,-1.484421640202857561e-04,4.694427297386920359e-04
2.963333333333333375e-01,-3.155110099709704827e-04,-1.403422694952358662e-04,4.494471924851642093e-04
2.966666666666666896e-01,-2.322845555960345934e-04,-8.388732737638613692e-05,5.223404226196470043e-04
2.969999999999999862e-01,-2.477784954546455570e-04,-9.115235069833057537e-05,4.869624747874450542e-04
2.973333333333333384e-01,-2.217210458516712557e-04,-9.347684569947926133e-05,4.587134453853356246e-04
2.976666666666666905e-01,-2.513656002298952225e-04,-3.939625139478227699e-05,4.333382878941431128e-04
2.979999999999999871e-01,-2.383446255391717379e-04,-1.174143402605493719e-05,4.338798783241563234e-04
2.983333333333333393e-01,-2.719092131350298361e-04,2.308990384521786626e-05,4.007674492979181047e-04
2.986666666666666914e-01,-2.425750438945480179e-04,4.051552328065872061e-05,3.858613178368159322e-04
2.989999999999999880e-01,-2.254851794727857678e-04,8.906156222387596869e-05,3.794597352093197077e-04
2.993333333333333401e-01,-2.151315481665767707e-04,1.264066002096523743e-04,3.634881875651751158e-04
2.996666666666666923e-01,-2.533647752930971459e-04,1.752400160590920539e-04,3.770801102837085584e-04
2.999999999999999889e-01,-2.562643228734395439e-04,2.462775369889284079e-04,3.497778626939981156e-04
3.003333333333333410e-01,-2.731248927900816327e-04,2.234454016639631163e-04,3.830075908373808524e-04
3.006666666666666932e-01,-2.629753477339825409e-04,2.353552729915383364e-04,3.903625444630201341e-04
3.009999999999999898e-01,-2.503929205389982698e-04,2.808911935197636002e-04,3.836785266932778399e-04
3.013333333333333419e-01,-2.586744985474557839e-04,2.797022074891456021e-04,3.785564362173816054e-04
3.016666666666666941e-01,-2.569740426657937866e-04,3.287844279008503203e-04,3.485362220763641187e-04
3.019999999999999907e-01,-2.764828934138088487e-04,2.886967085754766293e-04,3.162694148963658973e-04
3.023333333333333428e-01,-2.672391051623281802e-04,2.978803953595532427e-04,3.390046601114311831e-04
3.026666666666666394e-01,-2.726674730947986169e-04,3.233112452806034538e-04,3.166122267185577429e-04
3.029999999999999916e-01,-3.184432439833757801e-04,3.281009207884288004e-04,2.933302822774838431e-04
3.033333333333333437e-01,-3.076711610826709403e-04,3.456774577555379738e-04,2.442430255278539727e-04
3.036666666666666403e-01,-3.367627382595643742e-04,3.553805509216024215e-04,1.650521593480316278e-04
3.039999999999999925e-01,-3.275451372244535839e-04,3.428401382639794390e-04,1.735727312236232209e-04
3.043333333333333446e-01,-3.398644141672974603e-04,3.389179521830088123e-04,1.564303404245310039e-04
3.046666666666666412e-01,-3.859563895750322431e-04,3.376931637687041309e-04,1.448262037842109403e-04
3.049999999999999933e-01,-4.047382255466730537e-04,3.165788697862402957e-04,8.858646573432233252e-05
3.053333333333333455e-01,-4.313970565515368128e-04,2.819194700797186901e-04,5.785570079800598473e-05
3.056666666666666421e-01,-4.351864528144037611e-04,2.577767811219716090e-04,6.591075540895351354e-05
3.059999999999999942e-01,-4.404715388745452515e-04,2.491165909415910895e-04,3.370835243983488799e-05
3.063333333333333464e-01,-4.149091989791994176e-04,2.241714160171752771e-04,1.181161739476591420e-05
3.066666666666666430e-01,-4.411967860817979435e-04,1.570678081963717979e-04,3.337169819382840995e-06
3.069999999999999951e-01,-4.131348043215149414e-04,1.892795467477424189e-04,9.641380536841546124e-06
3.073333333333333472e-01,-4.156576693253719772e-04,1.636735680301337835e-04,-2.175336097219051322e-05
3.076666666666666439e-01,-3.819983672179705337e-04,1.783000714213953792e-04,-1.685547697509278466e-05
3.079999999999999960e-01,-3.664344860088889042e-04,1.801083895035821968e-04,-2.204688452392669011e-05
3.083333333333333481e-01,-3.547110974069722037e-04,2.450188618643953944e-04,2.832371428711559228e-06
3.086666666666666448e-01,-3.666694911219401764e-04,2.321405917161761215e-04,-4.207216019505275221e-05
3.089999999999999969e-01,-3.802491536219252235e-04,2.372456802701607278e-04,-4.305856420366616132e-05
3.093333333333333490e-01,-3.212897101033298087e-04,2.653274080578156080e-04,-8.751344541251868708e-06
3.096666666666666456e-01,-3.543632669972245769e-04,2.810677202401969891e-04,-4.647476673947063678e-05
3.099999999999999978e-01,-2.801053495714892708e-04,3.463478140285431361e-04,-3.911416731371142736e-05
3.103333333333333499e-01,-2.979370219635044375e-04,3.047640831696420290e-04,-8.103403001340839511e-05
3.106666666666666465e-01,-2.813824862452283778e-04,2.743117094773551848e-04,-8.123751103572550457e-05
3.109999999999999987e-01,-2.615352139938665406e-04,2.919892076132120351e-04,-9.034321421629118876e-05
3.113333333333333508e-01,-2.586051826445203523e-04,2.811880970183191380e-04,-9.129458233418609112e-05
3.116666666666666474e-01,-2.231190842533235861e-04,3.175601864589881577e-04,-1.829956417350141738e-04
3.119999999999999996e-01,-2.286015941876553387e-04,2.846748298122374842e-04,-2.122931063789313072e-04
3.123333333333333517e-01,-2.364754891765727992e-04,2.532234065239740545e-04,-2.048805626893437720e-04
3.126666666666666483e-01,-1.943507274853317215e-04,2.560441839163455084e-04,-2.444904368361169606e-04
3.130000000000000004e-01,-2.056050576291343823e-04,2.324749026221266293e-04,-2.196376682490799165e-04
3.133333333333333526e-01,-1.361729846123938112e-04,2.912584299638333314e-04,-2.596320373490075507e-04
3.136666666666666492e-01,-1.026891137403050625e-04,2.432587462684157370e-04,-2.780323530529691268e-04
3.140000000000000013e-01,-1.027858405613098458e-04,2.086282369886434537e-04,-2.756499124841105047e-04
3.143333333333333535e-01,-6.344297433034446669e-05,1.897094601142531852e-04,-2.958891625284192431e-04
3.146666666666666501e-01,-5.247843714401800684e-05,1.366373319760794385e-04,-3.045230858151589727e-04
3.150000000000000022e-01,-1.001463447605937836e-07,1.494638271659665693e-04,-2.333582977939976835e-04
3.153333333333333544e-01,7.893372283628355334e-06,1.297018174327002203e-04,-3.217273627111956100e-04
3.156666666666666510e-01,4.486384463055039705e-05,1.094463146840912667e-04,-2.632933024427167598e-04
3.160000000000000031e-01,7.994640019295717924e-05,1.149120158228590958e-04,-2.382302604568686929e-04
3.163333333333333552e-01,5.738816638983549006e-05,1.095736810815882791e-04,-2.519766226588883180e-04
3.166666666666666519e-01,1.174246713542974373e-04,9.891269293955150049e-05,-2.306884874503973182e-04
3.170000000000000040e-01,1.280210034975791790e-04,6.701332565553815696e-05,-2.221796425837951764e-04
3.173333333333333561e-01,1.504718778715957326e-04,5.966943612831431080e-05,-2.040144476046222598e-04
3.176666666666666528e-01,1.859426120081206441e-04,1.973252431282253893e-05,-1.281244441828330337e-04
3.180000000000000049e-01,1.518840568262203765e-04,3.623910587851928664e-05,-1.395455059575676513e-04
3.183333333333333570e-01,1.775694739191674800e-04,3.707239794539560993e-05,-1.790244236660835648e-04
3.186666666666666536e-01,1.474911580785180773e-04,-4.006318728460259322e-05,-1.593406100500255806e-04
3.190000000000000058e-01,1.600616473835891982e-04,-8.923612713110982248e-05,-1.719009623589862060e-04
3.193333333333333579e-01,1.988275382632278523e-04,-8.411549314588600114e-05,-1.456375419913420537e-04
3.196666666666666545e-01,1.713400980475580785e-04,-8.524047885613569658e-05,-9.704096187527118400e-05
3.200000000000000067e-01,1.853010659971155620e-04,-6.045305575788809214e-05,-2.065157837893740313e-04
3.203333333333333588e-01,2.253994048673119187e-04,-1.170343870218963064e-04,-1.583980952433727287e-04
3.206666666666666554e-01,2.492603099196361331e-04,-1.845223462458782751e-04,-1.810353154352761426e-04
3.210000000000000075e-01,2.361473944412216292e-04,-1.369057454671601063e-04,-2.438904435791562598e-04
3.213333333333333597e-01,2.738636483897486881e-04,-1.707630216317213348e-04,-1.828648159193817842e-04
3.216666666666666563e-01,3.192032919926145488e-04,-9.282754241890593108e-05,-2.221727340983013798e-04
3.220000000000000084e-01,3.043740668971864089e-04,-1.307513597201375702e-04,-2.757332206915356410e-04
3.223333333333333606e-01,3.295908878193281938e-04,-1.375440012659993189e-04,-2.540649591310112929e-04
3.226666666666666572e-01,3.254133605707425713e-04,-1.180725525988928230e-04,-3.006017946161834578e-04
3.230000000000000093e-01,3.268912659033173206e-04,-1.450735299063229890e-04,-3.166909606772223482e-04
3.233333333333333059e-01,3.443741017308541482e-04,-1.034771335982398509e-04,-2.571617022672279310e-04
3.236666666666666581e-01,3.326338260454840068e-04,-1.547497518690130452e-04,-3.003803166988825530e-04
3.240000000000000102e-01,3.578665822830907005e-04,-1.410978602933952455e-04,-2.333531019162523473e-04
3.243333333333333068e-01,3.686731735717221794e-04,-1.275558351793582425e-04,-2.272832717287079742e-04
3.246666666666666590e-01,3.438824455813555025e-04,-1.210876414098847062e-04,-2.352545319257933235e-04
3.250000000000000111e-01,3.422781726532763379e-04,-1.256203319120285759e-04,-2.072544111922101418e-04
3.253333333333333077e-01,3.533061995627798839e-04,-1.267596269263872929e-04,-1.765230584540818158e-04
3.256666666666666599e-01,3.655008492858697602e-04,-1.351370999467952695e-04,-1.956694035096228637e-04
3.260000000000000120e-01,3.850565814056622154e-04,-1.423218979708041005e-04,-1.439793603365824564e-04
3.263333333333333086e-01,3.875627224862924591e-04,-1.227313927870129042e-04,-1.213024889212146562e-04
3.266666666666666607e-01,3.535368809298261540e-04,-1.438092630862900900e-04,-1.217954296802715964e-04
3.270000000000000129e-01,3.259115703226764184e-04,-1.683473574008195848e-04,-6.901888202708274169e-05
3.273333333333333095e-01,3.478732631439645259e-04,-1.832911377367404471e-04,-5.355190055560963343e-05
3.276666666666666616e-01,3.665905692459836551e-04,-1.602581414609256924e-04,-6.749274533245444314e-05
3.280000000000000138e-01,3.579445456780360824e-04,-1.628694891468437185e-04,4.841142458881323144e-08
3.283333333333333104e-01,3.407215968981075396e-04,-1.220451674892789442e-04,4.239079302513128199e-07
3.286666666666666625e-01,3.511577600856068127e-04,-1.840089975340152874e-04,7.134779880387914211e-05
3.290000000000000147e-01,3.398305789006256824e-04,-1.788297154647407617e-04,1.303345524254861769e-04
3.293333333333333113e-01,3.704749247607338407e-04,-1.881691154360011920e-04,1.077759452833246153e-04
3.296666666666666634e-01,3.124397567324762909e-04,-2.009514206989518521e-04,1.323621929179137310e-04
3.300000000000000155e-01,3.533461466249266519e-04,-2.639984605344336023e-04,1.761906988987701616e-04
3.303333333333333122e-01,2.903945802619094024e-04,-2.919762242057575273e-04,1.825899448326434484e-04
3.306666666666666643e-01,3.072462579462016219e-04,-2.945638589607594182e-04,2.174226883422103994e-04
3.310000000000000164e-01,2.824522939446739793e-04,-2.856696459687177577e-04,1.888431401582730163e-04
3.313333333333333131e-01,2.647299932912253726e-04,-2.734826491766697990e-04,2.202192461728218328e-04
3.316666666666666652e-01,2.616332665770325773e-04,-2.556233950495881099e-04,2.108142575314001269e-04
3.320000000000000173e-01,2.211871516838308553e-04,-2.376682536996752699e-04,2.079528383107220185e-04
3.323333333333333139e-01,1.881585998191075604e-04,-2.269452715169055740e-04,2.624798307327125247e-04
3.326666666666666661e-01,2.341924629928003587e-04,-1.836698456694607477e-04,2.055918198523441125e-04
3.330000000000000182e-01,1.732858109431762632e-04,-1.843712151425068240e-04,2.554297793407991944e-04
3.333333333333333148e-01,2.255844013709092197e-04,-1.328220862348911591e-04,2.499840640549438821e-04
3.336666666666666670e-01,2.125910007584817763e-04,-1.505604070030486360e-04,2.428891655618208565e-04
3.340000000000000191e-01,2.010502700302477090e-04,-1.473129004041038713e-04,2.578257175808957376e-04
3.343333333333333157e-01,2.081464074123172707e-04,-1.686963076762384897e-04,3.110034363423489889e-04
3.346666666666666679e-01,1.446220670738083524e-04,-1.635088451635474715e-04,3.133135990587725996e-04
3.350000000000000200e-01,2.145591209918868282e-04,-1.492466433228502461e-04,3.892520489607683072e-04
3.353333333333333166e-01,1.667047703964940437e-04,-1.477808942524679178e-04,4.007185964362120455e-04
3.356666666666666687e-01,1.768092016499372477e-04,-2.184074255630638714e-04,3.646291616798996065e-04
3.360000000000000209e-01,1.255760203085542006e-04,-2.065766145968617748e-04,4.279795672764595744e-04
3.363333333333333175e-01,1.859820695895876010e-04,-2.341003895460504983e-04,4.493523894867494151e-04
3.366666666666666696e-01,1.300706494575437947e-04,-1.937184590199545647e-04,4.240243722495145294e-04
3.370000000000000218e-01,1.259110970272556498e-04,-2.292922562655797740e-04,4.404789333332250032e-04
3.373333333333333184e-01,8.123120539734665494e-05,-1.766665577056247566e-04,4.755895982476671200e-04
3.376666666666666705e-01,8.770880915870499987e-05,-1.917177710800847595e-04,4.672130305591960841e-04
3.380000000000000226e-01,6.024540108474537561e-05,-1.803095214363102791e-04,4.706896242885712971e-04
3.383333333333333193e-01,4.117781716957956428e-05,-1.286891890172483599e-04,4.831348254968853930e-04
3.386666666666666714e-01,2.597637430928364158e-05,-1.082950458739655614e-04,4.593205793457899155e-04
3.390000000000000235e-01,3.456871306392155359e-05,-1.079804029803114665e-04,4.742499906613711794e-04
3.393333333333333202e-01,2.667682286167828105e-05,-7.640970313179042833e-05,4.462610454190279563e-04
3.396666666666666723e-01,3.266539161861867936e-06,-6.457970114931226805e-05,4.920987886158285137e-04
3.400000000000000244e-01,1.362192104133544999e-05,-3.172608255201919675e-05,5.126207060203831966e-04
3.403333333333333210e-01,8.669590890015890136e-08,-3.273241300151125664e-05,4.973464509751118192e-04
3.406666666666666732e-01,1.741522805088379549e-05,-5.134903121907526379e-05,5.092318326404291157e-04
3.410000000000000253e-01,-1.677151119968669038e-06,-3.862796020500375987e-07,4.830802542669344825e-04
3.413333333333333219e-01,-7.266915109092526813e-06,-2.030261107049506359e-05,4.860450395247696868e-04
3.416666666666666741e-01,-3.940147130219843769e-05,-1.923828619580123737e-05,4.697310283854328719e-04
3.420000000000000262e-01,-6.311130358137337739e-05,-6.098946374181823629e-05,4.650816176481118564e-04
3.423333333333333228e-01,-8.530972149643485485e-05,-9.010786210454773955e-05,4.738097633882668827e-04
3.426666666666666750e-01,-1.104952428484398490e-04,-1.117385854088953298e-04,4.833432411516980676e-04
3.430000000000000271e-01,-1.073745723709930281e-04,-1.263377775096367721e-04,4.765884839737693297e-04
3.433333333333333237e-01,-1.077395753945906636e-04,-9.879610784047447288e-05,4.725733767028781501e-04
3.436666666666666758e-01,-1.673783297183070826e-04,-1.021294896796828676e-04,4.369387118719070132e-04
3.439999999999999725e-01,-1.848316063514575890e-04,-1.378862078530954810e-04,4.631063713418872197e-04
3.443333333333333246e-01,-1.865606968528884927e-04,-1.199417839195573830e-04,4.897574506329329400e-04
3.446666666666666767e-01,-2.151474019019284365e-04,-1.500899279566846707e-04,4.888055890517885001e-04
3.449999999999999734e-01,-2.427241995350347241e-04,-1.126308232658327680e-04,4.775132341034381799e-04
3.453333333333333255e-01,-2.551525490893630883e-04,-2.082525958855516743e-04,4.768641847940215226e-04
3.456666666666666776e-01,-2.709496678423744848e-04,-2.409569213904940821e-04,4.806642581971060069e-04
3.459999999999999742e-01,-2.729252934462032972e-04,-2.269738771813840580e-04,4.859717166913355910e-04
3.463333333333333264e-01,-3.246867876013285852e-04,-2.070728516849959782e-04,4.966637300557254523e-04
3.466666666666666785e-01,-2.647075926664611400e-04,-1.487477657118410916e-04,5.881475785449988194e-04
3.469999999999999751e-01,-2.885122618273493439e-04,-1.276136419203360590e-04,5.332002715433860340e-04
3.473333333333333273e-01,-2.689668359952040381e-04,-1.315454322560773149e-04,5.077005290953054721e-04
3.476666666666666794e-01,-2.659398602778842782e-04,-3.187598076419537782e-05,4.585125768155161449e-04
3.479999999999999760e-01,-2.702733687031028446e-04,-1.884448586272712730e-05,4.523131109295883004e-04
3.483333333333333282e-01,-2.678822555822281729e-04,9.769236093660041057e-06,5.003445595159171106e-04
3.486666666666666803e-01,-2.351661827448216940e-04,-2.034108633640561902e-05,4.783875929271522946e-04
3.489999999999999769e-01,-2.281854540297030467e-04,2.009997766397538958e-05,4.770521652648525832e-04
3.493333333333333290e-01,-2.007738561260328158e-04,7.107970499546375587e-05,4.565209591403062675e-04
3.496666666666666812e-01,-2.753740837071823495e-04,1.173545771446143958e-04,4.284114927560713675e-04
3.499999999999999778e-01,-2.499613073528897627e-04,1.452187983323159626e-04,3.979997010129057732e-04
3.503333333333333299e-01,-3.079089943063166644e-04,1.057592969357349131e-04,3.945696960197387477e-04
3.506666666666666821e-01,-3.081679567793075615e-04,1.718235677711095716e-04,4.084975801294701944e-04
3.509999999999999787e-01,-2.786204283491705721e-04,2.144157194934453992e-04,3.798490196587198304e-04
3.513333333333333308e-01,-3.045667114510855825e-04,2.467526240065839654e-04,3.596945291843348905e-04
3.516666666666666829e-01,-2.906012565952965291e-04,3.230889753844837058e-04,3.693822577541274713e-04
3.519999999999999796e-01,-3.168016889435176504e-04,3.119466937016612839e-04,3.077034444018150890e-04
3.523333333333333317e-01,-2.974517562562144527e-04,3.090172665592299021e-04,3.185967907720240171e-04
3.526666666666666838e-01,-2.995917929817174387e-04,3.178058327487948858e-04,3.739050225998123808e-04
3.529999999999999805e-01,-3.653729655746063660e-04,3.292884571202134899e-04,2.985166971393222080e-04
3.533333333333333326e-01,-3.300966368480795260e-04,3.820164112228744335e-04,2.511583324253884551e-04
3.536666666666666847e-01,-3.726771050522242673e-04,3.509852452713928782e-04,1.950212419882200727e-04
3.539999999999999813e-01,-3.391221167163647326e-04,3.120339862814092710e-04,1.794995441505461389e-04
3.543333333333333335e-01,-4.094738151569849772e-04,3.424039083525521601e-04,1.495647281789519033e-04
3.546666666666666856e-01,-4.245752458971300300e-04,3.668169402552303978e-04,1.514793365599810201e-04
3.549999999999999822e-01,-4.606223707275029452e-04,3.322651289121229378e-04,8.047863232610975122e-05
3.553333333333333344e-01,-4.504375286757153311e-04,3.279137543140581991e-04,3.758579797772479842e-05
3.556666666666666865e-01,-4.359487373930954449e-04,2.883642356805469023e-04,5.601397984166134748e-05
3.559999999999999831e-01,-4.317725970064359583e-04,3.015681962041543741e-04,-2.759368720781616330e-05
3.563333333333333353e-01,-3.669215192853004484e-04,2.292240047634111141e-04,-3.103639162284682135e-05
3.566666666666666874e-01,-4.174456334752356585e-04,1.787957389849879604e-04,9.552716801796239235e-06
3.569999999999999840e-01,-3.843039571867339099e-04,1.772813473412525743e-04,7.042062869802842153e-06
3.573333333333333361e-01,-3.610713549736887075e-04,1.714535062564307246e-04,1.407799250460387060e-05
3.576666666666666883e-01,-3.534479381259787614e-04,1.964566432466993316e-04,-8.530839036825062037e-06
3.579999999999999849e-01,-3.489630713972142985e-04,2.135651604779653407e-04,-4.074101405212419855e-05
3.583333333333333370e-01,-3.870064616000814151e-04,2.212877579379094806e-04,-3.797284487198725997e-05
3.586666666666666892e-01,-3.731718068592861938e-04,2.384599065929656316e-04,-5.000725243867060470e-05
3.589999999999999858e-01,-3.886667800659989597e-04,2.646692706749768269e-04,-5.994950644985939714e-05
3.593333333333333379e-01,-3.010128097819497446e-04,2.792090768985113110e-04,-3.577175204734062803e-05
3.596666666666666901e-01,-3.696541539538274104e-04,3.320376297452116315e-04,-4.755134390012799887e-05
3.599999999999999867e-01,-3.233198584162153065e-04,3.353356428160093796e-04,-8.488940032769314817e-05
3.603333333333333388e-01,-3.323097693551009275e-04,3.184159747452597745e-04,-8.934287712769030333e-05
3.606666666666666909e-01,-3.186141815141140649e-04,2.894650489571252809e-04,-1.282015695860137046e-04
3.609999999999999876e-01,-2.690977992704244649e-04,2.614571263725729293e-04,-6.117679309238129026e-05
3.613333333333333397e-01,-2.717272079022536087e-04,2.754353813980372112e-04,-9.313900282477831122e-05
3.616666666666666918e-01,-1.896298766821563370e-04,3.182507867407011345e-04,-1.020533003190160411e-04
3.619999999999999885e-01,-1.696708396755710647e-04,2.890074618753860070e-04,-1.104637428082066433e-04
3.623333333333333406e-01,-1.503020891754662449e-04,2.005387880614370672e-04,-1.446219946237548546e-04
3.626666666666666927e-01,-1.571407869133265229e-04,2.017779958016372105e-04,-1.389038005423944271e-04
3.629999999999999893e-01,-1.684889613807972943e-04,1.659568954675386425e-04,-1.668316434235425703e-04
3.633333333333333415e-01,-7.195386044060766008e-05,2.729978422472401339e-04,-1.603258529686400356e-04
3.636666666666666936e-01,-9.173275496033709328e-05,1.830411043558676952e-04,-2.671371489387618504e-04
3.639999999999999902e-01,-8.092003156652243108e-05,1.454055764944990918e-04,-2.735377156125089952e-04
3.643333333333333424e-01,-7.261871117064593408e-05,1.385872286818254492e-04,-2.924739904599888362e-04
3.646666666666666390e-01,-7.654397231387419221e-05,8.565128809967457991e-05,-3.218970560145430725e-04
3.649999999999999911e-01,-6.050694684267063356e-05,1.913063033791324451e-04,-2.218143346428735256e-04
3.653333333333333433e-01,-6.207401923908421860e-05,1.529207634713647618e-04,-3.238151766928190427e-04
3.656666666666666399e-01,-1.148696939090809091e-05,1.242631428221817607e-04,-2.628309564051323124e-04
3.659999999999999920e-01,1.482144443478210038e-05,1.302273332597712451e-04,-3.065475623373393500e-04
3.663333333333333441e-01,-3.505829563355356904e-05,7.915394502866008241e-05,-3.144935397996973989e-04
3.666666666666666408e-01,2.147515246738785328e-05,1.252053694013888501e-04,-3.181462708819143381e-04
3.669999999999999929e-01,4.700009127995622674e-05,4.544447342639745070e-05,-2.822575595591714638e-04
3.673333333333333450e-01,1.059719043832310159e-04,6.235266040013689461e-05,-2.955708497052053304e-04
3.676666666666666416e-01,1.182489296257273597e-04,8.886071798170308586e-06,-2.907739805380168052e-04
3.679999999999999938e-01,1.106007124235736848e-04,3.607281765609609940e-05,-2.680272405319618616e-04
3.683333333333333459e-01,1.435816215021287528e-04,2.972544722376038224e-05,-2.853003700649365897e-04
3.686666666666666425e-01,1.365030782311612721e-04,3.218643395881211529e-05,-2.598951403427710461e-04
3.689999999999999947e-01,1.931406429517040682e-04,3.214163944105224934e-06,-2.660384675272493534e-04
3.693333333333333468e-01,1.814933414021268298e-04,2.535954974988346297e-05,-2.863951618249525790e-04
3.696666666666666434e-01,2.442931687544027319e-04,1.752082105840037805e-05,-2.590411005940386892e-04
3.699999999999999956e-01,2.511565580732223377e-04,2.690654020175869106e-05,-2.769647307989287367e-04
3.703333333333333477e-01,3.120000399217797977e-04,-2.074623509315915053e-05,-2.242706495629157634e-04
3.706666666666666443e-01,3.396818583540766072e-04,-6.928793464768117911e-05,-2.474181252684855346e-04
3.709999999999999964e-01,3.479472563067291849e-04,-7.665415212568574797e-05,-2.874185465500327216e-04
3.713333333333333486e-01,4.080658716552293766e-04,-1.480402350187535077e-04,-2.591959319453995283e-04
3.716666666666666452e-01,4.188218288868715685e-04,-7.871159189175735320e-05,-2.256214616677016402e-04
3.719999999999999973e-01,3.875412125297518625e-04,-1.555740609806187326e-04,-2.708834638748946338e-04
3.723333333333333495e-01,4.567216924770697655e-04,-2.070518310519131383e-04,-2.814725466108770630e-04
3.726666666666666461e-01,4.424839503964505291e-04,-2.084022772900898438e-04,-2.682029715033039017e-04
3.729999999999999982e-01,3.906294549121612481e-04,-2.060508657824782560e-04,-2.570354917843413532e-04
3.733333333333333504e-01,4.002691514534953876e-04,-1.790109019314240055e-04,-2.157164351046043840e-04
3.736666666666666470e-01,3.487770348324925607e-04,-2.298771320823785849e-04,-2.550396361306352371e-04
3.739999999999999991e-01,4.180538065068776566e-04,-2.463996603352415753e-04,-2.032664444000445566e-04
3.743333333333333512e-01,3.831300942234121937e-04,-1.773059266660681227e-04,-2.054833715895519727e-04
3.746666666666666479e-01,3.736741976773469312e-04,-1.684940229140348899e-04,-1.836769693464018066e-04
3.750000000000000000e-01,3.491232608333452226e-04,-1.560061877265981928e-04,-1.757214128915523491e-04
3.753333333333333521e-01,3.468246323675836158e-04,-1.521978159477811222e-04,-1.655118614489787957e-04
3.756666666666666488e-01,3.170080527237774089e-04,-1.313476389715090330e-04,-1.284181999525690042e-04
3.760000000000000009e-01,3.554698673277692511e-04,-1.175379761541136734e-04,-6.637587834883329648e-05
3.763333333333333530e-01,3.198240078813566114e-04,-1.114412029919752042e-04,-9.247996814137065408e-05
3.766666666666666496e-01,3.536797277082175507e-04,-1.791753133116076742e-04,-4.789522973056891325e-05
3.770000000000000018e-01,3.385712810783285485e-04,-1.866439028259744165e-04,-4.684823133763496415e-05
3.773333333333333539e-01,2.753974904866773486e-04,-2.121729180680223753e-04,-2.838363478860614949e-05
3.776666666666666505e-01,3.115262498170942693e-04,-2.193080509632510972e-04,1.765690729013710188e-05
3.780000000000000027e-01,3.098905141586516922e-04,-2.613762659947450146e-04,2.345983191417137063e-05
3.783333333333333548e-01,3.141545163273371964e-04,-2.317544661840221078e-04,8.741604347449932798e-05
3.786666666666666514e-01,3.135129431229610243e-04,-2.689599512414840576e-04,6.616107915591602621e-05
3.790000000000000036e-01,2.722120861893255624e-04,-3.140762616199066124e-04,1.183985690066518957e-04
3.793333333333333557e-01,3.096188523813567977e-04,-2.883694770584253322e-04,8.664096510250847308e-05
3.796666666666666523e-01,2.669265106485042339e-04,-3.442849046958449712e-04,1.441873720667851170e-04
3.800000000000000044e-01,3.208058245449432982e-04,-3.053757646344645599e-04,1.790998244047804181e-04
3.803333333333333566e-01,2.661060866423995298e-04,-3.630932455841128208e-04,1.250401416801198479e-04
3.806666666666666532e-01,2.667786874832014563e-04,-3.566664976687841703e-04,1.840566046920752083e-04
3.810000000000000053e-01,2.485145861039447551e-04,-3.534567091269843857e-04,1.821869159803807172e-04
3.813333333333333575e-01,2.203928061206115606e-04,-3.529531717697253221e-04,1.744399783710937502e-04
3.816666666666666541e-01,2.972048609269696030e-04,-2.877116762128157333e-04,2.664555770526390939e-04
3.820000000000000062e-01,2.682762536230819724e-04,-2.095752907460623831e-04,1.925418794316985642e-04
3.823333333333333584e-01,2.289266298393980944e-04,-2.381004969393109771e-04,2.392210500371178060e-04
3.826666666666666550e-01,2.091976215589526865e-04,-2.129613730209830625e-04,2.546800925557230356e-04
3.830000000000000071e-01,1.655796446672072120e-04,-2.166232087239806339e-04,2.419089878983268522e-04
3.833333333333333592e-01,1.868098086125183810e-04,-1.192920729111871745e-04,2.287980612254861073e-04
3.836666666666666559e-01,1.666339316647770259e-04,-1.908606366448964951e-04,2.277905108652666878e-04
3.840000000000000080e-01,1.375792558924670520e-04,-1.667584874795234682e-04,2.358493027346483556e-04
3.843333333333333601e-01,1.527359163693174030e-04,-1.814885278437097349e-04,2.587734572925439033e-04
3.846666666666666567e-01,1.270493571547840557e-04,-1.701968106874012778e-04,3.048892234895945346e-04
3.850000000000000089e-01,1.644512829267594147e-04,-1.172026556364757003e-04,2.900630040476704741e-04
3.853333333333333610e-01,1.751760765551203206e-04,-1.072264883964280834e-04,3.683109780665903398e-04
3.856666666666666576e-01,2.141249788222659414e-04,-1.362972991005806064e-04,3.254719820100945263e-04
3.860000000000000098e-01,1.419240767600635071e-04,-1.379429402636879020e-04,3.526243619081896727e-04
3.863333333333333064e-01,2.256797685233589978e-04,-1.408129815289123528e-04,3.968091483552258652e-04
3.866666666666666585e-01,1.783033958118012395e-04,-1.417959420565872324e-04,3.694386286735768291e-04
3.870000000000000107e-01,2.054561400159649878e-04,-1.406885404165610890e-04,4.056391797427893477e-04
3.873333333333333073e-01,1.900272195076555708e-04,-8.153172856901942124e-05,4.107031866914877911e-04
3.876666666666666594e-01,2.089511136499258678e-04,-1.200838285177415507e-04,4.534668280070513493e-04
3.880000000000000115e-01,2.231533139945166629e-04,-1.162366643513941452e-04,4.703823998748474103e-04
3.883333333333333082e-01,1.575662204911726448e-04,-1.480401314688368467e-04,4.665451135372964396e-04
3.886666666666666603e-01,1.639560100589044069e-04,-1.371960476585282933e-04,5.261692330002056602e-04
3.890000000000000124e-01,1.604511380378629182e-04,-1.249814030387310260e-04,5.615319124989212466e-04
3.893333333333333091e-01,1.852953281958133339e-04,-1.388988872068529982e-04,5.284737063756343159e-04
3.896666666666666612e-01,1.378559484434155346e-04,-1.434702665466105283e-04,6.203136031130876242e-04
3.900000000000000133e-01,8.882311872463658062e-05,-1.829769414021019749e-04,6.336844252685697350e-04
3.903333333333333099e-01,5.438828886681747139e-05,-1.679371444059541828e-04,6.476961110489759098e-04
3.906666666666666621e-01,3.229574154379335842e-05,-1.872912451300009259e-04,6.706675800243289218e-04
3.910000000000000142e-01,5.042987900421760640e-05,-1.933117149472974292e-04,6.679166094898014629e-04
3.913333333333333108e-01,-2.407943433899986993e-05,-1.985807230193615170e-04,6.771220793285275246e-04
3.916666666666666630e-01,-1.220730819467711715e-05,-1.891759312757276259e-04,5.990606053906900527e-04
3.920000000000000151e-01,-1.281990180178262009e-04,-2.332454814340705139e-04,5.937934367194241990e-04
3.923333333333333117e-01,-1.670344967341112687e-04,-2.390336370133307967e-04,6.184795453507360447e-04
3.926666666666666639e-01,-1.861916556136823957e-04,-2.244657169874219888e-04,5.787206888434717538e-04
3.930000000000000160e-01,-2.216821593309974343e-04,-2.149234109544579654e-04,5.844598405993134188e-04
3.933333333333333126e-01,-1.764873204292421603e-04,-1.166578148062072108e-04,5.471950634643073718e-04
3.936666666666666647e-01,-1.730714251184417888e-04,-9.827965910298136596e-05,5.012263493156245099e-04
3.940000000000000169e-01,-1.933526491858268551e-04,-1.066096285991196104e-04,4.987671026433349161e-04
3.943333333333333135e-01,-2.342528661830373571e-04,-6.478450346886476538e-05,5.026810209208171015e-04
3.946666666666666656e-01,-2.245833385136058601e-04,-8.013061406224494777e-05,4.645957014835485959e-04
3.950000000000000178e-01,-2.689721387025686083e-04,-2.038321173687859101e-05,5.076960588988095211e-04
3.953333333333333144e-01,-2.669463957158014372e-04,-9.404011841491398361e-05,4.599345056827380926e-04
3.956666666666666665e-01,-2.519663561842494189e-04,-1.250671164822498714e-04,4.726290509683281002e-04
3.960000000000000187e-01,-2.663508608886985406e-04,-1.190624250835050501e-04,4.854689066672874934e-04
3.963333333333333153e-01,-2.900666893062011590e-04,-1.108058595345421678e-04,4.557838411544688014e-04
3.966666666666666674e-01,-2.680224102168805682e-04,-1.118084816026436944e-04,5.326982162278372452e-04
3.970000000000000195e-01,-2.972658079846286468e-04,-1.118553638274134198e-04,5.075799498989138400e-04
3.973333333333333162e-01,-2.714503249977074143e-04,-1.241853759981142535e-04,4.879290241570763062e-04
3.976666666666666683e-01,-2.926394541460277787e-04,-6.232180168831827132e-05,4.443829823457160042e-04
3.980000000000000204e-01,-2.905278888800671587e-04,-4.025311077550439273e-05,4.726462351003126589e-04
3.983333333333333171e-01,-3.613646082876374689e-04,-2.605432355095931799e-05,4.851900709040381557e-04
3.986666666666666692e-01,-3.490926206171374993e-04,-3.176936318124995310e-05,5.003769539268879693e-04
3.990000000000000213e-01,-3.286585426107960402e-04,-1.750423929134184848e-05,4.729880019415054742e-04
3.993333333333333179e-01,-3.199030113374264571e-04,4.667124223285830479e-05,4.253062736628623604e-04
3.996666666666666701e-01,-3.395223487522231517e-04,8.584421453815964419e-05,4.513761693549304390e-04
4.000000000000000222e-01,-3.439553033355566064e-04,1.687374954922443422e-04,4.185850719859034218e-04
4.003333333333333188e-01,-3.867254996898701375e-04,1.282775142164627234e-04,4.597692825758866353e-04
4.006666666666666710e-01,-3.953119969684785540e-04,2.092548434218579343e-04,5.026781762503196782e-04
4.010000000000000231e-01,-3.383857746137030080e-04,2.196155303336986316e-04,4.469296590949270085e-04
4.013333333333333197e-01,-4.217112944395582535e-04,2.474218153430266030e-04,4.249762338306589692e-04
4.016666666666666718e-01,-3.357066836928730550e-04,2.790864479097016830e-04,3.735274361321517318e-04
4.020000000000000240e-01,-3.457826706801450374e-04,2.442585724887673480e-04,3.729164705747008883e-04
4.023333333333333206e-01,-3.291181105823959849e-04,2.563849408046083890e-04,3.472421292180272764e-04
4.026666666666666727e-01,-3.410932554139619482e-04,2.324403687249191046e-04,4.029901238829203497e-04
4.030000000000000249e-01,-3.570179654641773013e-04,2.686970258959866685e-04,3.606177408697551186e-04
4.033333333333333215e-01,-3.134970145205187228e-04,2.984991837740595851e-04,3.367237278357313357e-04
4.036666666666666736e-01,-3.727052501913133897e-04,3.100608426193721405e-04,2.673915897552978354e-04
4.040000000000000258e-01,-3.656503651532034345e-04,2.732766503978585940e-04,2.794404819197181559e-04
4.043333333333333224e-01,-3.964851733845000856e-04,3.016691573729019969e-04,2.574331240249986045e-04
4.046666666666666745e-01,-4.391137194687506711e-04,2.959082354217244326e-04,2.496261580627655925e-04
4.050000000000000266e-01,-4.599029429016658057e-04,2.741436220751299817e-04,2.300227063882603863e-04
4.053333333333333233e-01,-4.755145484770290001e-04,2.608278276415251264e-04,1.592258242468934024e-04
4.056666666666666754e-01,-4.649758662804805219e-04,2.312799106963421287e-04,1.438260408591098796e-04
4.060000000000000275e-01,-4.586786429479751490e-04,2.581958994096701307e-04,5.738527067130381814e-05
4.063333333333333242e-01,-4.101593600424307661e-04,2.076286696430835359e-04,7.692323686986787216e-05
4.066666666666666763e-01,-4.681252393611240285e-04,2.199334544653370094e-04,1.185591259830700737e-04
4.069999999999999729e-01,-4.573681943946377999e-04,2.220825035483075085e-04,9.562453612880894148e-05
4.073333333333333250e-01,-4.457835463720763230e-04,1.832813660500078870e-04,1.179210562309560874e-04
4.076666666666666772e-01,-4.413269879426275229e-04,2.411782731177561270e-04,5.844586107403804766e-05
4.079999999999999738e-01,-4.738096328825065501e-04,2.318678930106408520e-04,2.422398878335953683e-05
4.083333333333333259e-01,-4.819213610950697077e-04,2.143463928242387109e-04,2.254423988186931522e-05
4.086666666666666781e-01,-4.842499838491552667e-04,1.839454057780965095e-04,5.565649854379858196e-06
4.089999999999999747e-01,-5.000329076624521153e-04,2.173021993079402969e-04,3.892693329383529594e-06
4.093333333333333268e-01,-4.312744144478731470e-04,2.295683341237988681e-04,-6.804288428758498023e-05
4.096666666666666790e-01,-4.430195577466703631e-04,2.433454175486637308e-04,-3.755086122549154102e-05
4.099999999999999756e-01,-4.166432930609127922e-04,2.781051830119121650e-04,-9.260321784475988470e-05
4.103333333333333277e-01,-4.228651635620984061e-04,2.539154047295620500e-04,-7.870723468274974557e-05
4.106666666666666798e-01,-3.887339204992463181e-04,2.951158455719304907e-04,-1.185720406524188117e-04
4.109999999999999765e-01,-3.837388789352636593e-04,2.786058468589837833e-04,-1.103808119550311748e-04
4.113333333333333286e-01,-3.188854625842135358e-04,3.082643033402058608e-04,-1.305500192451528908e-04
4.116666666666666807e-01,-2.911306571438827795e-04,3.555742151532437396e-04,-1.801723062663018249e-04
4.119999999999999774e-01,-2.744756963061322093e-04,3.756479877981069317e-04,-1.779884991690146529e-04
4.123333333333333295e-01,-2.631261077833642391e-04,3.463827621254173049e-04,-2.143044625841234721e-04
4.126666666666666816e-01,-2.679493144353622069e-04,3.410154851824388354e-04,-2.250529920042125792e-04
4.129999999999999782e-01,-2.187395646442028072e-04,3.026025045467551386e-04,-2.489700381610906576e-04
4.133333333333333304e-01,-2.038021371251653871e-04,3.856020859621654717e-04,-2.279078800936465725e-04
4.136666666666666825e-01,-1.903431859994958789e-04,3.258420570188358487e-04,-3.074917026699907296e-04
4.139999999999999791e-01,-1.470902529214046885e-04,2.811869320817566675e-04,-3.040765886560602778e-04
4.143333333333333313e-01,-1.201737103386206636e-04,2.940784566193089047e-04,-3.130615675039845097e-04
4.146666666666666834e-01,-1.484742867369402101e-04,2.597250210290509890e-04,-3.048056370664050069e-04
4.149999999999999800e-01,-1.029193464167281837e-04,2.746536571896597079e-04,-2.862765564815591512e-04
4.153333333333333321e-01,-5.293171664855093260e-05,2.360516461811053757e-04,-3.058283831919857512e-04
4.156666666666666843e-01,-2.011660215442476733e-05,1.762316877235063444e-04,-3.168019028266226707e-04
4.159999999999999809e-01,2.606491592558715493e-05,1.431158807372194031e-04,-3.236705048789490554e-04
4.163333333333333330e-01,-1.015351864479104379e-05,1.117890021112238983e-04,-3.316008076263212171e-04
4.166666666666666852e-01,1.327996674077143945e-04,1.591718389530725379e-04,-2.641061234964862123e-04
4.169999999999999818e-01,6.269731858340099259e-05,4.450962477875268340e-05,-3.144050647417769581e-04
4.173333333333333339e-01,1.488855797618140455e-04,5.363487057861188748e-05,-2.772580221326651200e-04
4.176666666666666861e-01,1.211780092070850024e-04,1.606965958252811296e-05,-2.035944232974997836e-04
4.179999999999999827e-01,8.840298114113248921e-05,3.728613791713018529e-05,-2.810714480707375562e-04
4.183333333333333348e-01,1.384040308379478755e-04,1.187812075270440248e-05,-1.761843394741362668e-04
4.186666666666666869e-01,1.483673013020079179e-04,-2.607514679201351857e-05,-1.546042917262826426e-04
4.189999999999999836e-01,1.673212441193443743e-04,-7.029393503181385655e-05,-1.983929432929249252e-04
4.193333333333333357e-01,1.479379995524429344e-04,-8.185024811267863380e-05,-1.001106225872621421e-04
4.196666666666666878e-01,1.895637900773593449e-04,-8.567989939937019686e-05,-1.258590705131191632e-04
4.199999999999999845e-01,1.724122238965698653e-04,-5.929435160602460140e-05,-1.421815285821983695e-04
4.203333333333333366e-01,2.491299448985799590e-04,-1.099278339036668966e-04,-9.116401776380344559e-05
4.206666666666666887e-01,2.593838853063341757e-04,-1.680121663205774447e-04,-1.089237310880908236e-04
4.209999999999999853e-01,2.410019822434697121e-04,-1.278025428558108071e-04,-1.820773646820895379e-04
4.213333333333333375e-01,2.899870875959671148e-04,-1.749036980368535413e-04,-1.234753237180117127e-04
4.216666666666666896e-01,2.985892210629583409e-04,-1.201991442936867731e-04,-1.577541547299515020e-04
4.219999999999999862e-01,2.504913266359886943e-04,-1.671705384854096509e-04,-2.175118575972406299e-04
4.223333333333333384e-01,2.823033558511560751e-04,-1.758957709571948899e-04,-2.284399495856683296e-04
4.226666666666666905e-01,3.003429215652352480e-04,-1.595374599284217509e-04,-1.988111388832990308e-04
4.229999999999999871e-01,2.822699895848156527e-04,-1.561021914430855365e-04,-2.200650654776957764e-04
4.233333333333333393e-01,2.768811608139254161e-04,-1.202885467029867525e-04,-2.279387650876188139e-04
4.236666666666666914e-01,2.589012573560409039e-04,-1.624707184177696993e-04,-2.300889586294362044e-04
4.239999999999999880e-01,2.791293183829243307e-04,-1.657413166481306059e-04,-1.854547722983038844e-04
4.243333333333333401e-01,2.673857251062798993e-04,-9.605620293301780530e-05,-2.422391849235154342e-04
4.246666666666666923e-01,2.374695361441322365e-04,-5.977222152769049525e-05,-1.998243350436383712e-04
4.249999999999999889e-01,2.594052049092770333e-04,-8.448954403928920492e-06,-1.807026921778251264e-04
4.253333333333333410e-01,2.049317974344034426e-04,-1.415216022030577033e-05,-2.225320624257284081e-04
4.256666666666666932e-01,1.987017145351454282e-04,2.324241345685491980e-05,-1.807532866745296507e-04
4.259999999999999898e-01,2.567023469821051946e-04,3.022899752475900471e-05,-1.894759752916895968e-04
4.263333333333333419e-01,2.447301662279891877e-04,1.578224384508692673e-05,-1.963819354147324371e-04
4.266666666666666941e-01,2.566490479747480504e-04,-3.336379891056678306e-05,-1.625757260868678303e-04
4.269999999999999907e-01,2.161192590786697543e-04,-5.901437851884365720e-05,-1.066702585908662699e-04
4.273333333333333428e-01,2.289104225902221493e-04,-8.465298840394112000e-05,-1.190414403117469165e-04
4.276666666666666394e-01,2.376933919750322689e-04,-1.269431432661955047e-04,-7.780994433155622976e-05
4.279999999999999916e-01,2.731148245297517949e-04,-1.373065483633486422e-04,-2.944135875040545557e-05
4.283333333333333437e-01,2.786698591848088004e-04,-7.961177073292896979e-05,-2.499422440452759176e-05
4.286666666666666403e-01,3.070390988451573186e-04,-1.297958010891599461e-04,3.681928990128874643e-05
4.289999999999999925e-01,3.171636531932149833e-04,-1.771832200148209786e-04,4.632567072686930319e-05
4.293333333333333446e-01,3.260344571666800033e-04,-1.913886894449258100e-04,3.396454694810462072e-05
4.296666666666666412e-01,3.161239418425550868e-04,-2.404636872499431571e-04,9.494100244642331079e-05
4.299999999999999933e-01,3.642380435187006515e-04,-1.936560701951643552e-04,1.622914501711379784e-04
4.303333333333333455e-01,3.014833843558227902e-04,-2.627119563697970488e-04,1.123405238825969291e-04
4.306666666666666421e-01,3.489722288502525695e-04,-2.574009070315672813e-04,1.623937131727960618e-04
4.309999999999999942e-01,3.164535526936653170e-04,-2.731231238660115847e-04,2.152923929802501323e-04
4.313333333333333464e-01,2.849837792471699295e-04,-2.659112345950554812e-04,1.763431790428831149e-04
4.316666666666666430e-01,3.189749492554829467e-04,-2.486770077649590768e-04,2.758296081319636280e-04
4.319999999999999951e-01,2.895543050949012467e-04,-2.066794655515885224e-04,2.422348623201589621e-04
4.323333333333333472e-01,2.489375246046721677e-04,-2.739321334774301236e-04,3.055928440289621024e-04
4.326666666666666439e-01,2.732616687336949504e-04,-2.564045497334239369e-04,3.040560253063434235e-04
4.329999999999999960e-01,1.859271661733354921e-04,-2.891235793265326719e-04,3.447901393582311559e-04
4.333333333333333481e-01,1.763706269608269442e-04,-2.429702683076761117e-04,2.442578003980906904e-04
4.336666666666666448e-01,1.535176442083459976e-04,-3.403212727607295130e-04,2.977839912954807918e-04
4.339999999999999969e-01,1.304183710938070070e-04,-3.131398079485535856e-04,3.219353599277732683e-04
4.343333333333333490e-01,1.306969671807325266e-04,-3.254636977304316021e-04,2.878732753913886347e-04
4.346666666666666456e-01,6.043809331236414223e-05,-2.967305633045211788e-04,3.321049989016326915e-04
4.349999999999999978e-01,1.208659924670768532e-04,-2.298138371958175711e-04,3.340056742026743320e-04
4.353333333333333499e-01,1.095599269347553238e-04,-2.027914509431170932e-04,3.514563053692395427e-04
4.356666666666666465e-01,1.334786043039827748e-04,-2.031574481235668523e-04,3.111289791984861637e-04
4.359999999999999987e-01,6.612553249130992438e-05,-1.673726032040403155e-04,3.214584422107019191e-04
4.363333333333333508e-01,1.295634794898322718e-04,-1.415406785682703163e-04,3.119823222932191671e-04
4.366666666666666474e-01,1.045973202641529407e-04,-9.505229296282778173e-05,3.199204333708342948e-04
4.369999999999999996e-01,1.260016781463917047e-04,-6.456244714444809175e-05,3.060479622813030271e-04
4.373333333333333517e-01,9.342001534399270175e-05,-6.006085139356431635e-07,3.170908280161275749e-04
4.376666666666666483e-01,1.095399941937385884e-04,-1.606832554069839462e-05,3.298695523266419378e-04
4.380000000000000004e-01,1.161837290574932046e-04,5.715567506004975934e-06,3.314563269464657156e-04
4.383333333333333526e-01,1.365553982771588212e-04,6.058555518478243466e-05,3.718954951113685324e-04
4.386666666666666492e-01,8.527775577402630562e-05,9.235010047729894783e-05,3.590090797034510106e-04
4.390000000000000013e-01,1.100753772839669725e-04,3.804952084651855792e-05,3.507590417976162245e-04
4.393333333333333535e-01,5.721206211858808548e-05,4.837327926932885960e-05,3.799428937851354504e-04
4.396666666666666501e-01,9.379626282654043303e-05,5.626889946121635650e-06,4.154126838362548067e-04
4.400000000000000022e-01,-9.409582793249483631e-06,-6.926906538230191700e-06,3.795929412594499877e-04
4.403333333333333544e-01,-4.478869566419372981e-05,-4.379617472408808154e-05,3.769298362105936301e-04
4.406666666666666510e-01,-3.350381376795956022e-05,-8.323364911183373579e-05,3.602599219593267347e-04
4.410000000000000031e-01,-6.520644405118927744e-05,-1.125845235093442644e-04,3.574769053408281480e-04
4.413333333333333552e-01,-5.337019616086236662e-05,-1.297609306547232663e-04,3.750667221710182069e-04
4.416666666666666519e-01,-4.113090172076808252e-05,-3.136024393237932565e-05,3.805709563928209469e-04
4.420000000000000040e-01,-9.295721807425437173e-05,-6.775100148146196203e-05,3.662201452509696183e-04
4.423333333333333561e-01,-7.138273166406755067e-05,-1.018059350213258599e-04,3.800607734472795200e-04
4.426666666666666528e-01,-8.954992946540734245e-05,-9.252075637517873249e-05,3.850184245520735021e-04
4.430000000000000049e-01,-1.084140525779985506e-04,-1.108205636227084951e-04,3.985223076214360863e-04
4.433333333333333570e-01,-5.974235762577817836e-05,-2.943433197608067854e-05,3.998111755747776148e-04
4.436666666666666536e-01,-6.972623386678969285e-05,-7.238709951913462894e-05,4.113207124074327544e-04
4.440000000000000058e-01,-6.088999946633629173e-05,-1.306552395099939794e-04,4.133596445001001232e-04
4.443333333333333579e-01,-8.835392421434683067e-05,-1.214674236729904023e-04,4.538749511416845087e-04
4.446666666666666545e-01,-1.014209780724002394e-04,-1.508140525239177066e-04,4.531165271543662098e-04
4.450000000000000067e-01,-1.112496821395690243e-04,-1.219858851619886741e-04,4.408163460869217237e-04
4.453333333333333588e-01,-1.232827284565508885e-04,-2.353371638632090397e-04,4.585198336280096182e-04
4.456666666666666554e-01,-1.523762635561635938e-04,-2.217311449006735134e-04,4.933697757831860759e-04
4.460000000000000075e-01,-1.325827254060964774e-04,-2.325178361696708944e-04,4.558655238358953559e-04
4.463333333333333597e-01,-1.886825955998673522e-04,-2.314194563161341177e-04,4.618228444025408610e-04
4.466666666666666563e-01,-2.142428144122673743e-04,-2.530581529640648242e-04,5.099313893648004187e-04
4.470000000000000084e-01,-2.251221207752218179e-04,-2.324462572897767541e-04,4.960532869887742053e-04
4.473333333333333606e-01,-2.168202565119233026e-04,-1.860914122456123663e-04,4.611203849531722338e-04
4.476666666666666572e-01,-2.025554570270589533e-04,-1.526993211379256419e-04,4.300675554215828726e-04
4.480000000000000093e-01,-2.317159422063213051e-04,-8.910672209462848666e-05,4.242730777272909885e-04
4.483333333333333059e-01,-2.778371776813603100e-04,-1.410714680083854553e-04,4.486347197583944878e-04
4.486666666666666581e-01,-3.092317070700203530e-04,-8.524560457701058026e-05,4.428917944600562796e-04
4.490000000000000102e-01,-3.040136798630129508e-04,-6.318456017835535909e-05,4.127583740441405444e-04
4.493333333333333068e-01,-3.098310217757062335e-04,1.642348964776982483e-05,3.541803386157911147e-04
4.496666666666666590e-01,-3.317879829504228250e-04,8.018509509880259053e-05,3.326626123736315201e-04
4.500000000000000111e-01,-3.275888097784411014e-04,8.433597117072622030e-05,3.390433244083964400e-04
4.503333333333333077e-01,-3.482696132407782082e-04,9.418341292062059104e-05,3.495981549894096622e-04
4.506666666666666599e-01,-3.514229565536023834e-04,1.476403131335092642e-04,3.392126113302442706e-04
4.510000000000000120e-01,-3.332711637969911086e-04,2.172646106881911769e-04,2.975044008237320912e-04
4.513333333333333086e-01,-3.062898737976165733e-04,2.268369720844670202e-04,2.675460727796589435e-04
4.516666666666666607e-01,-3.202846703008232002e-04,3.049172593838676100e-04,2.989674903314170425e-04
4.520000000000000129e-01,-2.899993313259850258e-04,2.710301867307862277e-04,2.983493260159726808e-04
4.523333333333333095e-01,-2.711040446101125180e-04,2.977270638204526296e-04,2.952348762572719418e-04
4.526666666666666616e-01,-2.782263964019230209e-04,3.270964865967856787e-04,2.821471568707853580e-04
4.530000000000000138e-01,-2.935059437227769568e-04,3.423749402633653217e-04,2.480170034332118928e-04
4.533333333333333104e-01,-2.816393820220156161e-04,3.658072250178373737e-04,2.254474457609976785e-04
4.536666666666666625e-01,-3.190232513955802273e-04,3.653151040388905751e-04,1.467776332318319681e-04
4.540000000000000147e-01,-3.001411262713204109e-04,3.617217148308080597e-04,1.784843305963336414e-04
4.543333333333333113e-01,-2.937409488358282291e-04,3.407390327924244883e-04,1.702814039172065037e-04
4.546666666666666634e-01,-3.584367524079793538e-04,3.440332662912639868e-04,1.476391474974326167e-04
4.550000000000000155e-01,-2.934123713328198012e-04,3.376496469162260246e-04,1.256582334274393062e-04
4.553333333333333122e-01,-3.335810594540533918e-04,3.002985706759340838e-04,8.304266011399266494e-05
4.556666666666666643e-01,-3.371011869562822935e-04,2.329530443623237820e-04,9.113200316397188625e-05
4.560000000000000164e-01,-3.325406954624871166e-04,2.002542070029645716e-04,7.291501631403301262e-05
4.563333333333333131e-01,-3.319636249343615357e-04,1.382048447270635601e-04,6.281129096805185004e-05
4.566666666666666652e-01,-3.969024828574097387e-04,1.034523212861118490e-04,1.948584174286823489e-05
4.570000000000000173e-01,-3.629524836129430308e-04,6.997002525727100196e-05,5.532273942440763844e-05
4.573333333333333139e-01,-3.244831364451562566e-04,5.370415841659984484e-05,4.098142019329777889e-05
4.576666666666666661e-01,-3.331260871621694584e-04,7.588242779278878548e-05,-4.412557688545711715e-05
4.580000000000000182e-01,-3.211162707824502614e-04,1.000084193264737535e-04,1.020479945883514023e-05
4.583333333333333148e-01,-3.279946980354884784e-04,1.562031663922254054e-04,2.295478679187531120e-05
4.586666666666666670e-01,-3.297385273440558940e-04,1.733305814832826084e-04,2.243463298596782917e-05
4.590000000000000191e-01,-3.067130570386839049e-04,1.913457817848606898e-04,3.928074264457636521e-05
4.593333333333333157e-01,-2.732829134695471452e-04,2.527292922091314972e-04,-3.477613188686050295e-05
4.596666666666666679e-01,-2.822926483759650735e-04,2.534382208260940457e-04,-3.275290353642899886e-05
4.600000000000000200e-01,-2.277560435066536759e-04,3.104005898959475286e-04,1.076032296883582883e-05
4.603333333333333166e-01,-2.145790604459261303e-04,2.655871112488094980e-04,1.196061806807292297e-06
4.606666666666666687e-01,-2.232456422024257404e-04,2.701283963940364773e-04,1.104264200208207797e-05
4.610000000000000209e-01,-2.244458488293212949e-04,2.761269654039585084e-04,2.734306663865634581e-07
4.613333333333333175e-01,-2.194333491210921140e-04,2.606508867214251475e-04,-6.153893706305579143e-05
4.616666666666666696e-01,-1.698668494944641011e-04,2.884318020011703530e-04,-2.915964928940865936e-05
4.620000000000000218e-01,-1.634635176279242510e-04,2.372494080671606605e-04,-7.681024584245476977e-05
4.623333333333333184e-01,-1.591541297228718499e-04,1.956473229855307824e-04,-6.006801019787788305e-05
4.626666666666666705e-01,-1.271388844454697715e-04,1.847565122753275224e-04,-1.410855757321834126e-04
4.630000000000000226e-01,-1.400371898391584730e-04,1.190852327893030275e-04,-1.142983296115100786e-04
4.633333333333333193e-01,-4.731122754925479700e-05,2.011699506909847958e-04,-1.067390241460544549e-04
4.636666666666666714e-01,-8.689846700961561079e-05,1.361566532629240498e-04,-1.949172784355488863e-04
4.640000000000000235e-01,-4.847757842913011806e-05,9.533030591011456526e-05,-2.217606052031718023e-04
4.643333333333333202e-01,-4.704411386327649942e-05,4.996340473336453522e-05,-1.844825916421776867e-04
4.646666666666666723e-01,-5.844377218058347494e-05,1.443173936008209770e-05,-2.322916914937063460e-04
4.650000000000000244e-01,-1.166732436436974745e-04,4.745782034357946675e-05,-2.135110317333366303e-04
4.653333333333333210e-01,-1.531916839819858270e-04,3.947768129715177989e-05,-3.051241821076186860e-04
4.656666666666666732e-01,-8.536500561988234683e-05,4.824388070471731001e-05,-2.966020137332785428e-04
4.660000000000000253e-01,-7.879296607903443826e-05,5.916048828790955927e-05,-2.376036782389318903e-04
4.663333333333333219e-01,-1.282696120092033268e-04,1.386711300018026588e-04,-2.576035550663307552e-04
4.666666666666666741e-01,-7.482499774649271256e-05,1.676622849325611964e-04,-2.427999043112614574e-04
4.670000000000000262e-01,-8.875814007907151758e-05,1.991482162305529787e-04,-2.053935903053826493e-04
4.673333333333333228e-01,-7.735659182247306366e-05,1.639007047723367897e-04,-2.219786288777258359e-04
4.676666666666666750e-01,-1.891993746411506716e-05,1.656624771669830236e-04,-2.330758336245015549e-04
4.680000000000000271e-01,-1.942435410300264947e-05,1.470058627941074462e-04,-2.167132018414584744e-04
4.683333333333333237e-01,2.768478935074961415e-05,1.311829436657071862e-04,-2.501765267790062781e-04
4.686666666666666758e-01,4.088088595218947457e-05,6.125961336730832371e-05,-2.252317418095519080e-04
4.689999999999999725e-01,1.128135118117990567e-04,1.071478274207018829e-05,-2.569721543248982979e-04
4.693333333333333246e-01,8.054488550082447367e-05,1.688147798543618400e-05,-2.528852336375716396e-04
4.696666666666666767e-01,1.759132616522861628e-04,-4.858040157039568288e-07,-2.083263875337466268e-04
4.699999999999999734e-01,1.475825006120449524e-04,7.586494080061210153e-05,-2.565540458162740979e-04
4.703333333333333255e-01,2.212838785048356250e-04,2.109621199659268381e-05,-1.930934963196881231e-04
4.706666666666666776e-01,2.377740203203455079e-04,-6.660002863091116906e-07,-2.030584351267315140e-04
4.709999999999999742e-01,2.523452075174001386e-04,-1.535786309059524192e-05,-2.139460050741956627e-04
4.713333333333333264e-01,2.665814539626088788e-04,-4.934684180541381947e-05,-2.178186175749649025e-04
4.716666666666666785e-01,3.139304701428394522e-04,-3.379738829911912437e-05,-1.630686668459247705e-04
4.719999999999999751e-01,3.051067378947495642e-04,-9.135570979091955706e-05,-1.780137528764919757e-04
4.723333333333333273e-01,3.798574263981986427e-04,-1.413269903714940647e-04,-2.074416659817918172e-04
4.726666666666666794e-01,3.447865435903367808e-04,-1.273268215949156974e-04,-2.164453964331991803e-04
4.729999999999999760e-01,3.563258330699025050e-04,-1.333389168127019722e-04,-1.856099810039143778e-04
4.733333333333333282e-01,3.164566527379707780e-04,-1.231941055896270483e-04,-1.681200179136345613e-04
4.736666666666666803e-01,2.965848248725050634e-04,-1.601251315929704910e-04,-1.691764066219350647e-04
4.739999999999999769e-01,3.320144698252969900e-04,-1.733713663700560826e-04,-1.293005122427759728e-04
4.743333333333333290e-01,3.142874103319057773e-04,-1.123379841015062909e-04,-1.712403602040799629e-04
4.746666666666666812e-01,3.194424576914442287e-04,-1.173097909690044301e-04,-1.211570623988453738e-04
4.749999999999999778e-01,2.964432289891842979e-04,-1.100269958926124967e-04,-1.699646415949765974e-04
4.753333333333333299e-01,2.705241664517409679e-04,-1.283549298862561962e-04,-1.424632960976951175e-04
4.756666666666666821e-01,2.443019522132682409e-04,-9.986988164506390960e-05,-1.163757808648928436e-04
4.759999999999999787e-01,2.722507551630306091e-04,-1.114929520628281606e-04,-1.154158206810056619e-04
4.763333333333333308e-01,2.775823690811251589e-04,-1.276422346410749570e-04,-1.062768232447198954e-04
4.766666666666666829e-01,2.869673997021023135e-04,-1.251685306818828964e-04,-1.040243376739944438e-04
4.769999999999999796e-01,2.415279564272972850e-04,-1.463588173594387008e-04,-1.149173357172037088e-04
4.773333333333333317e-01,2.330592880256677482e-04,-1.563124754363514246e-04,-1.003464689933001599e-04
4.776666666666666838e-01,2.387163250157230848e-04,-1.422739543593885521e-04,-7.222608836307507232e-05
4.779999999999999805e-01,2.471291654264830707e-04,-1.496174814619040643e-04,-7.544509427618178467e-05
4.783333333333333326e-01,2.760320478013095712e-04,-1.576753864957465914e-04,-4.315763420782711078e-05
4.786666666666666847e-01,3.107757399680891410e-04,-1.667117088046703903e-04,-3.161123276770514795e-05
4.789999999999999813e-01,2.726989563055104578e-04,-2.099817241689695083e-04,-4.110351706423245004e-06
4.793333333333333335e-01,3.029403779860211955e-04,-1.861419446049444946e-04,-2.970511485729338891e-05
4.796666666666666856e-01,3.072135987075098125e-04,-2.408850318608499316e-04,3.006955443760547933e-05
4.799999999999999822e-01,3.538816384886394099e-04,-1.627741455610750990e-04,8.726574763094690969e-05
4.803333333333333344e-01,2.956669670177469495e-04,-2.118309185807595353e-04,6.954981119881111751e-06
4.806666666666666865e-01,3.000640263512276292e-04,-2.021222337191952564e-04,7.063972258164057149e-05
4.809999999999999831e-01,3.250388806573163724e-04,-2.124159497224333514e-04,1.447443033984095403e-04
4.813333333333333353e-01,2.744937187981493138e-04,-2.190087140416539574e-04,9.354212121568063383e-05
4.816666666666666874e-01,3.259870591208516278e-04,-1.775348496443335928e-04,1.219148792708038971e-04
4.819999999999999840e-01,2.905773469090764771e-04,-1.763380455950074564e-04,9.996725945653065545e-05
4.823333333333333361e-01,2.723203429996769957e-04,-2.036763626434505263e-04,1.520402301112268816e-04
4.826666666666666883e-01,2.692130652574971860e-04,-2.097206489415797987e-04,1.685502767832624648e-04
4.829999999999999849e-01,1.716382189749338333e-04,-1.718837423797784270e-04,2.090707793025921865e-04
4.833333333333333370e-01,2.134428059148365956e-04,-7.506811041148851206e-05,1.130261983246681420e-04
4.836666666666666892e-01,1.634882296892320886e-04,-1.547460370157526985e-04,1.293569001327398967e-04
4.839999999999999858e-01,1.500749090402693422e-04,-1.341081244249026972e-04,1.568705386703853500e-04
4.843333333333333379e-01,1.820954026382938377e-04,-1.498870477824602496e-04,1.557587804827596204e-04
4.846666666666666901e-01,1.195880399922047188e-04,-1.346825417001184188e-04,2.018138071592398509e-04
4.849999999999999867e-01,1.854107912495064285e-04,-1.166276947241974880e-04,1.698159955047498146e-04
4.853333333333333388e-01,1.680201409500005935e-04,-1.300248017298629051e-04,2.425790819639745712e-04
4.856666666666666909e-01,2.137049228188751609e-04,-1.600379425631391921e-04,2.045514832132791776e-04
4.859999999999999876e-01,1.677793164555337686e-04,-1.607103568907380161e-04,2.215036874705423632e-04
4.863333333333333397e-01,2.285377918260307801e-04,-1.618442414219510518e-04,2.773553094178423306e-04
4.866666666666666918e-01,2.145558305939836553e-04,-1.200990762429703551e-04,2.888530902142579871e-04
4.869999999999999885e-01,2.334635990671913046e-04,-1.123220115268608321e-04,2.984536499523788742e-04
4.873333333333333406e-01,2.110100869361779838e-04,-8.656038434076624214e-05,3.217371618649514007e-04
4.876666666666666927e-01,2.284592301769211998e-04,-1.159124236748392412e-04,3.660837752305921887e-04
4.879999999999999893e-01,1.994662289702673653e-04,-1.177635984787854680e-04,3.501208777069398314e-04
4.883333333333333415e-01,1.863471134032418852e-04,-1.530223580466993308e-04,3.542682911832120674e-04
4.886666666666666936e-01,1.445001319977932996e-04,-1.763912314209541219e-04,3.910385600876625746e-04
4.889999999999999902e-01,1.489232153874172357e-04,-1.527850475251840462e-04,4.173571612575071124e-04
4.893333333333333424e-01,1.539634523341690253e-04,-1.574598861754287311e-04,3.937977163066825725e-04
4.896666666666666390e-01,1.267107452978395417e-04,-1.436709203976266694e-04,4.611406459736540364e-04
4.899999999999999911e-01,6.867096799318046264e-05,-1.524140022862969059e-04,4.291141844234397612e-04
4.903333333333333433e-01,4.100845685436510681e-05,-1.361989655109683217e-04,4.414925068478139708e-04
4.906666666666666399e-01,1.873170673426268590e-05,-1.274983261443908501e-04,4.579005082225663160e-04
4.909999999999999920e-01,3.586625156432888937e-05,-1.155127339402548588e-04,4.486642694988679232e-04
4.913333333333333441e-01,-1.826432228273682710e-05,-9.549359682017161382e-05,4.590832525500032038e-04
4.916666666666666408e-01,1.626116007681746882e-05,-8.829604274080371745e-05,4.031224881428013612e-04
4.919999999999999929e-01,-4.941519906633562047e-05,-9.668030475262298792e-05,3.962290968189972136e-04
4.923333333333333450e-01,-8.600294850921659821e-05,-1.012193247434229292e-04,4.067059021520805684e-04
4.926666666666666416e-01,-9.999075631605036565e-05,-1.050081255879904549e-04,3.875227795708225623e-04
4.929999999999999938e-01,-1.007410894081433407e-04,-1.185438082696317868e-04,3.826823114741732422e-04
4.933333333333333459e-01,-9.489806335644553590e-05,-8.656720569152650104e-05,3.685951548438349558e-04
4.936666666666666425e-01,-8.912588963315032115e-05,-9.222295975859196276e-05,3.651743514889096032e-04
4.939999999999999947e-01,-1.004386311380770522e-04,-1.213167585442439259e-04,3.539989763579541289e-04
4.943333333333333468e-01,-1.138967664626135601e-04,-1.052405045447245919e-04,3.751567937276872790e-04
4.946666666666666434e-01,-1.060310294850262794e-04,-1.220143484453317526e-04,3.788555910556127551e-04
4.949999999999999956e-01,-1.172632310230958277e-04,-9.474789503905366118e-05,4.289308483126045169e-04
4.953333333333333477e-01,-1.439206207792912437e-04,-1.514304463466011779e-04,4.021304818749429975e-04
4.956666666666666443e-01,-1.554980897518822036e-04,-1.587000517523580229e-04,4.009637605894916736e-04
4.959999999999999964e-01,-1.578860212483381440e-04,-1.482551399270505468e-04,4.170571936562766989e-04
4.963333333333333486e-01,-1.719265570017359471e-04,-1.427821514628974705e-04,3.821026372921942720e-04
4.966666666666666452e-01,-1.453726924093204484e-04,-1.222301594153996367e-04,5.004045298143632546e-04
4.969999999999999973e-01,-1.630264929609666780e-04,-9.925751979726054751e-05,4.654910760362438219e-04
4.973333333333333495e-01,-1.246734246480060530e-04,-1.151960912388351851e-04,4.366038535162079402e-04
4.976666666666666461e-01,-1.458214374192223425e-04,-3.026551097747006905e-05,3.856286934555249921e-04
4.979999999999999982e-01,-1.186723371267861006e-04,-2.299712551916893515e-05,4.136361580833515799e-04
4.983333333333333504e-01,-1.365109982151741267e-04,2.510064259887390296e-05,4.386302458368866210e-04
4.986666666666666470e-01,-1.237701968269000366e-04,9.501727827697556463e-06,4.151818301172123093e-04
4.989999999999999991e-01,-1.061234461567116190e-04,1.718555231572072866e-05,4.251697875334850205e-04
4.993333333333333512e-01,-1.077981499159413284e-04,5.047100642485265269e-05,4.149726307266503214e-04
4.996666666666666479e-01,-1.351232117144267114e-04,5.851736564298712237e-05,3.891041841494011656e-04
5.000000000000000000e-01,-1.536061653443010011e-04,8.884515584178727691e-05,3.152569734445258656e-04
5.003333333333332966e-01,-1.812937487712711017e-04,4.581246394274300247e-05,3.277966583515050836e-04
5.006666666666667043e-01,-1.740303449635618245e-04,7.357696656069694660e-05,3.392886917524258841e-04
5.010000000000000009e-01,-1.657768305140801626e-04,9.030973997560714833e-05,3.400632258634797610e-04
5.013333333333332975e-01,-1.868521010176023701e-04,1.159989792980836346e-04,3.670513986084724756e-04
5.016666666666667052e-01,-1.945120113693293168e-04,2.219027408929784013e-04,3.085302565900719459e-04
5.020000000000000018e-01,-2.117216625907896365e-04,1.993299722217778717e-04,2.792848378053580530e-04
5.023333333333332984e-01,-2.124415255105644069e-04,1.935231776575180339e-04,2.905477300949847893e-04
5.026666666666667060e-01,-2.138709178690957082e-04,2.168289503013055473e-04,3.316930731972529299e-04
5.030000000000000027e-01,-2.740699984026825713e-04,2.228850412899345567e-04,2.816557255287270621e-04
5.033333333333332993e-01,-2.511428321338391996e-04,2.505619924533488883e-04,2.663928201381955360e-04
5.036666666666667069e-01,-2.904813610221140450e-04,2.307861329187286723e-04,1.925845059482852323e-04
5.040000000000000036e-01,-2.745531974137688973e-04,1.886219271144869971e-04,1.991936334130948853e-04
5.043333333333333002e-01,-2.951402653259222538e-04,2.062309269804704203e-04,1.904807850336760918e-04
5.046666666666667078e-01,-3.280270853404692786e-04,2.127746345266713515e-04,1.902785086422329028e-04
5.050000000000000044e-01,-2.974036511827375185e-04,1.894634772872172749e-04,1.551493678831823470e-04
5.053333333333333011e-01,-3.303472781495136621e-04,1.649881601096654887e-04,1.250870352024527051e-04
5.056666666666667087e-01,-3.301850696908986520e-04,1.337231525588768611e-04,1.203707021403168097e-04
5.060000000000000053e-01,-3.124297290915628122e-04,1.069228485180722424e-04,1.159311439066821421e-04
5.063333333333333020e-01,-2.590980353023473949e-04,5.574321160059376155e-05,1.221709576700736992e-04
5.066666666666667096e-01,-3.527774855614937638e-04,2.190564875141747658e-05,7.168093003820472531e-05
5.070000000000000062e-01,-3.341959831547509918e-04,2.066169713066015235e-05,1.224325802740885549e-04
5.073333333333333028e-01,-3.045863178716491150e-04,1.426844114150258753e-05,8.761305867688475154e-05
5.076666666666667105e-01,-3.222926016295194884e-04,3.641049393433819231e-05,6.157846012078493718e-05
5.080000000000000071e-01,-2.847658038974502643e-04,9.500455081602844967e-05,1.102317812537422908e-04
5.083333333333333037e-01,-2.869691739842464805e-04,2.112308088191241660e-04,3.796891413650545124e-05
5.086666666666667114e-01,-2.960563556115588624e-04,2.388093098992699658e-04,5.430040693713902720e-05
5.090000000000000080e-01,-3.312344346882992651e-04,2.380876446425576767e-04,5.637760420208451546e-05
5.093333333333333046e-01,-2.564705845932374953e-04,2.923926898634942261e-04,-1.143565399621418333e-05
5.096666666666667123e-01,-2.662401566749480791e-04,2.716329507956887672e-04,2.681744294590351175e-05
5.100000000000000089e-01,-2.501799692499095582e-04,3.444259534627339874e-04,-8.831252586261639542e-05
5.103333333333333055e-01,-2.527676360570993387e-04,2.737197922662232340e-04,-7.761435872123203258e-05
5.106666666666667131e-01,-2.407577924840089974e-04,2.669902902820474669e-04,-7.911492240863330912e-05
5.110000000000000098e-01,-2.115036533346762197e-04,2.301164756076610465e-04,-9.521143236391559192e-05
5.113333333333333064e-01,-2.124086759182749128e-04,2.297103010595455603e-04,-7.565972176248887519e-05
5.116666666666667140e-01,-1.572873047968164891e-04,2.883355005786726122e-04,-1.087067233672858697e-04
5.120000000000000107e-01,-1.875799859818518293e-04,2.587143997298871605e-04,-1.378409968118496647e-04
5.123333333333333073e-01,-1.584828613572538520e-04,1.959881575362311520e-04,-1.682096250343040192e-04
5.126666666666667149e-01,-1.309247999568358351e-04,1.527415703405773039e-04,-1.699119861635239089e-04
5.130000000000000115e-01,-1.411312607386484331e-04,1.140876290488159058e-04,-1.656970262765623835e-04
5.133333333333333082e-01,-4.750205023261039599e-05,1.788678097269862609e-04,-1.347545293221238157e-04
5.136666666666667158e-01,-1.105387658388863441e-04,1.051410651020306340e-04,-1.832586576470277907e-04
5.140000000000000124e-01,-4.211661383476497417e-05,6.716402961550337785e-05,-1.862666064255742075e-04
5.143333333333333091e-01,-7.607800030338005503e-05,8.017810547942775406e-05,-1.972883112951677833e-04
5.146666666666667167e-01,-6.281514057671686686e-05,7.057510625155890996e-05,-1.826049639776153441e-04
5.150000000000000133e-01,-6.529586265371078448e-05,8.650563963085248760e-05,-1.985188925305617048e-04
5.153333333333333099e-01,-2.483638523384358471e-06,7.000406729237436637e-05,-1.681907573218209778e-04
5.156666666666667176e-01,-4.073427582181097481e-06,7.109945714206746426e-05,-1.563619497667028280e-04
5.160000000000000142e-01,5.253353779753076527e-05,3.898420122554874766e-05,-1.743851434390033964e-04
5.163333333333333108e-01,6.557526782874675126e-05,-6.905808242709852631e-06,-1.517714353195788403e-04
5.166666666666667185e-01,9.698862862689396145e-05,8.830672592754938973e-06,-1.868524634117976432e-04
5.170000000000000151e-01,1.076804910828520624e-04,-3.133839489996317039e-05,-1.769267113922189973e-04
5.173333333333333117e-01,1.216874090312267652e-04,-2.897647631174504894e-05,-1.804969180027600592e-04
5.176666666666667194e-01,1.506890985199472392e-04,-6.749114296559303983e-05,-1.514492328448684469e-04
5.180000000000000160e-01,1.397390078120179578e-04,-5.546456441006741904e-05,-1.437100745385744955e-04
5.183333333333333126e-01,1.757931213387637596e-04,-6.431732507609446185e-05,-1.757392065957863556e-04
5.186666666666667203e-01,1.617200895069007688e-04,-5.704737018936888930e-05,-2.049922305199933985e-04
5.190000000000000169e-01,1.864077546207961952e-04,-7.234740106983347612e-05,-1.999519098072737055e-04
5.193333333333333135e-01,1.852291123371834175e-04,-5.229529300909737245e-05,-1.825949495763743260e-04
5.196666666666667211e-01,2.008360950394594833e-04,-5.567992234924987383e-05,-1.820169880021438162e-04
5.200000000000000178e-01,1.748202512942691222e-04,-5.964029893386024831e-05,-1.957505927277999077e-04
5.203333333333333144e-01,2.201636203889758138e-04,-8.181922844076789964e-05,-1.713563821222256842e-04
5.206666666666667220e-01,2.083804335640089208e-04,-8.746876951283350974e-05,-1.672838589508861165e-04
5.210000000000000187e-01,2.380644727170708804e-04,-7.233298821580778004e-05,-1.873762020830768921e-04
5.213333333333333153e-01,2.385285275949024220e-04,-8.820650442223811202e-05,-1.653504989663738415e-04
5.216666666666666119e-01,2.687134686436372030e-04,-7.596766795316014891e-05,-2.016118621242817184e-04
5.220000000000000195e-01,2.642994678399608480e-04,-1.223085337585748909e-04,-1.946172237525685671e-04
5.223333333333333162e-01,2.787290591536947673e-04,-1.357737118907074373e-04,-1.982003474893480257e-04
5.226666666666666128e-01,3.169519527991969030e-04,-1.405819487210948498e-04,-2.028168413251986673e-04
5.230000000000000204e-01,2.931107085541783471e-04,-1.461715085039326804e-04,-1.910041729210660189e-04
5.233333333333333171e-01,3.502896389065916338e-04,-1.231309789716806256e-04,-1.712788213102954039e-04
5.236666666666666137e-01,3.146941687768283619e-04,-1.553148496517289757e-04,-2.209147511389320656e-04
5.240000000000000213e-01,3.452761874303739479e-04,-1.708935463016766172e-04,-1.790822459480315848e-04
5.243333333333333179e-01,3.424952029480301326e-04,-1.184821960692165622e-04,-1.888682898134857861e-04
5.246666666666666146e-01,3.261466570158410151e-04,-1.046952365710498588e-04,-1.691258992069804732e-04
5.250000000000000222e-01,3.293431018218595996e-04,-6.057002186063013870e-05,-1.651104145818396121e-04
5.253333333333333188e-01,3.065868730837545669e-04,-7.275298667779793406e-05,-1.582642215664930457e-04
5.256666666666666154e-01,3.041855080619749259e-04,-5.604478695248612077e-05,-1.393364226760055737e-04
5.260000000000000231e-01,3.491901837196238062e-04,-6.591832328137988458e-05,-1.459945481387711738e-04
5.263333333333333197e-01,3.303546136466881935e-04,-7.086092907237870493e-05,-1.028982835657565588e-04
5.266666666666666163e-01,3.272986226024041036e-04,-6.973051346337393573e-05,-1.370491624598114001e-04
5.270000000000000240e-01,2.991604722096683692e-04,-1.183313626718555082e-04,-5.725367317665743867e-05
5.273333333333333206e-01,3.345902531293158005e-04,-1.491279751183530178e-04,-5.634358180822543661e-05
5.276666666666666172e-01,3.165836185876394460e-04,-1.567368100511019186e-04,-6.502468888979776528e-05
5.280000000000000249e-01,3.538066935578862188e-04,-1.732193809798721442e-04,-8.608486930505271730e-06
5.283333333333333215e-01,3.453786248593098828e-04,-1.413566056476600412e-04,-4.943288644424591842e-06
5.286666666666666181e-01,3.767209973621989984e-04,-1.798963184376011848e-04,4.356046232622970502e-05
5.290000000000000258e-01,3.783661147336712829e-04,-2.205855203976586978e-04,7.675532874239380046e-05
5.293333333333333224e-01,3.911736214612551005e-04,-2.093757500566503684e-04,5.502906347960909958e-05
5.296666666666666190e-01,3.700983237643618029e-04,-2.476273481472128740e-04,1.213157060336549341e-04
5.300000000000000266e-01,4.259873365586187149e-04,-1.806692667905414286e-04,1.913255650896667935e-04
5.303333333333333233e-01,3.481834851214799984e-04,-2.372065505087485912e-04,1.546432777798872438e-04
5.306666666666666199e-01,3.725635660148566924e-04,-2.510618917831324340e-04,2.168620705498392842e-04
5.310000000000000275e-01,3.631724984654952104e-04,-2.431378379603180097e-04,2.318084628066553179e-04
5.313333333333333242e-01,3.148945839218396706e-04,-2.619312158856278660e-04,2.352161458445924580e-04
5.316666666666666208e-01,3.443684455096652445e-04,-2.218813699422741601e-04,2.717032394119224536e-04
5.320000000000000284e-01,2.932737600072974748e-04,-2.490786520042205412e-04,2.523260116100889037e-04
5.323333333333333250e-01,2.723095744247211523e-04,-2.810279950667639499e-04,3.227257719445628483e-04
5.326666666666666217e-01,2.546560730001570490e-04,-2.791039081777464941e-04,2.911433982916994271e-04
5.330000000000000293e-01,1.939593537754294742e-04,-2.953342703407413989e-04,3.407862946603298134e-04
5.333333333333333259e-01,1.897803852781755087e-04,-2.296681942380293174e-04,1.922558303968306518e-04
5.336666666666666226e-01,1.672868173115310325e-04,-2.843606714721650828e-04,2.349382389533422402e-04
5.340000000000000302e-01,1.326558960547055829e-04,-2.518261678305519979e-04,2.497577095596473402e-04
5.343333333333333268e-01,1.436728280688001234e-04,-2.691649283015209526e-04,2.457100917687853915e-04
5.346666666666666234e-01,8.814117016251880920e-05,-2.414735060372528151e-04,2.827925777739552244e-04
5.350000000000000311e-01,1.505249321386129848e-04,-1.749490399566128965e-04,2.912554144493487303e-04
5.353333333333333277e-01,1.414604297827984792e-04,-1.572058782298513333e-04,2.978082871037089630e-04
5.356666666666666243e-01,1.604080365446684819e-04,-1.769327198226706055e-04,2.754216301335803293e-04
5.360000000000000320e-01,1.142871545834537971e-04,-1.375519746095824622e-04,2.915601425195748705e-04
5.363333333333333286e-01,1.522700667289932119e-04,-1.308437262458020834e-04,3.079419613148506917e-04
5.366666666666666252e-01,1.288711226649257632e-04,-9.254924554600098307e-05,2.967772101573857104e-04
5.370000000000000329e-01,1.424014155996776725e-04,-9.773286376803583513e-05,3.098619397371250102e-04
5.373333333333333295e-01,8.689588372468125667e-05,9.769615227044941337e-07,3.293327804201244091e-04
5.376666666666666261e-01,1.196908853217071403e-04,-4.728651234948030000e-05,3.586226689517983159e-04
5.380000000000000338e-01,9.983837834640841755e-05,-1.467738481323617749e-05,3.343874696215811608e-04
5.383333333333333304e-01,1.339643187018959355e-04,-5.404916919359586432e-06,3.929031545169866103e-04
5.386666666666666270e-01,9.336612488081410459e-05,3.378590480282674037e-05,3.926652471762004555e-04
5.390000000000000346e-01,1.055015406433041378e-04,9.568763454998068627e-06,3.894522208765883791e-04
5.393333333333333313e-01,7.628383381290338089e-05,1.026941455049728535e-05,4.410440358357170716e-04
5.396666666666666279e-01,1.037100549518829503e-04,-1.403024313717320896e-05,4.557706047284806514e-04
5.400000000000000355e-01,1.403029069349575670e-05,-4.128782360996713889e-05,4.499925564576740715e-04
5.403333333333333321e-01,-1.968446511198167934e-06,-6.426685743546022293e-05,4.513228753239783252e-04
5.406666666666666288e-01,-7.579523304922111260e-06,-1.061055023017095457e-04,4.717922534060802571e-04
5.410000000000000364e-01,6.808246303644795603e-06,-9.282754241890593108e-05,4.208324777878834745e-04
5.413333333333333330e-01,-3.240161884885330322e-05,-1.033572357384822355e-04,4.713588765639697476e-04
5.416666666666666297e-01,-6.893774469193033297e-06,-7.441544823049338288e-05,4.167491564795536025e-04
5.420000000000000373e-01,-8.301254787602713615e-05,-1.120392425919299588e-04,4.102866456543621636e-04
5.423333333333333339e-01,-7.331994663121679410e-05,-1.280370575295761355e-04,4.260659748491795102e-04
5.426666666666666305e-01,-7.453304971435680329e-05,-1.210456519186773569e-04,4.122627337508360146e-04
5.430000000000000382e-01,-1.151588176137346211e-04,-1.187519824333456555e-04,4.416651609306588211e-04
5.433333333333333348e-01,-5.650731182948227243e-05,-4.570869314585319085e-05,4.286209533918830723e-04
5.436666666666666314e-01,-8.150553883803197345e-05,-6.847392228091378301e-05,4.345266054535749912e-04
5.440000000000000391e-01,-8.197548108070677926e-05,-1.118099960201749061e-04,4.182194447452320719e-04
5.443333333333333357e-01,-1.282755129707321496e-04,-1.076083416578670543e-04,4.848572444558372965e-04
5.446666666666666323e-01,-1.203368433718530887e-04,-1.280901268618665539e-04,4.223158863705501294e-04
5.450000000000000400e-01,-1.655026669466440326e-04,-1.156197398353877692e-04,4.117364987360590191e-04
5.453333333333333366e-01,-1.562880027956120815e-04,-2.013375065632344748e-04,4.091609108458739777e-04
5.456666666666666332e-01,-1.569568509512021413e-04,-2.254535314174405136e-04,4.002510545208822347e-04
5.460000000000000409e-01,-1.702641446462436808e-04,-1.985700056029867885e-04,3.902541276843676170e-04
5.463333333333333375e-01,-1.944101178078154002e-04,-1.646149783170944834e-04,4.125320195488440026e-04
5.466666666666666341e-01,-1.742405225287982644e-04,-1.277472213128329366e-04,4.792364077708893377e-04
5.470000000000000417e-01,-2.368586709687512098e-04,-9.334923337093016874e-05,3.999568923696466324e-04
5.473333333333333384e-01,-2.411744221226411276e-04,-8.974048641583239484e-05,3.947950055340362051e-04
5.476666666666666350e-01,-2.346295487595226922e-04,-3.601414608384845940e-05,3.768321595144314079e-04
5.480000000000000426e-01,-2.415256245104052246e-04,-3.848648447851452055e-05,3.350380283479964354e-04
5.483333333333333393e-01,-3.252971156223101738e-04,-4.970761618694182691e-05,3.435547976538414535e-04
5.486666666666666359e-01,-3.135546644672519592e-04,-7.519231206465747520e-05,3.746291073504115672e-04
5.490000000000000435e-01,-2.945281153490769254e-04,-4.330097960699030862e-05,3.541010942233623515e-04
5.493333333333333401e-01,-3.022651189078740192e-04,1.011392787875613569e-05,2.767945900300963075e-04
5.496666666666666368e-01,-3.163202846949239740e-04,6.389137333054876891e-05,3.310385957920911970e-04
5.500000000000000444e-01,-3.174999875200096712e-04,1.788518889272991462e-04,3.348818617431367902e-04
5.503333333333333410e-01,-3.275695024849597224e-04,1.902418361233032269e-04,3.607519628736344784e-04
5.506666666666666377e-01,-3.141312727080688462e-04,2.340284102468819329e-04,3.499315619826099647e-04
5.510000000000000453e-01,-2.946020813184705486e-04,3.052564889108596658e-04,2.877531606309965896e-04
5.513333333333333419e-01,-2.844518020413517537e-04,3.031018481323892542e-04,2.636003986907053519e-04
5.516666666666666385e-01,-2.749683042236193871e-04,3.522389241124468276e-04,2.464693285191029543e-04
5.520000000000000462e-01,-2.727080184111096376e-04,3.110234685321620765e-04,2.522333566281721793e-04
5.523333333333333428e-01,-2.265295680832749459e-04,3.011614521314972116e-04,2.275476688919849679e-04
5.526666666666666394e-01,-2.466171753484238511e-04,3.107208956756691643e-04,1.739924507446209733e-04
5.530000000000000471e-01,-2.321133733249563895e-04,3.202576876755708454e-04,2.043732558984393910e-04
5.533333333333333437e-01,-2.241590947310655819e-04,3.663815128556572893e-04,1.634048048575122852e-04
5.536666666666666403e-01,-2.757322475979482159e-04,3.523341123733404420e-04,1.199186607764731155e-04
5.540000000000000480e-01,-2.470825627014392942e-04,3.160907095916058967e-04,1.143375914239894397e-04
5.543333333333333446e-01,-2.555655620096388293e-04,3.109206952398728451e-04,1.095844300384491321e-04
5.546666666666666412e-01,-2.905104307358205551e-04,2.938416120724186625e-04,8.085381678883503333e-05
5.550000000000000488e-01,-2.707518904543598890e-04,2.927406434709652516e-04,8.121522056463518753e-05
5.553333333333333455e-01,-2.992096989243830918e-04,2.434204394632869656e-04,4.615953326164363345e-05
5.556666666666666421e-01,-3.015405243415277600e-04,1.756213127397289616e-04,2.971044381455325236e-05
5.560000000000000497e-01,-2.996170828168409649e-04,1.948363718131747746e-04,-1.686917783708047084e-05
5.563333333333333464e-01,-2.934932988052151395e-04,1.492659691627003574e-04,-1.811774145383324971e-05
5.566666666666666430e-01,-2.652275571152754485e-04,2.542372378705545105e-04,4.766070652129435783e-05
5.570000000000000506e-01,-2.712430571231787507e-04,2.325666996232494932e-04,-2.470068633916642608e-05
5.573333333333333472e-01,-2.648353743172627813e-04,2.202903651405994988e-04,2.779062504215380714e-05
5.576666666666666439e-01,-2.415681005560643181e-04,2.524381875059091397e-04,1.317148980073457944e-06
5.580000000000000515e-01,-3.083527357359360606e-04,2.275241034439717575e-04,-5.447946632852592927e-05
5.583333333333333481e-01,-2.357615000249557616e-04,2.316964143486448713e-04,9.606508095188823639e-07
5.586666666666666448e-01,-2.530048166398386842e-04,1.453304769174383680e-04,-1.048894475194009464e-05
5.590000000000000524e-01,-2.262559755766319243e-04,1.186484333533340858e-04,-2.101746213085194616e-05
5.593333333333333490e-01,-2.105008161952287473e-04,8.972039856865220500e-05,-1.269257746095944630e-05
5.596666666666666456e-01,-1.805578689559180709e-04,6.516674587914390914e-05,1.250194345364544130e-05
5.600000000000000533e-01,-1.992825444615054832e-04,7.577137050716638690e-05,-3.713343485724173283e-05
5.603333333333333499e-01,-1.690179268354459409e-04,5.855343984520503068e-05,7.364105694638385909e-06
5.606666666666666465e-01,-1.449939703300025717e-04,6.713132078557706149e-05,-4.126533326840293807e-05
5.610000000000000542e-01,-1.328501994042418743e-04,7.222044970865579500e-05,-6.935286956528254152e-05
5.613333333333333508e-01,-1.186245583737623692e-04,9.163137344947203415e-05,-4.700217735787159550e-05
5.616666666666666474e-01,-1.093432228751345397e-04,1.459146278848205247e-04,-6.853357543476894264e-05
5.620000000000000551e-01,-1.025089576567636649e-04,1.605747849989980127e-04,-1.014131914025913806e-04
5.623333333333333517e-01,-8.808010056404946212e-05,1.516292371357699992e-04,-9.815038336927403020e-05
5.626666666666666483e-01,-7.820855334071170504e-05,1.453958686898118287e-04,-1.305863033076202844e-04
5.629999999999999449e-01,-1.019301195595165516e-04,1.249561506394571944e-04,-1.773476065168406925e-04
5.633333333333333526e-01,-6.548472061600436672e-05,1.708623656696737450e-04,-1.554519454800207723e-04
5.636666666666666492e-01,-1.154423357008293549e-04,9.763487402417518580e-05,-1.807196731190598420e-04
5.639999999999999458e-01,-4.894501208332090235e-05,7.741100577510715301e-05,-2.070673015388783001e-04
5.643333333333333535e-01,-7.088085080703510705e-05,1.161264751329764937e-04,-2.975124244014602575e-04
5.646666666666666501e-01,-5.057341912825186534e-05,1.259635618912044225e-04,-2.270915757698802712e-04
5.649999999999999467e-01,-6.264346504184660407e-06,2.070530615438261719e-04,-2.299491633935618542e-04
5.653333333333333544e-01,-5.185374723998303969e-06,1.854899045601020053e-04,-2.130494694315014691e-04
5.656666666666666510e-01,1.605406556002955527e-05,1.397515698322773629e-04,-2.257311846726030129e-04
5.659999999999999476e-01,3.031048948659492961e-05,1.217511512813030977e-04,-2.657689785384916036e-04
5.663333333333333552e-01,5.301596519671213938e-05,5.394105473844846503e-05,-2.773752341680597866e-04
5.666666666666666519e-01,1.093426043112622024e-04,9.473860874255550892e-05,-2.341890576882509761e-04
5.669999999999999485e-01,1.041052902058016709e-04,-1.193341557155044077e-05,-2.347061491192861996e-04
5.673333333333333561e-01,1.664205452817507105e-04,-1.482503405065980309e-05,-2.454574506417477996e-04
5.676666666666666528e-01,1.620023295055537677e-04,-7.886298186992047037e-05,-2.109766335108645701e-04
5.679999999999999494e-01,1.992506671175530038e-04,-8.938882442697082922e-05,-2.246318356343411128e-04
5.683333333333333570e-01,2.372710789218401449e-04,-8.902528655704184410e-05,-1.824330065487699015e-04
5.686666666666666536e-01,2.123649966512647879e-04,-8.685192265926462273e-05,-1.859487290111099314e-04
5.689999999999999503e-01,2.715140323531734607e-04,-1.329959336012308388e-04,-1.769393963004576003e-04
5.693333333333333579e-01,2.563380101960994963e-04,-1.115819273287219098e-04,-1.575117481654193915e-04
5.696666666666666545e-01,2.708337901750922420e-04,-1.135512655313216187e-04,-1.237383396300253025e-04
5.699999999999999512e-01,2.922744308127219501e-04,-1.154381909439961847e-04,-1.318240833010077512e-04
5.703333333333333588e-01,3.192815273212709398e-04,-1.381657926280889124e-04,-1.000640338510540089e-04
5.706666666666666554e-01,3.109145077408154547e-04,-1.933714114742543706e-04,-8.353858822290727130e-05
5.709999999999999520e-01,3.101502380460333824e-04,-1.457123034547455338e-04,-7.439857483287241142e-05
5.713333333333333597e-01,3.304518843351150086e-04,-1.743581841321267280e-04,-4.915457697068699748e-05
5.716666666666666563e-01,3.251525217551457002e-04,-1.711945659094195598e-04,-1.081781661725109389e-04
5.719999999999999529e-01,3.463471167710572836e-04,-2.166507530018133357e-04,-9.458992991472420166e-05
5.723333333333333606e-01,3.016849688157914600e-04,-2.009304259533481571e-04,-7.407132161666655622e-05
5.726666666666666572e-01,3.606779417609538916e-04,-1.853884377488579762e-04,-8.973465792058817265e-05
5.729999999999999538e-01,3.271689646089964883e-04,-1.934482455124192412e-04,-7.491331505665976267e-05
5.733333333333333615e-01,3.317098224888570968e-04,-1.845696426703146581e-04,-9.365652966456314418e-05
5.736666666666666581e-01,2.831745226877344806e-04,-1.883445807697887444e-04,-1.979875487197893058e-04
5.739999999999999547e-01,2.636092456946857233e-04,-1.942676618904625526e-04,-1.224689489614162361e-04
5.743333333333333623e-01,3.064939261413327540e-04,-1.400625164516278436e-04,-1.464453993853659364e-04
5.746666666666666590e-01,2.378397738916667305e-04,-1.290689065616561259e-04,-1.185120703539727219e-04
5.749999999999999556e-01,2.992013710398036693e-04,-6.837793798003581830e-05,-4.344768900319140737e-05
5.753333333333333632e-01,2.141020276170570288e-04,-5.479504948013517844e-05,-1.421115148552612841e-04
5.756666666666666599e-01,2.192345044785820184e-04,-5.036771454632740850e-05,-8.605568620439487618e-05
5.759999999999999565e-01,2.344892242516210677e-04,-4.662509319965515350e-06,-5.176431542046633111e-05
5.763333333333333641e-01,1.736076172967806065e-04,-3.234931337613531165e-06,-7.880404056141273521e-05
5.766666666666666607e-01,2.175876195379882014e-04,1.325754802380751203e-05,1.510985318667642290e-05
5.769999999999999574e-01,1.747486511481612841e-04,-3.867413634311949583e-05,2.806895282852864225e-05
5.773333333333333650e-01,1.638913986091694011e-04,-7.117554607855362781e-05,2.578950094257743801e-05
5.776666666666666616e-01,1.847027302527893308e-04,-9.866727232853478627e-05,7.530562805375930690e-05
5.779999999999999583e-01,2.036771224851934101e-04,-1.277173212743961219e-04,1.093684818122682379e-04
5.783333333333333659e-01,2.222560687150527666e-04,-7.953320223365997949e-05,9.406593971189732787e-05
5.786666666666666625e-01,2.132078008017852962e-04,-1.354489534645692147e-04,1.268762748908445126e-04
5.789999999999999591e-01,2.104625212156965440e-04,-1.715202303973286139e-04,1.711632662850388876e-04
5.793333333333333668e-01,2.221736728006179680e-04,-1.812595919217046788e-04,1.834691947479781754e-04
5.796666666666666634e-01,2.268055740869233253e-04,-2.297337931102361001e-04,2.451811572197607793e-04
5.799999999999999600e-01,2.381289481999503816e-04,-1.921917708236153355e-04,2.597870308071328709e-04
5.803333333333333677e-01,2.355960488421572055e-04,-2.307292184591294682e-04,2.595765542175720321e-04
5.806666666666666643e-01,2.239990006423738574e-04,-2.527455357656554938e-04,3.128037354129808447e-04
5.809999999999999609e-01,2.218576586350580330e-04,-2.846553227600331416e-04,3.147700413262135254e-04
5.813333333333333686e-01,1.550535530014783168e-04,-2.959330218463731947e-04,3.444296499408051600e-04
5.816666666666666652e-01,2.313017260646945599e-04,-2.144626914877395801e-04,3.205756654844953905e-04
5.819999999999999618e-01,1.977932112000458775e-04,-2.476402142243583934e-04,3.319606173602624799e-04
5.823333333333333695e-01,1.981948572912015766e-04,-2.320197610705159103e-04,3.726681424511740564e-04
5.826666666666666661e-01,1.703880037385842804e-04,-2.042983869928526139e-04,3.087921114120865409e-04
5.829999999999999627e-01,1.512288869362939092e-04,-1.936849088469553605e-04,3.422621271307533229e-04
5.833333333333333703e-01,1.708391417651430497e-04,-1.552891951598753988e-04,2.073069529715525379e-04
5.836666666666666670e-01,2.082215970834103808e-04,-1.667299077025241290e-04,2.360945104288029637e-04
5.839999999999999636e-01,1.526799796049634918e-04,-1.566520932755309796e-04,2.318966185648260866e-04
5.843333333333333712e-01,1.765783571226643559e-04,-2.150345200150386945e-04,2.726578585818144112e-04
5.846666666666666679e-01,1.555939940587313926e-04,-2.204858277153901795e-04,2.956200678644257409e-04
5.849999999999999645e-01,1.694497508555006967e-04,-2.061919266564541167e-04,2.850320881639423513e-04
5.853333333333333721e-01,1.573333092676960942e-04,-1.926330229060008235e-04,3.059663086271264230e-04
5.856666666666666687e-01,1.791166407679354265e-04,-2.180135734550314275e-04,2.795319177571359303e-04
5.859999999999999654e-01,1.200835847937707358e-04,-2.265473550746440693e-04,3.454935276795989031e-04
5.863333333333333730e-01,1.402305551880321890e-04,-2.176198248969156445e-04,3.180313109152822673e-04
5.866666666666666696e-01,1.169093433752557481e-04,-1.938128965439523527e-04,3.408566567142665756e-04
5.869999999999999662e-01,1.218006014384329577e-04,-2.061360097014554250e-04,3.432911141150784607e-04
5.873333333333333739e-01,1.003362753745746339e-04,-1.768048486193298332e-04,3.517576082239687080e-04
5.876666666666666705e-01,1.085762067351915593e-04,-1.623681263378346179e-04,3.392581260582033689e-04
5.879999999999999671e-01,9.917019642841030849e-05,-1.407545664321741290e-04,3.679202712819415054e-04
5.883333333333333748e-01,1.032615682790065067e-04,-1.107170137060442517e-04,3.647614098307807619e-04
5.886666666666666714e-01,9.838604837935376231e-05,-6.949507978409820343e-05,3.571655590576079870e-04
5.889999999999999680e-01,9.914366929490169597e-05,-8.702306478403144829e-05,3.646649813063673859e-04
5.893333333333333757e-01,7.693332028826982731e-05,-5.078800424245819370e-05,3.692619978574855654e-04
5.896666666666666723e-01,8.398936784299433037e-05,-6.181935807705399581e-05,3.830506092218422041e-04
5.899999999999999689e-01,7.276314884656690223e-05,-3.550307223421719923e-05,4.391119820774536521e-04
5.903333333333333766e-01,6.963185935770528764e-05,-3.122971926242405007e-05,3.983961551930494636e-04
5.906666666666666732e-01,7.983270470838561709e-05,-3.343508655632031928e-05,4.207950326354171133e-04
5.909999999999999698e-01,7.072520963286108974e-05,8.575674451099451489e-06,3.867937892149777884e-04
5.913333333333333774e-01,4.939720393832999724e-05,1.391763073252071228e-06,4.066012298886746441e-04
5.916666666666666741e-01,4.138630194746500333e-05,2.872088359472140711e-05,4.099076078242028525e-04
5.919999999999999707e-01,-1.923338865444877000e-05,9.959224303259758791e-06,3.806682267074835372e-04
5.923333333333333783e-01,-2.983831730216967142e-05,-3.992557009820253380e-07,3.988335958501562921e-04
5.926666666666666750e-01,-2.657510597175633568e-05,-2.842724108188811972e-05,4.523827182750257540e-04
5.929999999999999716e-01,-2.519918597832294553e-05,-4.471448774441553385e-05,4.597275994449240896e-04
5.933333333333333792e-01,-5.417927373287538718e-05,-3.367558447370791523e-05,3.950418822950643206e-04
5.936666666666666758e-01,-1.092820649835293286e-04,-4.118202471855034679e-05,4.026713756509568546e-04
5.939999999999999725e-01,-1.454311037704445050e-04,-6.904292260111398970e-05,4.379328371290134420e-04
5.943333333333333801e-01,-1.386903293619174478e-04,-1.092647390685678500e-04,5.125599810134377982e-04
5.946666666666666767e-01,-2.023832142145078300e-04,-1.262556494819824402e-04,5.174025390720851788e-04
5.949999999999999734e-01,-2.119844593291057247e-04,-1.108471888950307929e-04,4.801091991231048800e-04
5.953333333333333810e-01,-2.600814563748291008e-04,-2.028112807521582905e-04,4.788008248577808575e-04
5.956666666666666776e-01,-2.786147993213527584e-04,-2.431364141489638731e-04,4.816241312992432288e-04
5.959999999999999742e-01,-2.802298680177588565e-04,-2.361960586469805958e-04,4.914634401683995934e-04
5.963333333333333819e-01,-3.307308678422585593e-04,-2.195131315732046261e-04,5.062381362416198743e-04
5.966666666666666785e-01,-2.380332614400699944e-04,-1.672091884918045803e-04,6.047067538376152624e-04
5.969999999999999751e-01,-2.608241617263283422e-04,-1.382911915771693246e-04,5.471139032733803595e-04
5.973333333333333828e-01,-2.421689108971607218e-04,-1.649271036533996807e-04,5.095412050706510723e-04
5.976666666666666794e-01,-2.671574162755419946e-04,-6.495263617417853315e-05,4.640247935310617164e-04
5.979999999999999760e-01,-2.312001383432853499e-04,-7.055282923908383732e-05,4.488820319281721857e-04
5.983333333333333837e-01,-2.348374692749577886e-04,-3.484264704540714525e-05,5.303337725539624455e-04
5.986666666666666803e-01,-2.128109474569659005e-04,-5.250528900415755973e-05,4.746019170400549007e-04
5.989999999999999769e-01,-2.150427618099333654e-04,-4.674893295711789236e-05,4.723032491146209478e-04
5.993333333333333846e-01,-2.055836836394493174e-04,-1.226846050572018524e-06,4.589779997415978363e-04
5.996666666666666812e-01,-2.318669469960428682e-04,7.368949025382920874e-06,4.422911626035961534e-04
5.999999999999999778e-01,-2.792498189232936749e-04,5.183623441363317445e-05,3.604746655546337084e-04
6.003333333333333854e-01,-3.085482016874070785e-04,7.157180267001955956e-07,4.017218652770603005e-04
6.006666666666666821e-01,-3.248115235945669456e-04,8.621105306168230472e-05,4.140373727324909428e-04
6.009999999999999787e-01,-2.943210378281459465e-04,1.080786726878785084e-04,3.572792297685058226e-04
6.013333333333333863e-01,-3.228069098571449474e-04,1.553158212688503432e-04,3.724243135513932343e-04
6.016666666666666829e-01,-3.054219429721990791e-04,2.570228082912600753e-04,3.542391478242382639e-04
6.019999999999999796e-01,-3.020595914090957708e-04,2.674072857964543697e-04,3.194748360564848236e-04
6.023333333333333872e-01,-2.733339554271029459e-04,2.805564166391881042e-04,3.114366970754595880e-04
6.026666666666666838e-01,-2.859683763476315497e-04,2.970483976666351959e-04,3.495879954519187562e-04
6.029999999999999805e-01,-2.998080890554515304e-04,3.089087462465657801e-04,2.838876888337209400e-04
6.033333333333333881e-01,-3.084073944118482504e-04,3.659196802273347775e-04,2.537287824923280884e-04
6.036666666666666847e-01,-3.246728374019539564e-04,3.437897945497072217e-04,2.104249295411250785e-04
6.039999999999999813e-01,-2.966806066385439897e-04,3.606089674263341380e-04,2.455670164536639813e-04
6.043333333333332780e-01,-3.495545544120232020e-04,4.028309281965953398e-04,1.807231878731963134e-04
6.046666666666666856e-01,-3.867229978997289291e-04,4.347180895341818882e-04,1.781390079170190198e-04
6.049999999999999822e-01,-4.042881480615872309e-04,4.492162686912173366e-04,1.544012195423548101e-04
6.053333333333332789e-01,-3.921971594691327765e-04,4.744046823698773929e-04,8.968619212683388690e-05
6.056666666666666865e-01,-3.939204305891481277e-04,4.168999964989741382e-04,9.555576331680825525e-05
6.059999999999999831e-01,-3.539122649375213122e-04,4.192828871812516824e-04,4.728228206257541994e-06
6.063333333333332797e-01,-3.699330763612061735e-04,3.423903433134691584e-04,1.219354343629763365e-05
6.066666666666666874e-01,-3.747683840633438861e-04,2.874967203662130645e-04,-8.044792249636926193e-06
6.069999999999999840e-01,-3.749466366109082739e-04,2.110428398328993943e-04,9.327465341998696324e-06
6.073333333333332806e-01,-3.399353072857567125e-04,1.706844151378862466e-04,-1.875250935626271328e-05
6.076666666666666883e-01,-3.721164593202434877e-04,1.808581944501479817e-04,-8.590486061353044161e-05
6.079999999999999849e-01,-3.445707165169340446e-04,1.686857723088705443e-04,-8.007546313751996107e-05
6.083333333333332815e-01,-3.777269140656034762e-04,1.932966622148150210e-04,-2.027423390889496863e-05
6.086666666666666892e-01,-4.191877224080526048e-04,2.145442249400257237e-04,-8.772095050814810845e-05
6.089999999999999858e-01,-4.059515937651812724e-04,2.334244294704585518e-04,-7.421274237853943412e-05
6.093333333333332824e-01,-3.490064176307486267e-04,2.344032350577272958e-04,-7.102083340328336342e-05
6.096666666666666901e-01,-3.709685999327165724e-04,2.355749541397415315e-04,-1.196991397416557676e-04
6.099999999999999867e-01,-3.320859679109430481e-04,2.282826842459748291e-04,-1.162149699000373821e-04
6.103333333333332833e-01,-2.894573674399502825e-04,1.893819835028025223e-04,-5.580994484470507992e-05
6.106666666666666909e-01,-2.637608826449652365e-04,1.858015639217822145e-04,-1.000507393705659580e-04
6.109999999999999876e-01,-2.459796539563416720e-04,1.720770579671036370e-04,-1.087020499800400757e-04
6.113333333333332842e-01,-1.946123549086904757e-04,1.768123438812010625e-04,-9.230348246152927829e-05
6.116666666666666918e-01,-1.705064919694921190e-04,2.271587534505011365e-04,-1.207265592544823059e-04
6.119999999999999885e-01,-1.331928086867381741e-04,2.254613632165408980e-04,-1.161606889425861660e-04
6.123333333333332851e-01,-1.119274361241945256e-04,2.081491374117171796e-04,-1.320946172707645853e-04
6.126666666666666927e-01,-1.063245955227426715e-04,1.683075821257335760e-04,-7.910232458214462527e-05
6.129999999999999893e-01,-1.209126630049080383e-04,1.655665899441519269e-04,-1.534888615915351963e-04
6.133333333333332860e-01,-7.236819223938177105e-05,1.870790592436689600e-04,-7.879028164492509726e-05
6.136666666666666936e-01,-8.110950137966578392e-05,1.190055770159090557e-04,-1.286355269731236572e-04
6.139999999999999902e-01,-4.782317675193724349e-05,7.449554492768584450e-05,-1.567815096378257444e-04
6.143333333333332869e-01,-3.894531609867162535e-05,8.554564129719788963e-05,-1.680318041009638374e-04
6.146666666666666945e-01,-3.416943271073142696e-05,7.407476984132069209e-05,-1.250704872130779539e-04
6.149999999999999911e-01,-2.091528506033458893e-05,1.704939091787032119e-04,-1.004097483982432871e-04
6.153333333333332877e-01,-4.985726130528955405e-05,1.665931320430028971e-04,-1.472042878086838496e-04
6.156666666666666954e-01,8.725725681717784652e-06,9.631417249956027637e-05,-1.723110012921176689e-04
6.159999999999999920e-01,1.311112415775339260e-05,1.617697251498241963e-04,-2.103383533111882666e-04
6.163333333333332886e-01,-4.299203560974246132e-07,1.288373827283871228e-04,-1.779033622448411729e-04
6.166666666666666963e-01,2.139688994536035864e-05,1.918009872185167059e-04,-2.432100593533928034e-04
6.169999999999999929e-01,-1.623957185401479606e-05,8.193816930044904025e-05,-2.450173975321433685e-04
6.173333333333332895e-01,2.828188818063164275e-06,1.147173419795303258e-04,-2.176922619558284910e-04
6.176666666666666972e-01,3.272621260831566224e-05,3.772775242422400725e-05,-1.944709844672000345e-04
6.179999999999999938e-01,5.354247343438842497e-06,2.899832618081386773e-05,-2.544597877851564015e-04
6.183333333333332904e-01,5.153155724927294872e-05,2.798353699750430064e-05,-2.583225600481845428e-04
6.186666666666666980e-01,5.819892315251397319e-05,-2.572839695232372157e-05,-2.469012080009501766e-04
6.189999999999999947e-01,1.228808852987749243e-04,-6.541446880250105847e-05,-2.423913457678786613e-04
6.193333333333332913e-01,1.379212397274280362e-04,-5.585989857628211638e-05,-2.560309747717441978e-04
6.196666666666666989e-01,1.521529448796629723e-04,-5.712705832211181935e-05,-1.820494985221145852e-04
6.199999999999999956e-01,1.699669959672049950e-04,-6.425710432768440880e-05,-3.515933260458517550e-04
6.203333333333332922e-01,2.509952198024825894e-04,-1.101094604574959836e-04,-2.318518415748517037e-04
6.206666666666666998e-01,2.449024362339114282e-04,-1.292045569524863055e-04,-2.568216190065335984e-04
6.209999999999999964e-01,2.915704760150410256e-04,-1.081048635082720958e-04,-3.209899544528583681e-04
6.213333333333332931e-01,2.915125541345967800e-04,-1.217527425246191382e-04,-2.508036895419425510e-04
6.216666666666667007e-01,3.836447831582330222e-04,-9.255285037747486212e-05,-2.301289291526502627e-04
6.219999999999999973e-01,3.821755253176682232e-04,-1.180204411033315394e-04,-2.978448444681614307e-04
6.223333333333332940e-01,4.051442702509244179e-04,-1.302064541711711642e-04,-2.936646882539186050e-04
6.226666666666667016e-01,4.459876259091635937e-04,-1.136162689915076073e-04,-2.877237971107583499e-04
6.229999999999999982e-01,4.271362292942474325e-04,-1.369110006254308095e-04,-3.321051851218678871e-04
6.233333333333332948e-01,4.707323699089991753e-04,-1.641723283108340308e-04,-2.637675496527904970e-04
6.236666666666667025e-01,4.398020585583972144e-04,-2.035810449451610788e-04,-2.959383346898750286e-04
6.239999999999999991e-01,4.344549716121463953e-04,-1.726681329985100535e-04,-2.108590441212202491e-04
6.243333333333332957e-01,4.403054350508402355e-04,-1.640278761770874196e-04,-2.260038376316079393e-04
6.246666666666667034e-01,3.880887782502333294e-04,-1.527763234447050765e-04,-2.158444743042393053e-04
6.250000000000000000e-01,3.633282620951593794e-04,-1.539141299290117809e-04,-1.981116692406777418e-04
6.253333333333332966e-01,3.619778936730464066e-04,-1.645601745236999452e-04,-1.798748059813192347e-04
6.256666666666667043e-01,3.608927150059063429e-04,-1.352659548743443351e-04,-1.788839027489598564e-04
6.260000000000000009e-01,3.740662717018751839e-04,-1.438503724032057934e-04,-1.461542270408776453e-04
6.263333333333332975e-01,3.909808204601519397e-04,-1.298663962448457930e-04,-1.326788487309894663e-04
6.266666666666667052e-01,3.976129845445032572e-04,-1.411810885389141448e-04,-1.484180912935928714e-04
6.270000000000000018e-01,3.466450473448353265e-04,-1.381214603200170497e-04,-1.120248863663034710e-04
6.273333333333332984e-01,3.472259249449150356e-04,-1.524482255337544475e-04,-1.086044603656277863e-04
6.276666666666667060e-01,3.417512467014602057e-04,-1.533857923667116549e-04,-9.797575543343098911e-05
6.280000000000000027e-01,3.677458524238210336e-04,-1.661749189804225468e-04,-7.629884375241443358e-05
6.283333333333332993e-01,3.469136090778247600e-04,-1.650259032176369536e-04,-6.258171199111854481e-05
6.286666666666667069e-01,3.705780964106894786e-04,-2.001522483296163822e-04,-2.548582991008572934e-05
6.290000000000000036e-01,3.658723379284749126e-04,-2.289330157171923436e-04,2.245604058282359031e-05
6.293333333333333002e-01,3.695218242970293304e-04,-2.234587717102997219e-04,2.567954571967626844e-05
6.296666666666667078e-01,3.600693813090938083e-04,-2.524988798641612732e-04,7.536662156276697762e-05
6.300000000000000044e-01,3.923867993261656345e-04,-2.503557849013989325e-04,1.655870444833008577e-04
6.303333333333333011e-01,3.346695218060739938e-04,-2.727066461011880142e-04,1.224928988995343485e-04
6.306666666666667087e-01,3.486634753147765031e-04,-2.851665745860836824e-04,1.897727813795624515e-04
6.310000000000000053e-01,3.600026759697841079e-04,-2.925049241927660075e-04,2.354683491059907682e-04
6.313333333333333020e-01,3.249682866659392194e-04,-3.124467224688406357e-04,2.346684742057097170e-04
6.316666666666667096e-01,3.650459313807280612e-04,-2.703772130633883605e-04,3.060043343245922275e-04
6.320000000000000062e-01,3.389423346269960970e-04,-2.335262052581472980e-04,2.775234062224412159e-04
6.323333333333333028e-01,2.915792594739065346e-04,-2.722164666831786302e-04,3.389678825857142248e-04
6.326666666666667105e-01,2.984607867712502668e-04,-2.815184333595649457e-04,3.887400372984784825e-04
6.330000000000000071e-01,1.613437604442397131e-04,-2.565884543854196750e-04,3.990664524494469986e-04
6.333333333333333037e-01,2.321193763469470465e-04,-1.782545474526292409e-04,3.123167162129185988e-04
6.336666666666667114e-01,1.612771910717854902e-04,-2.646189834100440915e-04,3.182688118745687902e-04
6.340000000000000080e-01,1.316002765819518675e-04,-2.242860578820095156e-04,3.551906030238830719e-04
6.343333333333333046e-01,1.347939476641182345e-04,-2.296895772958204573e-04,3.620030083202600184e-04
6.346666666666667123e-01,7.744172755436642291e-05,-2.059146199796272822e-04,3.816735564830799022e-04
6.350000000000000089e-01,1.303649633129654484e-04,-1.845902232162516818e-04,3.780068632936255633e-04
6.353333333333333055e-01,1.658655829643298975e-04,-1.447944111059545186e-04,4.221611711281892006e-04
6.356666666666667131e-01,1.812203471496480337e-04,-1.950759984274227812e-04,3.804921183818918157e-04
6.360000000000000098e-01,1.119083532613448861e-04,-1.886491728496566146e-04,4.079062369930017010e-04
6.363333333333333064e-01,1.946396503402529003e-04,-2.070572674225380186e-04,4.488145725992328562e-04
6.366666666666667140e-01,1.467736609820290649e-04,-1.732517921037880499e-04,3.946011905859604370e-04
6.370000000000000107e-01,1.700790870428816194e-04,-1.818231882306289837e-04,3.991312993258887254e-04
6.373333333333333073e-01,1.515035943711520304e-04,-1.281364395620946436e-04,4.154345123282351818e-04
6.376666666666667149e-01,1.599567625512542351e-04,-1.315157781486925802e-04,4.199373935076879702e-04
6.380000000000000115e-01,1.685200366909427028e-04,-1.211419662849146838e-04,4.445718916885461848e-04
6.383333333333333082e-01,1.161788206540095489e-04,-1.263710170328859932e-04,4.547801369048709097e-04
6.386666666666667158e-01,1.143685171497867527e-04,-8.750127771479628350e-05,4.471084089002663373e-04
6.390000000000000124e-01,1.109102409701261300e-04,-7.944944976668798199e-05,4.730805408144222882e-04
6.393333333333333091e-01,1.232834967546046735e-04,-9.387515045392826518e-05,4.843553052492884179e-04
6.396666666666667167e-01,8.722219058120275542e-05,-9.848133550942455845e-05,5.329688082520940345e-04
6.400000000000000133e-01,4.949909410067251399e-05,-7.585552339341278239e-05,5.343197364658798217e-04
6.403333333333333099e-01,1.920524360067985673e-05,-8.228554607485593633e-05,5.485592281040812005e-04
6.406666666666667176e-01,2.175737377059822441e-05,-9.620795533588926318e-05,5.459338875074408763e-04
6.410000000000000142e-01,-1.197680698371436966e-05,-7.669179252039319843e-05,5.560329902638637802e-04
6.413333333333333108e-01,-3.601811285991992956e-05,-5.882269467935856595e-05,5.300027457952599793e-04
6.416666666666667185e-01,-4.483401341713285412e-05,-5.140073175090477945e-05,5.074843341374997820e-04
6.420000000000000151e-01,-9.688769354639115725e-05,-8.451264590751212053e-05,4.896559133125242148e-04
6.423333333333333117e-01,-1.087146616988300094e-04,-1.186529110505771440e-04,5.142346211189325689e-04
6.426666666666667194e-01,-1.179068437303045413e-04,-9.551970434291057936e-05,4.978856611706272478e-04
6.430000000000000160e-01,-1.386164721660082663e-04,-1.169945979664180650e-04,5.181957957593721822e-04
6.433333333333333126e-01,-1.355136269433178733e-04,-5.261386109178001224e-05,4.828859458556091226e-04
6.436666666666667203e-01,-1.440326574682256880e-04,-9.097869748808464527e-05,4.900276362756900974e-04
6.440000000000000169e-01,-1.666131898356498569e-04,-9.527857541821831415e-05,5.079696697570635451e-04
6.443333333333333135e-01,-1.867364476103115908e-04,-7.552066237852999089e-05,4.773603766050755451e-04
6.446666666666667211e-01,-1.941454991136355994e-04,-9.884975964104614015e-05,4.675020258599363277e-04
6.450000000000000178e-01,-2.522075885792827033e-04,-1.026756766588679911e-04,4.491763682429076535e-04
6.453333333333333144e-01,-2.547273263454631880e-04,-1.606840552119053009e-04,4.387523344502768704e-04
6.456666666666667220e-01,-2.440660292386221341e-04,-1.828595675715630501e-04,4.617592747250979851e-04
6.460000000000000187e-01,-2.503675491237614191e-04,-1.843365776953826112e-04,4.150892331897955401e-04
6.463333333333333153e-01,-2.841896307505709812e-04,-1.741477577577253937e-04,4.381346345708320958e-04
6.466666666666666119e-01,-2.534170137589813977e-04,-1.571279051426031643e-04,4.988117465537948497e-04
6.470000000000000195e-01,-2.896097862849690715e-04,-1.351460181833679752e-04,4.615906264027495529e-04
6.473333333333333162e-01,-2.739682951947663395e-04,-1.361711105833856368e-04,4.361163118256461521e-04
6.476666666666666128e-01,-2.823482044331235611e-04,-6.792768352677031540e-05,3.908798390848052277e-04
6.480000000000000204e-01,-2.655356580098451364e-04,-5.289782732262232113e-05,4.068200372989779910e-04
6.483333333333333171e-01,-3.327968026315124175e-04,-5.598520044731564025e-05,4.410251681232340302e-04
6.486666666666666137e-01,-3.188885354351479067e-04,-2.523037039219215455e-05,4.280217148434217072e-04
6.490000000000000213e-01,-3.012396296902997606e-04,-1.615456967754012443e-05,3.863904846038403109e-04
6.493333333333333179e-01,-3.051535443994362945e-04,5.184117892215389455e-05,3.680126069641085035e-04
6.496666666666666146e-01,-3.112782257923084176e-04,9.607299179990968065e-05,3.768139304014478191e-04
6.500000000000000222e-01,-3.143394651572149518e-04,1.631333481148964314e-04,3.638951205825593843e-04
6.503333333333333188e-01,-3.557132547121421803e-04,1.208005112713670217e-04,3.934633223869831407e-04
6.506666666666666154e-01,-3.714420365235777672e-04,1.636462308521344038e-04,4.138547042484051557e-04
6.510000000000000231e-01,-3.300965008812240756e-04,1.716997738457374731e-04,3.865206718199733021e-04
6.513333333333333197e-01,-3.672034329635002039e-04,1.754935580300444635e-04,3.389391746354900579e-04
6.516666666666666163e-01,-3.269324705735573273e-04,2.055222572382995108e-04,3.144237172067747992e-04
6.520000000000000240e-01,-3.308907376709589016e-04,1.383149441759568238e-04,3.245854027141413956e-04
6.523333333333333206e-01,-2.987940754404816738e-04,1.684301334521057150e-04,2.739076268294411004e-04
6.526666666666666172e-01,-3.241309279026614474e-04,1.709902498167540762e-04,3.284610921034078522e-04
6.530000000000000249e-01,-3.200145857390521262e-04,2.321535354557591570e-04,2.889726534569004852e-04
6.533333333333333215e-01,-2.993288330831747287e-04,3.034223868994234382e-04,2.946226915553222026e-04
6.536666666666666181e-01,-3.428943811554382667e-04,3.509682630850599269e-04,2.063125229283213581e-04
6.540000000000000258e-01,-3.222834374634586099e-04,3.314721436503082017e-04,2.168121581935091653e-04
6.543333333333333224e-01,-3.420672403866717123e-04,3.711381300525875377e-04,2.110195672704656071e-04
6.546666666666666190e-01,-3.681978945446487080e-04,3.672375082417622281e-04,1.917886948630005272e-04
6.550000000000000266e-01,-3.965647139949693423e-04,3.438341139140394984e-04,1.399888125760588369e-04
6.553333333333333233e-01,-3.912342150050898649e-04,3.247087808433832203e-04,1.161129706005187149e-04
6.556666666666666199e-01,-3.802608195781273645e-04,3.131564414905704829e-04,1.291631142119140790e-04
6.560000000000000275e-01,-4.028651733386356807e-04,3.403942633448909182e-04,5.879069754691559901e-05
6.563333333333333242e-01,-3.579108598042650782e-04,3.147819680823657159e-04,7.491510268942281204e-05
6.566666666666666208e-01,-3.845886989755281714e-04,3.434659680728189483e-04,7.048708278765276859e-05
6.570000000000000284e-01,-3.805979086062902380e-04,3.754500521324032579e-04,2.041657148603168709e-05
6.573333333333333250e-01,-4.111443311370652025e-04,3.597441961847918854e-04,4.175257262972965406e-05
6.576666666666666217e-01,-3.820030988645420496e-04,3.848384571017250460e-04,5.046248200008859712e-05
6.580000000000000293e-01,-4.266780820909673753e-04,3.735012944757405457e-04,-7.211768229885657628e-06
6.583333333333333259e-01,-4.073435952384493026e-04,3.397194803129483681e-04,-1.561196409983546765e-05
6.586666666666666226e-01,-4.421279958817664335e-04,3.094529269461155046e-04,-6.306095188818778869e-05
6.590000000000000302e-01,-4.715446970035385549e-04,2.814374452176466538e-04,-8.989903923719042922e-05
6.593333333333333268e-01,-3.985715575888215938e-04,2.544936274642151390e-04,-8.091382817126643087e-05
6.596666666666666234e-01,-3.853533221841344688e-04,2.401916495117792448e-04,-4.344278339794581986e-05
6.600000000000000311e-01,-3.731306360954398846e-04,2.744655069910807320e-04,-1.226669728607382654e-04
6.603333333333333277e-01,-3.458579691247225620e-04,2.458147465238767477e-04,-5.172151474037980440e-05
6.606666666666666243e-01,-3.129379460040617096e-04,2.402745153325898169e-04,-1.109248406740422039e-04
6.610000000000000320e-01,-3.073823130948405056e-04,2.551157553635339148e-04,-1.262307934762850459e-04
6.613333333333333286e-01,-2.466749612620125921e-04,2.623249264491776052e-04,-1.008893656495621989e-04
6.616666666666666252e-01,-2.621889698284957278e-04,2.662560695979396957e-04,-1.604575496017716712e-04
6.620000000000000329e-01,-2.342973001514157220e-04,2.745040275600798283e-04,-1.596134952270303277e-04
6.623333333333333295e-01,-2.234892948074870172e-04,2.660263182203409103e-04,-1.721508289267616328e-04
6.626666666666666261e-01,-1.873922701411444638e-04,2.510671607217954105e-04,-1.965814687310530836e-04
6.630000000000000338e-01,-1.940468959500248557e-04,2.392173224584062327e-04,-2.311732425249616381e-04
6.633333333333333304e-01,-9.878842860620895875e-05,2.833975674776632327e-04,-1.449435004444658674e-04
6.636666666666666270e-01,-1.278461568344249589e-04,2.383829690048841000e-04,-2.241122478598081157e-04
6.640000000000000346e-01,-1.101355017421501756e-04,2.181839527358155008e-04,-2.151513326021122885e-04
6.643333333333333313e-01,-8.897147207535563928e-05,2.685451699431985902e-04,-2.318663842270886279e-04
6.646666666666666279e-01,-1.055623789274787400e-04,2.486016630934989873e-04,-2.429041992204177274e-04
6.650000000000000355e-01,-1.006415208798585334e-04,2.427965512153848981e-04,-2.508350389719143795e-04
6.653333333333333321e-01,-8.823125491731207478e-05,2.022530828192927409e-04,-2.704985044857406555e-04
6.656666666666666288e-01,-1.042016634276619690e-04,1.921114816436344445e-04,-2.313737047132814588e-04
6.660000000000000364e-01,-5.644079306065798357e-06,1.335211784464232715e-04,-2.953308524024210609e-04
6.663333333333333330e-01,-8.390473518846632722e-05,9.452468755846676321e-05,-2.830895966524236344e-04
6.666666666666666297e-01,4.591833897757483369e-05,1.139665791962354060e-04,-2.956147969616658563e-04
6.670000000000000373e-01,-1.768169750856395401e-05,8.857278449467857753e-06,-3.109737535223610228e-04
6.673333333333333339e-01,4.302445441676413227e-05,4.142880765815816404e-05,-3.077557925902534085e-04
6.676666666666666305e-01,6.353781129737796375e-05,-1.940850931505766917e-05,-2.573203652155853227e-04
6.680000000000000382e-01,5.201452511670494132e-05,1.371004821589066543e-05,-2.831005108984138490e-04
6.683333333333333348e-01,1.136168991709092703e-04,-2.191787327680098387e-05,-3.153510628184266859e-04
6.686666666666666314e-01,1.053990012392266016e-04,2.773812369501004973e-05,-3.146567890535507061e-04
6.690000000000000391e-01,1.379047877379121990e-04,-3.593118642092592248e-05,-3.305486859237669029e-04
6.693333333333333357e-01,1.478501921571591512e-04,-2.031955766154414314e-05,-3.172115353782544475e-04
6.696666666666666323e-01,2.040832554825807062e-04,-3.653330329884932375e-05,-2.477933895561482483e-04
6.700000000000000400e-01,1.789776010614981309e-04,1.661765868525486215e-05,-3.201204141526399352e-04
6.703333333333333366e-01,2.386868474014500609e-04,-1.022916515561118695e-05,-2.906330822666434695e-04
6.706666666666666332e-01,2.426051674367048672e-04,-3.733151783145563166e-05,-2.803386261178962297e-04
6.710000000000000409e-01,2.599848044209149668e-04,1.409476580871448011e-06,-2.981834763663571012e-04
6.713333333333333375e-01,3.010929691269316824e-04,-3.392551514131664594e-05,-2.629625079020140601e-04
6.716666666666666341e-01,3.123408000550412949e-04,1.043025345855601810e-05,-2.413823295315355773e-04
6.720000000000000417e-01,3.362093464446448015e-04,-5.358644721217911157e-05,-2.230620709830020282e-04
6.723333333333333384e-01,3.572817344508303771e-04,-9.137029738542963727e-05,-2.095951105756062901e-04
6.726666666666666350e-01,4.096808587715222044e-04,-6.637975465377532469e-05,-2.834198687026267920e-04
6.730000000000000426e-01,3.638515713286191223e-04,-9.464675912982165431e-05,-2.165535809938519309e-04
6.733333333333333393e-01,4.333316678387233033e-04,-6.295351442679827014e-05,-2.247021106065279423e-04
6.736666666666666359e-01,4.024820392201768158e-04,-1.705250121482685950e-04,-2.333268322550259447e-04
6.740000000000000435e-01,4.249115124111372687e-04,-1.560591146777531922e-04,-1.813233528367672617e-04
6.743333333333333401e-01,4.372024266679231936e-04,-1.548025105515534535e-04,-1.982749184945309948e-04
6.746666666666666368e-01,3.856940484110022143e-04,-1.543625010681679249e-04,-2.102041603345588573e-04
6.750000000000000444e-01,4.045842227731077825e-04,-1.599827634012967407e-04,-1.835325587777815904e-04
6.753333333333333410e-01,3.364675475032449055e-04,-2.013666558647754631e-04,-2.103367858396896670e-04
6.756666666666666377e-01,3.727557143750534745e-04,-1.587145228532118560e-04,-2.004203225401026810e-04
6.760000000000000453e-01,3.687530133092734811e-04,-1.839242937021839345e-04,-9.806617531709971086e-05
6.763333333333333419e-01,3.443295046022491887e-04,-1.356467855803562546e-04,-1.452378657864512857e-04
6.766666666666666385e-01,3.314871087795433083e-04,-1.933555942244838898e-04,-1.495374401070867759e-04
6.770000000000000462e-01,3.014737579024532178e-04,-1.832129316621797840e-04,-9.381916934616696283e-05
6.773333333333333428e-01,2.840761460999455864e-04,-2.240671533581813188e-04,-1.051667631512176237e-04
6.776666666666666394e-01,3.027032517900240844e-04,-1.730350750719493751e-04,-9.999381693336712102e-05
6.780000000000000471e-01,3.021576167988907716e-04,-1.653228196599320775e-04,-3.393386268799254338e-05
6.783333333333333437e-01,3.292847992342199845e-04,-1.430223872695585174e-04,-6.270152196538585239e-05
6.786666666666666403e-01,3.688413373786081926e-04,-1.791164969589423652e-04,-3.085877388025646227e-05
6.790000000000000480e-01,3.343900283379021765e-04,-1.973248955175367766e-04,2.330550853968507818e-05
6.793333333333333446e-01,3.714389569596207889e-04,-1.687418825833103390e-04,-1.359419287239906410e-05
6.796666666666666412e-01,3.640521496338570799e-04,-2.285860717214088106e-04,1.379648623435689204e-05
6.800000000000000488e-01,4.127466394294025155e-04,-2.278852717729043834e-04,9.045860724863963092e-05
6.803333333333333455e-01,3.782583474039996336e-04,-2.922327173493348982e-04,6.601413595973559822e-05
6.806666666666666421e-01,3.841262689869400231e-04,-2.867963984994204973e-04,1.325298252865130563e-04
6.810000000000000497e-01,4.063165220923285617e-04,-2.856420499159267119e-04,9.729833444405451147e-05
6.813333333333333464e-01,3.629169079705207835e-04,-2.986864659054337462e-04,1.305585702271598353e-04
6.816666666666666430e-01,4.077434398540896905e-04,-2.549036713538132626e-04,1.788762420118563692e-04
6.820000000000000506e-01,3.527409853444541830e-04,-2.487565858759155867e-04,1.582833239538655257e-04
6.823333333333333472e-01,3.377518904203256466e-04,-2.520546507216716789e-04,2.313031854663594514e-04
6.826666666666666439e-01,3.673181822765220509e-04,-2.462797495317444146e-04,2.244594162263857282e-04
6.830000000000000515e-01,2.587927558053496058e-04,-2.305542449874460490e-04,2.495896127550484007e-04
6.833333333333333481e-01,3.050612705782693428e-04,-1.421239234738816415e-04,2.654298701475610160e-04
6.836666666666666448e-01,2.143294729729423604e-04,-1.995160635291104445e-04,2.340578279480085727e-04
6.840000000000000524e-01,2.217141592157602305e-04,-1.655026858651778728e-04,2.801083699143678499e-04
6.843333333333333490e-01,2.291284318463355661e-04,-1.868298267013450583e-04,3.418925812113355147e-04
6.846666666666666456e-01,1.113494071150578459e-04,-1.286045369603753511e-04,3.480630779017893669e-04
6.850000000000000533e-01,2.219951755127137153e-04,-1.404822689825659175e-04,3.536083856823052048e-04
6.853333333333333499e-01,1.857900843896174406e-04,-1.216678574804336217e-04,4.258198818239007080e-04
6.856666666666666465e-01,1.979428019344702146e-04,-1.835143395821101987e-04,3.749239081011465679e-04
6.860000000000000542e-01,1.236201098987733081e-04,-1.981129880457891367e-04,4.384128897890819903e-04
6.863333333333333508e-01,2.160393649543762183e-04,-2.257704977123497429e-04,4.673386024425832093e-04
6.866666666666666474e-01,1.173871445021786210e-04,-2.264182801035220956e-04,4.046206135412048327e-04
6.870000000000000551e-01,1.672745802945357560e-04,-2.486954655376045088e-04,4.560637799532171787e-04
6.873333333333333517e-01,1.417183045209453396e-04,-2.267791774505761295e-04,4.568291704805292294e-04
6.876666666666666483e-01,1.289457684685968550e-04,-2.110500745466736643e-04,4.266064041891937803e-04
6.879999999999999449e-01,1.457558402951051615e-04,-2.010651185074491883e-04,4.661750161001290845e-04
6.883333333333333526e-01,8.621632138087756078e-05,-1.989377372445406674e-04,4.763449453464882292e-04
6.886666666666666492e-01,8.910797608525800203e-05,-1.608467450747244089e-04,4.642863871078265945e-04
6.889999999999999458e-01,8.545710965312023439e-05,-1.451343654823632288e-04,4.706475347761091194e-04
6.893333333333333535e-01,1.151911438189506473e-04,-1.148708409505928022e-04,4.240158382380222052e-04
6.896666666666666501e-01,8.460053206013726408e-05,-1.233230640670927749e-04,4.862267501096063493e-04
6.899999999999999467e-01,6.642471396015859860e-05,-1.006315301133481625e-04,5.459400993389353736e-04
6.903333333333333544e-01,2.828603648536930806e-05,-1.081510791304533039e-04,5.342596500584338758e-04
6.906666666666666510e-01,3.587943355096989830e-05,-1.301400268996310389e-04,5.388124581078417583e-04
6.909999999999999476e-01,-2.924952560692155109e-07,-7.565554908872475811e-05,5.313422953270559648e-04
6.913333333333333552e-01,-1.583538658183259227e-05,-8.121707920349554688e-05,5.021867449082613281e-04
6.916666666666666519e-01,-2.121528572948766332e-05,-5.060442318395207210e-05,5.147576921634624148e-04
6.919999999999999485e-01,-7.857815884236812442e-05,-9.100432609245903660e-05,4.835709309004934155e-04
6.923333333333333561e-01,-1.036511336297305593e-04,-9.338172862915337003e-05,4.962211806026232746e-04
6.926666666666666528e-01,-1.026409134900292723e-04,-9.019832590049354192e-05,4.985191518740578198e-04
6.929999999999999494e-01,-1.184544366441570847e-04,-1.059527597027600014e-04,4.891749317804564923e-04
6.933333333333333570e-01,-9.025251099784768966e-05,-3.275464063831021481e-05,5.178315037721996925e-04
6.936666666666666536e-01,-1.250094803280671243e-04,-5.194732322195187116e-05,4.876767193003031151e-04
6.939999999999999503e-01,-1.226905384140933720e-04,-9.941633948194433085e-05,4.873236318316204532e-04
6.943333333333333579e-01,-1.543452267840727632e-04,-8.312497994616440170e-05,5.201882842520813869e-04
6.946666666666666545e-01,-1.576379089304163605e-04,-1.086542993660925642e-04,5.099359756702962800e-04
6.949999999999999512e-01,-1.942929143783718904e-04,-7.231934551428726224e-05,4.886546473519241688e-04
6.953333333333333588e-01,-2.104262791650420429e-04,-1.716798525938665406e-04,4.985861467669976165e-04
6.956666666666666554e-01,-2.072291817181169985e-04,-1.981984426145163159e-04,5.201189091246436998e-04
6.959999999999999520e-01,-2.248682706559978334e-04,-1.948631515737194310e-04,4.885916582194807902e-04
6.963333333333333597e-01,-2.480601643925054475e-04,-1.947593686697426799e-04,5.053301638624360052e-04
6.966666666666666563e-01,-2.428543742024932405e-04,-1.650168555436684148e-04,5.582995540508265417e-04
6.969999999999999529e-01,-2.608809686785574611e-04,-1.495606066701762242e-04,5.273441399701496316e-04
6.973333333333333606e-01,-2.329648793542291095e-04,-1.517982685943321589e-04,5.057002612996033602e-04
6.976666666666666572e-01,-2.501238965187001424e-04,-8.478155209734956801e-05,4.351142331020468423e-04
6.979999999999999538e-01,-2.360998127548181763e-04,-6.762584199156385046e-05,4.702828364074369437e-04
6.983333333333333615e-01,-2.922437090164009565e-04,-4.524650456469213815e-05,4.563348944679735102e-04
6.986666666666666581e-01,-2.742205409050954405e-04,-4.732404272240129642e-05,4.754248976313152049e-04
6.989999999999999547e-01,-2.664596343731009021e-04,-2.924744702804599520e-05,4.668368373995341962e-04
6.993333333333333623e-01,-2.765550102339675879e-04,1.839194120420810160e-05,3.968161439224695674e-04
6.996666666666666590e-01,-2.893177022859776712e-04,4.494767975746117059e-05,3.947953828882858865e-04
6.999999999999999556e-01,-3.438585221278096294e-04,6.262771486627629074e-05,3.540493676639088643e-04
7.003333333333333632e-01,-3.538244031554953488e-04,4.099514060716832019e-05,3.870787207007217131e-04
7.006666666666666599e-01,-3.561945229938803521e-04,1.102211010480522911e-04,3.867961694494756789e-04
7.009999999999999565e-01,-3.299315186987567938e-04,1.503597410449455691e-04,3.355296919080545518e-04
7.013333333333333641e-01,-3.489951595751129994e-04,1.899717779406428814e-04,3.297742848922275566e-04
7.016666666666666607e-01,-3.403580826262575304e-04,2.419267060279261194e-04,3.475975098394578689e-04
7.019999999999999574e-01,-3.561887579992070339e-04,2.485771994256870529e-04,3.220885657531355798e-04
7.023333333333333650e-01,-3.342020472765064093e-04,2.557408344354775978e-04,3.044417974584966657e-04
7.026666666666666616e-01,-3.366366969845131481e-04,2.939513232091244270e-04,3.034665979683731792e-04
7.029999999999999583e-01,-3.384341244275198613e-04,3.033093362779052402e-04,2.602470546647193831e-04
7.033333333333333659e-01,-3.330803751053493722e-04,3.440578076215134373e-04,2.664853009566123948e-04
7.036666666666666625e-01,-3.523091613243994544e-04,3.335379386002806294e-04,2.138067928402104278e-04
7.039999999999999591e-01,-3.230113224277080691e-04,3.094423130796574643e-04,2.090964393915691413e-04
7.043333333333333668e-01,-3.672763655847920247e-04,3.321770338205208345e-04,1.971171400589612449e-04
7.046666666666666634e-01,-3.963327001527391165e-04,3.414596625499700857e-04,1.613960320775677726e-04
7.049999999999999600e-01,-4.111973854040824276e-04,3.638467144456333227e-04,1.640996736810127106e-04
7.053333333333333677e-01,-4.410699018122425999e-04,3.143602092717922973e-04,1.015029969140878119e-04
7.056666666666666643e-01,-4.115825523123511453e-04,2.656802543988490096e-04,1.015806302941430362e-04
7.059999999999999609e-01,-3.986596913045586206e-04,3.134559337370426278e-04,3.747469997764058891e-06
7.063333333333333686e-01,-3.880361385968052255e-04,2.633716607817780729e-04,3.898512913084206687e-05
7.066666666666666652e-01,-4.299087633512016439e-04,2.521335954260412425e-04,4.365763104551736697e-05
7.069999999999999618e-01,-4.190822665149245333e-04,2.317276864234774786e-04,4.395841140974702393e-05
7.073333333333333695e-01,-4.055576433980470998e-04,1.813448272835115830e-04,3.505192224575227357e-05
7.076666666666666661e-01,-3.918248822187657410e-04,2.134246173535727850e-04,-2.611733224689312857e-05
7.079999999999999627e-01,-4.118530991614309132e-04,2.037553332352992348e-04,-5.398079268759914216e-05
7.083333333333333703e-01,-3.516992140106132893e-04,2.606965004597157007e-04,4.839271951032734420e-06
7.086666666666666670e-01,-3.595142353510979451e-04,2.000073181141578569e-04,-1.959875528837709641e-05
7.089999999999999636e-01,-3.279610054486948667e-04,2.259590500035084100e-04,4.117886734681123275e-06
7.093333333333333712e-01,-3.016803798490981102e-04,2.585777397273694884e-04,-5.074267233038459929e-05
7.096666666666666679e-01,-3.215786396712735679e-04,2.613664684205333909e-04,-8.014480923770762996e-05
7.099999999999999645e-01,-2.649273422983249721e-04,3.133051909458586218e-04,-3.960803694476752816e-05
7.103333333333333721e-01,-2.531608793965849525e-04,2.479657630552638877e-04,-3.875880120590583042e-05
7.106666666666666687e-01,-2.272311298642990223e-04,2.201006099183122633e-04,-6.798854527563382257e-05
7.109999999999999654e-01,-1.977313801871857237e-04,2.198015318715067625e-04,-5.722635853443199227e-05
7.113333333333333730e-01,-1.837738386023869176e-04,2.179923595025074845e-04,-6.412083838011015677e-05
7.116666666666666696e-01,-1.254116702866448147e-04,2.784937022992364439e-04,-7.497537531710398069e-05
7.119999999999999662e-01,-1.266738777996497250e-04,2.383173442451981452e-04,-7.523302118787239588e-05
7.123333333333333739e-01,-9.561721924857169333e-05,1.671603784864896186e-04,-1.042287475683107274e-04
7.126666666666666705e-01,-9.724190080166187288e-05,1.842716915655055298e-04,-1.568435989255199264e-04
7.129999999999999671e-01,-9.891577516307302335e-05,1.489461293576036828e-04,-1.346838769956873320e-04
7.133333333333333748e-01,-5.704535307173573441e-05,2.295970951131523572e-04,-1.552886962261674922e-04
7.136666666666666714e-01,-9.517883491305911521e-05,1.510145648304510617e-04,-2.259984966176127423e-04
7.139999999999999680e-01,-4.899567333368129966e-05,1.215598169227867341e-04,-2.384118839599554498e-04
7.143333333333333757e-01,-5.580604917554030878e-05,1.275606899183545206e-04,-2.656386461861087516e-04
7.146666666666666723e-01,-3.841492979038298031e-05,1.039854739195368621e-04,-2.791835157324344739e-04
7.149999999999999689e-01,-4.900288637536572673e-05,1.618900242655088833e-04,-2.167958133948842301e-04
7.153333333333333766e-01,-6.408666181932371874e-05,1.544403843858916791e-04,-2.605994575361380216e-04
7.156666666666666732e-01,-4.801794247410242782e-05,1.350035731659093689e-04,-2.343942803455665235e-04
7.159999999999999698e-01,-2.147798049266211971e-05,1.557984415429432008e-04,-2.254371676576172713e-04
7.163333333333333774e-01,-6.406793918332096601e-05,1.480922308573111908e-04,-2.502427089089467567e-04
7.166666666666666741e-01,-4.995388236804045766e-06,1.684977774351666276e-04,-1.991981301799512229e-04
7.169999999999999707e-01,-1.774497988228641065e-05,1.041782062019281903e-04,-1.924349260722800394e-04
7.173333333333333783e-01,1.472750663390081345e-05,8.144457273518976098e-05,-2.042129069126938715e-04
7.176666666666666750e-01,4.972060790248651932e-05,3.098968168444430943e-05,-1.952764616267260538e-04
7.179999999999999716e-01,7.059101034647968385e-05,3.001258843573752439e-06,-1.804190669183300302e-04
7.183333333333333792e-01,9.023813258819844891e-05,8.424439797811327565e-06,-1.799941950604619216e-04
7.186666666666666758e-01,8.311748718042449868e-05,-3.504846544851690775e-05,-1.475726726381027443e-04
7.189999999999999725e-01,1.316913335850821885e-04,-7.237532718798387048e-05,-1.724795915599661189e-04
7.193333333333333801e-01,1.278342938116025257e-04,-6.782078118155407962e-05,-1.750738729991343633e-04
7.196666666666666767e-01,1.505066309998622908e-04,-6.382858888504860711e-05,-1.209071668038199830e-04
7.199999999999999734e-01,1.717282834200189599e-04,2.896149206289756083e-06,-1.283670829653649377e-04
7.203333333333333810e-01,1.909735216285849335e-04,-2.861905112283414754e-05,-1.099017171942117917e-04
7.206666666666666776e-01,2.145911819764144120e-04,-6.117734212186591266e-05,-1.048523980340001740e-04
7.209999999999999742e-01,2.268808997248719672e-04,-4.409570256584408802e-05,-1.366602843919109093e-04
7.213333333333333819e-01,2.441223399971488887e-04,-9.733419658887850412e-05,-1.346441386904730401e-04
7.216666666666666785e-01,2.726286342478443682e-04,-6.368543112526029945e-05,-1.362489102052806675e-04
7.219999999999999751e-01,2.652767160172026678e-04,-1.235111754344529657e-04,-1.293999015466866282e-04
7.223333333333333828e-01,3.070079896286182397e-04,-1.549484123841333733e-04,-1.233783436758488711e-04
7.226666666666666794e-01,2.900602649575988005e-04,-1.129019040039201650e-04,-1.950083078914670559e-04
7.229999999999999760e-01,2.603218662557067503e-04,-9.903675137493238442e-05,-1.371724702177005452e-04
7.233333333333333837e-01,2.798518462530669311e-04,-8.159380674405963406e-05,-1.925468261209294866e-04
7.236666666666666803e-01,2.530833987692967472e-04,-1.398127411088940977e-04,-2.156469148409168631e-04
7.239999999999999769e-01,2.572385186800954754e-04,-1.277358696532186018e-04,-1.621580529869932398e-04
7.243333333333333846e-01,2.836678920196124515e-04,-1.069146995973520547e-04,-2.130220096530261484e-04
7.246666666666666812e-01,2.849433155109722332e-04,-1.387890336890118417e-04,-1.920900533153400297e-04
7.249999999999999778e-01,2.955943335235372820e-04,-1.237879255304777371e-04,-1.252010517834605994e-04
7.253333333333333854e-01,2.390925453048997260e-04,-1.183438274930739695e-04,-1.678664648851124698e-04
7.256666666666666821e-01,2.554384262867209592e-04,-1.191742201622836891e-04,-1.643683909907565585e-04
7.259999999999999787e-01,2.527791321400522234e-04,-9.224357266387793800e-05,-1.352907497108918789e-04
7.263333333333333863e-01,2.571311864443614299e-04,-8.321783833393306157e-05,-1.400496512351145277e-04
7.266666666666666829e-01,2.636388048890720716e-04,-9.487616749832149157e-05,-8.323249587193238814e-05
7.269999999999999796e-01,2.546479421821979728e-04,-7.954654722917008666e-05,-8.330805380361447300e-05
7.273333333333333872e-01,2.677410880798223496e-04,-1.138453084634293244e-04,-9.148770062826251930e-05
7.276666666666666838e-01,2.578540134415861838e-04,-9.845614699219598328e-05,-4.363751270439579364e-05
7.279999999999999805e-01,3.044319071975173843e-04,-1.233633579284147490e-04,-3.977370997399362439e-05
7.283333333333333881e-01,2.969404053930163427e-04,-9.441380417667606152e-05,2.944723922541482187e-05
7.286666666666666847e-01,3.358668459356328891e-04,-1.474782178460583445e-04,6.531294645255333420e-05
7.289999999999999813e-01,3.179113621249967498e-04,-1.980718528413942883e-04,1.046811542296687594e-04
7.293333333333332780e-01,3.362746377286573302e-04,-1.752969547328651640e-04,8.459753378609513510e-05
7.296666666666666856e-01,3.295670936196151636e-04,-2.370788734615015820e-04,1.448642149680517694e-04
7.299999999999999822e-01,3.285249620589273290e-04,-2.125766333056170875e-04,1.490965186368727166e-04
7.303333333333332789e-01,2.938936329015353656e-04,-2.930588644719613663e-04,1.496313166903920409e-04
7.306666666666666865e-01,2.893517688669440991e-04,-2.688189162549873960e-04,2.112236288377821868e-04
7.309999999999999831e-01,3.002507632305753725e-04,-3.134929649393369431e-04,2.429003991075607703e-04
7.313333333333332797e-01,2.433154854832233354e-04,-3.118069651962097704e-04,2.278881585341789324e-04
7.316666666666666874e-01,3.094118836339102333e-04,-2.593672681740629110e-04,2.351225765043015619e-04
7.319999999999999840e-01,2.734153928605265508e-04,-2.430677864416946670e-04,2.184956080693710608e-04
7.323333333333332806e-01,2.632856173852176403e-04,-2.630598064273514405e-04,2.669105501687301578e-04
7.326666666666666883e-01,2.300514836349739170e-04,-2.611173135406468968e-04,2.504155250985560881e-04
7.329999999999999849e-01,1.877263883788348007e-04,-2.475652699721726476e-04,2.777566401759816038e-04
7.333333333333332815e-01,2.098962736492689866e-04,-1.504895011976128060e-04,1.702328848688751189e-04
7.336666666666666892e-01,2.060751427223276710e-04,-1.758701035216017269e-04,1.619635873826826618e-04
7.339999999999999858e-01,1.764987621254529191e-04,-1.892123031839559313e-04,1.890390160410969757e-04
7.343333333333332824e-01,1.899627984115182769e-04,-1.864178792453755366e-04,1.787838337615644407e-04
7.346666666666666901e-01,1.382525909542887087e-04,-1.793081419672087255e-04,2.445511788135770336e-04
7.349999999999999867e-01,1.989194790509189259e-04,-1.260870313864343188e-04,2.314695986904598810e-04
7.353333333333332833e-01,1.632584185100610262e-04,-1.226395051797129652e-04,2.417448823405993555e-04
7.356666666666666909e-01,1.964506472754387644e-04,-1.473569350061653370e-04,2.282667319283386564e-04
7.359999999999999876e-01,1.335588519421006173e-04,-1.520222211765977368e-04,2.904873243877891171e-04
7.363333333333332842e-01,1.791348059398306159e-04,-1.646515314376769659e-04,2.842293105386638945e-04
7.366666666666666918e-01,1.255464883075389695e-04,-1.269601125087888699e-04,3.099665539460309794e-04
7.369999999999999885e-01,1.332874077117745517e-04,-1.476631062222623217e-04,3.290640751671159185e-04
7.373333333333332851e-01,9.749670277419458168e-05,-1.041001351999804660e-04,3.392890400794256150e-04
7.376666666666666927e-01,1.120401935227833065e-04,-1.179599291207808823e-04,3.603769598312215358e-04
7.379999999999999893e-01,9.096968865754646394e-05,-9.238766884478601506e-05,3.784499062099773870e-04
7.383333333333332860e-01,8.296332795965526738e-05,-9.575498269731132011e-05,3.447791670577409861e-04
7.386666666666666936e-01,8.069938463873246642e-05,-8.690562623479462052e-05,3.884077913952771206e-04
7.389999999999999902e-01,5.357433688303467133e-05,-1.008223014191926429e-04,3.911955394555214293e-04
7.393333333333332869e-01,5.618717455434941158e-05,-8.421717916405029177e-05,3.875024024413409036e-04
7.396666666666666945e-01,5.996371175185716073e-05,-1.075551299444412167e-04,4.169668608543579099e-04
7.399999999999999911e-01,4.941610031601439036e-06,-1.502659110400555553e-04,4.745482166276031549e-04
7.403333333333332877e-01,-9.224225977485100240e-06,-1.469902259200385095e-04,4.438617109906844971e-04
7.406666666666666954e-01,-5.795454605468608491e-06,-1.573646461395767997e-04,4.596217080370192695e-04
7.409999999999999920e-01,1.113709106571965078e-05,-1.033906694178252062e-04,4.047436019993443058e-04
7.413333333333332886e-01,-3.473583663904279971e-05,-1.001649212451195082e-04,4.196822439804173016e-04
7.416666666666666963e-01,1.521100817124065543e-05,-6.249174004530388190e-05,4.721168941697884689e-04
7.419999999999999929e-01,-5.019119590240477289e-05,-8.985276041297559442e-05,4.340485847010046565e-04
7.423333333333332895e-01,-6.384649676410609923e-05,-6.134428400313803791e-05,4.572669014101357794e-04
7.426666666666666972e-01,-4.240087973956496964e-05,-3.371995884893343930e-05,4.555942351576392131e-04
7.429999999999999938e-01,-9.236263501514002075e-05,-1.545698624832208732e-05,4.355218337461805138e-04
7.433333333333332904e-01,-1.682302942517762453e-05,1.563944851000693945e-05,4.502003335129872936e-04
7.436666666666666980e-01,-4.075619066368752993e-05,1.447869277541953935e-05,4.395757214230368065e-04
7.439999999999999947e-01,-6.047065728893690346e-05,-3.371759985239442979e-05,4.434755905115315782e-04
7.443333333333332913e-01,-8.021674300643348446e-05,-3.385006931922205720e-05,5.010152631538142233e-04
7.446666666666666989e-01,-8.671058800868165068e-05,-6.780396726383571947e-05,4.784586516350884102e-04
7.449999999999999956e-01,-1.363857455478848109e-04,-9.576337671243091417e-05,4.769246195284671994e-04
7.453333333333332922e-01,-1.749538862328800135e-04,-2.041218084974609351e-04,4.862971121635431115e-04
7.456666666666666998e-01,-1.927983123159413578e-04,-2.407687970793943324e-04,5.010031297633251671e-04
7.459999999999999964e-01,-1.993097650259771636e-04,-2.256373584069987085e-04,4.600596131301256850e-04
7.463333333333332931e-01,-2.213339754074255010e-04,-2.351618020793381483e-04,4.923800626680756428e-04
7.466666666666667007e-01,-2.263309477007562596e-04,-1.907667168704820393e-04,5.731707367029601537e-04
7.469999999999999973e-01,-2.654731948364270596e-04,-1.927526230597480282e-04,5.457893898570707544e-04
7.473333333333332940e-01,-2.535511858519917000e-04,-1.736713763661115598e-04,5.478867247766856406e-04
7.476666666666667016e-01,-2.434658987318032803e-04,-1.040613751717990826e-04,4.449406538722147338e-04
7.479999999999999982e-01,-2.497790573797736163e-04,-1.053274864747225553e-04,4.591489702439441496e-04
7.483333333333332948e-01,-2.841314913231579066e-04,-7.989787268080248361e-05,4.974820082324900392e-04
7.486666666666667025e-01,-2.544778815523575030e-04,-7.955312912074805846e-05,4.988843146787295827e-04
7.489999999999999991e-01,-2.473436190640049400e-04,-4.604838864747023486e-05,4.992252687569231342e-04
7.493333333333332957e-01,-2.432783732446935996e-04,-1.766501995257245940e-05,4.371398707142261602e-04
7.496666666666667034e-01,-3.020744933764589316e-04,3.034217758367302220e-05,4.396792906509437455e-04
7.500000000000000000e-01,-2.695417854403837259e-04,1.183348324307164349e-04,3.876943306181683730e-04
7.503333333333332966e-01,-3.256548172257672921e-04,1.000528681282018904e-04,3.972217126591050793e-04
7.506666666666667043e-01,-3.143862377555079303e-04,1.588771876652044250e-04,3.892812213469920611e-04
7.510000000000000009e-01,-3.169783914689293077e-04,2.287236774535686510e-04,3.625743807087464850e-04
7.513333333333332975e-01,-2.919025137892018555e-04,2.526570402547789924e-04,3.325321639122487578e-04
7.516666666666667052e-01,-3.237393977455552130e-04,3.176632962885065714e-04,3.191128372220601562e-04
7.520000000000000018e-01,-3.213437161383355658e-04,3.245674352071365484e-04,2.494268859916946900e-04
7.523333333333332984e-01,-2.968947000492189181e-04,3.184944396946121038e-04,2.682891123244911312e-04
7.526666666666667060e-01,-2.907814670655801069e-04,3.227943499840947648e-04,2.789739559581374249e-04
7.530000000000000027e-01,-3.541352233871750740e-04,3.349109846077692894e-04,2.541834943631693811e-04
7.533333333333332993e-01,-3.006464334931115319e-04,4.039231727175697268e-04,2.169739560848637290e-04
7.536666666666667069e-01,-3.161083123671948845e-04,3.689564368583886388e-04,1.850319928593235084e-04
7.540000000000000036e-01,-2.810027036244375546e-04,3.204179829465670553e-04,1.501316593981923153e-04
7.543333333333333002e-01,-3.318730982019676610e-04,3.264796397432167510e-04,1.459571054431944577e-04
7.546666666666667078e-01,-3.532333824279951392e-04,3.261884056025985876e-04,1.181011920874816762e-04
7.550000000000000044e-01,-3.675530581357404803e-04,3.165122354148668755e-04,7.556521149346348836e-05
7.553333333333333011e-01,-3.824784117980092185e-04,2.711308631372630123e-04,3.817640091931895845e-05
7.556666666666667087e-01,-3.470141768771773825e-04,2.377263072083578266e-04,4.049612811460896186e-05
7.560000000000000053e-01,-3.381584380313020638e-04,2.547336043960845469e-04,-3.164822799779689737e-05
7.563333333333333020e-01,-3.054981116046518656e-04,2.117205999249460236e-04,1.348532862826156331e-05
7.566666666666667096e-01,-3.292452939790334277e-04,2.646769851437683584e-04,-8.210958742112573513e-06
7.570000000000000062e-01,-3.015000877987012080e-04,2.521961913506648011e-04,7.246516304994076862e-06
7.573333333333333028e-01,-2.807342506649325897e-04,2.214866773278214749e-04,2.413809715068673811e-05
7.576666666666667105e-01,-2.837831714327304958e-04,2.721561367496348510e-04,-5.636342193358260497e-05
7.580000000000000071e-01,-2.650282025117370321e-04,2.399932219839713836e-04,-6.270291527338460002e-05
7.583333333333333037e-01,-2.638135562047870921e-04,2.918349441248614456e-04,-8.562135146303525570e-05
7.586666666666667114e-01,-2.999037825283544707e-04,2.677483533344672604e-04,-1.642825574125837251e-04
7.590000000000000080e-01,-3.019950615394740895e-04,2.775980214075698840e-04,-1.245566758612897632e-04
7.593333333333333046e-01,-2.326172664914502846e-04,2.656662751600993096e-04,-1.209840309617508963e-04
7.596666666666667123e-01,-3.276480913274403928e-04,2.911699465600437018e-04,-1.323137730080676091e-04
7.600000000000000089e-01,-2.569714592955392538e-04,2.835308879953684713e-04,-1.722352401696857545e-04
7.603333333333333055e-01,-2.914813156642248582e-04,2.351842344166881719e-04,-1.585739132964647015e-04
7.606666666666667131e-01,-2.504467362204063421e-04,1.962171322894549390e-04,-2.190590971025999588e-04
7.610000000000000098e-01,-2.134692717779400361e-04,2.016647639677648625e-04,-1.914571721841588784e-04
7.613333333333333064e-01,-1.700408870695078740e-04,2.227446793778961782e-04,-1.428212891716233398e-04
7.616666666666667140e-01,-1.501354753907329352e-04,2.183993624499562861e-04,-2.150678502311873408e-04
7.620000000000000107e-01,-1.192179993112905034e-04,2.111108980156269782e-04,-1.536825314033611308e-04
7.623333333333333073e-01,-1.078332293646610895e-04,1.613840275977290457e-04,-2.234454048461575061e-04
7.626666666666667149e-01,-7.100198367860267748e-05,1.286188665167463982e-04,-2.131214860386867365e-04
7.630000000000000115e-01,-4.528409770056146294e-05,9.829249365743060755e-05,-2.315405243188815203e-04
7.633333333333333082e-01,-2.171767947745876873e-06,1.606769369917872780e-04,-1.827498099549851427e-04
7.636666666666667158e-01,-2.095995017236730414e-05,3.953816739222327853e-05,-2.022274430144784278e-04
7.640000000000000124e-01,7.135937944195511618e-05,4.798421634494213741e-05,-2.275039659102596199e-04
7.643333333333333091e-01,4.857043707841604655e-05,6.248965693988368117e-05,-2.802302383664936631e-04
7.646666666666667167e-01,5.674377187320763183e-05,6.277963553776231263e-05,-2.800178750056845256e-04
7.650000000000000133e-01,1.067609204296554544e-05,1.012960495964540194e-04,-2.455383205601751446e-04
7.653333333333333099e-01,-6.934663101814155097e-06,7.969574408012656261e-05,-2.634480757395776438e-04
7.656666666666667176e-01,-3.469816323861345508e-06,1.030298635136009074e-04,-2.207780037643049817e-04
7.660000000000000142e-01,5.465812868824860594e-05,1.179324892295175288e-04,-2.825466709689116178e-04
7.663333333333333108e-01,-9.154400198841565402e-06,1.235842954560101498e-04,-2.786059315124536184e-04
7.666666666666667185e-01,7.088241451119358836e-05,1.271186094366357172e-04,-3.238469325042905031e-04
7.670000000000000151e-01,7.823229323900272013e-05,8.668903947700443884e-05,-2.733320285191938336e-04
7.673333333333333117e-01,1.029380691380511422e-04,8.348027349063167853e-05,-2.851700957670536387e-04
7.676666666666667194e-01,1.566957062955006178e-04,1.252181292216849368e-05,-3.189368570622037294e-04
7.680000000000000160e-01,1.781033069872431200e-04,-1.841211965756537662e-05,-2.651938326075085396e-04
7.683333333333333126e-01,2.624570897545248959e-04,-5.855449663026118401e-06,-3.166857357722270344e-04
7.686666666666667203e-01,2.278847702124212689e-04,-6.408110182870415869e-05,-2.781521194863614951e-04
7.690000000000000169e-01,3.029837786062977581e-04,-1.093302861658163158e-04,-2.665495212902900535e-04
7.693333333333333135e-01,2.803215573520874307e-04,-1.107026720425862516e-04,-2.880626031724538316e-04
7.696666666666667211e-01,3.432388872608889961e-04,-1.377595404175359372e-04,-2.377819055537716770e-04
7.700000000000000178e-01,3.492718726064099376e-04,-1.365560056236266170e-04,-2.857916852979949752e-04
7.703333333333333144e-01,4.156078987432352905e-04,-1.731911247963624013e-04,-2.148842238478523750e-04
7.706666666666667220e-01,4.340072327569752405e-04,-2.087187776103741120e-04,-2.074582985960268832e-04
7.710000000000000187e-01,4.554988337720474248e-04,-1.956180045787225699e-04,-2.260381188138271239e-04
7.713333333333333153e-01,4.613763274216152606e-04,-2.185839522834972333e-04,-1.566337899627085178e-04
7.716666666666666119e-01,5.086596172238956473e-04,-2.001165494958463871e-04,-1.442117234726235982e-04
7.720000000000000195e-01,4.835668796540858985e-04,-2.142831359322437950e-04,-1.836686675529092760e-04
7.723333333333333162e-01,4.826593824737170600e-04,-2.129327155815462344e-04,-1.671507109552557917e-04
7.726666666666666128e-01,5.082618325914363107e-04,-2.039402854935485091e-04,-1.507221292602719718e-04
7.730000000000000204e-01,4.683654588884039933e-04,-2.030156106252159931e-04,-1.622701852536424533e-04
7.733333333333333171e-01,4.659637947395422531e-04,-1.871428839869002320e-04,-1.213324160159377595e-04
7.736666666666666137e-01,3.897648144846469539e-04,-2.033175880696880841e-04,-1.959162802706509792e-04
7.740000000000000213e-01,3.978370035356299113e-04,-2.050042867747527663e-04,-1.224286010839524964e-04
7.743333333333333179e-01,4.196541907828894771e-04,-1.839593971239331083e-04,-1.066228570916588728e-04
7.746666666666666146e-01,3.462199877611620751e-04,-1.816874860648404872e-04,-8.029456082032302962e-05
7.750000000000000222e-01,3.460890244859416483e-04,-1.484884767205138457e-04,-8.446661843182314065e-05
7.753333333333333188e-01,2.933933836467689498e-04,-1.809837090562319809e-04,-8.257363535202458292e-05
7.756666666666666154e-01,2.854097634054606229e-04,-1.727067441736862248e-04,-6.497982727496308115e-05
7.760000000000000231e-01,2.830600657887721253e-04,-1.707354514664094882e-04,-2.110747563302104278e-05
7.763333333333333197e-01,2.520465699159734826e-04,-1.593314732566973905e-04,-1.675939677767914303e-05
7.766666666666666163e-01,2.856295402306955993e-04,-1.392571569747716941e-04,-6.332305344182720668e-05
7.770000000000000240e-01,2.791461782730066815e-04,-1.476693192172622005e-04,-2.965764078996106144e-05
7.773333333333333206e-01,2.510429441687641000e-04,-1.475343289571507722e-04,-2.143168098797964177e-05
7.776666666666666172e-01,2.485445531988975630e-04,-1.523879853697350018e-04,-3.442674539254953522e-05
7.780000000000000249e-01,2.902946446231147843e-04,-1.776637692905805614e-04,7.049160032421463328e-06
7.783333333333333215e-01,2.881520517207283557e-04,-7.376769819867000876e-05,6.620676079056246176e-05
7.786666666666666181e-01,2.948678354212139587e-04,-9.127458490308292471e-05,3.586882162814303385e-05
7.790000000000000258e-01,2.605377816222454184e-04,-1.271036456370250908e-04,1.075870069132444436e-04
7.793333333333333224e-01,3.172948068220330948e-04,-1.189298035277373345e-04,1.304589922461243392e-04
7.796666666666666190e-01,2.649857197530553041e-04,-1.721121993834189088e-04,1.700129744230727865e-04
7.800000000000000266e-01,3.498501940296061498e-04,-1.545763963647774986e-04,2.535798146454619614e-04
7.803333333333333233e-01,2.424131550433636167e-04,-2.345197408210615141e-04,2.416883953121501144e-04
7.806666666666666199e-01,2.595356515104465319e-04,-2.667399186906402125e-04,3.006537413369014355e-04
7.810000000000000275e-01,2.373203261169032959e-04,-2.898094680870374768e-04,3.070001431621971933e-04
7.813333333333333242e-01,2.076709313186234800e-04,-3.153398294780020562e-04,3.498572522226767395e-04
7.816666666666666208e-01,2.292661390775889332e-04,-2.515404218355170589e-04,2.655293755604715817e-04
7.820000000000000284e-01,2.165035557990632644e-04,-2.920233911927981314e-04,3.165472927603661104e-04
7.823333333333333250e-01,1.919625989222555160e-04,-2.778404438695677926e-04,3.588012445936377792e-04
7.826666666666666217e-01,1.828993202681405245e-04,-2.648011018259772845e-04,2.969317512362467737e-04
7.830000000000000293e-01,1.365927619690510293e-04,-2.425569747027899424e-04,3.658212237545781860e-04
7.833333333333333259e-01,1.907470824274303141e-04,-1.545920194584542162e-04,1.949499075214091836e-04
7.836666666666666226e-01,2.023873680872636301e-04,-1.810928506683960962e-04,1.980642556847349875e-04
7.840000000000000302e-01,1.560314266262554522e-04,-1.062852002383407498e-04,2.071116286064780983e-04
7.843333333333333268e-01,1.699168241975244019e-04,-1.628212996043760900e-04,2.928509843259146034e-04
7.846666666666666234e-01,1.091871670020512361e-04,-1.143106876763975917e-04,2.321352080459866197e-04
7.850000000000000311e-01,1.598132631319564327e-04,-1.250285959132507480e-04,2.536157794081796558e-04
7.853333333333333277e-01,1.532859294931978710e-04,-1.064937303548931663e-04,2.826743207575615276e-04
7.856666666666666243e-01,1.818202873028692027e-04,-1.344251295510306846e-04,2.351791215872507310e-04
7.860000000000000320e-01,1.297745272429439464e-04,-1.058847144637720036e-04,2.900590853689240158e-04
7.863333333333333286e-01,1.792913309838856052e-04,-7.684740215766038137e-05,3.112336514618920880e-04
7.866666666666666252e-01,1.556810672329954728e-04,-1.221009808943610019e-04,2.451817958192602318e-04
7.870000000000000329e-01,1.801283157529906152e-04,-1.132975423480150727e-04,2.844358394222282703e-04
7.873333333333333295e-01,1.227154408289989485e-04,-9.409946546090218380e-05,2.769861408526740954e-04
7.876666666666666261e-01,1.479074885900680811e-04,-9.149766378292664975e-05,2.706264445468902868e-04
7.880000000000000338e-01,1.823345139503813103e-04,-1.053441385956961309e-04,3.032876739995340391e-04
7.883333333333333304e-01,1.608104984369571814e-04,-9.097742900160550020e-05,3.297219777877745720e-04
7.886666666666666270e-01,1.337800564193183375e-04,-6.112832418006498240e-05,2.816568575914760522e-04
7.890000000000000346e-01,1.250822430761097160e-04,-5.355560228075274798e-05,3.153631260976804567e-04
7.893333333333333313e-01,1.403568955901655143e-04,-7.339557862939747300e-05,3.694771188070422206e-04
7.896666666666666279e-01,1.160117989687097390e-04,-9.935789202585715556e-05,3.537306484591953197e-04
7.900000000000000355e-01,1.007672563148050664e-04,-5.472667417578782522e-05,4.958404591919654807e-04
7.903333333333333321e-01,5.780769212248981087e-05,-8.883351211137967783e-05,4.738117372412650871e-04
7.906666666666666288e-01,8.492645141112059376e-05,-1.395363275500984815e-04,4.936181329339629125e-04
7.910000000000000364e-01,5.478679072443965429e-05,-1.171659083597994681e-04,5.246736329725498315e-04
7.913333333333333330e-01,-5.769933626690706475e-06,-1.128790971347748613e-04,5.157063607471098089e-04
7.916666666666666297e-01,-2.254543248101598747e-05,-1.288228331284431405e-04,4.911548805011769006e-04
7.920000000000000373e-01,-9.367588448570071810e-05,-1.839592417990581303e-04,5.028283632416846467e-04
7.923333333333333339e-01,-1.086187914690148751e-04,-2.109390690360095962e-04,5.048361781223799534e-04
7.926666666666666305e-01,-1.191656520719218642e-04,-1.833909857438839434e-04,4.730197577529769346e-04
7.930000000000000382e-01,-1.525398316833336226e-04,-1.667563129312735052e-04,5.160405224488094200e-04
7.933333333333333348e-01,-1.397850800956849308e-04,-1.145094776289137665e-04,4.630819884519091429e-04
7.936666666666666314e-01,-1.643524145424602693e-04,-1.053699225249455273e-04,4.630284622029572084e-04
7.940000000000000391e-01,-1.838741821417480765e-04,-9.880696116611485452e-05,4.574252740859934495e-04
7.943333333333333357e-01,-2.000298182993496187e-04,-5.030811509741734875e-05,4.422490150366340206e-04
7.946666666666666323e-01,-1.859089533277206757e-04,-6.341266770102709980e-05,4.216052992911888098e-04
7.950000000000000400e-01,-2.342325527348252116e-04,-4.472019269763675628e-05,4.864860215063733463e-04
7.953333333333333366e-01,-2.313072802254216565e-04,-9.668829103994571730e-05,4.539874027080834486e-04
7.956666666666666332e-01,-2.193315643330626119e-04,-1.186823580581285431e-04,4.697909986838790159e-04
7.960000000000000409e-01,-2.200999674202519204e-04,-1.098121039280550301e-04,4.677625164012022205e-04
7.963333333333333375e-01,-2.593878078647952716e-04,-1.027296002779708970e-04,4.356738784815438305e-04
7.966666666666666341e-01,-1.984626099360805359e-04,-8.776932961782125714e-05,5.280846251169840633e-04
7.970000000000000417e-01,-2.406374346235178193e-04,-9.930445379698861692e-05,4.869346666819700568e-04
7.973333333333333384e-01,-2.167660057365776265e-04,-9.811528655401646878e-05,4.790700235740388857e-04
7.976666666666666350e-01,-2.247058446504140213e-04,-3.555457860995297207e-05,4.266212080866804484e-04
7.980000000000000426e-01,-2.291856262187826889e-04,-2.168702168133764113e-05,4.534778583620414200e-04
7.983333333333333393e-01,-3.002648017230858789e-04,1.534232496787847998e-05,4.189407719070837406e-04
7.986666666666666359e-01,-2.761075433125074422e-04,-1.030759127374476664e-05,4.602859676254222269e-04
7.990000000000000435e-01,-2.635045851223421966e-04,1.428174083392415211e-05,4.423758060645200415e-04
7.993333333333333401e-01,-2.759774774185333132e-04,7.521384481210652805e-05,3.624530468038555443e-04
7.996666666666666368e-01,-2.786669562071236858e-04,1.054588209650544477e-04,3.916948081550726958e-04
8.000000000000000444e-01,-3.059778026708662169e-04,2.039100109233164414e-04,3.737113237607364688e-04
8.003333333333333410e-01,-3.240930475367183382e-04,1.957185653281957947e-04,3.812908031649239488e-04
8.006666666666666377e-01,-3.105218693685167009e-04,2.410362026320928008e-04,4.126871992272045184e-04
8.010000000000000453e-01,-2.822459029710431308e-04,2.983876346263329856e-04,3.263778354000303303e-04
8.013333333333333419e-01,-3.312689430762259042e-04,3.039200995738700951e-04,3.162075287994215041e-04
8.016666666666666385e-01,-2.954357756896723586e-04,3.287270353595391479e-04,2.642358632471342368e-04
8.020000000000000462e-01,-3.029335047761554122e-04,2.819601134220094053e-04,2.427332602022109825e-04
8.023333333333333428e-01,-2.890771769185929456e-04,2.754502925860368876e-04,2.410696214244562778e-04
8.026666666666666394e-01,-2.873755789153447857e-04,2.789507198564340415e-04,2.557439122400168778e-04
8.030000000000000471e-01,-3.210924493893661412e-04,2.979625104434679614e-04,2.312275549665524497e-04
8.033333333333333437e-01,-2.469583433822518078e-04,3.090061090557093032e-04,2.249266243283407833e-04
8.036666666666666403e-01,-2.771246025850405254e-04,3.111130909850350046e-04,1.510470192124945975e-04
8.040000000000000480e-01,-2.802544508252337698e-04,2.820146842280914765e-04,1.486699922257560757e-04
8.043333333333333446e-01,-2.752931290414159212e-04,2.438740916481930119e-04,1.977767262601184083e-04
8.046666666666666412e-01,-3.317050703619371524e-04,2.156530115601872728e-04,1.256039524699880902e-04
8.050000000000000488e-01,-3.380379713973264712e-04,1.969845407218536414e-04,1.215946724195291981e-04
8.053333333333333455e-01,-3.577699709485929257e-04,1.127890095439296458e-04,8.005402171349138658e-05
8.056666666666666421e-01,-3.357734706122960798e-04,8.827706805522766759e-05,6.077902788606596952e-05
8.060000000000000497e-01,-3.225073476811008495e-04,9.225756568301987062e-05,3.592456846171792793e-05
8.063333333333333464e-01,-3.310220816533747520e-04,9.642810329537010667e-05,5.507541999781743255e-05
8.066666666666666430e-01,-3.678889234622038668e-04,9.290238395782767595e-05,5.140781970680141627e-05
8.070000000000000506e-01,-3.684612623437579317e-04,1.298268798445514503e-04,4.148351904972148670e-05
8.073333333333333472e-01,-3.424051996027097935e-04,1.142158756206045642e-04,7.452472971814867915e-05
8.076666666666666439e-01,-2.922943702667613335e-04,1.935470459133091471e-04,1.194980161826671211e-05
8.080000000000000515e-01,-3.428831774865448196e-04,2.051016892517677076e-04,2.553623818655507489e-05
8.083333333333333481e-01,-2.896055713124484838e-04,2.329374600998657954e-04,4.236586036717842610e-05
8.086666666666666448e-01,-2.962619918838215252e-04,2.046648898157987795e-04,1.978586739859856966e-05
8.090000000000000524e-01,-3.002512594242778181e-04,2.397236815508943704e-04,3.991490097475637415e-05
8.093333333333333490e-01,-2.619170633108609684e-04,2.628850538358936165e-04,3.434123357101605284e-05
8.096666666666666456e-01,-3.013688253963986820e-04,2.836822003110940995e-04,-1.420207774216175734e-06
8.100000000000000533e-01,-2.393388967667225303e-04,3.385870584243081999e-04,-6.699974271970663933e-06
8.103333333333333499e-01,-2.467886295532130641e-04,2.824625635051434603e-04,-1.882136199320082770e-05
8.106666666666666465e-01,-2.466258228404338013e-04,2.664121452098318398e-04,-5.443617218518983792e-05
8.110000000000000542e-01,-2.223033103136770464e-04,2.731321723766328108e-04,-8.732040348575813499e-05
8.113333333333333508e-01,-1.980051086606842499e-04,2.597997322939242406e-04,-7.747375072235840494e-05
8.116666666666666474e-01,-1.930938226796914355e-04,2.760908523705218691e-04,-1.461243580006545107e-04
8.120000000000000551e-01,-2.120995416756034228e-04,2.502698004760015764e-04,-1.995155141311659344e-04
8.123333333333333517e-01,-1.894628549968565407e-04,2.102002541610024791e-04,-1.951658097498255070e-04
8.126666666666666483e-01,-1.641360912753550875e-04,1.934004451187917449e-04,-1.925705994386581155e-04
8.129999999999999449e-01,-1.767225974760044417e-04,1.656742818574827606e-04,-2.154269173133645980e-04
8.133333333333333526e-01,-9.090163036270427100e-05,2.161250697427803799e-04,-2.132209624243473246e-04
8.136666666666666492e-01,-7.696120020667050732e-05,1.544632171425161277e-04,-2.412436663584102171e-04
8.139999999999999458e-01,-7.144066714119735482e-05,1.092548767756582555e-04,-2.423681529951495297e-04
8.143333333333333535e-01,-3.944703379547747431e-05,8.445954505252541069e-05,-2.552167023554760832e-04
8.146666666666666501e-01,-4.135969994686565347e-05,3.670017482620640636e-05,-2.460480971242169396e-04
8.149999999999999467e-01,-2.969539875723827793e-06,1.103164964087792276e-04,-2.051239852076249892e-04
8.153333333333333544e-01,3.432447580138162346e-05,5.700167962529345306e-05,-2.436113175434071463e-04
8.156666666666666510e-01,9.285539937983118574e-05,2.877165541323584288e-05,-2.215280679036308220e-04
8.159999999999999476e-01,1.264769094997455763e-04,3.013965983415693172e-05,-2.154578893890867722e-04
8.163333333333333552e-01,6.913367000079974453e-05,2.895522999987217147e-05,-2.263192477298244464e-04
8.166666666666666519e-01,1.607663092089187356e-04,4.795168872736998463e-05,-1.693784072545035074e-04
8.169999999999999485e-01,1.488609969543391051e-04,-1.792691063555590855e-05,-1.779640001700366929e-04
8.173333333333333561e-01,1.935186851967444490e-04,-5.823394491948744281e-06,-1.652455944849681236e-04
8.176666666666666528e-01,1.978970082975368310e-04,-3.727142922737420445e-06,-1.345395535088170485e-04
8.179999999999999494e-01,1.664947831848553157e-04,2.185091614859063438e-05,-1.773408721948467614e-04
8.183333333333333570e-01,1.838393407203456678e-04,1.409194678041818058e-05,-1.351383856757788088e-04
8.186666666666666536e-01,1.657724728616814900e-04,-1.115427363921972952e-05,-1.627597588517024280e-04
8.189999999999999503e-01,1.950818145543484487e-04,-3.804918994450652889e-05,-1.422399314091458598e-04
8.193333333333333579e-01,2.032391732436184494e-04,-1.043515182733552871e-05,-1.508694425538895665e-04
8.196666666666666545e-01,2.155382727051056849e-04,-2.428021577249044912e-05,-1.306438933715685109e-04
8.199999999999999512e-01,1.880276909306293138e-04,-4.152240300243039735e-05,-1.910835624497446699e-04
8.203333333333333588e-01,2.451706172597054381e-04,-9.118841195680889766e-05,-1.230361414259064463e-04
8.206666666666666554e-01,2.744557568520928801e-04,-1.499418515758547878e-04,-1.461412808873892983e-04
8.209999999999999520e-01,2.622047080773403445e-04,-1.136118292888306199e-04,-2.152219849285487993e-04
8.213333333333333597e-01,2.958967510035469218e-04,-1.454841053258966910e-04,-1.462834853850114895e-04
8.216666666666666563e-01,3.204153277359388661e-04,-9.260017916126021017e-05,-1.580819304366569129e-04
8.219999999999999529e-01,2.737415773468781306e-04,-1.339897021514575490e-04,-2.185899296612716476e-04
8.223333333333333606e-01,3.118813408569257647e-04,-1.450724426321980075e-04,-2.361780629109632508e-04
8.226666666666666572e-01,2.983603072650335762e-04,-1.523336993259237959e-04,-1.993133393350976534e-04
8.229999999999999538e-01,2.917461451923508264e-04,-1.565757252119910972e-04,-2.666735257021786063e-04
8.233333333333333615e-01,2.594072987988517822e-04,-1.688792415477654663e-04,-2.185919325415198566e-04
8.236666666666666581e-01,2.907429273457079574e-04,-2.213725256517860764e-04,-1.880163690540014943e-04
8.239999999999999547e-01,2.964710206144491409e-04,-1.721800763537923156e-04,-1.391004021064677176e-04
8.243333333333333623e-01,2.994389323297383843e-04,-1.643574626180901153e-04,-1.599927072206894772e-04
8.246666666666666590e-01,2.505456046047054605e-04,-1.311659347552424299e-04,-1.498505860798053299e-04
8.249999999999999556e-01,2.314127565988982648e-04,-1.477200327889485059e-04,-1.154561395312194241e-04
8.253333333333333632e-01,2.648904613740899134e-04,-1.227798282605325857e-04,-7.120470651824309806e-05
8.256666666666666599e-01,2.534396591240855494e-04,-6.177643663659667013e-05,-6.219966984058692013e-05
8.259999999999999565e-01,3.074568706053756656e-04,-7.372615526647826863e-05,-7.664185876535612222e-05
8.263333333333333641e-01,3.049992968855311042e-04,-6.202462637123148134e-05,-6.490248416740760555e-05
8.266666666666666607e-01,3.316750965539616287e-04,-1.059334605870416952e-04,-3.751240011927611356e-05
8.269999999999999574e-01,2.905893935724740418e-04,-8.320235114952197002e-05,5.445161538929088632e-07
8.273333333333333650e-01,3.009489258402118345e-04,-8.928837453593673216e-05,1.194242869677333866e-05
8.276666666666666616e-01,2.976803914074055467e-04,-9.933744091731596488e-05,-5.126202788691779614e-05
8.279999999999999583e-01,3.246611647327292080e-04,-1.239981706925248942e-04,8.266766087077064435e-06
8.283333333333333659e-01,3.213808827636074547e-04,-1.058701915879598399e-04,-1.054039555251885075e-05
8.286666666666666625e-01,2.977523178739666012e-04,-1.379257380337820427e-04,1.878211960812574893e-05
8.289999999999999591e-01,3.233125366863665961e-04,-1.293591828655451679e-04,5.114277914410213428e-05
8.293333333333333668e-01,3.015775821933152343e-04,-1.433533975219153497e-04,2.886206437956578480e-05
8.296666666666666634e-01,3.009245333863346059e-04,-1.523150603409242139e-04,6.686682594134418746e-05
8.299999999999999600e-01,3.210655212389539525e-04,-1.123612569452765828e-04,1.596216253139126379e-04
8.303333333333333677e-01,2.578555634637389143e-04,-1.187991364766466330e-04,1.270297709887065456e-04
8.306666666666666643e-01,2.983357516509297530e-04,-1.266990890563574773e-04,1.800687249816595558e-04
8.309999999999999609e-01,2.832519694086289884e-04,-1.148236480760730802e-04,1.737955734216729364e-04
8.313333333333333686e-01,2.664914982910081666e-04,-1.351467042015658715e-04,1.942975345918705407e-04
8.316666666666666652e-01,2.335822709386742746e-04,-1.481430600860010832e-04,9.954582732778444274e-05
8.319999999999999618e-01,2.052539029150899123e-04,-1.534054668508778472e-04,1.388670980416920444e-04
8.323333333333333695e-01,1.776449627173427165e-04,-1.752018182469298937e-04,1.658091900273511927e-04
8.326666666666666661e-01,2.164848739531171739e-04,-1.575477223922391683e-04,1.347017021840609340e-04
8.329999999999999627e-01,1.635838143886506686e-04,-1.352757532852087003e-04,2.503355259976279622e-04
8.333333333333333703e-01,2.560531324404497302e-04,-8.275115827513669772e-05,1.989719087641691846e-04
8.336666666666666670e-01,2.295749198064361168e-04,-8.906091420024414324e-05,1.865405100132176523e-04
8.339999999999999636e-01,2.039394025494585972e-04,-1.064756479506956611e-04,2.265385510602669760e-04
8.343333333333333712e-01,2.073528504568598863e-04,-1.289234448162220493e-04,2.802661620452260227e-04
8.346666666666666679e-01,1.818929479904499602e-04,-1.999083365009137738e-04,2.334279366235747055e-04
8.349999999999999645e-01,2.104461508062939771e-04,-1.486785684800302093e-04,3.432779067163403697e-04
8.353333333333333721e-01,2.063943928990485716e-04,-2.340794465754051745e-04,3.478572166449743941e-04
8.356666666666666687e-01,2.143764903115752852e-04,-2.389547319768326513e-04,3.557254010774023962e-04
8.359999999999999654e-01,1.744071024071379037e-04,-2.776749193277799703e-04,4.036866617732943097e-04
8.363333333333333730e-01,1.528920878995480587e-04,-2.643365251248631876e-04,3.860096470841826066e-04
8.366666666666666696e-01,1.446439033508021112e-04,-2.501895355101945101e-04,3.935041347004464675e-04
8.369999999999999662e-01,1.305396807222867443e-04,-2.409365997193487245e-04,3.775329353833015524e-04
8.373333333333333739e-01,1.041529125969415802e-04,-2.492983590399028542e-04,3.889521394140378488e-04
8.376666666666666705e-01,1.235681705599711827e-04,-2.438514004360512952e-04,4.009917718857164870e-04
8.379999999999999671e-01,9.081389103616841873e-05,-2.318864923277690158e-04,4.335599399749438831e-04
8.383333333333333748e-01,5.171616964650345335e-05,-2.483954814290282036e-04,3.326273732921631839e-04
8.386666666666666714e-01,-5.969145465030839853e-06,-2.195633015078284544e-04,3.220254314844422862e-04
8.389999999999999680e-01,-1.345133693910126758e-05,-2.182756582941086025e-04,3.422927799067257979e-04
8.393333333333333757e-01,-4.574578675510724657e-05,-1.603137995411327179e-04,2.922520070227030095e-04
8.396666666666666723e-01,-7.210361433525859184e-05,-1.200052600184725604e-04,3.566051879968616407e-04
8.399999999999999689e-01,-3.653758102971168165e-05,-8.195959682467607115e-05,3.364644274117143882e-04
8.403333333333333766e-01,-5.329133538467065997e-05,-1.136071334182947854e-05,2.848050950691463569e-04
8.406666666666666732e-01,-9.680377480317474534e-05,-7.905304397702068449e-06,2.677986679089319104e-04
8.409999999999999698e-01,-1.229665239373932417e-04,3.433219533192853173e-05,2.912924532203154597e-04
8.413333333333333774e-01,-4.668769034826108897e-05,1.680512015870308892e-06,2.310662795656974011e-04
8.416666666666666741e-01,-2.493522672339231283e-05,8.448236486541028684e-05,3.445966727371550103e-04
8.419999999999999707e-01,4.657808113695845825e-06,6.806425375976354550e-05,2.889438584249264127e-04
8.423333333333333783e-01,-3.026186765374688165e-05,-1.036409069702469359e-05,2.726790775015453384e-04
8.426666666666666750e-01,-4.086027329157503090e-05,-2.618340175801619159e-05,3.136878473926862335e-04
8.429999999999999716e-01,2.211974413595618909e-05,-1.047000257546955873e-04,3.262565885768892952e-04
8.433333333333333792e-01,-2.910805971629170885e-05,-6.057766513885391995e-05,3.061109514137464057e-04
8.436666666666666758e-01,-5.801656432059323356e-05,-1.326989653839773708e-04,3.380798519272624320e-04
8.439999999999999725e-01,-2.565695578825885780e-05,-1.278725555432154188e-04,3.498931299036445283e-04
8.443333333333333801e-01,-3.687159720694020460e-05,-1.297625874533898970e-04,3.498373395291946679e-04
8.446666666666666767e-01,-5.198836500838598134e-05,-1.212072545073714970e-04,4.095874372569905915e-04
8.449999999999999734e-01,-2.542435388937858896e-05,-5.697584308443306598e-05,4.558628533288977438e-04
8.453333333333333810e-01,-4.061999266453023791e-05,-7.390737409251049099e-05,4.455411696196750039e-04
8.456666666666666776e-01,-5.049241007574320939e-05,-1.055553998413005464e-04,4.520583097293173085e-04
8.459999999999999742e-01,-3.096188621096099671e-05,-9.769162501372429864e-05,4.875162566624473303e-04
8.463333333333333819e-01,-6.753191237422716817e-05,-1.132714607127552656e-04,4.957865265615139143e-04
8.466666666666666785e-01,-2.201144645022790481e-05,-1.053919074666272951e-04,4.848816854003153284e-04
8.469999999999999751e-01,-5.279524671568263142e-05,-1.350752806465467092e-04,4.870313854788831543e-04
8.473333333333333828e-01,-6.331609006078912309e-05,-1.326038030105629285e-04,4.966717415767182885e-04
8.476666666666666794e-01,-5.021127140861978533e-05,-1.064920606124869495e-04,4.781229805163901276e-04
8.479999999999999760e-01,-8.615350460831499885e-05,-9.840847519931168708e-05,5.152594572065114821e-04
8.483333333333333837e-01,-6.613566873506747379e-05,-1.180653299922054925e-04,5.536173425210349271e-04
8.486666666666666803e-01,-1.104284967190734593e-04,-1.310929450077337390e-04,5.057069956215972913e-04
8.489999999999999769e-01,-1.271075848753330079e-04,-1.491907004803723824e-04,4.954700134277983947e-04
8.493333333333333846e-01,-1.445607255416279826e-04,-1.288067440601414347e-04,5.331354246669443072e-04
8.496666666666666812e-01,-1.517330315561502766e-04,-1.337142723168702532e-04,4.684274145891045762e-04
8.499999999999999778e-01,-2.169635927709944834e-04,-1.345684685231731694e-04,4.736708970243917066e-04
8.503333333333333854e-01,-2.666694040377708282e-04,-1.668270634118343572e-04,4.701414156455640115e-04
8.506666666666666821e-01,-2.993994814612940618e-04,-1.481517582790008809e-04,4.702542155389626282e-04
8.509999999999999787e-01,-3.003927465341141691e-04,-8.889343515377930670e-05,3.864930088507481654e-04
8.513333333333333863e-01,-3.026613263248095894e-04,-6.307530854440478976e-05,4.148432853007665987e-04
8.516666666666666829e-01,-3.293750063591832232e-04,8.597077842380251335e-05,4.129876893189344199e-04
8.519999999999999796e-01,-3.504103569939298070e-04,9.956211918565087079e-05,3.445491551289477572e-04
8.523333333333333872e-01,-3.578226717017858713e-04,1.512584766591536971e-04,3.361818471332183493e-04
8.526666666666666838e-01,-3.645525687618726978e-04,2.179320934510088940e-04,3.682977706678521946e-04
8.529999999999999805e-01,-3.750404265478342043e-04,2.383315823587394842e-04,2.583069893854631274e-04
8.533333333333333881e-01,-4.059339724607081284e-04,2.927864901965683531e-04,2.897113389142365780e-04
8.536666666666666847e-01,-4.164682221377671899e-04,3.208834915969311827e-04,1.895765861969887930e-04
8.539999999999999813e-01,-3.922940494503641680e-04,3.192998768339057694e-04,2.258629998716241497e-04
8.543333333333332780e-01,-4.026544247126060782e-04,3.344782236185503041e-04,2.126735399739789975e-04
8.546666666666666856e-01,-4.635048680641653076e-04,3.669333303615610292e-04,2.116636384065116922e-04
8.549999999999999822e-01,-3.950152629030289080e-04,3.756988825821473872e-04,1.730451029008474642e-04
8.553333333333332789e-01,-4.101649074901353095e-04,3.542008584960050694e-04,1.398895974356479928e-04
8.556666666666666865e-01,-4.109451396937533808e-04,2.911535856732107709e-04,1.495186038787433571e-04
8.559999999999999831e-01,-4.032212977265689784e-04,2.730773426957591276e-04,1.389216257307680292e-04
8.563333333333332797e-01,-3.778938813641610924e-04,2.116944017960299695e-04,1.279334328212693270e-04
8.566666666666666874e-01,-3.974969299496685987e-04,1.445753909251227078e-04,3.626256176041413906e-05
8.569999999999999840e-01,-3.849569788003434482e-04,1.139942011365055967e-04,5.456795110014855016e-05
8.573333333333332806e-01,-3.503661677658913612e-04,9.596074369024563955e-05,1.215618536558121191e-05
8.576666666666666883e-01,-3.603002053560182445e-04,9.968267717612722394e-05,-2.231841993380763220e-05
8.579999999999999849e-01,-3.009990499361728548e-04,1.284245292106467968e-04,3.754097990376508066e-05
8.583333333333332815e-01,-3.202236483760734394e-04,2.429209146652986729e-04,-1.274374870347251883e-06
8.586666666666666892e-01,-2.788521974510608788e-04,2.731203676861330737e-04,2.670966476675038621e-05
8.589999999999999858e-01,-2.850717565157029690e-04,2.791866842290327056e-04,3.389806003203937749e-05
8.593333333333332824e-01,-2.508649974613044731e-04,3.405031460822633403e-04,-2.146738450544755154e-05
8.596666666666666901e-01,-2.547150349417257585e-04,3.252899547506613248e-04,-2.632007307433590124e-05
8.599999999999999867e-01,-2.695510311865579288e-04,3.898981649047315390e-04,-1.309364697384896028e-05
8.603333333333332833e-01,-2.427175371591150810e-04,3.359566316662448027e-04,-3.216198129508512612e-05
8.606666666666666909e-01,-2.259210076314148896e-04,3.124122023520254114e-04,-4.956406438606894056e-05
8.609999999999999876e-01,-2.147170124175194165e-04,2.775644712345706798e-04,-1.855553043793975831e-05
8.613333333333332842e-01,-2.118202113676581730e-04,2.711147611252217476e-04,-5.664417349533026641e-05
8.616666666666666918e-01,-1.615260987104917372e-04,3.408280857207557401e-04,5.007688055381360394e-06
8.619999999999999885e-01,-1.858698492600780524e-04,2.619272947691868845e-04,-6.309180405571913734e-06
8.623333333333332851e-01,-1.479870903003020711e-04,1.636754319286337362e-04,-2.235005963627919584e-05
8.626666666666666927e-01,-1.486725264122634998e-04,1.812840175949505153e-04,-1.084926764259782630e-04
8.629999999999999893e-01,-1.854965658549802775e-04,1.225258599828266061e-04,-6.673876251438213105e-05
8.633333333333332860e-01,-7.006440383145383052e-05,2.212638896821183675e-04,-6.010973686971537484e-05
8.636666666666666936e-01,-1.544108443885384811e-04,1.304811599929944657e-04,-1.792488623628818304e-04
8.639999999999999902e-01,-1.208689632575493900e-04,1.235054939694286654e-04,-1.905787785726983680e-04
8.643333333333332869e-01,-1.500473688683670256e-04,1.022737549658582094e-04,-1.266362170766706700e-04
8.646666666666666945e-01,-1.471224226794166868e-04,7.932353390467693829e-05,-2.510385780487314712e-04
8.649999999999999911e-01,-1.720967875048256190e-04,7.991748328292344660e-05,-1.616086542267370361e-04
8.653333333333332877e-01,-1.205738336009947088e-04,1.146131966508452611e-04,-2.241072842000626001e-04
8.656666666666666954e-01,-1.163723217990983579e-04,9.550037370449599534e-05,-2.166500675727652079e-04
8.659999999999999920e-01,-8.215887317540915605e-05,4.978506588938955114e-05,-1.601054780868381162e-04
8.663333333333332886e-01,-1.254942565546772980e-04,5.313349482586321443e-05,-2.071785049335283667e-04
8.666666666666666963e-01,-6.024518345245637472e-05,1.005929327185642373e-04,-1.906745684976122914e-04
8.669999999999999929e-01,-5.067719583071448100e-05,5.905847867625569952e-05,-1.615546635417855687e-04
8.673333333333332895e-01,-1.115273566671076267e-05,3.215259255167228670e-05,-2.125167032854803314e-04
8.676666666666666972e-01,-2.424119032387946397e-06,2.516153642174226627e-05,-1.971795461895155352e-04
8.679999999999999938e-01,2.694613241237295249e-05,4.448549764816991090e-05,-1.579411773015334110e-04
8.683333333333332904e-01,2.881409606084315742e-05,4.791567924384999285e-05,-2.213748330510185330e-04
8.686666666666666980e-01,9.266331598783168535e-06,5.668598181686334848e-05,-2.187607550273681001e-04
8.689999999999999947e-01,6.218860539187951169e-05,3.371442300097946134e-05,-2.373997618078651714e-04
8.693333333333332913e-01,4.100681165541352038e-05,3.379070693021204817e-05,-2.320823469668945244e-04
8.696666666666666989e-01,1.180858509792371419e-04,2.203559742496130993e-05,-2.102760608327442415e-04
8.699999999999999956e-01,8.710637401368535437e-05,9.761903088692554654e-05,-2.105505134812475610e-04
8.703333333333332922e-01,1.371567252923061261e-04,6.085728310984899012e-05,-1.720261278608736994e-04
8.706666666666666998e-01,1.674735813842498659e-04,4.428132309998719310e-05,-1.675645814853837800e-04
8.709999999999999964e-01,1.843413303508624989e-04,4.251841165625764722e-05,-1.666184672997341690e-04
8.713333333333332931e-01,1.984070743592705581e-04,1.106095658534853967e-05,-1.705006007384948623e-04
8.716666666666667007e-01,2.523135544334390956e-04,4.455806025227237842e-05,-1.371747343431985254e-04
8.719999999999999973e-01,2.714731607164092507e-04,-2.405015698107656696e-05,-1.197584424133524679e-04
8.723333333333332940e-01,3.137066415053104827e-04,-9.002392842522157846e-05,-1.306475217778152475e-04
8.726666666666667016e-01,3.390557037911144699e-04,-1.132719396311198399e-04,-1.584499088845761486e-04
8.729999999999999982e-01,2.805858225324428979e-04,-1.399299466708184313e-04,-9.826771151366856644e-05
8.733333333333332948e-01,3.173106877507558235e-04,-1.208661222506607303e-04,-1.504569072772603570e-04
8.736666666666667025e-01,2.704924045942954563e-04,-2.208608855135480635e-04,-1.701743634760381004e-04
8.739999999999999991e-01,3.643835008607177253e-04,-2.378973061153365730e-04,-1.567950653635635393e-04
8.743333333333332957e-01,3.055068067703813886e-04,-1.675499842112861647e-04,-2.076380063006153637e-04
8.746666666666667034e-01,3.597166288991769808e-04,-1.733660594368270354e-04,-1.490918137654873271e-04
8.750000000000000000e-01,2.931910649657805770e-04,-1.520636152557842784e-04,-1.829908232115185190e-04
8.753333333333332966e-01,2.894117574435919492e-04,-9.863593553500427601e-05,-2.031695804668816254e-04
8.756666666666667043e-01,2.750278237999359359e-04,-9.143456305245938553e-05,-1.747994203506310438e-04
8.760000000000000009e-01,2.938428900710616642e-04,-7.601562450831528327e-05,-1.425493909211177220e-04
8.763333333333332975e-01,2.610439318385406569e-04,-7.275165994449067901e-05,-1.808400781519516358e-04
8.766666666666667052e-01,2.616506431411658564e-04,-6.954412361337829218e-05,-1.471977276501897568e-04
8.770000000000000018e-01,2.546891673327864622e-04,-1.295029230936147109e-04,-1.525046346266698482e-04
8.773333333333332984e-01,2.411577186797627640e-04,-1.105096291104449403e-04,-1.054550908252084780e-04
8.776666666666667060e-01,2.552442928104338427e-04,-1.117501312246033872e-04,-7.406429702217286290e-05
8.780000000000000027e-01,2.230499519909633131e-04,-1.106207640585048414e-04,-1.047016885521356362e-04
8.783333333333332993e-01,2.541060326829054639e-04,-1.071318502444667528e-04,-4.989780519264397162e-05
8.786666666666667069e-01,2.916664686150261194e-04,-1.668428288866464940e-04,-1.112770390124097225e-05
8.790000000000000036e-01,2.522493508842706036e-04,-2.236573804504617331e-04,1.013262700096594270e-06
8.793333333333333002e-01,3.088175997018779680e-04,-2.285495444883055001e-04,-1.129584424671484425e-05
8.796666666666667078e-01,2.856034889811812257e-04,-2.905988808767272853e-04,5.077439431468324635e-05
8.800000000000000044e-01,3.475344881267933630e-04,-2.722072248531163825e-04,8.624369815936554597e-05
8.803333333333333011e-01,2.760426804094099100e-04,-3.325910126069521857e-04,1.741258492710670160e-05
8.806666666666667087e-01,2.957384311969992558e-04,-3.473860176001057100e-04,5.203947443667117747e-05
8.810000000000000053e-01,2.663595832477992078e-04,-3.738293527188197565e-04,1.128274052032218153e-04
8.813333333333333020e-01,2.350783414431442133e-04,-3.757881288299197149e-04,2.994266181434453004e-05
8.816666666666667096e-01,2.968141465709963418e-04,-3.121397228534103356e-04,1.560979058442048012e-04
8.820000000000000062e-01,2.958925088376551898e-04,-2.667420414639318314e-04,9.081428539938244619e-05
8.823333333333333028e-01,2.870229829526318912e-04,-2.959324523218315726e-04,1.435300064502509538e-04
8.826666666666667105e-01,2.623806219949900644e-04,-2.488884825822666345e-04,1.285492314158408547e-04
8.830000000000000071e-01,1.792624788171478969e-04,-2.249694096695560033e-04,1.442243092423769113e-04
8.833333333333333037e-01,2.319742453253831891e-04,-1.030850612544000777e-04,1.110847977919130939e-04
8.836666666666667114e-01,2.146527205752150468e-04,-1.610536119207404016e-04,1.062572831055646084e-04
8.840000000000000080e-01,1.930279808152343354e-04,-1.319846651150878450e-04,1.396071042389019138e-04
8.843333333333333046e-01,1.889745097256096047e-04,-1.307069756371073634e-04,1.251402421516548862e-04
8.846666666666667123e-01,1.754393355807451298e-04,-1.261247106123605138e-04,1.384716743289224361e-04
8.850000000000000089e-01,1.985816829951074394e-04,-1.248117623877558261e-04,1.327438286869456966e-04
8.853333333333333055e-01,1.778347452542537136e-04,-9.225494373910162480e-05,1.633985639987678917e-04
8.856666666666667131e-01,2.178640401552256749e-04,-1.276066781884403810e-04,1.215525974206920092e-04
8.860000000000000098e-01,1.352726325756018735e-04,-1.511036557533484384e-04,1.983625542190918664e-04
8.863333333333333064e-01,2.479221785145184096e-04,-1.571729623000917085e-04,2.218153820807622009e-04
8.866666666666667140e-01,1.702100503181020461e-04,-1.879332546133192160e-04,1.671109315660561649e-04
8.870000000000000107e-01,2.055504738203129365e-04,-1.607636980415596867e-04,2.341338793429402086e-04
8.873333333333333073e-01,1.921671746530452323e-04,-1.389904512206633681e-04,2.203899264026684245e-04
8.876666666666667149e-01,1.634263375766071473e-04,-1.536969598662877039e-04,2.406906997032968499e-04
8.880000000000000115e-01,2.301999322478120373e-04,-1.497159056576934241e-04,2.996064381578427489e-04
8.883333333333333082e-01,1.995413914479893854e-04,-6.179676477961182075e-05,3.404099273371681143e-04
8.886666666666667158e-01,2.209900541300937823e-04,-9.145910061777181462e-06,3.126361320716314969e-04
8.890000000000000124e-01,2.088184915790682961e-04,-3.170895474861595701e-05,3.302905635602635163e-04
8.893333333333333091e-01,2.355056852699899525e-04,-3.630537051666195362e-05,4.158445512613666447e-04
8.896666666666667167e-01,2.198233769297652448e-04,-6.640239972617583027e-05,4.305278114971691512e-04
8.900000000000000133e-01,2.382797898294453499e-04,-6.109780284212818792e-05,5.256975401881295706e-04
8.903333333333333099e-01,1.959688079329074300e-04,-7.326022594457773113e-05,4.962300629411152755e-04
8.906666666666667176e-01,1.989613568424138481e-04,-1.244495447792643165e-04,5.420964850608900494e-04
8.910000000000000142e-01,1.917056487587260433e-04,-1.637608209420103253e-04,6.158563527705937903e-04
8.913333333333333108e-01,1.163891205894159483e-04,-1.985184118570088236e-04,6.296328597717113775e-04
8.916666666666667185e-01,5.183475993787311934e-05,-2.201956031864594815e-04,5.428310486487298138e-04
8.920000000000000151e-01,-2.445986960069709886e-05,-3.119953742695803583e-04,6.182802442524151917e-04
8.923333333333333117e-01,-3.657753489020122218e-05,-3.271678187089750245e-04,6.040344827282194146e-04
8.926666666666667194e-01,-5.277296174806569669e-05,-3.504857066930122580e-04,6.130320013481324430e-04
8.930000000000000160e-01,-1.056363720902434396e-04,-3.098121796015898609e-04,6.621716522839651495e-04
8.933333333333333126e-01,-9.402865049230309062e-05,-2.583550677386699679e-04,5.509172277284617907e-04
8.936666666666667203e-01,-8.891461073638431316e-05,-2.259116621362422918e-04,5.854078705834612519e-04
8.940000000000000169e-01,-9.548091247592999358e-05,-2.263553735291485539e-04,5.427041995663437835e-04
8.943333333333333135e-01,-1.508092999332344029e-04,-1.545952812808291607e-04,5.212245570761498943e-04
8.946666666666667211e-01,-1.341685884219405878e-04,-1.205302322084810944e-04,4.939457925316684131e-04
8.950000000000000178e-01,-1.455355535088418643e-04,-7.266881353928949941e-05,5.152737386134986081e-04
8.953333333333333144e-01,-1.419529628331949128e-04,-9.390857118953164985e-05,4.461851681875961587e-04
8.956666666666667220e-01,-1.416201431642948071e-04,-8.886844079264448113e-05,4.673806339005454318e-04
8.960000000000000187e-01,-1.511303992591901603e-04,-5.562589518023030693e-05,4.537596549047881456e-04
8.963333333333333153e-01,-1.557149568864093765e-04,-5.192449046532740899e-05,4.105127679316589390e-04
8.966666666666666119e-01,-1.756597445665379750e-04,-8.215326752818716879e-05,4.422429773686394430e-04
8.970000000000000195e-01,-1.980129403515612269e-04,-7.788034493573514627e-05,4.334078371850805570e-04
8.973333333333333162e-01,-2.006421858231637761e-04,-5.868607997992947203e-05,4.373957749499961917e-04
8.976666666666666128e-01,-2.059498967680609355e-04,-5.450380239577742224e-05,4.193025675507585379e-04
8.980000000000000204e-01,-2.192497122860498316e-04,-3.165349729637246048e-05,4.504315645862794724e-04
8.983333333333333171e-01,-2.562971452723579479e-04,-2.494353065116241395e-05,4.104863241069326980e-04
8.986666666666666137e-01,-2.523275929259496020e-04,-4.310827644801304892e-05,4.688174827742540123e-04
8.990000000000000213e-01,-2.576859651212071926e-04,-3.393138189128265292e-05,4.392801079093024879e-04
8.993333333333333179e-01,-2.776360283153292982e-04,-2.781540669147276247e-05,4.361593302101075039e-04
8.996666666666666146e-01,-2.649728640015473736e-04,-1.865114793150820489e-06,4.265119495177786628e-04
9.000000000000000222e-01,-2.760625382833359689e-04,3.159950655928940848e-05,4.176068536617827008e-04
9.003333333333333188e-01,-3.032226518910679462e-04,1.979952110890430321e-05,4.313993837048857977e-04
9.006666666666666154e-01,-2.978226466446553524e-04,7.343052109105453599e-05,4.393793230497133320e-04
9.010000000000000231e-01,-2.432651028795965208e-04,6.784097425195627785e-05,4.267206554450911132e-04
9.013333333333333197e-01,-2.848263907282623671e-04,9.506879059557902590e-05,4.422960972360916914e-04
9.016666666666666163e-01,-2.099605111048311761e-04,1.434777100335234135e-04,4.400823630440814566e-04
9.020000000000000240e-01,-2.413826689585294133e-04,1.408881078301049087e-04,4.381896121822826382e-04
9.023333333333333206e-01,-2.277574303685797846e-04,1.354843813164606178e-04,4.306261558200807763e-04
9.026666666666666172e-01,-2.303330777057430905e-04,1.294840260704761500e-04,4.542717536488278759e-04
9.030000000000000249e-01,-2.616345785718680503e-04,1.374209200829569217e-04,4.438625237536838151e-04
9.033333333333333215e-01,-2.668105376337828998e-04,1.491004963958709063e-04,3.909843081574613361e-04
9.036666666666666181e-01,-3.250798405872164600e-04,1.100457910391397303e-04,3.786887424227627160e-04
9.040000000000000258e-01,-3.100148217709751105e-04,7.602342394806672974e-05,4.134419657810261303e-04
9.043333333333333224e-01,-3.484808241541165045e-04,1.283655575331065098e-04,3.223143977579325794e-04
9.046666666666666190e-01,-3.741310258314883017e-04,1.228529223946105977e-04,3.543287259176577443e-04
9.050000000000000266e-01,-4.200926634115380006e-04,1.236429564838004537e-04,3.453446759417327407e-04
9.053333333333333233e-01,-4.327313808847004623e-04,1.447672689207015622e-04,2.706419160711263580e-04
9.056666666666666199e-01,-4.513489960882648383e-04,1.475205576548870815e-04,2.746468057500267308e-04
9.060000000000000275e-01,-4.300281966370754342e-04,1.956943087602171824e-04,1.912408635742429230e-04
9.063333333333333242e-01,-4.327779359360246661e-04,1.816655990378582340e-04,1.948810984253460457e-04
9.066666666666666208e-01,-4.491906038372689512e-04,1.690238627867793016e-04,2.234681066125267181e-04
9.070000000000000284e-01,-4.415375734084304765e-04,1.599369433998254443e-04,2.075556003948290419e-04
9.073333333333333250e-01,-4.458436437222085876e-04,1.080400356252231650e-04,1.928925140977584053e-04
9.076666666666666217e-01,-4.480003499841962397e-04,1.425843849024609937e-04,1.083527675379936746e-04
9.080000000000000293e-01,-4.335433749457640452e-04,1.060240999601245418e-04,7.586972185931478317e-05
9.083333333333333259e-01,-4.505628901164890343e-04,1.183372658537580504e-04,7.537263020351157763e-05
9.086666666666666226e-01,-4.739544103902460469e-04,7.247434116057693213e-05,4.786260555848789250e-05
9.090000000000000302e-01,-4.530894262254446937e-04,9.858377957300712858e-05,7.906508887650868768e-06
9.093333333333333268e-01,-4.272427252484999678e-04,1.489427380978329324e-04,-4.629534930738189816e-05
9.096666666666666234e-01,-4.080197856042365283e-04,1.889311271656464051e-04,-2.737431376613833823e-05
9.100000000000000311e-01,-4.212281226218430176e-04,2.578005199403668891e-04,-3.390303574852025032e-05
9.103333333333333277e-01,-4.253620860899255370e-04,2.726506393766649347e-04,-3.765556251614743616e-05
9.106666666666666243e-01,-3.889050755769533777e-04,2.945744348326514691e-04,-7.705874812948141294e-05
9.110000000000000320e-01,-3.937222996873092525e-04,3.167468795260280369e-04,-6.868588141538204404e-05
9.113333333333333286e-01,-3.363756406219475022e-04,3.422444932558475826e-04,-1.182161665677386816e-04
9.116666666666666252e-01,-3.167385731291931950e-04,3.981692144982878134e-04,-1.219630910761208993e-04
9.120000000000000329e-01,-2.901344008002416258e-04,3.961343550859188108e-04,-1.286042355976517839e-04
9.123333333333333295e-01,-2.657045832311219968e-04,3.495277801943436763e-04,-1.732865491092408321e-04
9.126666666666666261e-01,-2.688754934616771359e-04,3.508727123994580125e-04,-1.945407079216373441e-04
9.130000000000000338e-01,-2.169623418759238792e-04,3.095872311880290637e-04,-2.014664356019124224e-04
9.133333333333333304e-01,-1.771750951711182297e-04,3.811562738401029450e-04,-1.655266072919655358e-04
9.136666666666666270e-01,-1.785821889653470512e-04,3.114758781180681363e-04,-2.147406550694814272e-04
9.140000000000000346e-01,-1.100067955167310924e-04,2.449792281337921716e-04,-2.327288709055634034e-04
9.143333333333333313e-01,-1.177061294582111063e-04,2.344752281372881344e-04,-2.720316077203626922e-04
9.146666666666666279e-01,-1.123563707632496439e-04,1.756299591577704152e-04,-2.536350075043977584e-04
9.150000000000000355e-01,-1.268038893068816197e-04,2.077395974913100879e-04,-2.476837826602467860e-04
9.153333333333333321e-01,-1.212372702757357569e-04,1.419821126996626145e-04,-2.775337810074172680e-04
9.156666666666666288e-01,-6.248598521457258514e-05,1.337314365522100147e-04,-2.950748901121511285e-04
9.160000000000000364e-01,-6.348425386767516331e-05,1.162274621892032885e-04,-2.790570149770481745e-04
9.163333333333333330e-01,-3.364099752681924688e-05,1.153013376220374774e-04,-2.885042818080568445e-04
9.166666666666666297e-01,1.211636383346365243e-06,1.462291607566881520e-04,-2.886468056054287620e-04
9.170000000000000373e-01,-1.277849475713080483e-05,1.562372084273287698e-04,-2.896877808439930952e-04
9.173333333333333339e-01,2.195872198815544755e-05,1.404669962065106012e-04,-2.774820544479637808e-04
9.176666666666666305e-01,3.230188724566208675e-05,9.610443214335685194e-05,-2.460176765662442852e-04
9.180000000000000382e-01,2.347268233163819710e-05,9.463622376245373600e-05,-2.578167311901391565e-04
9.183333333333333348e-01,4.979450588845236308e-05,6.515826772971701952e-05,-2.794051097587352890e-04
9.186666666666666314e-01,6.269275689539887092e-05,2.444367391753461458e-06,-2.380234703280545731e-04
9.190000000000000391e-01,9.860398285369664079e-05,-4.730811221490947865e-05,-2.807690421805093513e-04
9.193333333333333357e-01,1.049448515468184547e-04,-5.052320768993835118e-05,-2.433588530367590650e-04
9.196666666666666323e-01,1.786213679000804187e-04,-7.286816654447753039e-05,-1.899002375773082576e-04
9.200000000000000400e-01,1.516531035254630702e-04,-3.912720282380941042e-05,-2.483342252776621502e-04
9.203333333333333366e-01,2.354212226593515222e-04,-9.136673785704430928e-05,-1.589692644411093523e-04
9.206666666666666332e-01,2.331917469362987253e-04,-1.344478069827801552e-04,-1.856706769836098257e-04
9.210000000000000409e-01,2.581734811652759134e-04,-1.146447397075564333e-04,-2.311997734314377847e-04
9.213333333333333375e-01,2.638998340582666274e-04,-1.507472628276692813e-04,-2.023366145016303077e-04
9.216666666666666341e-01,3.753845791394606001e-04,-7.548846482631721378e-05,-1.280385235229102405e-04
9.220000000000000417e-01,3.362188369311589235e-04,-1.456126107724770155e-04,-2.100832908656675036e-04
9.223333333333333384e-01,3.896305336181522371e-04,-1.530946229447913674e-04,-2.394282731177919173e-04
9.226666666666666350e-01,3.838661371989918192e-04,-1.547446261481381479e-04,-2.134565475851355983e-04
9.230000000000000426e-01,3.836445928046352833e-04,-1.770972994714688383e-04,-2.851093127056082851e-04
9.233333333333333393e-01,3.479779848160728943e-04,-1.447114158477481405e-04,-2.551149908715675467e-04
9.236666666666666359e-01,3.136181270823780866e-04,-1.926343431674382991e-04,-3.032925626342650063e-04
9.240000000000000435e-01,3.569313750575703976e-04,-2.068804559398338186e-04,-2.475697055678493185e-04
9.243333333333333401e-01,3.378315669976503536e-04,-1.274259706401217114e-04,-3.155689413567308588e-04
9.246666666666666368e-01,3.122570172786803605e-04,-8.050042964587170104e-05,-2.402049842725937875e-04
9.250000000000000444e-01,3.065025464399716141e-04,-2.109691659374729220e-05,-3.385437774930807821e-04
9.253333333333333410e-01,2.681151872860531790e-04,-1.518992454137521528e-05,-3.190734012460809703e-04
9.256666666666666377e-01,2.519266199560488183e-04,-6.205254225257509856e-06,-3.001200583756164809e-04
9.260000000000000453e-01,3.250232444689335086e-04,-6.933164836318586759e-06,-3.311328883567417791e-04
9.263333333333333419e-01,3.272347181803177108e-04,-4.340422858170924489e-05,-2.787275556898442808e-04
9.266666666666666385e-01,3.342886514504391881e-04,-2.059050843323361596e-06,-3.096867433130178426e-04
9.270000000000000462e-01,2.761460696063343227e-04,-7.775710759116512456e-05,-2.580834335628994381e-04
9.273333333333333428e-01,3.261566913697771012e-04,-9.164335204380345454e-05,-2.417980287784119635e-04
9.276666666666666394e-01,3.166938605140812136e-04,-1.397930277935091473e-04,-2.242385163971946486e-04
9.280000000000000471e-01,3.394362750196671763e-04,-1.477866930478010982e-04,-2.117201955461962457e-04
9.283333333333333437e-01,3.448843581461855600e-04,-9.103473093673958402e-05,-1.837095959753724860e-04
9.286666666666666403e-01,3.914145003424641055e-04,-1.533559182157540122e-04,-1.158709969878465417e-04
9.290000000000000480e-01,4.338318899001186290e-04,-2.339661370790953104e-04,-9.748145039362526528e-05
9.293333333333333446e-01,4.575779029595428843e-04,-2.216592553710293630e-04,-8.805052590435188541e-05
9.296666666666666412e-01,4.301812342166069043e-04,-2.498080835046826245e-04,9.399177163059241485e-06
9.300000000000000488e-01,5.153024139163473035e-04,-2.115076616284129382e-04,4.543946878516583361e-05
9.303333333333333455e-01,4.472484737536134582e-04,-2.745544425891030494e-04,2.519725796135975141e-05
9.306666666666666421e-01,4.776991484247431938e-04,-2.936408667785727050e-04,1.025242191090449366e-04
9.310000000000000497e-01,4.822268447129911110e-04,-2.862550654225790459e-04,1.276374854941603339e-04
9.313333333333333464e-01,4.006639992018759121e-04,-2.923127614349163420e-04,1.514474210986346966e-04
9.316666666666666430e-01,4.410901813540609936e-04,-2.407447734987282412e-04,1.035800490427834462e-04
9.320000000000000506e-01,3.935380306917090200e-04,-2.857763023828819270e-04,1.190477126546309327e-04
9.323333333333333472e-01,3.682406630043673205e-04,-2.325148332220876432e-04,2.066405163394015331e-04
9.326666666666666439e-01,3.647603194040585921e-04,-2.535207363292831624e-04,2.049847004055147968e-04
9.330000000000000515e-01,2.613153216821245423e-04,-2.058416172883789782e-04,2.124516556751784337e-04
9.333333333333333481e-01,3.148438954781082036e-04,-1.853317441694843132e-04,1.870418251338920536e-04
9.336666666666666448e-01,2.627553194553850380e-04,-1.727804976018303552e-04,1.769108939978728673e-04
9.340000000000000524e-01,2.251748963955054806e-04,-1.856171795147692962e-04,1.684682602884611817e-04
9.343333333333333490e-01,2.366763055091280685e-04,-2.452342060231855352e-04,2.655637147971907485e-04
9.346666666666666456e-01,2.080701028130090067e-04,-2.430315439708621676e-04,2.761707363736569908e-04
9.350000000000000533e-01,2.136571168724803258e-04,-2.758319120235106230e-04,2.448476341175605665e-04
9.353333333333333499e-01,2.019893659078354103e-04,-2.699088050153576699e-04,3.299973883355270432e-04
9.356666666666666465e-01,2.062798272266018018e-04,-3.247918140961556692e-04,2.588816128259466493e-04
9.360000000000000542e-01,1.697941277071185560e-04,-3.604207257849254540e-04,3.265412878446333992e-04
9.363333333333333508e-01,2.078227247161069534e-04,-3.697884725458727294e-04,3.775979273959931401e-04
9.366666666666666474e-01,2.013924442188064050e-04,-2.593157520905224351e-04,3.804627137776682411e-04
9.370000000000000551e-01,2.039151188690657560e-04,-2.688475219194658801e-04,3.705869466825446987e-04
9.373333333333333517e-01,1.754945381240793109e-04,-2.187144769534525156e-04,4.043800066661711154e-04
9.376666666666666483e-01,1.704163664246422048e-04,-2.223883503342622911e-04,4.441001988764701493e-04
9.379999999999999449e-01,1.198142888397616128e-04,-1.951871592629618273e-04,3.989888335830167631e-04
9.383333333333333526e-01,1.751755598810694195e-04,-1.374163501062314818e-04,4.770910037253176515e-04
9.386666666666666492e-01,1.504305167541517387e-04,-1.034905627280572401e-04,4.259507947212830574e-04
9.389999999999999458e-01,1.591703574523963319e-04,-9.926626329334888271e-05,4.440506203335147319e-04
9.393333333333333535e-01,1.316035125931128331e-04,-5.544633962473451507e-05,4.871894678822410486e-04
9.396666666666666501e-01,1.034706037226567298e-04,-3.575091248788326930e-05,4.922202386297193106e-04
9.399999999999999467e-01,1.232355140512976987e-04,3.211159325654303732e-05,5.123252666701487434e-04
9.403333333333333544e-01,7.682315994194134352e-05,2.222506141310791425e-05,4.427127543822172292e-04
9.406666666666666510e-01,6.072012256239111178e-05,1.326800656539060146e-05,4.977728612772286312e-04
9.409999999999999476e-01,8.082841038626198003e-05,3.482062734509417605e-05,4.779569446465393523e-04
9.413333333333333552e-01,3.090648660100651668e-05,5.462595059594233405e-06,4.862867204080524391e-04
9.416666666666666519e-01,3.855773586403791385e-05,-1.295967290813057285e-05,4.568732338459896114e-04
9.419999999999999485e-01,2.935344598408083403e-05,-5.827154377604334327e-05,4.562955335170088456e-04
9.423333333333333561e-01,1.786539561401139816e-05,-1.281040154944391518e-04,4.589597706286141932e-04
9.426666666666666528e-01,-3.113518956498503951e-05,-1.492949752464532937e-04,4.740083097780884271e-04
9.429999999999999494e-01,-2.114828806143858881e-05,-1.804294322398074669e-04,4.998760016468382743e-04
9.433333333333333570e-01,-2.585518866523936821e-05,-1.092090680446212384e-04,4.800879511761240023e-04
9.436666666666666536e-01,-6.051689961649344942e-05,-1.233568472274045003e-04,4.624710809489582003e-04
9.439999999999999503e-01,-5.254552998886593049e-05,-1.654881629893657227e-04,4.850297243751822813e-04
9.443333333333333579e-01,-8.645899493925900960e-05,-9.251776637133505372e-05,4.397537165198768267e-04
9.446666666666666545e-01,-7.059984810676718080e-05,-1.377476321771195391e-04,4.792978874863340990e-04
9.449999999999999512e-01,-1.074621758159935680e-04,-6.311679970163819938e-05,5.283342594667596965e-04
9.453333333333333588e-01,-1.052502126239295412e-04,-1.375753510032694151e-04,4.887299440383564147e-04
9.456666666666666554e-01,-1.336161007012899474e-04,-1.835723793104005093e-04,5.126946674533167450e-04
9.459999999999999520e-01,-1.286532017019482240e-04,-1.729559499918783215e-04,5.227322904942947792e-04
9.463333333333333597e-01,-1.554973011441202933e-04,-2.105473655887479432e-04,5.256519674056705713e-04
9.466666666666666563e-01,-1.326834224592819700e-04,-1.787465389941802064e-04,6.198854511759724828e-04
9.469999999999999529e-01,-1.543699183650320910e-04,-2.084733643078798509e-04,6.165355323654833804e-04
9.473333333333333606e-01,-1.566595730183305041e-04,-2.384927957985934785e-04,6.211775121268111113e-04
9.476666666666666572e-01,-1.886532811458209230e-04,-1.965076019127850841e-04,5.642333625449931890e-04
9.479999999999999538e-01,-1.809592431133627609e-04,-2.241277300594298925e-04,5.582219932388962072e-04
9.483333333333333615e-01,-2.705805178296840003e-04,-2.346865079618492688e-04,5.351121223356676603e-04
9.486666666666666581e-01,-2.500968935011972909e-04,-2.763945763831849515e-04,5.429993486440785151e-04
9.489999999999999547e-01,-2.685705198047840534e-04,-2.242565720432393721e-04,5.206138817911988266e-04
9.493333333333333623e-01,-2.713562631270704747e-04,-1.807841942542991382e-04,4.545659738545634334e-04
9.496666666666666590e-01,-3.147405401875774883e-04,-9.633840881527682245e-05,4.729809192925118664e-04
9.499999999999999556e-01,-3.299717648879856610e-04,-4.436084536339777518e-05,4.354480464767468309e-04
9.503333333333333632e-01,-3.822352214802566899e-04,-1.100560184636904405e-05,4.459604392182981445e-04
9.506666666666666599e-01,-3.994449542818303070e-04,7.408244547889343838e-05,4.407810489509534323e-04
9.509999999999999565e-01,-3.573245163365942043e-04,1.388773237733603142e-04,3.905226297466262916e-04
9.513333333333333641e-01,-3.590423215890183365e-04,1.687233350411405193e-04,3.462304134474366028e-04
9.516666666666666607e-01,-3.373997429775956792e-04,2.329706219606775275e-04,4.162871587689688318e-04
9.519999999999999574e-01,-3.367707603040390901e-04,2.339754703519873204e-04,3.650134824695541865e-04
9.523333333333333650e-01,-3.032571874723656753e-04,2.616973104042756050e-04,3.583083909163307717e-04
9.526666666666666616e-01,-2.962452951539657690e-04,2.677411825027382333e-04,3.960491859236589442e-04
9.529999999999999583e-01,-3.277184133851065366e-04,2.945871973598803545e-04,3.413153453183543360e-04
9.533333333333333659e-01,-3.219388974516141288e-04,3.299983435739051868e-04,2.834090875361511080e-04
9.536666666666666625e-01,-3.434885835073572076e-04,3.096171830014241683e-04,2.852722886574764367e-04
9.539999999999999591e-01,-3.112509780344656471e-04,3.288670348468691993e-04,3.112947828503371183e-04
9.543333333333333668e-01,-3.746738870987693427e-04,3.451890386861119629e-04,2.425074281974139558e-04
9.546666666666666634e-01,-4.107565264717997176e-04,3.815256363928442554e-04,2.369440074129144393e-04
9.549999999999999600e-01,-4.521447829001524490e-04,3.706963343331395725e-04,2.014043197438578807e-04
9.553333333333333677e-01,-4.387183278529481283e-04,3.918869963791432902e-04,1.613694140893417203e-04
9.556666666666666643e-01,-4.242667914887360628e-04,3.488654749273591735e-04,1.566396994649678278e-04
9.559999999999999609e-01,-4.050727040112103044e-04,3.749423986659568167e-04,6.248919734552885229e-05
9.563333333333333686e-01,-4.010804723933040551e-04,3.292387272727355049e-04,7.456199345030268730e-05
9.566666666666666652e-01,-4.235776570783049205e-04,2.605068228998660084e-04,1.885914341593151859e-05
9.569999999999999618e-01,-4.060809526315067885e-04,2.220832542852033348e-04,3.351134449426196560e-05
9.573333333333333695e-01,-3.822056622858703416e-04,1.810850464300801769e-04,4.175482224160263187e-05
9.576666666666666661e-01,-3.679369741489385667e-04,2.161349328723426481e-04,-8.260327217424793752e-05
9.579999999999999627e-01,-3.676113063366379693e-04,1.914629226280871205e-04,-5.587738966001945453e-05
9.583333333333333703e-01,-3.517734247203467774e-04,2.074245986448174724e-04,-6.841939674699656720e-05
9.586666666666666670e-01,-3.634640996968294883e-04,1.942544730564800700e-04,-1.179286226294971272e-04
9.589999999999999636e-01,-3.490708115335148577e-04,2.413275920975859693e-04,-8.176032083500559293e-05
9.593333333333333712e-01,-2.855218883875309719e-04,2.432629918149989748e-04,-6.745078644261716459e-05
9.596666666666666679e-01,-3.750420037633580249e-04,2.843780557510777523e-04,-1.319859392468622700e-04
9.599999999999999645e-01,-2.942383971733712831e-04,2.865611727566307878e-04,-5.263762926318138848e-05
9.603333333333333721e-01,-3.002169957766910439e-04,2.516699506741771220e-04,-4.776456356481135297e-05
9.606666666666666687e-01,-2.760935931131328134e-04,2.318650712754117508e-04,-1.092798954452707023e-04
9.609999999999999654e-01,-2.428970134083789558e-04,2.365417220491980714e-04,-4.941235346408030501e-05
9.613333333333333730e-01,-2.323877000526191141e-04,2.691344207439764179e-04,-7.544091435218554177e-05
9.616666666666666696e-01,-1.871693660782329364e-04,2.635179768140246369e-04,-9.571740635821081192e-05
9.619999999999999662e-01,-1.780243713439606963e-04,2.415608123973930212e-04,-7.793830283094086385e-05
9.623333333333333739e-01,-1.510496077536502995e-04,1.824897528245889434e-04,-1.243379555327363490e-04
9.626666666666666705e-01,-1.233150885681605986e-04,1.607081831791407132e-04,-1.413478079084477161e-04
9.629999999999999671e-01,-1.185815928474234375e-04,1.261137092703675802e-04,-1.434293810313267824e-04
9.633333333333333748e-01,-5.965869042124444450e-05,2.026016577262637597e-04,-1.235789800276685302e-04
9.636666666666666714e-01,-9.847569124186665156e-05,1.138023231409267559e-04,-1.878263276484223236e-04
9.639999999999999680e-01,-4.671159332145850650e-05,9.282742676190235771e-05,-2.215662387373465143e-04
9.643333333333333757e-01,-6.493778034305824258e-05,7.802176907107200791e-05,-1.932171814318269496e-04
9.646666666666666723e-01,-8.313295332491776250e-05,7.942263117492462182e-05,-2.400723297402130273e-04
9.649999999999999689e-01,-8.517885339801328402e-05,1.311566419868744711e-04,-2.184683925656308908e-04
9.653333333333333766e-01,-1.139647906804216847e-04,1.093590738793016507e-04,-2.866745781332014141e-04
9.656666666666666732e-01,-7.372271444893037894e-05,9.879331282937721739e-05,-2.506977400795377758e-04
9.659999999999999698e-01,-4.019116679895951374e-05,1.212211310328571690e-04,-2.911816392366504318e-04
9.663333333333333774e-01,-6.930654497390876384e-05,1.131861752492953512e-04,-2.841814856874422452e-04
9.666666666666666741e-01,-1.407980935300886103e-06,1.430654260403247367e-04,-3.401978082510941277e-04
9.669999999999999707e-01,2.992901747762449183e-05,1.137101378276164063e-04,-2.904772059342835460e-04
9.673333333333333783e-01,4.034893602506254721e-05,1.041477366389497399e-04,-3.102123687555453902e-04
9.676666666666666750e-01,9.965819506949591627e-05,6.491566321871228718e-05,-3.143501451848263167e-04
9.679999999999999716e-01,1.006940789531733942e-04,5.597671666267162453e-05,-2.746280371760289793e-04
9.683333333333333792e-01,1.299757173990316475e-04,2.116838628850765890e-05,-3.376931629598453458e-04
9.686666666666666758e-01,1.396966133464721345e-04,-1.481763023161831064e-05,-3.082867590467761260e-04
9.689999999999999725e-01,2.075733071163723584e-04,-2.840848560323230764e-05,-3.025555027029274411e-04
9.693333333333333801e-01,2.052157506154357939e-04,-3.109080381328407694e-05,-3.221868060237826248e-04
9.696666666666666767e-01,2.704550409024032752e-04,-4.357745464854893808e-05,-2.827337806222434595e-04
9.699999999999999734e-01,2.877298202476495019e-04,-7.869754416937276944e-06,-2.804874778557624464e-04
9.703333333333333810e-01,3.585381497757908248e-04,-3.814538134521781567e-05,-2.181796294828904407e-04
9.706666666666666776e-01,3.689240596134961804e-04,-8.221476323494614636e-05,-2.267743369549154206e-04
9.709999999999999742e-01,4.049181573702230149e-04,-7.804407029772090522e-05,-2.342043840762372136e-04
9.713333333333333819e-01,3.995523069979127809e-04,-1.148841212274049928e-04,-2.104034033783797823e-04
9.716666666666666785e-01,4.743766623436733291e-04,-8.298632660775098443e-05,-1.644893765686478225e-04
9.719999999999999751e-01,4.431811884314696033e-04,-1.628878692570516072e-04,-1.967475046009038589e-04
9.723333333333333828e-01,5.011263464013842065e-04,-1.817764613307342500e-04,-2.093240831425998913e-04
9.726666666666666794e-01,4.757765770879316064e-04,-1.867053079265563055e-04,-2.173188844394140760e-04
9.729999999999999760e-01,4.600963354439105576e-04,-1.887860140645284096e-04,-2.103128383584611997e-04
9.733333333333333837e-01,4.233038946984126697e-04,-1.820866709935811505e-04,-2.038788903472440941e-04
9.736666666666666803e-01,3.678377660181409901e-04,-1.992152769086799960e-04,-2.319604905715040414e-04
9.739999999999999769e-01,3.982109667750051820e-04,-2.035260081644540465e-04,-2.156046801922048247e-04
9.743333333333333846e-01,3.700237323474328912e-04,-1.870515011854440393e-04,-2.104367847158497974e-04
9.746666666666666812e-01,3.573916228634478110e-04,-1.703346615139605382e-04,-1.976775667173179013e-04
9.749999999999999778e-01,3.452802120492968509e-04,-1.411883240893410478e-04,-1.320964750147629065e-04
9.753333333333333854e-01,3.077735917985842135e-04,-1.400078679831082834e-04,-1.411912058948384615e-04
9.756666666666666821e-01,3.232859415694302584e-04,-1.598117766014048931e-04,-1.336609276793567717e-04
9.759999999999999787e-01,3.083564001280120225e-04,-1.269790362560592359e-04,-8.077954811288712950e-05
9.763333333333333863e-01,3.332213116347410974e-04,-1.543181299288773041e-04,-9.660889125940953011e-05
9.766666666666666829e-01,3.622518125001426446e-04,-1.261196496101835466e-04,-1.144810668645298944e-05
9.769999999999999796e-01,3.536207996730425930e-04,-1.602569506368840498e-04,1.450804952578326473e-06
9.773333333333333872e-01,3.372707309120718351e-04,-1.923088081169250780e-04,2.897303555621604090e-05
9.776666666666666838e-01,3.185599512191168714e-04,-1.697399225675994591e-04,4.070340099223859478e-06
9.779999999999999805e-01,3.643552741415153327e-04,-2.327886709767062112e-04,3.147782598371471062e-05
9.783333333333333881e-01,3.174340368820681023e-04,-1.973413081793280515e-04,3.796466164438427117e-05
9.786666666666666847e-01,3.418507744396883643e-04,-2.519639927696321405e-04,6.157606537266208503e-05
9.789999999999999813e-01,3.106920659652126211e-04,-2.536878141198209272e-04,1.307935458156986341e-04
9.793333333333332780e-01,3.403896746104537858e-04,-2.543207112104727756e-04,8.991081224394450555e-05
9.796666666666666856e-01,3.269096758155524019e-04,-2.976591989571660945e-04,1.673505805418407577e-04
9.799999999999999822e-01,3.042147681292791750e-04,-3.071255252387777618e-04,2.188273750229478604e-04
9.803333333333332789e-01,2.803337943690826801e-04,-3.281898563864511179e-04,2.190239620733961756e-04
9.806666666666666865e-01,2.633926233004984423e-04,-3.382049713389040477e-04,2.658896327598977570e-04
9.809999999999999831e-01,2.708909506411456944e-04,-3.580392330265228743e-04,2.705751533961863820e-04
9.813333333333332797e-01,2.205992038072650437e-04,-3.615319976030868950e-04,2.715003099073548640e-04
9.816666666666666874e-01,2.674667613521596521e-04,-3.402842277780428431e-04,3.152970020222398790e-04
9.819999999999999840e-01,2.118882968558714831e-04,-3.171898781766045706e-04,3.001061712933936025e-04
9.823333333333332806e-01,2.086957135085491257e-04,-2.729344300303701587e-04,3.489185690130204402e-04
9.826666666666666883e-01,1.897172150771088460e-04,-2.428054686153049708e-04,3.243539974773493513e-04
9.829999999999999849e-01,1.158586323059856749e-04,-1.871744149365245054e-04,3.317502278524515468e-04
9.833333333333332815e-01,1.617127744900746930e-04,-1.130169609050737212e-04,3.019769194997121262e-04
9.836666666666666892e-01,1.469293430315799366e-04,-1.199093727956414637e-04,3.046822591972805222e-04
9.839999999999999858e-01,8.361724695451110340e-05,-8.752188414821247928e-05,3.005573128124881138e-04
9.843333333333332824e-01,1.283874069797884818e-04,-1.218556970292625604e-04,3.509284158012140149e-04
9.846666666666666901e-01,8.414627359424471621e-05,-1.044647344565552606e-04,3.587282120327034592e-04
9.849999999999999867e-01,1.312261501823499751e-04,-1.200351859443885200e-04,2.967678633828940682e-04
9.853333333333332833e-01,1.257221302914776531e-04,-9.405189721793454864e-05,3.786067694688363856e-04
9.856666666666666909e-01,1.738443899789534383e-04,-1.514735619431522532e-04,3.134787350838741512e-04
9.859999999999999876e-01,9.001294428211447437e-05,-1.479314040563393755e-04,3.657388153919022191e-04
9.863333333333332842e-01,1.912513834944907230e-04,-1.442163566399159665e-04,4.312873385199864898e-04
9.866666666666666918e-01,1.560309915323178484e-04,-1.259760905944681537e-04,4.017293543075535402e-04
9.869999999999999885e-01,1.441231502942258652e-04,-1.121876684537285556e-04,3.976863808766874079e-04
9.873333333333332851e-01,1.187968080699764573e-04,-6.517111355460049977e-05,4.164267798413433166e-04
9.876666666666666927e-01,1.382428013406924875e-04,-5.858406389640581928e-05,4.258608102463639451e-04
9.879999999999999893e-01,1.559831855859230133e-04,-7.033178252635464262e-05,4.664669721803666618e-04
9.883333333333332860e-01,1.012642083733255368e-04,-4.889941879518210728e-05,4.392889321932945878e-04
9.886666666666666936e-01,1.144713624792891742e-04,-4.038499453811588840e-05,4.738106342057661017e-04
9.889999999999999902e-01,9.088138498324008360e-05,-3.965313932241688589e-05,4.895778300100943380e-04
9.893333333333332869e-01,1.100232679865954664e-04,-6.407833186843338801e-05,5.184325420101593964e-04
9.896666666666666945e-01,8.600243192048587573e-05,-7.696893092860545541e-05,5.716960943497855895e-04
9.899999999999999911e-01,4.970010749984806185e-05,-9.318326874199655738e-05,5.155060146677898714e-04
9.903333333333332877e-01,-9.607975431285210903e-06,-1.247813316559961473e-04,5.238868783892570470e-04
9.906666666666666954e-01,-3.998920163179544738e-05,-1.316061383947217216e-04,5.480964756849971212e-04
9.909999999999999920e-01,-4.816696894607642906e-05,-1.267576206467519210e-04,5.306144080067102305e-04
9.913333333333332886e-01,-9.540226924670708883e-05,-1.236850098570530594e-04,5.194074512277831613e-04
9.916666666666666963e-01,-7.180378702384628443e-05,-1.498278431176074685e-04,5.027448808707596448e-04
9.919999999999999929e-01,-1.190078217460540500e-04,-1.753956507471857759e-04,4.798430192408441406e-04
9.923333333333332895e-01,-1.643104007841098425e-04,-1.939260507153872117e-04,4.924110637710477946e-04
9.926666666666666972e-01,-1.746567170734927637e-04,-1.826796754788380828e-04,4.912738922260699061e-04
9.929999999999999938e-01,-1.849955007990808343e-04,-2.078425899905196215e-04,4.557194006595267064e-04
9.933333333333332904e-01,-1.886655181628161995e-04,-1.436053862441177896e-04,5.209750388353741714e-04
9.936666666666666980e-01,-1.882544903586307928e-04,-1.486022263039694989e-04,4.647296332149281799e-04
9.939999999999999947e-01,-2.028645640763593262e-04,-1.594275675793618092e-04,4.339347398266070097e-04
9.943333333333332913e-01,-2.094199340807225687e-04,-9.085533717798856994e-05,4.182203155627312909e-04
9.946666666666666989e-01,-1.993558034032504663e-04,-9.580814263577882716e-05,4.216269536196693736e-04
9.949999999999999956e-01,-2.280830166007671389e-04,-5.699554345607843708e-05,4.133871333058253945e-04
9.953333333333332922e-01,-2.396005241900812845e-04,-9.008557298498576812e-05,3.916368117096248103e-04
9.956666666666666998e-01,-2.225355417028760741e-04,-1.038887251013708384e-04,4.350738271700831474e-04
9.959999999999999964e-01,-2.319745783588589858e-04,-8.284254107659289046e-05,3.673052419094943429e-04
9.963333333333332931e-01,-2.602050774398523346e-04,-8.634533705133378399e-05,3.593378133094055462e-04
9.966666666666667007e-01,-2.563190087427228239e-04,-6.419841741241494640e-05,3.739376202015330555e-04
9.969999999999999973e-01,-2.393753086906262064e-04,-1.062618756196121274e-04,3.817666178464962584e-04
9.973333333333332940e-01,-2.671660637675519990e-04,-7.373546181523847360e-05,3.606852872804444080e-04
9.976666666666667016e-01,-2.633149657456578213e-04,-2.903598515447803030e-05,3.415538041768899835e-04
9.979999999999999982e-01,-2.924542129020905857e-04,3.812734237382873225e-06,3.579498172974030792e-04
9.983333333333332948e-01,-2.585824489862802687e-04,6.369642766868876030e-05,2.772535398794337847e-04
9.986666666666667025e-01,-2.059038040040454527e-04,4.174754724539028467e-05,3.254185428428925516e-04
9.989999999999999991e-01,-2.287274451091088801e-04,5.112938973874348004e-05,3.394625359525196254e-04
9.993333333333332957e-01,-2.118960808730288060e-04,2.577154250894152213e-05,2.920147382814162530e-04
9.996666666666667034e-01,-2.489925978941734787e-04,3.594907550568233144e-05,1.711600442602917828e-04
