time_s,X_mm_s,Y_mm_s,Z_mm_s
0.000000000000000000e+00,-8.996551215925208470e-05,-1.215397144585616244e-04,2.863647292102445402e-04
3.333333333333333222e-04,-1.550266110837401987e-04,-1.426371427483487961e-04,3.286822216937091345e-04
6.666666666666666444e-04,-1.489549295711431205e-04,-1.308144216193860899e-04,3.246298434338514591e-04
1.000000000000000021e-03,-1.387166797385139207e-04,-1.007950095442818278e-04,2.794355763144725142e-04
1.333333333333333289e-03,-1.440233029485670706e-04,-7.547380604123942404e-05,3.392963839736689940e-04
1.666666666666666774e-03,-1.738324588020628413e-04,-3.883568715685529858e-05,2.779838074342774095e-04
2.000000000000000042e-03,-1.727768393293091260e-04,-9.808228272501253372e-06,2.952521764982564108e-04
2.333333333333333526e-03,-1.721043200686204696e-04,1.440682266138476451e-05,2.781580870431207874e-04
2.666666666666666578e-03,-1.620179724069591848e-04,8.609852395468443670e-06,3.128812962249111792e-04
3.000000000000000062e-03,-1.715462577068942228e-04,3.170480388079735762e-05,2.895414133928892950e-04
3.333333333333333547e-03,-1.472810688064175150e-04,5.840049661829194383e-05,2.903871223208791437e-04
3.666666666666666598e-03,-1.571693943397243392e-04,6.062628913325023169e-05,2.832894372117586500e-04
4.000000000000000083e-03,-1.452422458081509228e-04,6.396462195284913948e-05,2.955702280762205524e-04
4.333333333333333134e-03,-1.599029807762398603e-04,9.030473074838851169e-05,2.572349549894266873e-04
4.666666666666667053e-03,-1.719670751246758235e-04,9.660626092699094072e-05,2.716115133020049035e-04
5.000000000000000104e-03,-1.392280782754315763e-04,1.543065720060823073e-04,2.588806258994475742e-04
5.333333333333333155e-03,-1.484810578863442676e-04,1.452843972045227724e-04,2.143597619522134129e-04
5.666666666666667074e-03,-1.557659444572229970e-04,1.389204264261718034e-04,2.181427237914382419e-04
6.000000000000000125e-03,-1.680185704474993261e-04,1.288702598269280168e-04,2.014846671717856834e-04
6.333333333333333176e-03,-1.701907225442721031e-04,1.011142029990520243e-04,1.631934284232022770e-04
6.666666666666667095e-03,-1.887913962776408038e-04,7.809471998736196784e-05,1.767946108344773748e-04
7.000000000000000146e-03,-1.895971358633512303e-04,6.104606755166749118e-05,1.575049001913151681e-04
7.333333333333333197e-03,-1.861705535577083399e-04,4.850911087251318245e-05,1.527175664757430716e-04
7.666666666666666248e-03,-1.790009940736672005e-04,2.388224839192327068e-05,1.672731213252853853e-04
8.000000000000000167e-03,-2.016998176053789429e-04,3.107312997353611008e-05,1.668337503560553053e-04
8.333333333333333218e-03,-1.751932422853073781e-04,7.016763732948512022e-05,1.646720039687483018e-04
8.666666666666666269e-03,-1.711520354060489869e-04,4.753888698458798913e-05,1.934562958603766700e-04
8.999999999999999320e-03,-1.525035557262854511e-04,7.087062476997906923e-05,1.846660172916524546e-04
9.333333333333334106e-03,-1.469800925750762183e-04,5.514373524554529789e-05,1.727231906986368196e-04
9.666666666666667157e-03,-1.384941563827978169e-04,6.740451135321649128e-05,1.735285807764129062e-04
1.000000000000000021e-02,-1.307869023719847562e-04,8.207917839946657053e-05,1.563901667105671025e-04
1.033333333333333326e-02,-1.360571408515053201e-04,8.217453492897474894e-05,1.722258377975838294e-04
1.066666666666666631e-02,-1.138965897057014068e-04,9.238868576499596069e-05,1.498265975145915278e-04
1.099999999999999936e-02,-1.378896477432317537e-04,8.365594592425256652e-05,1.733671892665579744e-04
1.133333333333333415e-02,-1.310868996419664308e-04,1.088868862593126970e-04,1.475926458429744161e-04
1.166666666666666720e-02,-9.615785065942248093e-05,1.609648834225513791e-04,1.815553265618233920e-04
1.200000000000000025e-02,-9.998599747610775962e-05,1.477136782494658683e-04,1.685142539660448423e-04
1.233333333333333330e-02,-8.723705167318903471e-05,1.191905171670713906e-04,1.618580878426524713e-04
1.266666666666666635e-02,-1.051790883618159556e-04,1.272861790892776152e-04,1.747825579752858294e-04
1.299999999999999940e-02,-1.044643785858647464e-04,1.015130772780426909e-04,1.360727027412036831e-04
1.333333333333333419e-02,-1.148816627754774310e-04,1.050218273729917564e-04,1.448791059472883704e-04
1.366666666666666724e-02,-1.233018997831768172e-04,6.298964771249697565e-05,1.046697102363665420e-04
1.400000000000000029e-02,-9.221071924748657433e-05,2.172771116336956077e-05,7.244486194620558561e-05
1.433333333333333334e-02,-7.940918146485931826e-05,3.013463119132892283e-05,4.183042371415968309e-05
1.466666666666666639e-02,-8.214022532117692813e-05,1.923275358378215931e-05,9.726990225270506379e-05
1.499999999999999944e-02,-1.137781081878161486e-04,5.649085494264916951e-05,1.331833485916166001e-05
1.533333333333333250e-02,-1.695567362904329889e-04,5.174754391001025662e-05,-7.925635388494026059e-06
1.566666666666666555e-02,-1.399057370832582352e-04,7.719826247132046380e-05,-6.883542600805670407e-06
1.600000000000000033e-02,-1.506792612326313910e-04,1.037243598609283944e-04,-1.139713483549880410e-05
1.633333333333333165e-02,-1.657302482693848416e-04,1.422578143527811624e-04,-5.490070978014730804e-05
1.666666666666666644e-02,-1.613357723061587218e-04,1.657857792302509618e-04,-3.890923492889562189e-05
1.700000000000000122e-02,-1.710288766283344199e-04,1.888987678166888435e-04,-5.197483555090211591e-05
1.733333333333333254e-02,-1.648039060828433179e-04,1.798492817246091010e-04,-4.984758805018910848e-05
1.766666666666666732e-02,-1.281778887684810280e-04,1.920296513219905098e-04,-7.380673823315436690e-05
1.799999999999999864e-02,-1.362305801723848674e-04,1.857406506833044586e-04,-7.248117983584578578e-05
1.833333333333333343e-02,-1.438981318613910792e-04,1.255900573417965081e-04,-1.106728841442686625e-04
1.866666666666666821e-02,-1.161202664423670094e-04,1.012958166091415253e-04,-6.472495350656717243e-05
1.899999999999999953e-02,-9.147447232162370556e-05,8.024323837700956218e-05,-1.082488765534473914e-04
1.933333333333333431e-02,-5.741088636606983639e-05,3.282493568870341474e-05,-8.185674935941892824e-05
1.966666666666666563e-02,-2.509977041275058432e-05,4.060489980247954149e-05,-3.470648100054810336e-05
2.000000000000000042e-02,1.891110310299895986e-05,8.567043189051788102e-05,-2.084074423301078362e-05
2.033333333333333173e-02,2.160744821779221202e-05,4.828935206187249152e-05,1.338728909147468240e-05
2.066666666666666652e-02,5.754862767435728538e-05,-4.392418777956215816e-06,-1.542247421200578628e-05
2.100000000000000130e-02,8.161300032759891609e-05,-2.688198509111701812e-05,1.639816962226846889e-05
2.133333333333333262e-02,7.010112176610258411e-05,-6.916195970218933821e-05,1.045356124133681844e-07
2.166666666666666741e-02,1.386047723034124278e-04,-1.380214855824105088e-05,6.355251630976062869e-05
2.199999999999999872e-02,9.164288095416984353e-05,-1.023093817724078213e-04,2.300342194920659616e-05
2.233333333333333351e-02,1.504344325995902272e-04,-1.240634330275025218e-04,2.524982631106250373e-05
2.266666666666666829e-02,1.283619947744949960e-04,-8.220611034503488618e-05,1.972991737427385963e-05
2.299999999999999961e-02,8.453643048611040049e-05,-5.647453852225209570e-05,3.710554212690646124e-05
2.333333333333333440e-02,8.945512666072811950e-05,-3.669680214539236806e-05,-4.308099846870506733e-06
2.366666666666666571e-02,8.225570205687575995e-05,-5.149600738204056558e-05,-7.698221398573427916e-06
2.400000000000000050e-02,7.529334926227834496e-05,-5.147348527516609328e-05,1.355361523382518777e-05
2.433333333333333182e-02,8.686821446958640028e-05,-1.907806858724248945e-05,-4.868138925523729965e-05
2.466666666666666660e-02,7.413224670302542743e-05,-4.325249559444717282e-05,-2.771207484683475584e-05
2.500000000000000139e-02,1.001218964335031378e-04,-1.775273967572665296e-05,-2.240310693560651384e-05
2.533333333333333270e-02,7.351058584463765954e-05,-4.560626286266288043e-05,-4.879209918663779481e-05
2.566666666666666749e-02,6.450706462351622544e-05,-3.821765271517966556e-05,-6.614834824991281173e-05
2.599999999999999881e-02,6.306066281136149662e-05,-3.722476433924458764e-05,-6.632258431788119616e-05
2.633333333333333359e-02,9.435667061652413385e-05,-5.060685660699368088e-05,-8.216969214138765279e-05
2.666666666666666838e-02,9.586990013815854968e-05,-3.583332527780842575e-05,-2.988464839838202429e-05
2.699999999999999969e-02,9.204631500947539266e-05,-2.778417021192401335e-05,-5.578714393985057115e-05
2.733333333333333448e-02,1.242950765628609926e-04,-3.967408229306222325e-05,-7.994571133013657935e-05
2.766666666666666580e-02,9.441234224550980846e-05,-3.504807390039452560e-05,-6.087794304027490516e-05
2.800000000000000058e-02,1.774318754613985003e-04,-5.638586096236875711e-05,-7.663387627161330430e-05
2.833333333333333190e-02,1.494384481896600825e-04,-4.270650277135579209e-05,-1.400386896490584281e-05
2.866666666666666669e-02,1.871287324687860923e-04,-5.480567629033285222e-05,1.346036519328400100e-05
2.900000000000000147e-02,1.840075045272316810e-04,-9.627398135150228963e-05,3.163132208157675047e-05
2.933333333333333279e-02,1.996248207105259863e-04,-8.461271395822852494e-05,2.032663055198752764e-05
2.966666666666666757e-02,2.068357141186400025e-04,-1.344715458011754353e-04,6.155936744711458985e-05
2.999999999999999889e-02,1.904035757636876895e-04,-1.061143169883655904e-04,7.708068793053885577e-05
3.033333333333333368e-02,1.721093169358804144e-04,-1.807725190011952613e-04,7.445992638258193224e-05
3.066666666666666499e-02,1.854197650619696222e-04,-1.937179671578504044e-04,8.769761505605874763e-05
3.099999999999999978e-02,1.975697088829701516e-04,-2.061715532103504151e-04,1.228458702592171001e-04
3.133333333333333109e-02,1.572615731547327516e-04,-1.965135819204724417e-04,1.186599231086044791e-04
3.166666666666666935e-02,2.141963886147760677e-04,-1.615223047310419303e-04,1.047003412419015135e-04
3.200000000000000067e-02,1.612617724303714553e-04,-1.752805291273343031e-04,9.888586377237762503e-05
3.233333333333333198e-02,1.483835901312971874e-04,-1.761263119029082326e-04,1.353789079259522655e-04
3.266666666666666330e-02,1.329782598724175166e-04,-1.376003712518834127e-04,8.277568198235763701e-05
3.300000000000000155e-02,9.997396449471594574e-05,-1.234575495213604570e-04,1.046847681222905072e-04
3.333333333333333287e-02,1.290601165940748500e-04,-7.000577502934665392e-05,4.586190235403614406e-05
3.366666666666666419e-02,1.671957467117151665e-04,-9.301321389135469976e-05,6.397780906275337158e-05
3.400000000000000244e-02,1.488844376402278017e-04,-7.463023017326439544e-05,6.359725455878291489e-05
3.433333333333333376e-02,1.462090178244964452e-04,-7.165617301675071310e-05,2.439858769195260712e-05
3.466666666666666508e-02,1.827312380413677816e-04,-9.044867723963871653e-05,4.890479994155115528e-05
3.500000000000000333e-02,1.689947241768745560e-04,-7.939409586436116004e-05,7.110529790078459777e-05
3.533333333333333465e-02,1.655752121477178224e-04,-7.692632013789811281e-05,8.248154160155951110e-05
3.566666666666666596e-02,1.948829766248609606e-04,-8.496315276369948300e-05,7.861154881010040229e-05
3.599999999999999728e-02,1.731934622549186488e-04,-8.953378136656118668e-05,8.771797041510295703e-05
3.633333333333333554e-02,2.170161236509382540e-04,-1.033654938443362171e-04,9.464347313419072937e-05
3.666666666666666685e-02,1.975316381634293305e-04,-1.010000707386259913e-04,1.268037938476596581e-04
3.699999999999999817e-02,1.891494174885285852e-04,-1.138897054901991172e-04,1.383086282658189991e-04
3.733333333333333642e-02,1.831352499558092388e-04,-1.182365756668889791e-04,1.653150446374203320e-04
3.766666666666666774e-02,1.994854002968932669e-04,-1.227683212760432728e-04,1.689263538339244423e-04
3.799999999999999906e-02,1.795126578312732850e-04,-1.329456860041695215e-04,2.089501565653256016e-04
3.833333333333333037e-02,1.953820565646700424e-04,-9.884275060606192466e-05,2.120592072555311613e-04
3.866666666666666863e-02,1.532296936017618605e-04,-1.144767429115082781e-04,2.150226717734925620e-04
3.899999999999999994e-02,1.545452545088661222e-04,-1.398788965619029707e-04,2.429848538913598449e-04
3.933333333333333126e-02,1.351575366324186305e-04,-1.389531861944038173e-04,2.530700961359201215e-04
3.966666666666666952e-02,1.297358174791822375e-04,-1.553479597375823638e-04,2.656391566198729095e-04
4.000000000000000083e-02,1.526990693514760960e-04,-1.153322723229882423e-04,3.107546147555726194e-04
4.033333333333333215e-02,1.297418136175099298e-04,-1.031810455552780288e-04,2.623393968973387761e-04
4.066666666666666347e-02,1.142393486370589620e-04,-1.432875268311773148e-04,2.969595593417217712e-04
4.100000000000000172e-02,1.173460825118167398e-04,-1.527277585337895619e-04,3.116940236464782769e-04
4.133333333333333304e-02,8.728551714415325375e-05,-1.885422575607008063e-04,3.369469764152806831e-04
4.166666666666666435e-02,1.180897804213611754e-04,-1.135977465001642860e-04,2.988985796399789966e-04
4.200000000000000261e-02,9.005911862624328159e-05,-1.552683039641883920e-04,2.973534010693678047e-04
4.233333333333333393e-02,8.478199342549148671e-05,-1.897666317753387893e-04,3.059972516755986196e-04
4.266666666666666524e-02,4.037532379254427567e-05,-1.983604464591375276e-04,3.280914591022400842e-04
4.299999999999999656e-02,4.957122111834543908e-05,-2.114296108787272802e-04,3.306917201549029782e-04
4.333333333333333481e-02,4.082809682054045229e-05,-1.477679116816661242e-04,2.996790062827775361e-04
4.366666666666666613e-02,6.319796894039114959e-05,-1.448580554734842736e-04,2.876246860226120859e-04
4.399999999999999745e-02,6.757385143612723523e-05,-1.523139212918409155e-04,2.927955713057144244e-04
4.433333333333333570e-02,2.509583935636104988e-05,-1.502595168327015265e-04,3.264138872444979304e-04
4.466666666666666702e-02,2.336631206140685939e-05,-1.420710482976849591e-04,3.168422386473510261e-04
4.499999999999999833e-02,2.337671390979370259e-06,-1.041485318422814165e-04,2.929968172297835313e-04
4.533333333333333659e-02,-2.546404223055902961e-06,-1.214725882250840305e-04,2.840681802740587067e-04
4.566666666666666791e-02,-1.359287503650843956e-05,-1.326754724966341709e-04,2.792969421685971587e-04
4.599999999999999922e-02,-2.049270007343145238e-05,-9.651164135398631542e-05,2.644737125334204364e-04
4.633333333333333054e-02,-2.227242424791076451e-06,-8.605782423584571958e-05,3.089992498679003646e-04
4.666666666666666879e-02,-2.737983940273603647e-05,-1.050235933567921675e-04,2.575604665706341181e-04
4.700000000000000011e-02,-6.490445788200499701e-06,-6.864498674324310602e-05,2.673341448275994427e-04
4.733333333333333143e-02,-3.758290781150384002e-05,-9.522837959611532739e-05,2.575667364566285164e-04
4.766666666666666968e-02,-3.812670045174506840e-05,-7.973565526447815683e-05,2.411065440864230969e-04
4.800000000000000100e-02,-8.187403922504655658e-06,-1.109555150516011653e-04,2.659013887961372401e-04
4.833333333333333232e-02,-5.060567348160767720e-06,-6.305316827784801688e-05,3.359002537812214397e-04
4.866666666666666363e-02,-2.972240555785341784e-05,-7.631990593843315676e-05,2.923896542420792899e-04
4.900000000000000189e-02,-1.214350914690374922e-05,-7.594438863752007757e-05,2.910931230947446020e-04
4.933333333333333320e-02,-3.633263818841210027e-05,-3.251451808937052526e-05,3.027797551794905381e-04
4.966666666666666452e-02,-2.995776418472900676e-05,-3.013962663815530655e-05,2.659773821365688938e-04
5.000000000000000278e-02,-4.523613840751332199e-06,9.986652087436199919e-06,3.713145727576406619e-04
5.033333333333333409e-02,-2.351326835268563020e-05,-1.976213228046605220e-05,3.495091574409896250e-04
5.066666666666666541e-02,-2.460233227272168909e-05,-3.696054054720129763e-05,3.419244531318068312e-04
5.099999999999999672e-02,-1.148908367551116067e-05,-3.184184488698002833e-05,3.812279881959803815e-04
5.133333333333333498e-02,-2.321293116556518400e-05,-4.575028138113346172e-05,3.780761513393132906e-04
5.166666666666666630e-02,-3.198035575567906055e-06,-1.587595568301540031e-05,4.005045785221543757e-04
5.199999999999999761e-02,-3.619153178577115261e-05,-4.733329102433337109e-05,4.028963078110046848e-04
5.233333333333333587e-02,-2.606842548472463060e-05,-9.107107048561893792e-05,3.888755365013566931e-04
5.266666666666666718e-02,-4.454483910884920301e-05,-7.319575964958444027e-05,4.035782740218917431e-04
5.299999999999999850e-02,-3.289625267248744362e-05,-8.887296462962875055e-05,4.254427017377397451e-04
5.333333333333333676e-02,-8.823397425442213924e-05,-7.521760413180272496e-05,3.686133259023185896e-04
5.366666666666666807e-02,-1.167591203096331306e-04,-1.257152612981305242e-04,3.882167050086988654e-04
5.399999999999999939e-02,-1.259492288465612585e-04,-1.113634758357791153e-04,4.308729454993589863e-04
5.433333333333333071e-02,-1.420111838407212576e-04,-8.892821498203891146e-05,3.287698259341303563e-04
5.466666666666666896e-02,-1.648883686934817482e-04,-9.511418992551383097e-05,3.647933398057520336e-04
5.500000000000000028e-02,-1.715133809212336115e-04,2.338513489443440645e-06,3.984814372534728043e-04
5.533333333333333159e-02,-1.759124253708046256e-04,1.762642902965832044e-05,3.518152563424168625e-04
5.566666666666666985e-02,-1.718631148669582753e-04,1.549140448852602843e-05,3.447757998967440206e-04
5.600000000000000117e-02,-1.829707911604154654e-04,3.540936039628871888e-05,3.143465337490942003e-04
5.633333333333333248e-02,-1.966788335653663793e-04,2.839419007951551874e-05,2.820283483366421142e-04
5.666666666666666380e-02,-1.661548455657494263e-04,3.840228952511446373e-05,2.675495560496558194e-04
5.700000000000000205e-02,-1.698190707414403561e-04,2.141817457498097730e-05,2.459457059568236157e-04
5.733333333333333337e-02,-1.635161911877460795e-04,2.619396145023371246e-05,2.375326510151353431e-04
5.766666666666666469e-02,-1.996553111925523298e-04,-9.124099860579775779e-06,2.294072706343135376e-04
5.800000000000000294e-02,-2.065408631088189108e-04,4.349595252198425058e-06,2.024642062357802624e-04
5.833333333333333426e-02,-2.135267857578177679e-04,1.341784329480375911e-05,1.741018834770226243e-04
5.866666666666666557e-02,-2.156127076748305823e-04,-1.325785136503504707e-05,2.180421298566536390e-04
5.899999999999999689e-02,-2.131054516659852661e-04,-2.860640185332663293e-05,1.648594764627047955e-04
5.933333333333333515e-02,-2.102379650701704519e-04,-4.038150620029826317e-05,1.789686212348983471e-04
5.966666666666666646e-02,-1.529739194662123292e-04,-4.029506143549299753e-05,2.103349305525809639e-04
5.999999999999999778e-02,-1.876483229234275846e-04,-1.289166002849154001e-05,2.004541707704619012e-04
6.033333333333333603e-02,-2.119532413390822585e-04,1.241994569165004625e-05,2.218435385132369023e-04
6.066666666666666735e-02,-1.688690703220413339e-04,5.669820070702972966e-05,1.841863274722086124e-04
6.099999999999999867e-02,-1.969039946780792502e-04,5.278146394042354219e-05,2.065737536644615571e-04
6.133333333333332998e-02,-1.812192661278265774e-04,1.057710886824950506e-04,1.671813661881178575e-04
6.166666666666666824e-02,-1.476099998232502223e-04,1.431353222340731013e-04,2.105946518717225185e-04
6.199999999999999956e-02,-1.589035156148088310e-04,1.656097184844425882e-04,2.174646472320476915e-04
6.233333333333333087e-02,-1.191411508445602347e-04,1.399684292452514297e-04,1.746727769158845016e-04
6.266666666666666219e-02,-1.444534476926361715e-04,1.764896564533961147e-04,1.759700337444685206e-04
6.300000000000000044e-02,-8.029818715287973744e-05,1.718675505982126931e-04,2.122846909333284842e-04
6.333333333333333870e-02,-1.400696315308814805e-04,1.712832701934347305e-04,1.723826284883178976e-04
6.366666666666666308e-02,-1.497199062935737515e-04,1.704700409229120987e-04,1.847032157124940200e-04
6.400000000000000133e-02,-1.513184958070929224e-04,1.638734452567749262e-04,1.817442794455285525e-04
6.433333333333333959e-02,-1.660438694182879286e-04,1.690347614155082072e-04,1.871486309001710725e-04
6.466666666666666397e-02,-1.571946569814767754e-04,1.609775941748219205e-04,1.832891096891400406e-04
6.500000000000000222e-02,-1.828744994333482725e-04,1.522873227436504363e-04,1.533895763398890669e-04
6.533333333333332660e-02,-2.137633952797640051e-04,1.499045356112895801e-04,1.436789307562421009e-04
6.566666666666666485e-02,-2.524108318348885181e-04,1.356365996939570503e-04,1.177200134976367829e-04
6.600000000000000311e-02,-2.530727728742190158e-04,1.284320883545632690e-04,1.073809642361171312e-04
6.633333333333332749e-02,-2.361977632775225143e-04,1.094209708419876999e-04,9.867043077988375832e-05
6.666666666666666574e-02,-2.096976055930306734e-04,1.433512238103180469e-04,6.345222716110076320e-05
6.700000000000000400e-02,-2.292603807959381953e-04,1.076497559893156350e-04,4.581995797782384753e-05
6.733333333333332837e-02,-2.463969090425090908e-04,8.003555607539985367e-05,4.032851025963461852e-05
6.766666666666666663e-02,-2.015738579104410142e-04,3.831733976223103747e-05,2.944667319404033022e-05
6.800000000000000488e-02,-1.845060473126413519e-04,-7.573271589918179631e-06,4.224316218153870850e-05
6.833333333333332926e-02,-1.088021155802894996e-04,5.335687788358714988e-05,8.361859357991593722e-06
6.866666666666666752e-02,-8.574038291455487050e-05,2.028417613319987367e-07,4.939440256686109399e-05
6.900000000000000577e-02,-6.007882120640574983e-05,-2.529398887224274764e-05,9.711074964028905315e-06
6.933333333333333015e-02,-7.504349648328594046e-05,-3.054658428251557398e-05,3.139252940966637435e-05
6.966666666666666841e-02,-4.755569595544908762e-05,-3.336493472371519179e-05,5.038376009815934912e-05
7.000000000000000666e-02,-3.914439197015625330e-05,1.860302123745836370e-05,6.525820105910254464e-05
7.033333333333333104e-02,-4.504408220888489982e-05,1.706071641931219298e-05,2.171381380099071052e-05
7.066666666666666929e-02,-3.552288758046434289e-05,2.544951521185531549e-05,4.785198158499744011e-05
7.099999999999999367e-02,-1.187492701888601677e-05,2.538719757763281557e-05,3.825213301450088846e-05
7.133333333333333193e-02,-3.428947784745497432e-05,1.645749932352423775e-05,2.069408650940725162e-05
7.166666666666667018e-02,1.530928671398387587e-05,6.511291286621807828e-05,5.778644903638072941e-05
7.199999999999999456e-02,-1.836596430556805207e-05,5.009843382469470797e-05,2.932568761614907297e-05
7.233333333333333282e-02,-1.854431882827403100e-05,4.106933412245825316e-05,4.430191988593827721e-05
7.266666666666667107e-02,7.640727170661260463e-06,9.148211918834010835e-05,6.773154426044539817e-06
7.299999999999999545e-02,-3.400759816096905438e-05,1.065994103533714817e-04,4.892745571015578971e-05
7.333333333333333370e-02,-2.993825973930710948e-05,8.604371639635288727e-05,-7.965723851989586432e-05
7.366666666666667196e-02,-6.924890862386107247e-05,6.307444215050540359e-05,-9.440502633239039848e-05
7.399999999999999634e-02,-8.182512213354886297e-05,7.679511675826740087e-05,-6.421503180627548951e-05
7.433333333333333459e-02,-3.108700291139480113e-05,6.967031296722593539e-05,-1.451399568722892971e-04
7.466666666666667285e-02,-6.217296231983371021e-05,6.165846175881981831e-05,-1.011869820435446995e-04
7.499999999999999722e-02,2.229719107990169123e-05,5.757203256628009360e-05,-1.316015023482078068e-04
7.533333333333333548e-02,-1.557567289196504055e-05,2.641441275094209268e-05,-1.432089771222748854e-04
7.566666666666665986e-02,-2.293701022652168037e-05,4.090739499653495799e-05,-1.428931025880587913e-04
7.599999999999999811e-02,1.102671317242236509e-05,3.155024915830618434e-05,-1.377453229959356787e-04
7.633333333333333637e-02,4.191957755143307999e-05,7.943728725306960269e-06,-1.582625379859945629e-04
7.666666666666666075e-02,3.340312359843705274e-05,2.369079106788087713e-05,-8.424734658552023372e-05
7.699999999999999900e-02,4.337044927396246761e-05,5.780261234321219436e-05,-1.418250739525187421e-04
7.733333333333333726e-02,6.886993509118069642e-05,6.232978881229367439e-05,-1.550650412651185129e-04
7.766666666666666163e-02,8.056878847402189120e-05,3.142993062701212508e-05,-7.228713266977019702e-05
7.799999999999999989e-02,8.542693180954135648e-05,5.428518994274248967e-05,-1.139803360880458922e-04
7.833333333333333814e-02,1.116848101542124979e-04,3.249118783542476999e-05,-5.673691555899690314e-05
7.866666666666666252e-02,1.296495057193089776e-04,8.734746538705101177e-06,-4.468243184976567793e-06
7.900000000000000078e-02,1.690582750851366424e-04,-5.371730841936354906e-05,7.918613250889987976e-06
7.933333333333333903e-02,1.611835642950861544e-04,-1.517223692123500566e-05,-1.946443168912282868e-05
7.966666666666666341e-02,2.070095613400860636e-04,-6.108866456198257407e-05,5.850555561360939110e-05
8.000000000000000167e-02,1.857046700109904783e-04,-5.287669666775302718e-05,2.917788085928192380e-05
8.033333333333333992e-02,1.985002388486611729e-04,-1.147510336970122754e-04,3.371189376433170545e-05
8.066666666666666430e-02,1.947801312953585391e-04,-1.176302391298615120e-04,8.081850513924176667e-05
8.100000000000000255e-02,2.157192445897801100e-04,-1.348519623075207106e-04,1.358003981091984334e-04
8.133333333333332693e-02,1.792787676464371394e-04,-1.319140699594019981e-04,1.182847676731291745e-04
8.166666666666666519e-02,2.073376765557857705e-04,-1.563527045789754957e-04,8.278708243478488801e-05
8.200000000000000344e-02,2.116828237438354149e-04,-1.897979038501713966e-04,1.298007703257159594e-04
8.233333333333332782e-02,1.568207414158211317e-04,-1.991959130742637868e-04,1.562871199731597329e-04
8.266666666666666607e-02,1.668260800249737809e-04,-2.095346474037716679e-04,1.276462517236524516e-04
8.300000000000000433e-02,1.214142380218358023e-04,-2.038245425741970430e-04,1.401873734795053565e-04
8.333333333333332871e-02,1.318173612634478695e-04,-1.337824728807332562e-04,6.844677190061161382e-05
8.366666666666666696e-02,1.186358505064320784e-04,-1.821920330337870161e-04,6.470334517585124719e-05
8.400000000000000522e-02,1.415782858531484218e-04,-1.427895811694181367e-04,6.609984617209606079e-05
8.433333333333332960e-02,1.489141871882118618e-04,-1.241790206219789828e-04,1.365915831473032430e-05
8.466666666666666785e-02,1.205981105683649561e-04,-8.095991945732969937e-05,4.919073286741915737e-05
8.500000000000000611e-02,1.386700907807960465e-04,-9.742255702714206660e-05,1.525831305666798629e-05
8.533333333333333048e-02,1.256869964560156983e-04,-7.289503127598211531e-05,7.524540376687593362e-05
8.566666666666666874e-02,1.653631582398754356e-04,-9.432506836996459941e-05,1.501879470350826725e-05
8.599999999999999312e-02,1.262209111042046357e-04,-8.423055004703955742e-05,2.998538992630612635e-05
8.633333333333333137e-02,1.775364883600224542e-04,-6.275962367971427798e-05,4.201322282087038281e-05
8.666666666666666963e-02,1.898132892572072371e-04,-1.393621334097228559e-05,9.442319984776371793e-05
8.699999999999999400e-02,1.284467429155299804e-04,-1.312002642595494176e-05,5.052835934390438572e-05
8.733333333333333226e-02,1.339918247967641701e-04,-1.366759191340565933e-05,8.971829626530503760e-05
8.766666666666667052e-02,1.455735631286179249e-04,5.948257112489109580e-06,8.963859469368917505e-05
8.799999999999999489e-02,1.600556376485759609e-04,-1.622716464099155021e-05,1.077082029386980112e-04
8.833333333333333315e-02,2.148831300085503348e-04,4.568020481168360040e-05,1.219209459660484387e-04
8.866666666666667140e-02,2.011059076675195210e-04,3.099617296984519943e-05,1.703028695685622268e-04
8.899999999999999578e-02,2.112322023913275738e-04,-1.790557935272307538e-05,1.795888319714658977e-04
8.933333333333333404e-02,1.766854174246873651e-04,-3.111944830898131907e-05,1.724782732769819331e-04
8.966666666666667229e-02,1.993108460477985928e-04,-8.646962931067982215e-05,2.267511030982009271e-04
8.999999999999999667e-02,1.705898329388928422e-04,-2.120843338212488935e-05,2.260598917081971888e-04
9.033333333333333492e-02,1.219131548014182895e-04,-5.954582905051350201e-05,1.566985231870399523e-04
9.066666666666667318e-02,1.574393090282461840e-04,-1.271456221844928405e-04,1.729395888471922985e-04
9.099999999999999756e-02,1.695868326392187752e-04,-9.626158772085153788e-05,1.717666121893715787e-04
9.133333333333333581e-02,1.570679019657543560e-04,-1.177674816006603787e-04,2.659831295320637498e-04
9.166666666666666019e-02,2.251667927709174945e-04,-2.659524566406904544e-05,2.439439577713728099e-04
9.199999999999999845e-02,1.593461082098194300e-04,-5.543519506495352258e-05,2.217978351081529903e-04
9.233333333333333670e-02,1.472252612958965280e-04,-7.791944797301547784e-05,2.872610326349389403e-04
9.266666666666666108e-02,1.430749818051536761e-04,-8.596757401160304583e-05,3.267883097419113756e-04
9.299999999999999933e-02,9.524439141776004560e-05,-1.386552213092024700e-04,3.170706831046456826e-04
9.333333333333333759e-02,1.304077112923355782e-04,-7.994897456467628827e-05,3.646962146273393583e-04
9.366666666666666197e-02,1.257596843369675730e-04,-1.491088054400305717e-04,3.574657588768381669e-04
9.400000000000000022e-02,1.089471855020885559e-04,-1.915088332357354919e-04,3.686743411817637638e-04
9.433333333333333848e-02,7.537199928984400867e-05,-2.201556329186270765e-04,4.460806120331901447e-04
9.466666666666666285e-02,4.768986133543680279e-05,-2.428736303479492157e-04,4.168912158409258787e-04
9.500000000000000111e-02,1.089975242151080016e-05,-2.787548155211921701e-04,4.125620917798169802e-04
9.533333333333333937e-02,-2.147180079907950846e-05,-3.273664015616578908e-04,3.987249758807539048e-04
9.566666666666666374e-02,-7.238519489466241255e-05,-3.343706991371813743e-04,3.999012761586966374e-04
9.600000000000000200e-02,-8.628397840285562809e-05,-3.289594911420581002e-04,3.961734515807972682e-04
9.633333333333334025e-02,-9.624424399940905176e-05,-3.142891084736099626e-04,3.915892941014175572e-04
9.666666666666666463e-02,-1.246256458949823352e-04,-3.041495782962849682e-04,4.541907676214006749e-04
9.700000000000000289e-02,-1.510515928697406609e-04,-2.390132894547062671e-04,3.834385874449934713e-04
9.733333333333332726e-02,-1.755548053474608047e-04,-2.347822139723262154e-04,3.673057643999938309e-04
9.766666666666666552e-02,-1.938983929504445552e-04,-1.833040555888443106e-04,3.680932156372860773e-04
9.800000000000000377e-02,-1.832979002213844331e-04,-1.624847882626964744e-04,3.128888433099043741e-04
9.833333333333332815e-02,-1.840751955409236380e-04,-1.359215293967456540e-04,3.136342630892343980e-04
9.866666666666666641e-02,-1.504697635016724740e-04,-1.109349862806224856e-04,3.081486353346649283e-04
9.900000000000000466e-02,-1.697201140640053330e-04,-8.412081302285462088e-05,2.848901449115699312e-04
9.933333333333332904e-02,-1.811709978941230485e-04,-2.347080814107971810e-05,2.568196330968000097e-04
9.966666666666666730e-02,-1.690622520303398913e-04,1.658254231976610227e-05,2.802903417444542835e-04
1.000000000000000056e-01,-1.481322213218659286e-04,6.675432142648172215e-05,2.517486305808578641e-04
1.003333333333333299e-01,-1.134318006068501486e-04,8.043326541782803627e-05,2.735719266834928673e-04
1.006666666666666682e-01,-1.516642867140080076e-04,1.244987447700720705e-04,2.588350531169885207e-04
1.010000000000000064e-01,-1.291539948241366581e-04,1.389073273617137899e-04,2.659478904505954136e-04
1.013333333333333308e-01,-7.326570945255667653e-05,1.178488208968528133e-04,2.473498411198115569e-04
1.016666666666666691e-01,-9.787169927635148948e-05,1.210764200243188917e-04,2.449626400819572081e-04
1.019999999999999934e-01,-9.712023765935784273e-05,1.180438830523690825e-04,2.502200265699817830e-04
1.023333333333333317e-01,-9.560526776197298456e-05,1.673164799858609618e-04,2.455365378411913718e-04
1.026666666666666700e-01,-7.787563849501275698e-05,9.886160399941728183e-05,2.755183199032434221e-04
1.029999999999999943e-01,-6.095689515924373781e-05,1.111128988178438997e-04,2.901131921628753935e-04
1.033333333333333326e-01,-4.868976830382800943e-05,1.501444348807214448e-04,2.626311207595765870e-04
1.036666666666666708e-01,-1.101902963849178566e-04,1.689484007850102236e-04,2.676115002011001678e-04
1.039999999999999952e-01,-9.801212584471492102e-05,1.635934980570731404e-04,2.942479787854089817e-04
1.043333333333333335e-01,-1.034755052424774207e-04,1.679200206751384997e-04,2.573784947405476846e-04
1.046666666666666717e-01,-1.286524130941863137e-04,1.574483541401129063e-04,3.356599371786874440e-04
1.049999999999999961e-01,-1.371840885366558914e-04,1.833057520553823324e-04,2.550862708646079412e-04
1.053333333333333344e-01,-1.629552735220542365e-04,1.679122026564303343e-04,2.513312767807329728e-04
1.056666666666666726e-01,-1.722837419311421643e-04,1.514695631642737556e-04,2.657058031858130294e-04
1.059999999999999970e-01,-1.899279432227898845e-04,9.614669345309545339e-05,3.259949659728744666e-04
1.063333333333333353e-01,-1.904221011624297657e-04,7.682281636097509415e-05,2.586564194206491022e-04
1.066666666666666735e-01,-1.670182622915642064e-04,1.801451846664351499e-06,2.663322692947499488e-04
1.069999999999999979e-01,-1.802158851209570867e-04,2.848961132772161707e-05,2.370185058499724780e-04
1.073333333333333361e-01,-2.244121562425276562e-04,-1.288606186112188020e-05,2.129580650782232631e-04
1.076666666666666605e-01,-2.071018351612529610e-04,-6.971085839481709536e-05,2.399843651160567172e-04
1.079999999999999988e-01,-2.425763219829897392e-04,-6.134203179245059949e-05,2.246988620114205050e-04
1.083333333333333370e-01,-1.859455827985931808e-04,-3.856983892549433612e-05,1.328341179479895599e-04
1.086666666666666614e-01,-1.857863112240570370e-04,-1.132307655955062199e-04,1.843509410068106490e-04
1.089999999999999997e-01,-2.010579724672917617e-04,-1.542515343887226149e-04,1.444222896008239606e-04
1.093333333333333379e-01,-2.228032332479902729e-04,-1.627712073321897508e-04,1.475801350982356515e-04
1.096666666666666623e-01,-1.659924195601656142e-04,-1.808539868981308418e-04,1.528007150332933448e-04
1.100000000000000006e-01,-2.069696753777040832e-04,-1.145085327359242041e-04,1.693554491566637602e-04
1.103333333333333388e-01,-1.894724542568550500e-04,-9.847623567602884680e-05,1.549940575821969456e-04
1.106666666666666632e-01,-1.464924882378715657e-04,-6.223848930849210353e-05,1.003206009136505737e-04
1.110000000000000014e-01,-1.876376903153272730e-04,-1.232462715670794543e-05,1.232548351840995009e-04
1.113333333333333397e-01,-1.612009747656131039e-04,5.151588980269276039e-05,7.048164017828265006e-05
1.116666666666666641e-01,-1.723251846286994555e-04,1.058347848249831361e-04,1.378130605406394267e-04
1.120000000000000023e-01,-1.825006993541995965e-04,1.386533453036155642e-04,9.540675918587967661e-05
1.123333333333333267e-01,-1.659380056245933434e-04,1.606242300842051867e-04,1.090137397903370844e-04
1.126666666666666650e-01,-1.389048034797877999e-04,2.051182054634756436e-04,7.444734306971823718e-05
1.130000000000000032e-01,-1.415482710844759599e-04,2.200044897081686996e-04,8.115676694000022976e-05
1.133333333333333276e-01,-8.170680377589019936e-05,2.473193009255290377e-04,1.003671751362337046e-04
1.136666666666666659e-01,-1.299639221889965551e-04,2.561251858386561007e-04,7.849152113145828997e-05
1.140000000000000041e-01,-1.221757407057881561e-04,2.345325947911201076e-04,8.771533619216782373e-05
1.143333333333333285e-01,-1.335501295829998958e-04,2.462613573144496271e-04,8.850914439720433333e-05
1.146666666666666667e-01,-1.368125727006796490e-04,2.232172035351142735e-04,8.842942831196348198e-05
1.150000000000000050e-01,-1.478254529024801965e-04,2.485626765498749027e-04,3.814429678084781453e-05
1.153333333333333294e-01,-1.595177866746000253e-04,2.132505758311393693e-04,2.849498577639571854e-05
1.156666666666666676e-01,-1.579208831500890896e-04,1.932096543973378720e-04,-1.752031710849521909e-05
1.160000000000000059e-01,-1.578229326273847787e-04,1.730212002197690233e-04,-2.936150478572723105e-05
1.163333333333333303e-01,-1.061068582003402638e-04,1.457049134160962587e-04,5.719770038116332997e-06
1.166666666666666685e-01,-1.141717798228965801e-04,2.066659660678560838e-04,-8.157353048142347747e-05
1.170000000000000068e-01,-1.314740244729544199e-04,1.909047885772668679e-04,-7.494666736687978666e-05
1.173333333333333311e-01,-1.190294132827079168e-04,1.643950520744918683e-04,-6.129854789239686528e-05
1.176666666666666694e-01,-9.544803569026938232e-05,1.114361816576696688e-04,-8.448110302956012322e-05
1.179999999999999938e-01,-9.542641696024441189e-05,8.063514892410455083e-05,-6.497389120234342509e-05
1.183333333333333320e-01,-3.838263766220102925e-05,1.210286576252575069e-04,-8.423617109428027509e-05
1.186666666666666703e-01,-3.198335760795515873e-05,8.185983378849254405e-05,-5.960421279779474634e-05
1.189999999999999947e-01,-4.006103593678816727e-06,3.797125005325997148e-05,-8.110328903184614482e-05
1.193333333333333329e-01,-2.832873849060550404e-05,2.308785226249395690e-05,-3.209169180927330786e-05
1.196666666666666712e-01,-1.717249143719128257e-05,1.598658666188422549e-05,-2.492278834234179803e-05
1.199999999999999956e-01,6.297872616900490956e-06,1.679174551077682558e-05,2.326125649709985207e-05
1.203333333333333338e-01,1.272831627442763996e-05,-2.517242127007892911e-05,2.549018645447146585e-05
1.206666666666666721e-01,2.640695244770465661e-05,-4.119643433664115314e-05,3.727159251038221179e-05
1.209999999999999964e-01,6.802160388798397577e-05,-4.889803057911183221e-05,5.142809524090818734e-05
1.213333333333333347e-01,7.626797327920896972e-05,-7.926831507496305519e-05,5.067909059620640672e-05
1.216666666666666730e-01,1.400166793243260625e-04,-6.892758093768960881e-05,9.685374582664161886e-05
1.219999999999999973e-01,1.478560115385746767e-04,-9.169560592050014368e-05,9.202169563248471253e-05
1.223333333333333356e-01,1.460012604692879706e-04,-9.467995334998233789e-05,1.014780697631727165e-04
1.226666666666666600e-01,1.915997577716603681e-04,-1.008243983050051033e-04,1.192614402961888266e-04
1.229999999999999982e-01,1.077720783567188430e-04,-8.875980398632411208e-05,9.969061525065429973e-05
1.233333333333333365e-01,1.169742131620162044e-04,-1.161769160494788869e-04,2.284673285384742914e-05
1.236666666666666609e-01,5.315182667790206299e-05,-1.756760768652521087e-04,-3.101183456936889264e-05
1.239999999999999991e-01,7.228786990481359594e-05,-1.757587355862293317e-04,3.005218162849609352e-05
1.243333333333333374e-01,9.034403717194968277e-05,-1.093073886904939371e-04,-2.839634872409472333e-05
1.246666666666666617e-01,3.029185522904825011e-05,-7.150815488274896734e-05,2.970669929930661556e-05
1.250000000000000000e-01,5.772516024119952804e-05,-5.557179034877323748e-05,-6.079534600047414497e-05
1.253333333333333244e-01,5.688379733934733571e-05,-5.346799528631780887e-06,-7.526500921734364982e-05
1.256666666666666765e-01,1.067651523980329903e-05,-9.082997015533863668e-06,-4.857069383746179329e-05
1.260000000000000009e-01,5.568627265867657654e-05,5.442959030153077715e-05,-1.191530791151465654e-04
1.263333333333333253e-01,3.123405115094142601e-05,3.624251008202962308e-05,-1.031868144304972290e-04
1.266666666666666774e-01,4.114449509246718365e-05,9.711273651313532542e-05,-1.003653657330331789e-04
1.270000000000000018e-01,1.929055260499378736e-05,5.462441946973454549e-05,-1.706035894214023038e-04
1.273333333333333262e-01,3.526750452026475134e-05,1.082886201439152549e-04,-1.247915353408286787e-04
1.276666666666666783e-01,5.108073874482463008e-05,8.316330719572243566e-05,-1.303379171295935245e-04
1.280000000000000027e-01,5.870917956784540531e-05,8.294230578608177847e-05,-1.628317174043877403e-04
1.283333333333333270e-01,6.627682281142804161e-05,9.823992913098392177e-05,-1.204606696447212881e-04
1.286666666666666792e-01,6.144393531931824002e-05,8.047614802706661746e-05,-1.066313911031511970e-04
1.290000000000000036e-01,8.185194168111700795e-05,4.304016085511000841e-05,-7.229148675726629184e-05
1.293333333333333279e-01,1.094148570982764597e-04,1.688894652317559129e-05,-6.263184205182348199e-05
1.296666666666666801e-01,9.520650425347415026e-05,-1.163740519102612296e-05,-2.174314338019969612e-05
1.300000000000000044e-01,1.407792902234709356e-04,-4.887225959360201502e-05,-4.415069997030953412e-05
1.303333333333333288e-01,1.192269528140455583e-04,-8.923495572267755899e-05,-5.029539143553661822e-05
1.306666666666666532e-01,1.397391709722445525e-04,-1.253993434461274912e-04,-1.472139355701092293e-05
1.310000000000000053e-01,1.103730019323201302e-04,-1.786507812087449428e-04,6.671339515479459716e-05
1.313333333333333297e-01,1.023778177099512771e-04,-1.707329921558887141e-04,2.726289512400313571e-05
1.316666666666666541e-01,1.412503609910464267e-04,-1.501571836275580841e-04,7.349058314014068384e-05
1.320000000000000062e-01,1.719494199138089550e-04,-1.329334282827843822e-04,8.568305133974445326e-05
1.323333333333333306e-01,1.762875512121146499e-04,-1.761513192077826442e-04,8.200491415698791056e-05
1.326666666666666550e-01,1.801276903054552995e-04,-1.395393046102025878e-04,9.916306675281597461e-05
1.330000000000000071e-01,1.760210833686999923e-04,-1.322829665375183745e-04,1.465069976667001989e-04
1.333333333333333315e-01,1.726673521042355712e-04,-6.830914847602180063e-05,4.909347706638156946e-05
1.336666666666666559e-01,2.108141586973982448e-04,-1.291452228502376913e-04,8.279420862465347575e-05
1.340000000000000080e-01,1.921443866080629415e-04,-1.271025713066396953e-04,1.387629918096606151e-04
1.343333333333333324e-01,1.990956920956507450e-04,-1.186247325295048901e-04,8.760575106670381070e-05
1.346666666666666567e-01,1.493756858891599336e-04,-1.194917042067762507e-04,1.257908299053201384e-04
1.350000000000000089e-01,1.861679634744311997e-04,-1.282829756379141157e-04,7.222835494546268398e-05
1.353333333333333333e-01,1.864591500921763023e-04,-1.529458605457636154e-04,8.714802036186522916e-05
1.356666666666666576e-01,1.670312540099276957e-04,-1.429242348923004098e-04,8.152518805348158966e-05
1.360000000000000098e-01,1.627756817862833941e-04,-1.705340209910183758e-04,1.149821850505350807e-04
1.363333333333333341e-01,1.634027609238629462e-04,-1.833862224477173734e-04,9.163736758601765840e-05
1.366666666666666585e-01,1.847771585094916207e-04,-1.477761309563013477e-04,2.124262713450762524e-04
1.370000000000000107e-01,1.365093598998855186e-04,-1.334877309866880682e-04,1.197678134151712045e-04
1.373333333333333350e-01,1.274454829916063286e-04,-1.404623226798684731e-04,1.534091116791215113e-04
1.376666666666666594e-01,1.220976890177068966e-04,-1.173911035410650326e-04,1.707756799297622499e-04
1.380000000000000115e-01,9.413863416703961338e-05,-1.186803906097119157e-04,1.564790191227372518e-04
1.383333333333333359e-01,1.682156069014716115e-04,-1.330145882369027580e-05,1.997045420398856704e-04
1.386666666666666603e-01,1.219171794203411789e-04,-4.934696747787265146e-06,1.677489360068577220e-04
1.390000000000000124e-01,1.122627848619271761e-04,-2.340645510380778794e-05,1.844469196088493860e-04
1.393333333333333368e-01,5.883174688973853277e-05,2.107050572978078654e-05,2.477626956961904926e-04
1.396666666666666612e-01,7.594536472115714400e-05,1.377827466723281672e-05,1.983828732940735970e-04
1.400000000000000133e-01,3.242305070977214706e-05,1.068370211639853402e-06,2.148616431042623092e-04
1.403333333333333377e-01,4.137692023443529586e-05,3.436883905868808926e-05,1.434938820376584234e-04
1.406666666666666621e-01,2.540667148514062695e-05,3.193263958493785295e-05,1.513178144275012028e-04
1.409999999999999865e-01,3.412240865907592867e-05,1.552072205868159437e-05,1.679410093199350793e-04
1.413333333333333386e-01,3.383992731925441046e-05,2.764397093328308631e-05,2.186908743799455452e-04
1.416666666666666630e-01,6.370280707653079068e-05,5.648407242310766189e-05,1.986371520038450467e-04
1.419999999999999873e-01,3.193032042211504365e-05,5.706366719415658409e-05,2.241673150098982630e-04
1.423333333333333395e-01,1.435007114095312040e-05,-3.930476127847242383e-06,2.009796655903645904e-04
1.426666666666666639e-01,2.260794031292314109e-06,-1.963190531652118725e-05,2.477537843304484871e-04
1.429999999999999882e-01,7.461282155380057199e-05,-7.526298488278082468e-05,2.565172272065718048e-04
1.433333333333333404e-01,2.807142640064346840e-05,-5.657911099434339728e-05,1.998334230297698331e-04
1.436666666666666647e-01,1.025197912852369415e-05,-1.028637168356604588e-04,2.243594463774755755e-04
1.439999999999999891e-01,4.319366516843754691e-05,-9.670568742594531269e-05,2.358612909888875781e-04
1.443333333333333413e-01,3.905546375781294199e-07,-8.803048897951827590e-05,2.356616560771920236e-04
1.446666666666666656e-01,-6.213647862939001539e-06,-7.011916218809399347e-05,2.669004486857392612e-04
1.449999999999999900e-01,7.175936372224315072e-06,-4.392685148298345894e-05,2.867971771803558756e-04
1.453333333333333421e-01,1.161196380649213816e-05,-5.152575856747216145e-05,2.862162257993780003e-04
1.456666666666666665e-01,-3.233128620973214668e-06,-9.018354414988972566e-05,2.593758307840024675e-04
1.459999999999999909e-01,-1.496845171363168540e-05,-7.741237050298047887e-05,2.786185172822069314e-04
1.463333333333333430e-01,4.174975834808129457e-05,-1.089280465145340708e-04,2.814049591162024388e-04
1.466666666666666674e-01,2.940020498568829467e-05,-1.150612304161195899e-04,3.415297986411615881e-04
1.469999999999999918e-01,3.222865889645959355e-05,-8.965986633383948162e-05,3.120743677028864436e-04
1.473333333333333439e-01,1.590094648570491908e-05,-1.400284226415661351e-04,3.094440344192506262e-04
1.476666666666666683e-01,8.639308547531503226e-06,-1.206141205847187180e-04,3.146174450731007159e-04
1.479999999999999927e-01,3.241124878671448791e-05,-1.666858213255043193e-04,3.277776745300221319e-04
1.483333333333333448e-01,6.307971555092971865e-06,-1.358052298965921247e-04,3.387484075486615290e-04
1.486666666666666692e-01,-2.412629191657757275e-05,-1.851095001608436829e-04,3.417207979459898834e-04
1.489999999999999936e-01,-2.292719341955436909e-05,-2.002411200455934839e-04,3.408082392613100988e-04
1.493333333333333457e-01,-5.217128121909409211e-05,-1.957547163561985590e-04,3.384447244594344733e-04
1.496666666666666701e-01,-5.616772101117812954e-05,-1.939638205474904817e-04,3.433028411240679392e-04
1.499999999999999944e-01,-1.014550785597603783e-04,-1.686688540045828901e-04,3.526790492471404935e-04
1.503333333333333466e-01,-1.324861617453183024e-04,-1.834578789900490297e-04,3.614927673202186363e-04
1.506666666666666710e-01,-1.393175444663525317e-04,-1.716904923478037800e-04,3.385551441183351994e-04
1.509999999999999953e-01,-1.451345872519637151e-04,-1.368885302935146609e-04,3.336602209007348248e-04
1.513333333333333197e-01,-1.508539514485815697e-04,-9.822830481618568816e-05,3.290833782883485423e-04
1.516666666666666718e-01,-1.476159551715212524e-04,-3.538530685555589907e-05,3.369164978028080736e-04
1.519999999999999962e-01,-1.672206353592947865e-04,-3.247053149733039243e-06,3.003011183042183607e-04
1.523333333333333206e-01,-1.709166767791734081e-04,4.552653673535386601e-05,2.741111949335081426e-04
1.526666666666666727e-01,-1.673830885582496886e-04,6.597469410391665215e-05,3.000453592046982442e-04
1.529999999999999971e-01,-1.433716138101414879e-04,9.228787992112331593e-05,2.681422344396231189e-04
1.533333333333333215e-01,-1.882537017508688825e-04,1.146427083770945767e-04,2.980663974104769652e-04
1.536666666666666736e-01,-1.956811903597990897e-04,1.342408503672397476e-04,3.031042217796988845e-04
1.539999999999999980e-01,-1.730883393952663740e-04,1.323586753069921657e-04,3.342964401656630183e-04
1.543333333333333224e-01,-1.947509051344479874e-04,1.539075682896958212e-04,2.746965874837320183e-04
1.546666666666666745e-01,-2.112181229381200479e-04,1.497356715846893515e-04,2.876454695335933765e-04
1.549999999999999989e-01,-2.135146847076780231e-04,1.795468900804703658e-04,2.695498818998578864e-04
1.553333333333333233e-01,-2.050865616223594798e-04,1.412231694729512157e-04,2.689443154109022222e-04
1.556666666666666754e-01,-1.865719821018952372e-04,1.527553942544519717e-04,2.725089487894482936e-04
1.559999999999999998e-01,-2.037093533429701960e-04,1.486210085067571330e-04,2.447716988316288138e-04
1.563333333333333242e-01,-2.051353193367428198e-04,1.433929803142129156e-04,2.225232841395009332e-04
1.566666666666666763e-01,-2.301577620422575962e-04,9.368118288105944415e-05,1.738540778439953618e-04
1.570000000000000007e-01,-2.007169675936903996e-04,9.702684185726232998e-05,1.923383113276315220e-04
1.573333333333333250e-01,-2.109479296028646136e-04,6.776609471846844861e-05,1.765844535446662623e-04
1.576666666666666772e-01,-1.739248890704337531e-04,5.214143484926144509e-05,1.167015343778022007e-04
1.580000000000000016e-01,-2.143186295308958001e-04,5.243577548737955464e-05,1.474924873169394498e-04
1.583333333333333259e-01,-1.590823936099085073e-04,6.982874433972221953e-05,1.388125413253660820e-04
1.586666666666666781e-01,-1.812382199074836771e-04,2.304259447704189046e-05,1.376908558182492670e-04
1.590000000000000024e-01,-1.473612076710509430e-04,1.503197292389616548e-05,1.510203576833935653e-04
1.593333333333333268e-01,-1.348283539915830394e-04,1.912200047603996098e-05,1.143874602394446193e-04
1.596666666666666790e-01,-1.558604142284264233e-04,1.137592307249220539e-05,1.152726172001490248e-04
1.600000000000000033e-01,-1.239264771306151068e-04,4.129714393911958323e-05,1.527497141550891886e-04
1.603333333333333277e-01,-1.285519607813407402e-04,8.728226658892245937e-07,1.942126008584468767e-04
1.606666666666666798e-01,-9.542942182775103054e-05,4.051718007932535133e-05,1.666332301132355295e-04
1.610000000000000042e-01,-1.316829239497491384e-04,3.359691326117491726e-05,1.793713888419113344e-04
1.613333333333333286e-01,-1.153667109357986139e-04,6.819472665476048379e-05,1.316494868493043192e-04
1.616666666666666530e-01,-1.169164067680789266e-04,8.291744086234277241e-05,1.882266884505770879e-04
1.620000000000000051e-01,-1.176637349926652829e-04,1.064263913863651174e-04,1.588069465161448914e-04
1.623333333333333295e-01,-1.033521425144795969e-04,8.082517596492302492e-05,1.502111214949958967e-04
1.626666666666666539e-01,-9.404835208966546547e-05,7.738181764234742014e-05,1.674551657234967764e-04
1.630000000000000060e-01,-1.015489772701707097e-04,7.105609561446430886e-05,1.607378536980343727e-04
1.633333333333333304e-01,-9.300431699300059382e-05,1.626520712827874261e-05,1.215268720204026388e-04
1.636666666666666548e-01,-1.141231852687398348e-04,-2.448508551767365830e-06,1.338716969983069500e-04
1.640000000000000069e-01,-1.293199015812213277e-04,-1.399954705875205238e-05,1.184886333065084395e-04
1.643333333333333313e-01,-1.480643466675988671e-04,-1.953222557799227187e-05,1.261032211695393567e-04
1.646666666666666556e-01,-1.298434827483920526e-04,-1.474132688677634648e-05,1.205434287912865633e-04
1.650000000000000078e-01,-1.584393247701217848e-04,7.771758201206821050e-06,1.620059526540195858e-04
1.653333333333333321e-01,-1.736565448844131485e-04,4.658146445511040547e-05,1.064708293268101764e-04
1.656666666666666565e-01,-1.694082876775948956e-04,2.087145690247294903e-05,7.533771767860545526e-05
1.660000000000000087e-01,-1.439359578405919812e-04,7.116510778923259108e-05,7.102433364379487314e-05
1.663333333333333330e-01,-1.330923019871504205e-04,5.547122480073554674e-05,9.602137492001476028e-05
1.666666666666666574e-01,-1.039292130426051777e-04,1.553268493349750819e-04,1.317700805593209265e-04
1.670000000000000095e-01,-1.379497178999929282e-04,1.114204161828575321e-04,1.200701031963994991e-04
1.673333333333333339e-01,-1.295029673554705016e-04,1.006298612075946195e-04,1.313017403946168543e-04
1.676666666666666583e-01,-1.382433247277659960e-04,1.188160806684134999e-04,1.026912128781448365e-04
1.680000000000000104e-01,-1.298395940963246813e-04,9.035213072274156929e-05,8.997618161088574750e-05
1.683333333333333348e-01,-1.305841214036876623e-04,1.000562464442330548e-04,6.394036391028702388e-05
1.686666666666666592e-01,-1.054662095705815065e-04,7.759129912375917844e-05,6.184580109304464420e-05
1.690000000000000113e-01,-9.600125763193973936e-05,9.004105382934260893e-05,2.540343851792443357e-05
1.693333333333333357e-01,-1.201020014190284110e-04,3.375955134903569472e-05,7.535670875690089461e-05
1.696666666666666601e-01,-7.168646802257557405e-05,3.542190287994467595e-05,4.715605326687294829e-05
1.700000000000000122e-01,-9.545472525956012896e-05,4.781879535307101680e-05,8.482264010964280366e-05
1.703333333333333366e-01,-9.470182239389815266e-05,5.265312676245779527e-05,6.424590474351240079e-05
1.706666666666666610e-01,-6.568830378874892942e-05,3.117442767951290151e-05,4.669782909878480889e-05
1.710000000000000131e-01,-6.516954944494856281e-05,2.111167976539440649e-05,7.912246469370368856e-05
1.713333333333333375e-01,-5.875500031282970028e-05,3.451552128057998573e-06,6.772589466113454340e-05
1.716666666666666619e-01,-3.221471201093618593e-05,4.495903141707549192e-05,5.184882345884253861e-05
1.719999999999999862e-01,-4.068486924963345998e-05,-4.938612229011132371e-06,5.026307930639282258e-05
1.723333333333333384e-01,-1.180761322789789987e-05,-3.323820256945774507e-05,1.971874188303390438e-05
1.726666666666666627e-01,2.141926707454562543e-06,-3.285392235684695165e-05,3.763775675517809949e-05
1.729999999999999871e-01,-2.028498690745099572e-05,-1.907393306244571245e-05,5.052164679234791750e-05
1.733333333333333393e-01,1.543699736612726939e-06,2.963525524634582863e-05,2.063626422745922488e-05
1.736666666666666636e-01,-2.398464844485738269e-05,1.608511440759024963e-05,-1.227422222071046738e-05
1.739999999999999880e-01,7.381851376540742668e-06,1.503963561772931897e-05,-5.063824299941253360e-06
1.743333333333333401e-01,-5.087131872554654498e-06,6.552286698629181409e-05,-6.104654402255743547e-06
1.746666666666666645e-01,-2.539836042577781565e-05,9.422399154421338973e-05,-1.502703218642027948e-06
1.749999999999999889e-01,-4.211149468265528914e-05,1.300096195599846638e-04,-6.628432815219031772e-07
1.753333333333333410e-01,-5.948215105605942255e-05,1.185988847182102508e-04,8.059467981388387773e-06
1.756666666666666654e-01,-6.748199894157203926e-05,1.420929628854516774e-04,2.491072997686728688e-05
1.759999999999999898e-01,-4.760315518636238871e-05,1.499272648179973677e-04,-4.221887843004588106e-05
1.763333333333333419e-01,-2.228024952438583051e-05,1.303346109734353805e-04,-1.767436472410676180e-05
1.766666666666666663e-01,-5.261030459882753090e-05,9.530043175915693611e-05,-4.360532148417473053e-05
1.769999999999999907e-01,-5.433902798974856276e-05,8.034141664174685533e-05,-1.046470699821188034e-05
1.773333333333333428e-01,-3.301100869853192522e-05,1.052704507229026043e-04,-2.799172337308340478e-05
1.776666666666666672e-01,-4.455716450430054258e-05,5.720771807197613042e-05,-3.213973190798012359e-05
1.779999999999999916e-01,2.902111579586054616e-05,4.432977151724647413e-05,-2.424378291095209375e-05
1.783333333333333437e-01,-1.308633731467501158e-05,7.170567718543868427e-05,-1.837872545834867320e-05
1.786666666666666681e-01,2.037482709254476051e-05,6.759336051373290887e-05,2.234305201230014315e-05
1.789999999999999925e-01,4.285420011947474304e-05,1.609185162404321636e-05,-8.279651729175831573e-06
1.793333333333333446e-01,4.429840946608448087e-05,3.827815906251320335e-05,-3.304057809729543210e-05
1.796666666666666690e-01,5.732101915824536594e-05,1.128114253939546583e-05,7.964360196848871391e-06
1.799999999999999933e-01,6.637380796945828898e-05,1.013487084940147813e-05,-2.242631422196065451e-05
1.803333333333333455e-01,1.699931393782876761e-05,-4.248166354292876176e-05,-6.492006016726680731e-05
1.806666666666666698e-01,5.419067463902949732e-05,-5.231098405740689634e-05,-5.222904169254863517e-05
1.809999999999999942e-01,4.900023850617499981e-05,-5.662482828255065891e-05,-2.943314403866284073e-05
1.813333333333333464e-01,6.083750274874680193e-05,-5.609847111240673953e-05,-6.061922316125744828e-05
1.816666666666666707e-01,7.499407941497358734e-05,-2.818407351821152100e-05,8.205242830757362182e-06
1.819999999999999951e-01,7.247668027870775699e-05,-6.191067886674508089e-06,-2.368778045132683777e-05
1.823333333333333195e-01,4.866062729284253258e-05,-4.838981082405862473e-05,2.629209706144163329e-06
1.826666666666666716e-01,9.646037699823671390e-05,-4.203175533469711704e-05,5.512510013614778501e-05
1.829999999999999960e-01,1.863833999417451075e-05,-3.827644318036578898e-05,4.348338046392398698e-05
1.833333333333333204e-01,1.210034005712481211e-04,6.121135910614279227e-05,2.040478642254227722e-05
1.836666666666666725e-01,1.094977696867621594e-04,-3.886403071060724035e-05,4.032022297976706990e-05
1.839999999999999969e-01,1.330167520892103965e-04,-7.303752890505169873e-05,4.966185964812070455e-05
1.843333333333333213e-01,9.523394236491464617e-05,-5.218099655264431849e-05,2.973313240959879482e-06
1.846666666666666734e-01,1.177822913776412718e-04,-7.251990228725652176e-05,4.759932840122453162e-05
1.849999999999999978e-01,1.028780193763182582e-04,-3.512050059523136704e-05,-6.768536636409038978e-06
1.853333333333333222e-01,1.083220642872282345e-04,-7.626230629728867586e-05,6.907245807299017405e-06
1.856666666666666743e-01,1.369408099257674581e-04,-7.683418012767631426e-05,-3.028618409704584634e-07
1.859999999999999987e-01,1.208093214817032254e-04,-7.752799045680590492e-05,-2.726109297761510433e-05
1.863333333333333230e-01,1.473167397962789078e-04,-8.823943976760712947e-05,-6.778231737900324868e-06
1.866666666666666752e-01,1.262116109712882526e-04,-4.400910894803361707e-05,3.041031983867419354e-05
1.869999999999999996e-01,9.866801644429575209e-05,-5.971436301175434821e-05,3.107201431464539000e-06
1.873333333333333239e-01,1.140310814061423316e-04,-5.700973626653123186e-05,2.019220535735834855e-05
1.876666666666666761e-01,1.275390553815634572e-04,-3.652939428949524784e-05,1.041526153477097326e-05
1.880000000000000004e-01,1.077294799408897764e-04,-3.596258146128456304e-05,8.086564919239032817e-06
1.883333333333333248e-01,1.685729277977333332e-04,4.196299579074982126e-05,2.020046360997592637e-05
1.886666666666666770e-01,1.225644360392773855e-04,1.760738231686189074e-05,9.891784108741481893e-06
1.890000000000000013e-01,1.470631888041370224e-04,-2.268272532063202724e-05,2.771046629135085192e-05
1.893333333333333257e-01,1.425373144717528720e-04,5.263999263171801463e-06,-7.422709255446061423e-06
1.896666666666666778e-01,1.117083732102711540e-04,-1.198302245350240436e-05,3.029586539202706836e-05
1.900000000000000022e-01,1.376094405343887160e-04,1.091199079482699517e-08,1.360703988740216857e-05
1.903333333333333266e-01,8.773968723158971823e-05,-3.930016030805275474e-05,-3.698812444387234040e-05
1.906666666666666787e-01,1.095697777334365112e-04,-7.302577598951030574e-05,-3.298017239009972605e-05
1.910000000000000031e-01,1.416567387287736147e-04,-9.890669915147188326e-05,2.088425853761132479e-05
1.913333333333333275e-01,1.270141417392088037e-04,-1.102164792963684800e-04,3.510308277383129285e-05
1.916666666666666796e-01,1.926133906794347738e-04,-3.799404961388282202e-05,7.850163712807418893e-05
1.920000000000000040e-01,1.389731337083410020e-04,-6.269517680033036614e-05,6.895249916328206506e-05
1.923333333333333284e-01,1.464004591570445873e-04,-1.010216608962504804e-04,7.685004465905866187e-05
1.926666666666666805e-01,1.483270551127790506e-04,-1.022552510534715934e-04,1.370385264295855769e-04
1.930000000000000049e-01,1.193769922390930578e-04,-1.104103506278431067e-04,1.495533494969621287e-04
1.933333333333333293e-01,1.571831746658497659e-04,-5.799826260222683169e-05,1.422967982487343731e-04
1.936666666666666536e-01,1.524045379490856133e-04,-1.029981505149698103e-04,1.587748423776737272e-04
1.940000000000000058e-01,1.630329582702660560e-04,-1.054951790928905069e-04,1.591034163337533996e-04
1.943333333333333302e-01,1.252989742437814115e-04,-1.120048251883786812e-04,1.902794084869820993e-04
1.946666666666666545e-01,1.421886410675011277e-04,-1.180300194706229830e-04,1.851471729872199883e-04
1.950000000000000067e-01,1.267454984261060999e-04,-6.926362630474423626e-05,2.433116281579411513e-04
1.953333333333333310e-01,1.239601358110150480e-04,-9.288485082590979436e-05,2.247797319298478229e-04
1.956666666666666554e-01,1.058733488080197070e-04,-1.114631037993496900e-04,2.310529560579593726e-04
1.960000000000000075e-01,1.104209914339698910e-04,-1.114650324165475728e-04,2.634254804823625757e-04
1.963333333333333319e-01,1.079294395969351638e-04,-1.248349834565678010e-04,2.490890668564983376e-04
1.966666666666666563e-01,9.143613655203485359e-05,-1.549215152932798369e-04,2.868774084992837137e-04
1.970000000000000084e-01,5.143774691731870072e-05,-1.617317214937557721e-04,2.756642398888622556e-04
1.973333333333333328e-01,4.992260706136446183e-05,-1.867617685186175015e-04,2.813954962327109405e-04
1.976666666666666572e-01,3.467312541143365045e-05,-1.662045989752864263e-04,2.794893928359241703e-04
1.980000000000000093e-01,2.891448718860375450e-05,-1.687089019348527840e-04,2.949559243850226938e-04
1.983333333333333337e-01,-1.545463821242684058e-06,-1.475742345062852471e-04,2.857769854527728330e-04
1.986666666666666581e-01,-3.449123906433578380e-05,-1.563702562898500962e-04,2.770073887996550273e-04
1.990000000000000102e-01,-3.976663748602268138e-05,-1.484363393374734036e-04,2.796025700835724683e-04
1.993333333333333346e-01,-6.862332512169204359e-05,-1.055476918443788622e-04,2.582387753480244351e-04
1.996666666666666590e-01,-7.209680239579789921e-05,-7.690384980598197781e-05,2.498224983815891119e-04
2.000000000000000111e-01,-5.262042053287694819e-05,-2.121471433175755401e-05,2.870852726363468956e-04
2.003333333333333355e-01,-7.904415124789057915e-05,-1.788574307181208160e-05,2.491264539544646895e-04
2.006666666666666599e-01,-9.813180387092861686e-05,-1.880108550390522740e-05,2.526498396107978517e-04
2.010000000000000120e-01,-8.193127825598277487e-05,-1.415035080369694508e-06,2.780149827007493725e-04
2.013333333333333364e-01,-7.365722601297739305e-05,-1.998102062461978000e-05,2.600917298501090064e-04
2.016666666666666607e-01,-5.800591811580735655e-05,2.795514490472892486e-05,2.818336915983170776e-04
2.020000000000000129e-01,-6.599664262531572314e-05,-4.172200464560331393e-06,2.736339579166871213e-04
2.023333333333333373e-01,-6.649397539103159011e-05,-1.918629119389620420e-05,2.744033832317455406e-04
2.026666666666666616e-01,-5.309081826451769569e-05,-3.679825517624415781e-05,3.238116233115868815e-04
2.030000000000000138e-01,-7.054227974014722817e-05,-4.103901581176723766e-05,3.423610229714144407e-04
2.033333333333333381e-01,-4.956547643338023943e-05,-8.166541421836576202e-06,2.813831015969720591e-04
2.036666666666666625e-01,-7.024980143727485918e-05,-4.307919833703977009e-05,3.064501928841915240e-04
2.039999999999999869e-01,-9.546992635400536190e-05,-3.953196974024524252e-05,3.268221555153809506e-04
2.043333333333333390e-01,-1.028759593931372068e-04,-4.999021038138833648e-05,2.989465326569358864e-04
2.046666666666666634e-01,-1.214899238866313174e-04,-5.450352410537638386e-05,3.215406764098780205e-04
2.049999999999999878e-01,-8.528679748459705944e-05,-1.299472455492141789e-05,3.493684913876160558e-04
2.053333333333333399e-01,-9.238647000490968599e-05,6.757283432584238769e-07,3.057769348482966554e-04
2.056666666666666643e-01,-1.035927494619776063e-04,-3.045304958435369718e-05,3.091372744415263264e-04
2.059999999999999887e-01,-1.004387807016181018e-04,-2.614296551555880520e-05,2.987112377686473885e-04
2.063333333333333408e-01,-8.096834059028263579e-05,-6.775353845442023861e-05,2.905509811469818987e-04
2.066666666666666652e-01,-9.504904095279600887e-05,-5.496977054889671778e-05,3.218895549273144484e-04
2.069999999999999896e-01,-1.123977046873225478e-04,-7.451607286201185050e-05,2.917514320969028874e-04
2.073333333333333417e-01,-1.072869417326213846e-04,-7.850025945558521459e-05,3.089153030609758299e-04
2.076666666666666661e-01,-1.101346587476460581e-04,-7.181285698440329152e-05,2.772390843089467933e-04
2.079999999999999905e-01,-1.442564045256413058e-04,-5.376689588570613532e-05,3.073235647814065094e-04
2.083333333333333426e-01,-1.318398297009995242e-04,-1.451522564373997594e-05,2.045453729771596696e-04
2.086666666666666670e-01,-1.585538904425685817e-04,-4.270446736830635847e-05,2.608470769489301157e-04
2.089999999999999913e-01,-1.847165511983310082e-04,-2.880094625925957666e-05,2.476051938378320415e-04
2.093333333333333435e-01,-1.862058777467680065e-04,-2.068542540459807600e-05,1.912850720759531930e-04
2.096666666666666679e-01,-1.513222756856759063e-04,-2.137258588751687845e-05,2.165383151172552937e-04
2.099999999999999922e-01,-1.965435465441409504e-04,2.739044837794006595e-05,1.513205720162487204e-04
2.103333333333333444e-01,-1.937859211675725072e-04,3.273622576947111788e-05,1.422265377901725460e-04
2.106666666666666687e-01,-1.780179265150098552e-04,9.661354825237618781e-05,1.201463795525184409e-04
2.109999999999999931e-01,-1.934632446260929292e-04,7.455544855447610790e-05,1.774376224758994274e-04
2.113333333333333452e-01,-2.068762389546024592e-04,1.376266996548479329e-04,1.052861837144999468e-04
2.116666666666666696e-01,-1.998691326695162490e-04,1.033338601814479563e-04,1.682948224698670723e-04
2.119999999999999940e-01,-2.394280638305613593e-04,1.340337505339112608e-04,1.470109107262472818e-04
2.123333333333333461e-01,-2.072091402036158622e-04,1.020083694731873319e-04,1.060211101429643903e-04
2.126666666666666705e-01,-2.088156429881253074e-04,1.413456690243650106e-04,1.023269716886597195e-04
2.129999999999999949e-01,-1.491248881405217832e-04,1.432207768028002806e-04,1.341288203785758501e-04
2.133333333333333470e-01,-1.683495681605356922e-04,1.178797823219354240e-04,1.164184969201191030e-04
2.136666666666666714e-01,-1.742750581100960207e-04,1.418420096624159021e-04,1.183391792532052762e-04
2.139999999999999958e-01,-1.530316237996877729e-04,1.253829057335097044e-04,1.255540546272829465e-04
2.143333333333333202e-01,-1.560328202012041684e-04,1.645924958780914089e-04,8.036270474652645022e-05
2.146666666666666723e-01,-1.351861643685245721e-04,1.411705661152857854e-04,1.042173931136480879e-04
2.149999999999999967e-01,-1.561093695408523243e-04,1.607860268289930763e-04,9.791932891637136185e-05
2.153333333333333210e-01,-1.335743044899083225e-04,1.298074124602185801e-04,1.123657122787617821e-04
2.156666666666666732e-01,-1.446826334242719183e-04,1.436295142113532019e-04,1.299864721574240376e-04
2.159999999999999976e-01,-1.331165584741721445e-04,1.680925089488219458e-04,9.681246182036621739e-05
2.163333333333333219e-01,-1.401342429806164862e-04,1.629269990184637439e-04,9.737289093561250536e-05
2.166666666666666741e-01,-1.532395715084939594e-04,1.604251035944598432e-04,5.826337401026456626e-05
2.169999999999999984e-01,-1.617279822975425062e-04,1.507920101720604483e-04,4.959564849093021444e-05
2.173333333333333228e-01,-1.906961287630103911e-04,1.645146004532807289e-04,5.615431933847270962e-05
2.176666666666666750e-01,-1.361436429649762918e-04,1.291256915838595240e-04,3.885531926895873677e-05
2.179999999999999993e-01,-1.427439092250266202e-04,1.214831382094968686e-04,5.146802222324730637e-05
2.183333333333333237e-01,-1.145988517160313101e-04,9.397798282969832095e-05,1.958412801127989473e-05
2.186666666666666758e-01,-1.271616181037098551e-04,1.092190485044924273e-04,1.053151567091648306e-05
2.190000000000000002e-01,-1.343033315757439985e-04,6.150633398750046080e-05,-1.993506500657481800e-05
2.193333333333333246e-01,-1.206626743443803349e-04,4.438347509277646514e-05,1.370384576606515820e-05
2.196666666666666767e-01,-1.065003326834802245e-04,2.249069283683085836e-05,2.897916030596053768e-05
2.200000000000000011e-01,-8.395824494444951427e-05,8.949238165215753931e-05,2.462259477919220042e-06
2.203333333333333255e-01,-6.682215859015903578e-05,4.194376139372943835e-05,-2.186730364277216722e-06
2.206666666666666776e-01,-5.250012385747072278e-05,4.281328298769865472e-05,1.145047486421551248e-05
2.210000000000000020e-01,-4.961732059538351573e-05,3.577429619009267535e-05,1.537970501605887883e-05
2.213333333333333264e-01,-6.394582055205100095e-05,2.585873153877281435e-05,-2.207527317440117481e-05
2.216666666666666785e-01,-1.481253172208368912e-05,8.891379649279609605e-05,5.102431168014611357e-05
2.220000000000000029e-01,-2.857636812619023545e-05,4.209786955720499569e-05,1.644040427098051072e-05
2.223333333333333273e-01,1.216587408036848544e-05,1.227562299529925963e-05,1.225981264798807045e-05
2.226666666666666794e-01,6.183089699007960737e-05,3.900299553542330763e-05,-2.291836964989339036e-05
2.230000000000000038e-01,-2.041634070344013318e-06,4.526855506172448938e-05,3.965911284798628010e-05
2.233333333333333282e-01,2.699166431310949922e-05,6.144579611747063165e-05,-7.293060874719183668e-05
2.236666666666666803e-01,-6.001213626212433314e-05,-2.021709501900487783e-05,-6.139294450931201397e-05
2.240000000000000047e-01,-1.865950314991334728e-05,1.854385269689153432e-06,-2.272577384631649762e-05
2.243333333333333290e-01,9.038097635135931759e-06,1.451265067621561837e-05,-9.516710775320542525e-05
2.246666666666666534e-01,-1.596185275330726675e-05,3.198304250687417533e-05,-4.457133384968146503e-05
2.250000000000000056e-01,-7.142668596533940172e-06,5.193285942962049792e-05,-1.457415466279985750e-04
2.253333333333333299e-01,-6.036505183226776884e-05,5.163892004742946681e-05,-1.490768647317507439e-04
2.256666666666666543e-01,-5.526649870119077173e-05,1.001377661161269794e-04,-1.259035112328292267e-04
2.260000000000000064e-01,1.160818771102141562e-06,7.480902935664724839e-05,-1.204174770967601115e-04
2.263333333333333308e-01,-5.360630940378599308e-05,1.124006455814804126e-04,-1.261581963241003082e-04
2.266666666666666552e-01,3.953753040458990280e-06,7.998832436966137364e-05,-1.343733434754664348e-04
2.270000000000000073e-01,-1.386980892862544145e-05,1.130198481956534126e-04,-1.414928280493173802e-04
2.273333333333333317e-01,6.983903583854737701e-06,7.035968359367853863e-05,-1.807862035760000516e-04
2.276666666666666561e-01,3.220169666901335690e-05,4.403536616043045483e-05,-1.277015171507131519e-04
2.280000000000000082e-01,6.918148954388012462e-05,4.592222685440709750e-05,-1.159400818427844531e-04
2.283333333333333326e-01,8.811078157031390190e-05,9.087149827351065899e-05,-1.124799465641444541e-04
2.286666666666666570e-01,1.049576052378646323e-04,4.933590518211881595e-05,-8.529714610807665332e-05
2.290000000000000091e-01,1.409532734117725013e-04,-2.126322423177985508e-05,-9.938923737091053185e-05
2.293333333333333335e-01,1.377341221408848963e-04,-1.065158409690337728e-05,-8.913286497412906519e-05
2.296666666666666579e-01,1.689584210264552674e-04,-5.263908196835754568e-05,-3.719564025393581842e-05
2.300000000000000100e-01,2.035573356854953133e-04,4.980447231996150252e-06,-1.628305960560728102e-05
2.303333333333333344e-01,1.747487055349034913e-04,-7.099146668607357331e-05,-1.924997836631558331e-05
2.306666666666666587e-01,2.178495460884290820e-04,-9.201191208469064876e-05,-1.053189056827649569e-05
2.310000000000000109e-01,1.852567408022216117e-04,-1.196243775375023104e-04,4.956241228971008722e-05
2.313333333333333353e-01,1.965334782838111397e-04,-1.328772653967336104e-04,3.190927251370192109e-05
2.316666666666666596e-01,1.927081323843492363e-04,-7.775369691578499511e-05,3.549998687634954765e-05
2.320000000000000118e-01,2.012214251079548228e-04,-1.151649227139192524e-04,5.457398876814312775e-05
2.323333333333333361e-01,1.908629805750610396e-04,-1.631780420110239883e-04,5.380475213020952211e-05
2.326666666666666605e-01,1.694264189430963875e-04,-1.399800130555255986e-04,5.471736161257676070e-05
2.330000000000000127e-01,1.825269070509179844e-04,-1.449746526796482271e-04,9.849837901247589537e-05
2.333333333333333370e-01,1.795063761625490656e-04,-7.881353031284350340e-05,1.116722695897009937e-05
2.336666666666666614e-01,1.532873979352373042e-04,-1.163191806912359627e-04,1.162507377280858107e-05
2.340000000000000135e-01,1.494780145446114540e-04,-1.193280694509675803e-04,1.998187390404739769e-05
2.343333333333333379e-01,1.597890066449347086e-04,-1.238919414217669551e-04,-8.533636367256613520e-07
2.346666666666666623e-01,1.499742935671971741e-04,-1.380365364446127887e-04,3.470799287443639960e-05
2.349999999999999867e-01,1.654489533256977944e-04,-9.672290907146053750e-05,-2.465396698033341742e-05
2.353333333333333388e-01,1.567471017668807249e-04,-1.482691062220606337e-04,2.731065946383520510e-05
2.356666666666666632e-01,1.721359936329300766e-04,-1.714778525939337789e-04,-1.238555243879447042e-06
2.359999999999999876e-01,1.427997033095024465e-04,-1.430244323804126473e-04,-1.920256235348320083e-05
2.363333333333333397e-01,1.838499733284459795e-04,-1.427469962661899797e-04,1.086863815211347353e-05
2.366666666666666641e-01,2.033523248607679932e-04,-6.543145098883399618e-05,5.229045129675809759e-05
2.369999999999999885e-01,1.876545706857581607e-04,-6.687694957863867646e-05,-6.606081832739121485e-07
2.373333333333333406e-01,1.715498677122280046e-04,-6.461917955504051280e-05,4.136353491195432719e-05
2.376666666666666650e-01,2.020221883067538414e-04,-3.462276203330552453e-05,2.150049254093244506e-05
2.379999999999999893e-01,1.937930391177782909e-04,-6.351049648479565181e-05,1.977017816998767000e-05
2.383333333333333415e-01,2.803725177295299069e-04,8.838167017973513212e-06,8.404099432234535488e-05
2.386666666666666659e-01,2.302639454433828175e-04,-2.069042168807712663e-05,7.909592653041504077e-05
2.389999999999999902e-01,2.535247199888881510e-04,-7.327485237030655584e-05,8.050501809633603704e-05
2.393333333333333424e-01,2.260255866236451732e-04,-5.523890325417687313e-05,7.814113319702321772e-05
2.396666666666666667e-01,2.453832966150831406e-04,-9.235350384415661059e-05,1.239172370285041372e-04
2.399999999999999911e-01,1.835588954841852914e-04,-5.214050529929370508e-05,1.178099036339934883e-04
2.403333333333333433e-01,1.337484305287283575e-04,-8.934510694652915321e-05,8.650601016056726753e-05
2.406666666666666676e-01,1.621730494893232506e-04,-9.709028476017588221e-05,9.449302489757596267e-05
2.409999999999999920e-01,1.544328099193651913e-04,-9.049387030639287322e-05,9.491179377613706450e-05
2.413333333333333441e-01,1.140957404442767586e-04,-5.421065258170094844e-05,1.380161642087068547e-04
2.416666666666666685e-01,1.843225397314319938e-04,1.905794838071333457e-05,1.488071459818828186e-04
2.419999999999999929e-01,8.054674824674486200e-05,3.971424484670823078e-06,1.208968863574063783e-04
2.423333333333333450e-01,6.544624208121723765e-05,-1.041479779684121452e-05,1.466718434193020561e-04
2.426666666666666694e-01,7.363752450093521040e-05,1.174696560444654782e-06,1.740574282436875857e-04
2.429999999999999938e-01,8.813742427564970144e-05,-4.126169343568389782e-05,1.702736681550884681e-04
2.433333333333333459e-01,9.623720779995696337e-05,-1.811007102252557607e-05,1.792497066100207169e-04
2.436666666666666703e-01,9.069754419791455796e-05,-5.541150802151657980e-05,1.957645137510520268e-04
2.439999999999999947e-01,1.035147997490379617e-04,-8.031624670347497195e-05,2.106947958841325096e-04
2.443333333333333468e-01,6.740842736137959057e-05,-7.964318518889699616e-05,2.349254379361037539e-04
2.446666666666666712e-01,7.953066113722861486e-05,-1.065887632909117620e-04,2.582025783673069742e-04
2.449999999999999956e-01,5.725080587406364339e-05,-1.152573669020212545e-04,2.645762948348282461e-04
2.453333333333333199e-01,6.192486368391769106e-05,-1.609262972982017197e-04,2.799297362180283772e-04
2.456666666666666721e-01,2.695937898327032745e-05,-1.715576378047235567e-04,2.747596346706753520e-04
2.459999999999999964e-01,2.504180102922709962e-05,-1.897043982754235850e-04,2.924356334060379211e-04
2.463333333333333208e-01,5.290991444859122862e-05,-2.115375098918914089e-04,2.867521268883963643e-04
2.466666666666666730e-01,6.107303133419176818e-05,-2.182070305868393965e-04,4.137227173427737714e-04
2.469999999999999973e-01,6.371719236984299615e-05,-1.710281094183817882e-04,3.606139383000085165e-04
2.473333333333333217e-01,4.671748077162197647e-05,-2.001168601455963973e-04,3.513573224468284650e-04
2.476666666666666738e-01,2.785828645754275166e-05,-1.998210698086449859e-04,3.933588823415770370e-04
2.479999999999999982e-01,3.872399613494691031e-05,-2.247073507179579732e-04,3.399726898708111018e-04
2.483333333333333226e-01,1.107833128952836198e-05,-2.085563595660862291e-04,4.064079084038484135e-04
2.486666666666666747e-01,8.165606821302034455e-06,-2.241501745038668690e-04,3.995858080059802022e-04
2.489999999999999991e-01,6.815348872259130284e-06,-2.333640202011719091e-04,4.063209137356765853e-04
2.493333333333333235e-01,-3.261115057152610313e-05,-2.231213543068493019e-04,3.966358847001316213e-04
2.496666666666666756e-01,-4.920713578570224696e-05,-2.016681414471433939e-04,3.948195916147640978e-04
2.500000000000000000e-01,-1.171302010516717557e-04,-1.925688737326273223e-04,3.216193112300573358e-04
2.503333333333333521e-01,-1.206454337471025604e-04,-2.105956975123509636e-04,3.787765498539337537e-04
2.506666666666666488e-01,-1.328858499137547302e-04,-1.688651587590991323e-04,3.728446281310154593e-04
2.510000000000000009e-01,-1.222450022219813534e-04,-1.271167317577435183e-04,3.219881314682258400e-04
2.513333333333333530e-01,-1.456200433128514117e-04,-7.337956722353326973e-05,3.560366893061226020e-04
2.516666666666666496e-01,-1.113678509336866248e-04,-1.387513830574975701e-05,3.112264527038985699e-04
2.520000000000000018e-01,-9.977648614846328404e-05,2.588786789657421670e-05,3.030360077422601921e-04
2.523333333333333539e-01,-9.404786260898565441e-05,7.887810099440612898e-05,2.710522743040075472e-04
2.526666666666666505e-01,-1.078436172324215227e-04,8.538819364890991239e-05,2.882180610665787388e-04
2.530000000000000027e-01,-6.031260941610028052e-05,1.085063856186601532e-04,2.464119126186545662e-04
2.533333333333333548e-01,-9.639770978921521514e-05,1.276679417445395111e-04,2.806231681926551428e-04
2.536666666666666514e-01,-8.888879063052430006e-05,1.617916000697195236e-04,2.758560519566898689e-04
2.540000000000000036e-01,-5.813268001519274739e-05,1.662318981587196810e-04,2.972150571959921708e-04
2.543333333333333557e-01,-9.381001578865435814e-05,1.644267901239494637e-04,2.682748599447539015e-04
2.546666666666666523e-01,-1.019068692272255398e-04,1.693697195084378803e-04,2.713619370067292254e-04
2.550000000000000044e-01,-1.205060677202120483e-04,1.758282831356616153e-04,2.613280004264978288e-04
2.553333333333333566e-01,-1.542305251447704888e-04,1.559798351094597937e-04,2.526183160173262120e-04
2.556666666666666532e-01,-1.302792293269078772e-04,1.161602324058090335e-04,2.467965817353088231e-04
2.560000000000000053e-01,-1.383037755917225942e-04,8.232671447525243696e-05,2.505106764239705590e-04
2.563333333333333575e-01,-1.394668360736947424e-04,5.554968975008787600e-05,2.636977270598678974e-04
2.566666666666666541e-01,-1.937942967258715025e-04,-3.929220585107688414e-06,2.448868789595252666e-04
2.570000000000000062e-01,-2.323786446600426231e-04,-2.683109677894633530e-05,2.670444819001097959e-04
2.573333333333333584e-01,-2.145976335183878334e-04,-4.970150674185863632e-05,2.503864107668322351e-04
2.576666666666666550e-01,-2.325673938488517908e-04,-7.562468474168901550e-05,2.645463677401051292e-04
2.580000000000000071e-01,-2.469315307183466411e-04,-5.006211932664185921e-05,2.722977755458881014e-04
2.583333333333333592e-01,-2.367810067008879272e-04,5.699963827937633100e-06,2.580467891166970105e-04
2.586666666666666559e-01,-2.455980765730581992e-04,-1.084175999072704822e-05,3.124430428048050870e-04
2.590000000000000080e-01,-2.244905275380395518e-04,-1.716999310408926066e-05,3.066389280635218933e-04
2.593333333333333601e-01,-2.022661467519197977e-04,-2.955029441000294816e-06,2.598249694228487697e-04
2.596666666666666567e-01,-2.242894325587506930e-04,-4.127305103816591266e-06,2.890860048680486487e-04
2.600000000000000089e-01,-1.780462620076966624e-04,5.329565399535941768e-05,2.940388955038469041e-04
2.603333333333333610e-01,-1.976021572877157393e-04,1.671804385759105284e-05,2.964307409016971235e-04
2.606666666666666576e-01,-1.655118854994471183e-04,1.089086290348793925e-05,2.521560280342417196e-04
2.610000000000000098e-01,-1.943517336400624608e-04,1.091308083248221130e-05,3.155215278007880773e-04
2.613333333333333064e-01,-1.922825900330186999e-04,4.462887545153114020e-05,2.552287075802299530e-04
2.616666666666666585e-01,-1.649627697568129480e-04,8.324812752121002208e-05,2.688237071872605854e-04
2.620000000000000107e-01,-1.906119380860829700e-04,7.114169256432689367e-05,2.421221204812602735e-04
2.623333333333333073e-01,-1.723478910935684490e-04,5.298430528342920517e-05,2.401988329524889446e-04
2.626666666666666594e-01,-1.856414793295753059e-04,6.024605383925914025e-05,2.221031292097535713e-04
2.630000000000000115e-01,-2.022743591499921712e-04,5.605792568481555923e-05,2.138004068452161463e-04
2.633333333333333082e-01,-2.208010125272250686e-04,7.894459298464414363e-05,1.824689447411272092e-04
2.636666666666666603e-01,-2.287556174415690926e-04,6.436444112482935496e-05,1.361309314046513350e-04
2.640000000000000124e-01,-2.179352663071606967e-04,7.757288018233251810e-05,1.102257943834351672e-04
2.643333333333333091e-01,-2.420849105738310126e-04,6.439563553722445969e-05,1.004782551650713597e-04
2.646666666666666612e-01,-2.486684257172833775e-04,8.552815430502121923e-05,8.378038767207959250e-05
2.650000000000000133e-01,-2.556493447859997637e-04,1.460250638709429164e-04,1.139273420432956733e-04
2.653333333333333099e-01,-2.725104585700638166e-04,1.774729664620397626e-04,7.688148117078040956e-05
2.656666666666666621e-01,-2.292370216901627961e-04,1.686234870339970229e-04,5.078871200573287817e-05
2.660000000000000142e-01,-2.535009325021977825e-04,2.221497851066601211e-04,5.837926530578540205e-05
2.663333333333333108e-01,-2.400137818506969175e-04,2.228790612822471992e-04,1.405702031649772064e-05
2.666666666666666630e-01,-2.355731315433419904e-04,2.575536828265185185e-04,2.481229857220575947e-05
2.670000000000000151e-01,-2.052853179717336707e-04,2.307288957022925321e-04,2.732959974444318030e-05
2.673333333333333117e-01,-2.219089520459763330e-04,2.189071194663193883e-04,1.889132012252759969e-05
2.676666666666666639e-01,-1.748680911470576547e-04,2.227649233866040468e-04,4.113826718875706963e-07
2.680000000000000160e-01,-1.738116558731709119e-04,2.026665058615747432e-04,1.432861378087860941e-05
2.683333333333333126e-01,-1.775732605107730442e-04,1.926476889996010528e-04,-6.368798402849920311e-05
2.686666666666666647e-01,-1.598179471048083217e-04,1.641532630190808788e-04,-3.100068810537891158e-05
2.690000000000000169e-01,-1.532706807250330382e-04,1.640503861768749592e-04,-5.195006079304938246e-05
2.693333333333333135e-01,-1.103945457952543836e-04,1.334592555962580503e-04,-8.715430956140741807e-05
2.696666666666666656e-01,-1.152674279379103744e-04,1.386423690124491696e-04,-3.909142446335686698e-05
2.700000000000000178e-01,-5.178772551806307107e-05,1.371375298485260686e-04,-2.914696438117006310e-05
2.703333333333333144e-01,-8.999266474029601285e-05,1.209056662117395653e-04,-3.178767490667155736e-05
2.706666666666666665e-01,-4.229836073051575099e-05,7.160019865157657155e-05,-5.883822721185822302e-05
2.710000000000000187e-01,-1.687484979298118346e-05,6.307325132646376107e-05,-2.317029715241695763e-05
2.713333333333333153e-01,-1.221244434264374025e-05,3.149359441015125907e-05,-4.504952876575165835e-05
2.716666666666666674e-01,4.231595492693803097e-05,3.504498118328683916e-05,2.077530475483425296e-05
2.720000000000000195e-01,4.930795529437787092e-05,-4.734867142289290510e-05,3.878134332240023349e-05
2.723333333333333162e-01,5.945850650520766135e-05,-7.632999558343812603e-05,9.205376728608431663e-06
2.726666666666666683e-01,8.179380905204671945e-05,-8.633354530457363295e-05,6.048822943820577049e-06
2.730000000000000204e-01,4.047272704865519555e-05,-8.532000519213383529e-05,-2.902930417317554762e-07
2.733333333333333171e-01,6.790985272944611282e-05,-8.034683276010968296e-05,-2.985769659678124682e-05
2.736666666666666692e-01,6.043517002497082768e-05,-1.367654741612988028e-04,-2.450303979409407148e-05
2.740000000000000213e-01,7.429268079417611912e-05,-1.283382842371524272e-04,4.046987676619848696e-06
2.743333333333333179e-01,9.421324597899685617e-05,-6.635566635441130347e-05,-1.048718462914826992e-04
2.746666666666666701e-01,5.849925354129164348e-05,-6.990076247010952940e-05,-4.875070632817499774e-05
2.750000000000000222e-01,1.064765725608012763e-04,-2.831523243140636912e-05,-3.478945539459852464e-05
2.753333333333333188e-01,9.407825808485353999e-05,-4.690484353633038244e-05,-7.682014413469587754e-05
2.756666666666666710e-01,9.962578736948678496e-05,5.857974528897474181e-06,-5.717946501209913507e-05
2.760000000000000231e-01,1.148639531778683688e-04,2.225810030839359951e-05,-6.317142960158849709e-05
2.763333333333333197e-01,1.159459774139607642e-04,1.365331580529824438e-05,-1.394773790018788916e-04
2.766666666666666718e-01,1.354147995197157474e-04,2.273983393632502499e-05,-6.466120966562445809e-05
2.770000000000000240e-01,1.117718765301338056e-04,1.835129139004759336e-05,-1.105211296814050673e-04
2.773333333333333206e-01,1.312335195859182311e-04,2.824864419977413642e-05,-9.971501019736772023e-05
2.776666666666666727e-01,1.459563370202297946e-04,-4.988318895942766720e-07,-1.181291718995668670e-04
2.780000000000000249e-01,1.372869135564501876e-04,-5.752970311810276165e-07,-1.183176748608974428e-04
2.783333333333333215e-01,1.441306284712785086e-04,-2.871335597350120939e-05,-1.606890128930636165e-04
2.786666666666666736e-01,1.443875786348079813e-04,-5.583300795729837299e-05,-1.295010034583457439e-04
2.790000000000000258e-01,1.867869117940517028e-04,-1.043853763891716994e-04,-1.385437755609680182e-04
2.793333333333333224e-01,1.671826667002157725e-04,-1.231456701161073668e-04,-1.139627455745617017e-04
2.796666666666666745e-01,2.088626264203645346e-04,-1.524143388235260610e-04,-7.035240840450915193e-05
2.800000000000000266e-01,1.918536894709976499e-04,-1.229626456384033152e-04,-8.476226097280742334e-05
2.803333333333333233e-01,1.772303997749142450e-04,-1.584190172785312556e-04,-7.552988287335557428e-05
2.806666666666666754e-01,1.945758546916509220e-04,-2.015981158159991962e-04,-4.944686686429928309e-05
2.810000000000000275e-01,1.789985127638744748e-04,-2.064311528514276711e-04,-3.365070186449704777e-05
2.813333333333333242e-01,1.536659840476997034e-04,-2.024019997065428650e-04,-2.669307323650064494e-05
2.816666666666666763e-01,2.077800039301079408e-04,-1.761531572188034520e-04,4.766939843288681800e-07
2.819999999999999729e-01,1.889564805205698928e-04,-1.891178656599581433e-04,-4.910168552204360538e-06
2.823333333333333250e-01,1.763122155997028876e-04,-1.969564649140453884e-04,1.228606779558947241e-05
2.826666666666666772e-01,2.007300952789093935e-04,-1.733341660624944619e-04,1.008945968106380730e-05
2.829999999999999738e-01,1.778881530350952722e-04,-1.723782579505480966e-04,4.293480898029204944e-05
2.833333333333333259e-01,2.281957807976987059e-04,-1.075376688397437048e-04,3.766674046427704665e-05
2.836666666666666781e-01,2.506177214248641997e-04,-1.534326487040022218e-04,6.425835017693872268e-05
2.839999999999999747e-01,2.338899367393063315e-04,-1.243228643999652139e-04,1.004153603711904015e-04
2.843333333333333268e-01,2.275307397140627201e-04,-1.219894576341135881e-04,8.923786625098684849e-05
2.846666666666666790e-01,2.249400544426808030e-04,-1.346713453653790890e-04,6.284571728652090894e-05
2.849999999999999756e-01,2.350967241620082046e-04,-1.556660650815749186e-04,8.240580224956508670e-05
2.853333333333333277e-01,2.543617047579931610e-04,-1.622453420241499848e-04,7.837094919187915902e-05
2.856666666666666798e-01,2.376829225271585519e-04,-1.441686071845941814e-04,9.224645362903270435e-05
2.859999999999999765e-01,2.491625225571584439e-04,-1.602027293117707469e-04,1.150236359634978193e-04
2.863333333333333286e-01,2.476075512108846105e-04,-1.557966933014468620e-04,1.190944465270889267e-04
2.866666666666666807e-01,2.380597954572415988e-04,-1.756527522465234999e-04,1.278391958542290279e-04
2.869999999999999774e-01,2.231170380374684643e-04,-1.490917197037809594e-04,1.091397398256613316e-04
2.873333333333333295e-01,1.981949116779437839e-04,-1.727225484797171196e-04,1.351457175132868575e-04
2.876666666666666816e-01,2.212448560173062989e-04,-1.604057777546097319e-04,1.300211452075178788e-04
2.879999999999999782e-01,1.877978253647160441e-04,-1.720920330371485563e-04,1.821248847471864632e-04
2.883333333333333304e-01,1.993200646006017057e-04,-1.344554955640924875e-04,1.824169714500489261e-04
2.886666666666666825e-01,1.318678321602105618e-04,-1.483415264450277024e-04,1.617039531452910128e-04
2.889999999999999791e-01,1.253593979143669197e-04,-1.773457416090255226e-04,1.927480890155132138e-04
2.893333333333333313e-01,9.476296677413801098e-05,-1.444897931386074765e-04,1.972035251548836252e-04
2.896666666666666834e-01,8.549859314073418788e-05,-1.512426326852514113e-04,2.004284671406099936e-04
2.899999999999999800e-01,1.396172358962295267e-04,-1.092881672372131334e-04,2.625257518421712549e-04
2.903333333333333321e-01,1.243471790618897398e-04,-1.047824256008811578e-04,2.349555246807017068e-04
2.906666666666666843e-01,1.150091385861744063e-04,-1.139473827937811007e-04,2.466972214586481181e-04
2.909999999999999809e-01,8.844862521452482316e-05,-9.969805997396898078e-05,2.510450680959902515e-04
2.913333333333333330e-01,1.287992505851068888e-04,-1.349701904248720957e-04,2.486589700936348880e-04
2.916666666666666852e-01,1.175683067404507444e-04,-8.589032577377151757e-05,2.734611877248423607e-04
2.919999999999999818e-01,1.413192689934153175e-04,-1.087563348652255824e-04,2.670820431615760133e-04
2.923333333333333339e-01,1.205180668805303840e-04,-1.401206597298348152e-04,2.578206668394002351e-04
2.926666666666666861e-01,1.070365520551901323e-04,-1.662662111757016645e-04,3.099055096393358547e-04
2.929999999999999827e-01,1.255381943293532715e-04,-1.893412487176820719e-04,3.146929449502828321e-04
2.933333333333333348e-01,7.823887403480905226e-05,-1.643354194295801969e-04,2.824171973772926004e-04
2.936666666666666869e-01,7.678707433849085674e-05,-1.838036321617909474e-04,3.074475691932950622e-04
2.939999999999999836e-01,8.023113518340865466e-05,-1.763850831446521733e-04,3.092378538626859271e-04
2.943333333333333357e-01,6.333023069908162879e-05,-1.773852459022329123e-04,3.447265696807882800e-04
2.946666666666666878e-01,2.365587387522869313e-05,-1.474401891391633813e-04,3.417833226424336749e-04
2.949999999999999845e-01,4.631847243746305121e-05,-1.022046798629206934e-04,3.827256781856342707e-04
2.953333333333333366e-01,2.537676935838501362e-06,-1.102741436562108774e-04,3.378598253724601893e-04
2.956666666666666887e-01,-1.730040565567705912e-05,-1.029409844891013661e-04,3.593765646881207088e-04
2.959999999999999853e-01,-2.676164191605134008e-06,-8.083178290732748151e-05,3.657217473689175708e-04
2.963333333333333375e-01,-4.311138813968113618e-05,-6.916666475152775766e-05,3.642266408045113880e-04
2.966666666666666896e-01,-1.833440299923443133e-05,-7.599273997673247703e-05,3.406289959927212324e-04
2.969999999999999862e-01,-2.944934332194686273e-05,-6.698587114722988367e-05,3.597973437037425208e-04
2.973333333333333384e-01,-3.756079960079905853e-05,-8.373017096223877730e-05,3.413888713425382478e-04
2.976666666666666905e-01,-7.202799636857063685e-05,-6.403544925919480682e-05,3.505726578255337410e-04
2.979999999999999871e-01,-3.907635415566258367e-05,-6.833383218740664311e-05,3.552322281003456625e-04
2.983333333333333393e-01,-4.313283011279394659e-05,-4.998245384544320469e-05,3.809932157981914258e-04
2.986666666666666914e-01,-4.113558577894015696e-05,-4.492189499155911403e-05,3.352404643893144875e-04
2.989999999999999880e-01,-5.213272101887345318e-05,-5.907907132927964238e-05,3.342439588977101682e-04
2.993333333333333401e-01,-5.910397964250632317e-05,-3.312405820194479293e-05,3.198951506361070486e-04
2.996666666666666923e-01,-4.317515659491201084e-05,-5.320951257178168877e-05,3.076995837775685317e-04
2.999999999999999889e-01,-2.743777148069445097e-05,-9.661523928067188488e-06,3.458056576985683774e-04
3.003333333333333410e-01,-2.242715491341397931e-05,-4.615857223067078058e-05,3.447018384638105264e-04
3.006666666666666932e-01,-2.040007945146284912e-05,-5.606441613356378910e-05,3.614818530742284217e-04
3.009999999999999898e-01,-1.371043197977628295e-05,-5.519502397699039902e-05,3.538790357610619493e-04
3.013333333333333419e-01,-2.244924612826181934e-05,-8.060069185268185505e-05,3.646708738381121027e-04
3.016666666666666941e-01,-7.797909869059546024e-06,-9.319867449903315208e-06,4.065101423782565464e-04
3.019999999999999907e-01,-4.144035548554999616e-05,-3.625635257486101658e-05,3.708165522298382958e-04
3.023333333333333428e-01,-2.392653621081542868e-05,-6.809901333576109754e-05,3.862728661869460124e-04
3.026666666666666394e-01,-2.834970457972405859e-05,-6.063056620252976764e-05,4.138750523506368639e-04
3.029999999999999916e-01,-6.430614631581934128e-05,-6.607685173192303675e-05,4.238837061961409601e-04
3.033333333333333437e-01,-8.378657319269149930e-05,-5.046025904841118200e-05,3.792498101375084158e-04
3.036666666666666403e-01,-1.321082826605045162e-04,-9.322685031317262086e-05,3.962858741199462033e-04
3.039999999999999925e-01,-1.364206346430068737e-04,-1.040396426330391744e-04,4.233357878256334503e-04
3.043333333333333446e-01,-1.625023951197450520e-04,-7.541232975008982549e-05,3.434840292184050594e-04
3.046666666666666412e-01,-1.841829356772241701e-04,-7.834839703092731623e-05,3.998629601887310572e-04
3.049999999999999933e-01,-2.132781567658451104e-04,8.056326315939740820e-06,3.725839634262497553e-04
3.053333333333333455e-01,-2.321682223544662641e-04,1.291496606826345198e-05,3.341638436877821861e-04
3.056666666666666421e-01,-2.396176016271324644e-04,2.257584969954761346e-05,3.443151954941580111e-04
3.059999999999999942e-01,-2.426819138429733153e-04,2.699987103602213213e-05,3.077286400547924296e-04
3.063333333333333464e-01,-2.639051978653960393e-04,1.866350086066007272e-05,2.593767306287516369e-04
3.066666666666666430e-01,-2.184422595179600799e-04,3.051454289183044177e-05,2.622055812749590482e-04
3.069999999999999951e-01,-2.037493004051169640e-04,2.169076325872980299e-05,2.383101168784365490e-04
3.073333333333333472e-01,-1.971628755709568229e-04,2.828814202111175002e-05,2.205234372389234285e-04
3.076666666666666439e-01,-2.290037569528619390e-04,1.609290653881923619e-05,2.145464216831706157e-04
3.079999999999999960e-01,-2.415874894296590487e-04,4.192227478602161025e-05,2.110991745035190493e-04
3.083333333333333481e-01,-2.129683154955250074e-04,9.915907702251448245e-05,1.463227617111158123e-04
3.086666666666666448e-01,-2.054136706833284475e-04,8.109989389383325236e-05,1.835430400719118135e-04
3.089999999999999969e-01,-2.158522540808556587e-04,8.349447277295425954e-05,1.283753727021221111e-04
3.093333333333333490e-01,-2.234879895256741786e-04,6.763755044066936607e-05,1.372461438350239629e-04
3.096666666666666456e-01,-1.361266199146673192e-04,5.593862323707876513e-05,1.314146273697654036e-04
3.099999999999999978e-01,-1.736908901121131930e-04,8.804837806427469164e-05,2.006148511126924772e-04
3.103333333333333499e-01,-1.879280611319393481e-04,1.159319307270435432e-04,1.842357318516642186e-04
3.106666666666666465e-01,-1.297573885354875946e-04,1.103856936405900964e-04,1.696080587995617295e-04
3.109999999999999987e-01,-1.496726714079720248e-04,1.319863098066675498e-04,1.806584861330044745e-04
3.113333333333333508e-01,-1.505310029733909825e-04,1.501861654971371415e-04,1.859525340377461244e-04
3.116666666666666474e-01,-1.370039052597433766e-04,2.074098168942136561e-04,1.303419979151044909e-04
3.119999999999999996e-01,-1.673029768869873507e-04,1.540100050447559246e-04,1.728797636849960695e-04
3.123333333333333517e-01,-1.676094189859198935e-04,1.619590402849655885e-04,1.614936362056050643e-04
3.126666666666666483e-01,-1.356409735001819108e-04,1.566886601765056812e-04,1.225980065716898823e-04
3.130000000000000004e-01,-1.393562134400575512e-04,1.571379891523910007e-04,1.743871487761412234e-04
3.133333333333333526e-01,-1.407475350790480314e-04,1.244857233680515460e-04,1.246666915955805296e-04
3.136666666666666492e-01,-1.771363446172998857e-04,1.415586970904225380e-04,1.277085006612214968e-04
3.140000000000000013e-01,-1.586920871545017598e-04,9.013156940024674181e-05,1.075641842379524517e-04
3.143333333333333535e-01,-1.809298470792030343e-04,1.183971177055899833e-04,1.009916964194223837e-04
3.146666666666666501e-01,-1.704203161764743636e-04,1.149683210900452732e-04,9.552626437402227382e-05
3.150000000000000022e-01,-1.540279073367000168e-04,1.076833061623148528e-04,1.165092651307875150e-04
3.153333333333333544e-01,-1.972903309013053020e-04,9.974597206268823776e-05,6.200217814546659289e-05
3.156666666666666510e-01,-2.227949392698046021e-04,1.034202208119459399e-04,7.146697743545952543e-05
3.160000000000000031e-01,-1.863041545899255338e-04,1.334206055898631209e-04,5.801411701473860089e-05
3.163333333333333552e-01,-1.811521528879503362e-04,1.142611787091451749e-04,3.947764899477438640e-05
3.166666666666666519e-01,-1.723989058577531596e-04,9.745052928503365860e-05,2.913645897356915594e-05
3.170000000000000040e-01,-1.848559172252215203e-04,8.602908997062406256e-05,9.577317396149127540e-06
3.173333333333333561e-01,-2.071023790286749522e-04,8.934518544561931589e-05,7.827573080537750296e-07
3.176666666666666528e-01,-1.865690724111874609e-04,8.366333679955447464e-05,1.791257930790730255e-05
3.180000000000000049e-01,-1.634430682128566010e-04,8.676244342417980095e-05,9.615865584114479262e-06
3.183333333333333570e-01,-1.473702086768852539e-04,1.306225056292411376e-04,3.846496081130959944e-05
3.186666666666666536e-01,-1.426475087244750127e-04,1.510203377383050971e-04,2.278908853459017886e-06
3.190000000000000058e-01,-1.687464554117487853e-04,1.129624038793839233e-04,-3.531823029374825341e-05
3.193333333333333579e-01,-1.328555021116064987e-04,1.258576303264569076e-04,1.669365631256881593e-06
3.196666666666666545e-01,-1.391184346031540072e-04,9.237787774244413011e-05,-1.772185330506407806e-05
3.200000000000000067e-01,-1.172933340849041808e-04,1.360087322069691721e-04,4.463877040745143654e-06
3.203333333333333588e-01,-1.228027654566255010e-04,8.509387889827096810e-05,-5.672711886213071012e-05
3.206666666666666554e-01,-9.865450125353856202e-05,5.728548405939097739e-05,-4.431545864116145179e-05
3.210000000000000075e-01,-1.008979951593937265e-04,5.212372781351185983e-05,-2.055742375964043504e-05
3.213333333333333597e-01,-8.056583110959450152e-05,2.428182163285141283e-05,-6.573466639690962341e-05
3.216666666666666563e-01,-4.025118256897850812e-05,9.962718736453477593e-05,-4.874668225486269261e-06
3.220000000000000084e-01,-1.552214614012491881e-05,6.341464245796619385e-05,-3.309136127112479028e-05
3.223333333333333606e-01,5.321912725614549640e-06,1.186921545987127764e-05,-2.177547973667063358e-05
3.226666666666666572e-01,6.142879540995798684e-05,3.110356717716560222e-05,-8.632421729390351488e-05
3.230000000000000093e-01,-2.054156617735833855e-06,1.036612370079189592e-05,-1.236200062463157160e-05
3.233333333333333059e-01,5.739065458329119403e-05,6.114084161289443434e-05,-1.159286741335447009e-04
3.236666666666666581e-01,1.077568776462144954e-05,-4.123118504148669613e-05,-1.095080496300656237e-04
3.240000000000000102e-01,7.542262654849053662e-05,-3.122990371071311015e-05,-7.540254032772003350e-05
3.243333333333333068e-01,6.652111446071017899e-05,1.418627804756650422e-06,-1.500718608063564459e-04
3.246666666666666590e-01,5.990613658689443558e-05,1.790715932560487045e-05,-1.027363115109021432e-04
3.250000000000000111e-01,5.692414550371783139e-05,1.946014920077683170e-05,-1.591679269399308070e-04
3.253333333333333077e-01,7.012734297418632488e-05,1.651783009372074146e-05,-1.403868898253114099e-04
3.256666666666666599e-01,6.693467804675069723e-05,5.325577433370410127e-05,-1.221436695982085988e-04
3.260000000000000120e-01,1.241688721275831719e-04,3.587213791760079983e-05,-1.159597913455167359e-04
3.263333333333333086e-01,9.007308242230342829e-05,4.821027875675976175e-05,-1.444683533896429337e-04
3.266666666666666607e-01,1.189513344012555537e-04,1.155061825377457101e-05,-8.047638751415960240e-05
3.270000000000000129e-01,1.087915646376226640e-04,1.239805135614535009e-05,-1.085016748734701742e-04
3.273333333333333095e-01,1.321329403350701736e-04,1.186398618907973293e-05,-1.129116688530064176e-04
3.276666666666666616e-01,1.497842390965751678e-04,-9.916043151358103455e-06,-5.109888022843943762e-05
3.280000000000000138e-01,1.411149380029654932e-04,1.260640026034359617e-05,-8.641550799507145559e-05
3.283333333333333104e-01,1.556073460039417687e-04,-1.198449803981486980e-05,-7.543307699469258465e-05
3.286666666666666625e-01,1.699263690707807041e-04,-3.869068815011130012e-05,-3.466254825771259335e-05
3.290000000000000147e-01,2.018077957689967867e-04,-9.283412431048390287e-05,-3.410326571884027746e-05
3.293333333333333113e-01,1.799154188506441108e-04,-6.305786685531665687e-05,-3.132293412096427129e-05
3.296666666666666634e-01,2.217104065305483638e-04,-8.264604863785270517e-05,1.448840879198498441e-05
3.300000000000000155e-01,1.984025058729256639e-04,-8.397506004327991310e-05,-7.136210298203570231e-06
3.303333333333333122e-01,2.045690922506637993e-04,-1.092027644434442982e-04,-1.251086687612276859e-05
3.306666666666666643e-01,2.011772630732874671e-04,-1.480737334167943949e-04,-1.201661609162607497e-06
3.310000000000000164e-01,1.950942691183125272e-04,-1.370184595514491220e-04,1.650864733566917051e-05
3.313333333333333131e-01,1.887810560836000111e-04,-1.480653847047633384e-04,1.963258900511133793e-05
3.316666666666666652e-01,2.020043494553118413e-04,-1.260378969509771279e-04,3.865077875201758118e-05
3.320000000000000173e-01,1.824392900092318859e-04,-1.633165659120415589e-04,3.419358646402375664e-05
3.323333333333333139e-01,1.713142371516414167e-04,-1.774301347911068653e-04,6.155214691868358175e-05
3.326666666666666661e-01,1.868289255524021024e-04,-1.461465788614957578e-04,4.308627317065590945e-05
3.330000000000000182e-01,1.627440015089512068e-04,-1.625012397557065074e-04,8.025420814293646090e-05
3.333333333333333148e-01,1.576795352685487833e-04,-1.074963071199061418e-04,5.085872573266994330e-05
3.336666666666666670e-01,1.710325410204104361e-04,-1.593642726928007954e-04,8.917693805329162055e-05
3.340000000000000191e-01,1.661034977680889461e-04,-1.218499500088876834e-04,8.339509446955089905e-05
3.343333333333333157e-01,1.797841564483415578e-04,-1.472174791558977628e-04,1.026336808686965517e-04
3.346666666666666679e-01,1.514448294962036673e-04,-1.222800445877526268e-04,9.097478432130069617e-05
3.350000000000000200e-01,1.919410345789727393e-04,-1.370651346763855389e-04,1.181640360836751940e-04
3.353333333333333166e-01,1.703351126317936501e-04,-1.292082070870487220e-04,1.474808909305748569e-04
3.356666666666666687e-01,1.952358921950043827e-04,-1.466022114385580040e-04,1.056455846100519191e-04
3.360000000000000209e-01,1.659649475423314615e-04,-1.353293533108220099e-04,1.177210947626983054e-04
3.363333333333333175e-01,1.979115839444467483e-04,-1.229836015527882250e-04,1.271357639919863008e-04
3.366666666666666696e-01,1.963774427204359615e-04,-1.016474130426524872e-04,1.600480501296543709e-04
3.370000000000000218e-01,1.574695480569100552e-04,-1.071978050695120832e-04,1.435380324848687381e-04
3.373333333333333184e-01,1.514301178824382455e-04,-8.492164866272650092e-05,1.750242678858185863e-04
3.376666666666666705e-01,1.652063340687383471e-04,-7.379138524210695832e-05,1.723964019184305379e-04
3.380000000000000226e-01,1.552340625988440209e-04,-7.409109106028223188e-05,1.823100495747700240e-04
3.383333333333333193e-01,1.970379425110981432e-04,-3.081830897164722615e-05,2.386459621606346971e-04
3.386666666666666714e-01,1.694840688898296510e-04,-2.202535161842867544e-05,2.380608889101605747e-04
3.390000000000000235e-01,1.791338269784709938e-04,-6.904022383141092856e-05,2.467166987433806074e-04
3.393333333333333202e-01,1.377689024625225445e-04,-6.893823363536644784e-05,2.483448371944172589e-04
3.396666666666666723e-01,1.596273420537417168e-04,-1.081874704542909883e-04,2.633191826929581238e-04
3.400000000000000244e-01,1.373610834761270405e-04,-6.840114610510819365e-05,2.924089573633119137e-04
3.403333333333333210e-01,9.463808801570133280e-05,-1.069590189616843450e-04,2.547060429171997390e-04
3.406666666666666732e-01,1.251860401736006696e-04,-1.472954263556667870e-04,2.928033796359573904e-04
3.410000000000000253e-01,1.306637912679898162e-04,-1.043850657394217163e-04,2.408508720686528860e-04
3.413333333333333219e-01,1.129092052847020241e-04,-1.369972447622725461e-04,3.351236587354194528e-04
3.416666666666666741e-01,1.222752209409370722e-04,-6.017611797763936421e-05,3.000266366284650636e-04
3.420000000000000262e-01,9.444262206423031480e-05,-8.422203306639392331e-05,2.896392932798013331e-04
3.423333333333333228e-01,7.487489086943971612e-05,-7.827241080770514002e-05,3.270984368806326408e-04
3.426666666666666750e-01,6.540437788640787405e-05,-1.055337773243271058e-04,3.913247687724052959e-04
3.430000000000000271e-01,1.331902087898877672e-05,-1.060008974702692858e-04,3.493789992521066385e-04
3.433333333333333237e-01,7.294620102413050403e-05,-6.669642971454394994e-05,3.856589688772477857e-04
3.436666666666666758e-01,4.914003622783173623e-05,-8.637717865070802695e-05,3.655271486850924893e-04
3.439999999999999725e-01,2.273318239875741790e-05,-1.382012584745464406e-04,3.758511545743131645e-04
3.443333333333333246e-01,5.243871149727249939e-06,-1.221800412557341525e-04,4.015987897371709218e-04
3.446666666666666767e-01,4.169692201197372283e-06,-1.614128783566069769e-04,4.150391611835905310e-04
3.449999999999999734e-01,-2.327664523405386157e-05,-1.476237831414090821e-04,3.941031410309080662e-04
3.453333333333333255e-01,-1.692948127552226296e-05,-2.081015683320968843e-04,3.865923401001588656e-04
3.456666666666666776e-01,-4.089212352747659208e-05,-2.093151215804434778e-04,3.915726034326825361e-04
3.459999999999999742e-01,-5.723837161980771065e-05,-2.027572018081803796e-04,3.806120880060340000e-04
3.463333333333333264e-01,-6.045343028834468076e-05,-2.026337444200374362e-04,3.698576660542001490e-04
3.466666666666666785e-01,-7.334938345543318291e-05,-1.815354747871773767e-04,4.608122316674492271e-04
3.469999999999999751e-01,-9.504519309078527268e-05,-1.541024095649865357e-04,4.003694276462758418e-04
3.473333333333333273e-01,-8.992576904738857355e-05,-1.668155434836054584e-04,3.971317281841859671e-04
3.476666666666666794e-01,-9.782738767814308414e-05,-1.156561635185744186e-04,3.696904981216004378e-04
3.479999999999999760e-01,-9.666832462172272173e-05,-1.184222665549471268e-04,3.676129888137177177e-04
3.483333333333333282e-01,-1.197586035287701874e-04,-9.703759079633336336e-05,3.795180219272673147e-04
3.486666666666666803e-01,-1.190460828191925829e-04,-1.019634862195305117e-04,3.712292326427173660e-04
3.489999999999999769e-01,-1.183606739006022579e-04,-9.573917191941065945e-05,3.459871941199052286e-04
3.493333333333333290e-01,-1.422353116053322992e-04,-6.234017532665638061e-05,3.654014026382054986e-04
3.496666666666666812e-01,-1.382769085410752202e-04,-2.918537856081046851e-05,3.401348941436653246e-04
3.499999999999999778e-01,-1.284927880058258634e-04,3.586061798937190093e-05,3.179770299578310784e-04
3.503333333333333299e-01,-1.472454182969046592e-04,2.349014368873453582e-05,3.043021473588721762e-04
3.506666666666666821e-01,-1.580513297512586152e-04,4.265889006195227277e-05,3.142906853201443847e-04
3.509999999999999787e-01,-1.372111731342720673e-04,5.745973268165772876e-05,3.291439871862940846e-04
3.513333333333333308e-01,-1.546056033123609133e-04,5.958299783537883139e-05,3.193059555161366250e-04
3.516666666666666829e-01,-1.258987035630563590e-04,1.061327367664449109e-04,3.016036290650476711e-04
3.519999999999999796e-01,-1.283988892954155184e-04,7.794555633240713062e-05,2.958462191689724668e-04
3.523333333333333317e-01,-1.203962608877078710e-04,7.671232859989434480e-05,2.862105364583831537e-04
3.526666666666666838e-01,-1.229755793299697599e-04,3.998596900683778685e-05,3.453935868579387550e-04
3.529999999999999805e-01,-1.281299468552307154e-04,4.692886148177935425e-05,3.339006245850187804e-04
3.533333333333333326e-01,-1.206224553485225713e-04,9.419238293215164088e-05,3.037065952711575029e-04
3.536666666666666847e-01,-1.578917862430114622e-04,7.020355620682802342e-05,3.066048210448025471e-04
3.539999999999999813e-01,-1.533694470488703766e-04,5.603234885539949163e-05,3.267209084674719470e-04
3.543333333333333335e-01,-1.878185534265172836e-04,5.596089941290116409e-05,3.096459769973190865e-04
3.546666666666666856e-01,-2.069444943160649443e-04,5.804658889061273280e-05,3.224599403893017857e-04
3.549999999999999822e-01,-2.324330857889860111e-04,5.638492337790164784e-05,2.982156265025928091e-04
3.553333333333333344e-01,-2.325431373618300668e-04,6.452337730316938535e-05,2.849796649504894564e-04
3.556666666666666865e-01,-2.239204728996579204e-04,5.253060132356483509e-05,2.879536808738163926e-04
3.559999999999999831e-01,-2.276612474149970061e-04,6.935145688633756770e-05,2.302796556050294209e-04
3.563333333333333353e-01,-1.982043544907382518e-04,4.882108088394337470e-05,2.524857485666953303e-04
3.566666666666666874e-01,-2.367976490440014761e-04,3.516628991065899834e-05,2.474981993944281818e-04
3.569999999999999840e-01,-2.197429184577012078e-04,5.039104000170869103e-05,2.584238240666081126e-04
3.573333333333333361e-01,-2.285805465184234902e-04,3.396698124772354365e-05,2.623891205765441085e-04
3.576666666666666883e-01,-2.316820320725588645e-04,3.182516771517995439e-05,2.211783065119598179e-04
3.579999999999999849e-01,-2.541474277067431553e-04,4.331490467149940788e-05,2.101199547392741966e-04
3.583333333333333370e-01,-2.741458407146821143e-04,-4.488137732172723926e-06,1.316233913515777549e-04
3.586666666666666892e-01,-3.006917376493651044e-04,-3.814542988424125645e-05,1.726670374835622801e-04
3.589999999999999858e-01,-2.994654253862130233e-04,-1.698580368982274195e-05,1.341487475856829512e-04
3.593333333333333379e-01,-2.780135810796898138e-04,-2.487056679113287477e-05,1.044844873542830261e-04
3.596666666666666901e-01,-2.466133682764697771e-04,1.903765636198413609e-06,1.403730898248384371e-04
3.599999999999999867e-01,-2.721633895747070371e-04,4.979838499742048627e-05,1.219923239737342807e-04
3.603333333333333388e-01,-2.686178634638701945e-04,7.926988210410528457e-05,1.462490470098070598e-04
3.606666666666666909e-01,-2.351766521926954381e-04,1.046490476730004964e-04,7.525136886674556726e-05
3.609999999999999876e-01,-2.534863024685456850e-04,1.106624566803544537e-04,1.504082165223187518e-04
3.613333333333333397e-01,-2.398380310932738194e-04,1.759628980273251304e-04,6.791252536484180928e-05
3.616666666666666918e-01,-2.055863213964460845e-04,1.948816231267570549e-04,1.087723128954915750e-04
3.619999999999999885e-01,-2.088567865586004994e-04,1.957234839492373428e-04,8.954355947727458737e-05
3.623333333333333406e-01,-1.668357131913659607e-04,1.556013601640519872e-04,5.739758548210524769e-05
3.626666666666666927e-01,-1.861716412925523765e-04,1.847298481717864801e-04,4.765612021579848304e-05
3.629999999999999893e-01,-1.567930924704344006e-04,1.798562195690256069e-04,3.772266146135178587e-05
3.633333333333333415e-01,-8.649623626098125820e-05,2.585172406885584309e-04,7.397992452020085144e-05
3.636666666666666936e-01,-1.339331210215805945e-04,2.220887942057448762e-04,-1.012042929989632116e-05
3.639999999999999902e-01,-1.255368957605630404e-04,1.757462198267052136e-04,4.141064993785290603e-06
3.643333333333333424e-01,-1.228048049594580426e-04,1.852934444807107851e-04,1.342887062706230832e-05
3.646666666666666390e-01,-1.385804953360421940e-04,1.229258733109005576e-04,-1.030443303748093626e-05
3.649999999999999911e-01,-1.778069603420115051e-04,1.994241767584631656e-04,-1.952612910894237439e-05
3.653333333333333433e-01,-1.506840200725739971e-04,1.349575452279521174e-04,-2.577424466582649938e-05
3.656666666666666399e-01,-1.156577071999460046e-04,1.170354363014552035e-04,-4.305024789654863512e-05
3.659999999999999920e-01,-1.183547457457023315e-04,1.152961601262042632e-04,-9.444398090185537702e-05
3.663333333333333441e-01,-1.369458746058147436e-04,1.117984769285986808e-04,-4.287379124395723692e-05
3.666666666666666408e-01,-8.236385680676538610e-05,2.265702274991399090e-04,-4.640369351790951875e-05
3.669999999999999929e-01,-1.077320020407391508e-04,2.050826878420598256e-04,-6.170513258278141633e-05
3.673333333333333450e-01,-7.776182743861402135e-05,1.955235808351170280e-04,-4.039300635218698966e-05
3.676666666666666416e-01,-7.569436982057850918e-05,1.852110705220043731e-04,-9.621049225351762648e-05
3.679999999999999938e-01,-8.322148134453573082e-05,1.601240322117585566e-04,-1.067490675745454371e-04
3.683333333333333459e-01,-3.537409905048747466e-05,1.475514414175321896e-04,-1.129908261636852751e-04
3.686666666666666425e-01,-4.379028424589286099e-05,9.421038767391162999e-05,-8.499401453659911735e-05
3.689999999999999947e-01,6.218340504359739766e-06,6.806470679064894767e-05,-9.819360494448517082e-05
3.693333333333333468e-01,-1.006420541658255144e-05,3.526867489076076449e-05,-1.254358822357495374e-04
3.696666666666666434e-01,4.052351746752831814e-05,5.933281205791543732e-06,-7.698240646205004186e-05
3.699999999999999956e-01,6.985192171333680464e-05,2.989977350846463277e-05,-5.291063054918601199e-05
3.703333333333333477e-01,7.978478998850638108e-05,-3.113698384018143025e-05,-9.680158485917041223e-06
3.706666666666666443e-01,9.414980384421918437e-05,-6.666739690665920862e-05,-2.597238467414840845e-05
3.709999999999999964e-01,1.308700529877877675e-04,-1.184731225077688513e-04,1.706080368467288849e-05
3.713333333333333486e-01,1.170683022260242341e-04,-1.649567707045240014e-04,-5.789853876288690228e-06
3.716666666666666452e-01,1.886080518566580675e-04,-1.415115422104689139e-04,3.288962434069577059e-05
3.719999999999999973e-01,1.800213370310809033e-04,-2.099007222466589160e-04,1.062935201695354632e-05
3.723333333333333495e-01,2.200241455886008872e-04,-2.248482044921005119e-04,-2.141476881567890749e-06
3.726666666666666461e-01,2.233798075824134624e-04,-2.055030349483660877e-04,1.963589811160836525e-05
3.729999999999999982e-01,1.773213887946168137e-04,-1.755242597436827614e-04,1.224587956800059412e-05
3.733333333333333504e-01,2.035183947780792846e-04,-1.545811337734648966e-04,1.630256837447939633e-05
3.736666666666666470e-01,1.829351611312510922e-04,-1.266590670135667553e-04,-4.500169185779465179e-05
3.739999999999999991e-01,1.879738480558501513e-04,-1.393343793251240639e-04,2.911953433705964042e-07
3.743333333333333512e-01,2.041155612074482090e-04,-4.616551007508727975e-05,-4.651974446330521090e-05
3.746666666666666479e-01,1.519726256358949800e-04,-3.152584290066972011e-05,-7.813561176344759157e-06
3.750000000000000000e-01,1.314941952412884804e-04,-1.198643960075232343e-05,-5.912813307178173007e-06
3.753333333333333521e-01,9.777939826181351554e-05,-2.478689198659837642e-05,-4.282337091075255105e-05
3.756666666666666488e-01,8.855293218772390532e-05,2.520651320986049986e-06,-9.066885262093257977e-06
3.760000000000000009e-01,1.068099632904944904e-04,4.776919494298884452e-05,-5.617648644375062872e-05
3.763333333333333530e-01,1.077551980716081475e-04,3.415122243694839626e-05,-5.403577029904972525e-05
3.766666666666666496e-01,1.073924792911829591e-04,4.956141101313437031e-05,-4.984305979919318206e-05
3.770000000000000018e-01,6.802411927481078337e-05,2.546466585903725191e-05,-7.633538906013158474e-05
3.773333333333333539e-01,5.489963981533570587e-05,4.823941511456116411e-05,-3.908788313886004951e-05
3.776666666666666505e-01,6.957699673150985443e-05,5.916324906937773823e-06,-3.201440675621776709e-05
3.780000000000000027e-01,6.795252592704570426e-05,-1.483925274859176143e-05,-7.001773872593496030e-05
3.783333333333333548e-01,8.701419528399713420e-05,-1.303648105881627309e-05,-9.525720833712444783e-05
3.786666666666666514e-01,1.031314615949757425e-04,-5.029838464118580336e-05,-9.319940853197401049e-05
3.790000000000000036e-01,1.123934965984649248e-04,-9.267383551135744541e-05,-7.145196063352086794e-05
3.793333333333333557e-01,1.263327574395413681e-04,-1.063546239855943333e-04,-2.931552562176855580e-05
3.796666666666666523e-01,1.333999882681309872e-04,-1.273902847500912752e-04,2.120929116919417976e-05
3.800000000000000044e-01,1.770526639014008126e-04,-6.078688774547401889e-05,9.951493161937814127e-06
3.803333333333333566e-01,1.626300612840397256e-04,-1.004673711360863804e-04,-6.082430243209785397e-07
3.806666666666666532e-01,1.529887059470684681e-04,-1.664307519932811392e-04,3.783541781387543611e-05
3.810000000000000053e-01,1.920227234657588978e-04,-1.891163900736456897e-04,8.515796290134140952e-05
3.813333333333333575e-01,1.322213187911470923e-04,-2.178433115045562342e-04,1.118571984000938491e-04
3.816666666666666541e-01,2.420746247665324000e-04,-1.171652352853411579e-04,1.225253223377552119e-04
3.820000000000000062e-01,2.059491830273897422e-04,-1.787141796452226177e-04,1.128480726052032363e-04
3.823333333333333584e-01,2.407033990287852634e-04,-2.118776972556126131e-04,1.277842182427784583e-04
3.826666666666666550e-01,2.076054224876421495e-04,-2.087686886702062742e-04,1.586888636632510059e-04
3.830000000000000071e-01,1.750999351160386784e-04,-1.854761186407934354e-04,1.698020479111373630e-04
3.833333333333333592e-01,2.188102063092995330e-04,-7.112268384609653140e-05,8.615853220794208848e-05
3.836666666666666559e-01,2.041264113625173226e-04,-1.385660001122566271e-04,8.875904724904222531e-05
3.840000000000000080e-01,1.803082814829343010e-04,-1.182078664524938204e-04,1.271541382412197775e-04
3.843333333333333601e-01,1.919046498484401533e-04,-1.388540242054582172e-04,1.327542349560613443e-04
3.846666666666666567e-01,1.297244506500621957e-04,-1.158736830622672368e-04,1.504152991713123867e-04
3.850000000000000089e-01,1.691904620620565832e-04,-1.051208396722794842e-04,9.313283699104850670e-05
3.853333333333333610e-01,1.483263480851304376e-04,-1.204313549818063325e-04,1.251639574148835600e-04
3.856666666666666576e-01,1.587966661467320433e-04,-1.318109083549252674e-04,1.114491333199606177e-04
3.860000000000000098e-01,1.309071991327111738e-04,-1.311218872094413782e-04,1.360736461268278324e-04
3.863333333333333064e-01,1.509752815574098167e-04,-1.282988058314241825e-04,1.430074143553456702e-04
3.866666666666666585e-01,1.408572536184163446e-04,-1.209572332335856845e-04,1.486309650881661667e-04
3.870000000000000107e-01,1.309130729008689065e-04,-1.176232624542262615e-04,1.242303684875976889e-04
3.873333333333333073e-01,1.102361105021997770e-04,-9.894944585144483838e-05,1.385925583114387921e-04
3.876666666666666594e-01,1.217631833597985558e-04,-1.013443159647064632e-04,1.690948134791480338e-04
3.880000000000000115e-01,1.123086736756594156e-04,-9.256855760545886175e-05,1.613596173924755205e-04
3.883333333333333082e-01,1.442839446975436224e-04,-6.727161714226484977e-05,2.133033442166629319e-04
3.886666666666666603e-01,1.177610805481828151e-04,-4.112271973971580116e-05,1.889085240388392606e-04
3.890000000000000124e-01,1.057746096775534722e-04,-8.478722792715672190e-05,1.944929024978199602e-04
3.893333333333333091e-01,9.950790410576573872e-05,-6.648247617110625274e-05,2.435003633372714936e-04
3.896666666666666612e-01,1.058926153114444780e-04,-9.109203934374344731e-05,2.391265082839527829e-04
3.900000000000000133e-01,1.169271006465844238e-04,-5.750737127854040656e-05,2.983700514724540163e-04
3.903333333333333099e-01,1.195910720530824275e-04,-7.849631808688218042e-05,2.767679139873702458e-04
3.906666666666666621e-01,1.386700092006827492e-04,-7.606659048292346186e-05,3.010395715435546329e-04
3.910000000000000142e-01,1.259344561330310490e-04,-5.405695214602225578e-05,2.977949635959709074e-04
3.913333333333333108e-01,9.644462523802670368e-05,-5.034504682238262740e-05,3.243870014605697120e-04
3.916666666666666630e-01,1.122018649123190844e-04,5.843335159429066849e-06,3.032566728965618874e-04
3.920000000000000151e-01,6.088136565633205165e-05,-1.502188891410831723e-05,2.782483037360396661e-04
3.923333333333333117e-01,3.732160679391848082e-05,-2.527943363708163248e-05,2.806573332658743899e-04
3.926666666666666639e-01,3.950796742709131003e-05,-5.529619224557136417e-05,3.411866384919700116e-04
3.930000000000000160e-01,4.070124654269898482e-05,-5.731533795808657416e-05,3.304355837011331803e-04
3.933333333333333126e-01,2.581969120375913364e-05,-7.329632603427479792e-05,2.660302117315214206e-04
3.936666666666666647e-01,4.095433903064441899e-06,-6.347227362180695256e-05,2.859259242723889553e-04
3.940000000000000169e-01,5.949530631859039855e-06,-8.335817435849228159e-05,2.849494766105165684e-04
3.943333333333333135e-01,-3.841047687586525959e-05,-9.087672023577973701e-05,3.344728968182544165e-04
3.946666666666666656e-01,-4.481147011249046882e-05,-8.541296712981915620e-05,3.329967160208311761e-04
3.950000000000000178e-01,-5.918426127233803504e-05,-7.482280065891092557e-05,3.369411999925358767e-04
3.953333333333333144e-01,-8.326215582935942935e-05,-1.134519223300218686e-04,3.289508398649676653e-04
3.956666666666666665e-01,-8.229643084312147352e-05,-1.563623088337460978e-04,3.040291460728675459e-04
3.960000000000000187e-01,-1.112705802452598232e-04,-1.168031471142454679e-04,3.005029157460369603e-04
3.963333333333333153e-01,-5.341562268728589866e-05,-1.296851838906833772e-04,3.207026306758812770e-04
3.966666666666666674e-01,-6.596435729547653782e-05,-1.299937885298219640e-04,3.511116938575492498e-04
3.970000000000000195e-01,-3.564732444662063119e-05,-9.347541541625533170e-05,3.400332116870067385e-04
3.973333333333333162e-01,-5.233656252864346645e-05,-1.287636414073299455e-04,3.232122976813755566e-04
3.976666666666666683e-01,-6.003319072969896770e-05,-8.569669390147917798e-05,2.953835538316383473e-04
3.980000000000000204e-01,-1.314879368975028705e-05,-1.264741527498835789e-04,3.160507235950624607e-04
3.983333333333333171e-01,-2.406393411747253437e-05,-6.723324542627096554e-05,3.543606558926290701e-04
3.986666666666666692e-01,1.546967164494374364e-08,-1.009924209885324170e-04,3.403813064686938531e-04
3.990000000000000213e-01,1.712050497925079818e-06,-1.001850293445617372e-04,3.481495791067116576e-04
3.993333333333333179e-01,-2.338983084291728495e-05,-8.034318262554726640e-05,3.500495287265039399e-04
3.996666666666666701e-01,-3.418776104285322455e-05,-7.742266077594899074e-05,3.249127430120971700e-04
4.000000000000000222e-01,-7.105503794561991607e-05,-5.515238082693410494e-05,3.391038171973420720e-04
4.003333333333333188e-01,-1.161485203549405192e-04,-9.522017326521967637e-05,3.372899624009723942e-04
4.006666666666666710e-01,-1.346042262269719978e-04,-4.811221614902606907e-05,3.458247866563011899e-04
4.010000000000000231e-01,-9.807532323915268730e-05,-3.590889730136394428e-05,3.435881789913114957e-04
4.013333333333333197e-01,-1.322211895373141680e-04,-4.514827723192932335e-06,3.494754858310199154e-04
4.016666666666666718e-01,-1.115822978581858596e-04,1.945043492421976884e-05,3.688131494911389848e-04
4.020000000000000240e-01,-1.487414888013745978e-04,4.831989928728844448e-05,3.418442798673788940e-04
4.023333333333333206e-01,-1.453765810613878468e-04,4.585145048636708699e-05,3.379081557436667605e-04
4.026666666666666727e-01,-1.365384091332435190e-04,5.487855685270776274e-05,3.574464847828554936e-04
4.030000000000000249e-01,-1.447039802205858931e-04,4.940550366985676996e-05,3.560792432545843668e-04
4.033333333333333215e-01,-1.780572753229923977e-04,6.504174818599058213e-05,2.990446157345977404e-04
4.036666666666666736e-01,-1.752326454800321278e-04,2.254352918180878952e-05,3.502640401038111472e-04
4.040000000000000258e-01,-1.705591111425717673e-04,3.491445651333156358e-05,3.724302931648878568e-04
4.043333333333333224e-01,-2.091558048672225519e-04,5.234045778909012073e-05,2.814899509041260579e-04
4.046666666666666745e-01,-2.257822670520596932e-04,6.396275805434918670e-05,2.968966282637783478e-04
4.050000000000000266e-01,-2.192092485498521625e-04,1.194065740681913413e-04,3.506242682759873721e-04
4.053333333333333233e-01,-2.357937241697099671e-04,1.348547460481836868e-04,2.698578610220810818e-04
4.056666666666666754e-01,-2.134247834228194640e-04,1.207816392990549592e-04,2.646003874523065471e-04
4.060000000000000275e-01,-2.062118505118729062e-04,1.480646865794784891e-04,2.087870669613472118e-04
4.063333333333333242e-01,-2.062263717720406162e-04,1.165877382367573562e-04,1.946944967488887439e-04
4.066666666666666763e-01,-2.147325126390467486e-04,1.000691384088577462e-04,2.277593501124197000e-04
4.069999999999999729e-01,-2.125073334686278367e-04,7.556999180673359148e-05,2.354781312892319657e-04
4.073333333333333250e-01,-1.971695107535053758e-04,2.144142800314189016e-05,2.134955046114901949e-04
4.076666666666666772e-01,-2.251874936393476168e-04,3.657697631285512915e-05,1.495184877697434468e-04
4.079999999999999738e-01,-2.119278155371032005e-04,1.533387917780055203e-05,1.757149132444478024e-04
4.083333333333333259e-01,-2.400294180390797542e-04,6.863973242162506295e-05,1.732114870976979163e-04
4.086666666666666781e-01,-2.545981578327354109e-04,3.104528151782321826e-05,1.672642389867933844e-04
4.089999999999999747e-01,-2.233243942051330326e-04,4.944480086323085113e-05,1.795768582308516505e-04
4.093333333333333268e-01,-2.337220787725249709e-04,4.402936026526392527e-05,1.531677500955884582e-04
4.096666666666666790e-01,-2.361664637073857236e-04,4.897872268832510154e-05,1.201711615671836620e-04
4.099999999999999756e-01,-2.187698308662377415e-04,5.308160337387484568e-05,1.458349007208042979e-04
4.103333333333333277e-01,-2.184556114631704560e-04,2.527840544643744820e-05,1.856241052179163128e-04
4.106666666666666798e-01,-1.953662639290831913e-04,4.699637602744444063e-05,1.415052251419458525e-04
4.109999999999999765e-01,-2.200375042468338707e-04,2.620451059799388369e-05,1.893128736309758226e-04
4.113333333333333286e-01,-1.923546252730641689e-04,6.471346906268577598e-05,1.478093052367796933e-04
4.116666666666666807e-01,-1.658609396108942863e-04,1.237721350048390885e-04,1.772799174267911603e-04
4.119999999999999774e-01,-1.604646326629513792e-04,1.269037951345157531e-04,1.519515518625565978e-04
4.123333333333333295e-01,-1.578797123862428074e-04,1.106531371878546763e-04,1.327981386716468903e-04
4.126666666666666816e-01,-1.629663412240921791e-04,1.039805423547557280e-04,2.063222180298126228e-04
4.129999999999999782e-01,-1.624747938480779479e-04,1.037314141990011474e-04,1.472735057431362644e-04
4.133333333333333304e-01,-1.446407012460348160e-04,1.191144338658023464e-04,1.686399419584318779e-04
4.136666666666666825e-01,-1.683597112879562198e-04,1.032240713823047028e-04,1.180235587074264519e-04
4.139999999999999791e-01,-1.501972859232445791e-04,4.968493311997522341e-05,1.009158482152405502e-04
4.143333333333333313e-01,-1.387396309437228332e-04,9.077753966787744516e-05,6.824819648354009188e-05
4.146666666666666834e-01,-1.289754159561190810e-04,6.802594029059777123e-05,1.502709031163171728e-04
4.149999999999999800e-01,-1.653396698802671121e-04,1.749971656170352550e-04,1.257118322445161440e-04
4.153333333333333321e-01,-2.131796623757187812e-04,1.694380624534362753e-04,8.230943177965170654e-05
4.156666666666666843e-01,-1.884538993489114165e-04,1.490459514772680071e-04,7.771789412196612431e-05
4.159999999999999809e-01,-2.137409063618638135e-04,1.975117133475912969e-04,6.643724441216780608e-05
4.163333333333333330e-01,-2.243542615554545007e-04,1.919095851936183168e-04,3.305240915854945681e-05
4.166666666666666852e-01,-2.011542098076167474e-04,2.997805881053003862e-04,5.363002985580406744e-05
4.169999999999999818e-01,-2.647414756068524363e-04,2.551183699989296940e-04,9.431237760655425815e-06
4.173333333333333339e-01,-2.546036508936977199e-04,2.463771520087594102e-04,1.854427032183953233e-05
4.176666666666666861e-01,-2.510513264400857027e-04,2.404509385031065177e-04,-2.021973524706895462e-05
4.179999999999999827e-01,-2.396174928536480499e-04,2.208071051122332369e-04,-2.883026257032971634e-05
4.183333333333333348e-01,-2.604994184886451325e-04,2.298949823359162155e-04,-8.780295248932441636e-05
4.186666666666666869e-01,-2.185378442173786329e-04,2.114017697315368144e-04,-4.326914238860188772e-05
4.189999999999999836e-01,-2.021862254342551444e-04,1.559271023143985304e-04,-1.095209377290540427e-04
4.193333333333333357e-01,-1.899335450572366081e-04,1.231205212667501692e-04,-6.504413714728029053e-05
4.196666666666666878e-01,-1.519084831864912755e-04,1.265249318769204475e-04,-1.189186077042913846e-05
4.199999999999999845e-01,-1.440438611371191080e-04,1.275099245717098710e-04,-5.072394975415142545e-05
4.203333333333333366e-01,-1.343890722748241500e-04,1.005918583881788419e-04,-2.687609004758614940e-05
4.206666666666666887e-01,-1.106972759990316676e-04,8.532432923780723579e-05,-3.880687033186263051e-05
4.209999999999999853e-01,-6.982359973201535033e-05,4.911231502456155166e-05,-2.140102821200719386e-05
4.213333333333333375e-01,-6.426041386397092394e-05,1.344634540936559063e-05,-4.859790688431233849e-05
4.216666666666666896e-01,2.600832482074113807e-05,6.079492017253795269e-05,3.090430557873020126e-05
4.219999999999999862e-01,2.067520506972185537e-05,1.445150445042538364e-05,1.199383595647713348e-05
4.223333333333333384e-01,6.580433798855532459e-05,-2.976032976528398112e-05,-2.114104184842493852e-06
4.226666666666666905e-01,7.523463877407217555e-05,3.254580394459537191e-05,-2.038539376267005867e-05
4.229999999999999871e-01,3.634694878527397992e-05,4.377255647193661192e-05,2.180475617515897110e-05
4.233333333333333393e-01,3.613812409024979298e-05,7.680500577530884109e-05,-6.634699623510926408e-05
4.236666666666666914e-01,1.002162068275922545e-05,1.275365471370993803e-05,-7.177706583322865331e-05
4.239999999999999880e-01,2.509905667207938765e-05,5.812493734630881501e-05,-3.520072798585387202e-05
4.243333333333333401e-01,3.510441567626036122e-05,9.250778111289941917e-05,-1.434847650242769839e-04
4.246666666666666923e-01,2.716276840324578868e-05,9.254786787438807119e-05,-1.220981548702495276e-04
4.249999999999999889e-01,-2.805189939134648889e-06,6.531930079386949679e-05,-1.754465248342994201e-04
4.253333333333333410e-01,-5.182760459678208002e-05,6.496312791176326131e-05,-1.909042901539057988e-04
4.256666666666666932e-01,-2.066205019113175108e-05,9.074761374196147195e-05,-2.092797295046397606e-04
4.259999999999999898e-01,4.865067490296059014e-06,8.038854479756866078e-05,-2.249446332800599630e-04
4.263333333333333419e-01,4.566948903946196767e-05,9.296054017977423362e-05,-1.970682266858655855e-04
4.266666666666666941e-01,1.007200999940861361e-05,5.007574344920565811e-05,-2.233056096102831558e-04
4.269999999999999907e-01,5.777644732303610932e-06,9.870089452875437368e-05,-2.108443273054834866e-04
4.273333333333333428e-01,2.350816288258168919e-05,7.918846598212802104e-05,-2.302917720250039109e-04
4.276666666666666394e-01,3.595473879389020225e-05,5.429449649150268787e-05,-1.718874646877483392e-04
4.279999999999999916e-01,8.710572137277893510e-05,4.652579343116379387e-05,-1.822709764394155171e-04
4.283333333333333437e-01,6.492739256061801512e-05,5.566290864022063799e-05,-2.283434339795051022e-04
4.286666666666666403e-01,1.404476126761570738e-04,-6.729365656583777050e-06,-1.464267058363827605e-04
4.289999999999999925e-01,1.460455312774397137e-04,-4.796048963363378322e-05,-1.254609617797269947e-04
4.293333333333333446e-01,1.900491917515048342e-04,-4.181484091082979606e-05,-1.926121374333707734e-04
4.296666666666666412e-01,1.953464604418993667e-04,-9.519827892971498360e-05,-9.887809652611995322e-05
4.299999999999999933e-01,2.902420254500351088e-04,-3.304555442137371239e-05,-1.032658556321761761e-04
4.303333333333333455e-01,2.698375338314510882e-04,-9.430943880441808877e-05,-1.533396905539192805e-04
4.306666666666666421e-01,3.015300209872603184e-04,-1.044954370068462051e-04,-1.083917196505689945e-04
4.309999999999999942e-01,3.297295740119411830e-04,-1.294249111751478109e-04,-5.628041851228221288e-05
4.313333333333333464e-01,2.839122788456934312e-04,-1.482793317763312290e-04,-8.048196074615459293e-05
4.316666666666666430e-01,3.191898040805486681e-04,-1.007245567697314000e-04,-9.631551284392322757e-05
4.319999999999999951e-01,3.180961954683674290e-04,-1.592078605436794692e-04,-8.673480774478447045e-05
4.323333333333333472e-01,3.139768892273081514e-04,-1.689893409966587029e-04,-3.055021421303380334e-05
4.326666666666666439e-01,3.377773706090469118e-04,-1.718146745853633777e-04,-1.516099674424080324e-05
4.329999999999999960e-01,2.469321766462304123e-04,-1.358117923725607175e-04,3.339469849024180760e-05
4.333333333333333481e-01,2.851403586779671260e-04,-7.705373183848367635e-05,-7.910067002889612008e-05
4.336666666666666448e-01,2.396583577773896525e-04,-1.329141032795869311e-04,-6.832865756357811918e-05
4.339999999999999969e-01,2.291018095360280841e-04,-9.531208675999877384e-05,-3.847471151041117424e-05
4.343333333333333490e-01,2.639388021590537733e-04,-1.202814794211744270e-04,-4.249231512480010727e-05
4.346666666666666456e-01,1.812974675500892980e-04,-7.846012091913823205e-05,-3.204439190544081876e-05
4.349999999999999978e-01,2.752525226253401129e-04,-7.374837966734233707e-05,-7.143667778640959681e-05
4.353333333333333499e-01,2.113426890581092605e-04,-9.061381346923902608e-05,-5.561028090575954104e-05
4.356666666666666465e-01,2.414194004898637255e-04,-1.188460445888955440e-04,-9.213802713667800035e-05
4.359999999999999987e-01,2.082389192608014527e-04,-1.165975616984481927e-04,-6.885023370473432303e-05
4.363333333333333508e-01,2.624316095658036849e-04,-1.215138787543538975e-04,-7.389506815482497397e-05
4.366666666666666474e-01,2.459709453645668258e-04,-8.039198699564508159e-05,-2.174299824394982855e-05
4.369999999999999996e-01,2.556349527796649237e-04,-1.001008367904439235e-04,-3.041396030165627052e-05
4.373333333333333517e-01,2.889525157924452479e-04,-1.313240037030304140e-04,-8.704973509418548650e-06
4.376666666666666483e-01,2.695745195461661981e-04,-9.338020126788257238e-05,-3.547034379804560143e-06
4.380000000000000004e-01,2.830337969922889769e-04,-1.045849235504534935e-04,1.727711475147846517e-05
4.383333333333333526e-01,2.939746419540440283e-04,-1.117811444246443283e-04,5.114128424072847867e-05
4.386666666666666492e-01,2.659209813653178414e-04,-1.161304480243758057e-04,5.076157878381976454e-05
4.390000000000000013e-01,2.809135298475761182e-04,-1.200164692969514626e-04,7.779549121795888340e-05
4.393333333333333535e-01,2.898000243961661821e-04,-1.349118141593526300e-04,1.220515395636810482e-04
4.396666666666666501e-01,2.864484957947608973e-04,-1.434689721726522247e-04,1.556359807017449880e-04
4.400000000000000022e-01,2.755302213310192806e-04,-1.130714799361974484e-04,1.626787027130399146e-04
4.403333333333333544e-01,2.735119293279336629e-04,-1.303252000381058815e-04,2.004838221063102446e-04
4.406666666666666510e-01,2.771789826142190445e-04,-1.665304705630288025e-04,2.255198832633075530e-04
4.410000000000000031e-01,2.844495654718988929e-04,-1.417038602931935574e-04,2.271873246108088327e-04
4.413333333333333552e-01,2.486227069474406838e-04,-1.490397117581363504e-04,2.928884585056309151e-04
4.416666666666666519e-01,2.655208581029437826e-04,-7.517995079335568849e-05,2.251558525213847532e-04
4.420000000000000040e-01,2.111981834840807458e-04,-1.187172673237839673e-04,1.864210193387000575e-04
4.423333333333333561e-01,1.850536063201002114e-04,-9.726032666707815381e-05,2.469003251267155733e-04
4.426666666666666528e-01,2.172469409848400558e-04,-1.030753858090617525e-04,2.577314951274803866e-04
4.430000000000000049e-01,1.365394085749516780e-04,-9.853006868895466410e-05,2.849406523265245227e-04
4.433333333333333570e-01,2.046258992028929453e-04,-6.945958157829173736e-05,2.985378289773032295e-04
4.436666666666666536e-01,1.561474879341127723e-04,-6.551685378260281784e-05,2.926718281390756427e-04
4.440000000000000058e-01,1.439291799781653705e-04,-1.071446127716956247e-04,3.045930874853606737e-04
4.443333333333333579e-01,8.643868837470984243e-05,-1.092938495388900803e-04,3.648485786624524013e-04
4.446666666666666545e-01,9.321475977892546255e-05,-1.346259387269218308e-04,3.351810746358678951e-04
4.450000000000000067e-01,4.850834441467924142e-05,-1.626183029364954220e-04,3.414103805347688965e-04
4.453333333333333588e-01,2.556464797537810795e-05,-2.298041811660886250e-04,3.553424735957465773e-04
4.456666666666666554e-01,-6.843925620794267877e-06,-2.179959440817193380e-04,3.511821720204859223e-04
4.460000000000000075e-01,-1.961318147275374521e-05,-2.129628744947747153e-04,3.389008586655244777e-04
4.463333333333333597e-01,1.954841034728372666e-05,-2.170880184124072520e-04,3.557424691003870446e-04
4.466666666666666563e-01,-2.702682865579375502e-05,-2.217044290221741542e-04,4.329681324024758026e-04
4.470000000000000084e-01,6.608431112383369130e-06,-1.775351085191252318e-04,4.252601203354038095e-04
4.473333333333333606e-01,-5.435451762982086444e-06,-1.975998982087178422e-04,4.150459245328344668e-04
4.476666666666666572e-01,-5.273253501881241823e-06,-1.686827555808950740e-04,3.850896574235094833e-04
4.480000000000000093e-01,1.903061456981465445e-05,-1.989507845340403639e-04,3.872345970330815824e-04
4.483333333333333059e-01,-4.328939594690558453e-05,-1.574069462805341457e-04,4.105690807966082875e-04
4.486666666666666581e-01,-3.758498810439303025e-05,-1.789862699949975071e-04,4.028398788370553718e-04
4.490000000000000102e-01,-2.421352825106825774e-05,-1.615828555448113320e-04,4.136298881973572358e-04
4.493333333333333068e-01,-4.005978882482979397e-05,-1.060138865129408588e-04,3.714955576612280204e-04
4.496666666666666590e-01,-1.061711705229931567e-04,-4.114583078674130171e-05,3.795485876214898841e-04
4.500000000000000111e-01,-6.237853740701137975e-05,1.921049682356913937e-05,3.521400132151249847e-04
4.503333333333333077e-01,-1.376968195487574757e-04,-1.337319950032922097e-05,3.483496639407818239e-04
4.506666666666666599e-01,-1.499174661346195183e-04,3.499095401426727226e-05,3.658964623865105311e-04
4.510000000000000120e-01,-9.934500892921025448e-05,6.308122467004691799e-05,3.631327488892446224e-04
4.513333333333333086e-01,-1.359760502188833600e-04,6.897129925478397204e-05,3.565658560731469807e-04
4.516666666666666607e-01,-9.774508694050715503e-05,1.267946017473932938e-04,4.061907845740435493e-04
4.520000000000000129e-01,-1.130242671508511853e-04,1.130596113636524820e-04,3.830070973741313148e-04
4.523333333333333095e-01,-8.496802319187042487e-05,9.192507984435057116e-05,3.719003716893641695e-04
4.526666666666666616e-01,-1.000342521131257571e-04,6.986978893794000642e-05,4.221232034852233513e-04
4.530000000000000138e-01,-1.061570299700208432e-04,6.457414264981403489e-05,4.003156111248242399e-04
4.533333333333333104e-01,-1.240970611475291122e-04,9.315303947485305421e-05,3.288969652890161082e-04
4.536666666666666625e-01,-1.507248645159670899e-04,3.256201597842311101e-05,3.654743481173899672e-04
4.540000000000000147e-01,-1.302198390044241984e-04,2.047318450737290005e-05,4.088669809126381418e-04
4.543333333333333113e-01,-1.752253576565771691e-04,2.731421622366580964e-05,3.420040458512353253e-04
4.546666666666666634e-01,-2.229395264239464141e-04,3.856629964937104051e-05,3.710635741271162721e-04
4.550000000000000155e-01,-2.109032780875174469e-04,1.078677285638938690e-04,3.931345597537786547e-04
4.553333333333333122e-01,-2.496742813209230677e-04,1.081532933465746715e-04,3.109583860503894776e-04
4.556666666666666643e-01,-2.472588573262844377e-04,6.016114290759445849e-05,3.025282340584666062e-04
4.560000000000000164e-01,-2.481133274330070870e-04,7.568352134661635012e-05,2.767584220766287971e-04
4.563333333333333131e-01,-2.665964170297368814e-04,4.032311459175697503e-05,2.628562851376241836e-04
4.566666666666666652e-01,-2.827701911658624958e-04,3.055325114505349468e-05,2.474688238174546119e-04
4.570000000000000173e-01,-2.769085240582752627e-04,-9.970458632565162775e-06,2.823639033463405407e-04
4.573333333333333139e-01,-2.493969905158103595e-04,-5.187498389735721501e-05,2.294771827658756880e-04
4.576666666666666661e-01,-3.216222578385189053e-04,-4.904630435197033405e-05,1.344904418587508361e-04
4.580000000000000182e-01,-2.655602136239489596e-04,-5.469285865612715512e-05,1.581467797699882577e-04
4.583333333333333148e-01,-2.725029803930111732e-04,5.787879919439791317e-05,1.565858974571411740e-04
4.586666666666666670e-01,-2.687438775455502763e-04,3.395435462976029780e-05,1.601444351131927398e-04
4.590000000000000191e-01,-2.374077595180142629e-04,4.441539435458821743e-05,1.456368187669823406e-04
4.593333333333333157e-01,-2.485006970043349681e-04,8.102639934048081524e-05,9.669313079572347210e-05
4.596666666666666679e-01,-2.053332326916129202e-04,6.249444612352940973e-05,8.176308088064276924e-05
4.600000000000000200e-01,-2.221462414022000659e-04,1.243464487301381219e-04,1.161791672440842094e-04
4.603333333333333166e-01,-2.007049753170350151e-04,1.068716171968026046e-04,1.299153989358629196e-04
4.606666666666666687e-01,-1.583349838052088400e-04,1.103675724051738602e-04,8.541594984229702739e-05
4.610000000000000209e-01,-2.052813205461818849e-04,1.094867509265486598e-04,1.207459809416045122e-04
4.613333333333333175e-01,-1.712629843601393945e-04,1.496607791074619498e-04,6.735517313809275171e-05
4.616666666666666696e-01,-1.614891973059082500e-04,1.719040519438368587e-04,1.119646572794972552e-04
4.620000000000000218e-01,-1.859756858604015204e-04,1.696653286330351146e-04,8.679418544149575981e-05
4.623333333333333184e-01,-1.634000211064043720e-04,1.545251399926813490e-04,6.547300270890947353e-05
4.626666666666666705e-01,-1.588729502656917704e-04,1.647598325434208400e-04,5.949357789140884698e-05
4.630000000000000226e-01,-1.399688528975826906e-04,1.487912445697531542e-04,6.205068993698549008e-05
4.633333333333333193e-01,-1.440960724096322426e-04,2.027975223936341587e-04,1.075337564231673097e-04
4.636666666666666714e-01,-1.838089180511066651e-04,1.772352417408578338e-04,6.084713307131725275e-05
4.640000000000000235e-01,-1.436983149705439418e-04,1.260929475120764064e-04,2.800536863746079104e-05
4.643333333333333202e-01,-1.466001467940588005e-04,1.550217653930030515e-04,4.633954575235683791e-05
4.646666666666666723e-01,-1.589601322134402651e-04,1.430641575538456052e-04,3.923730336499040629e-05
4.650000000000000244e-01,-1.704841934051896392e-04,1.826085763539611498e-04,4.384852875497078815e-05
4.653333333333333210e-01,-1.835107155436176401e-04,1.420647196456815205e-04,3.039944913355896561e-05
4.656666666666666732e-01,-1.697358862192436743e-04,1.127913911920129308e-04,2.544560059851153823e-05
4.660000000000000253e-01,-1.647617291642663236e-04,1.224718845887653562e-04,2.093643501943942721e-05
4.663333333333333219e-01,-2.042700534616932100e-04,1.178754591129146972e-04,-3.254933163317104230e-06
4.666666666666666741e-01,-1.748481584060409058e-04,1.353664638488592158e-04,-6.612108786299637988e-06
4.670000000000000262e-01,-2.020075377927532071e-04,7.099102743558041728e-05,-4.130830431279838795e-06
4.673333333333333228e-01,-1.647454947217192613e-04,9.846653517986403686e-05,-1.400413021015560715e-05
4.676666666666666750e-01,-1.487679207580843680e-04,7.254263233061699657e-05,-3.418924443326299876e-05
4.680000000000000271e-01,-1.344649145868236930e-04,8.359210740062906196e-05,-4.319436819266909587e-05
4.683333333333333237e-01,-1.027033494700762184e-04,9.261826887398016852e-05,-1.588783908358750899e-05
4.686666666666666758e-01,-9.593166979529333923e-05,1.003954759712251106e-04,8.804340042159821475e-07
4.689999999999999725e-01,-5.241771434635039272e-05,6.404517084427434315e-05,-5.044604286290121442e-05
4.693333333333333246e-01,-6.922346922519646947e-05,7.707216456030258284e-05,-1.843336925642455817e-05
4.696666666666666767e-01,-2.522025744175451477e-05,8.465590158199996990e-05,-2.309529073848437224e-05
4.699999999999999734e-01,-2.595388020730617838e-05,1.398134409074842401e-04,-4.642347558876673872e-05
4.703333333333333255e-01,5.226494585593974237e-06,1.088529477741259936e-04,-3.010603923393303364e-05
4.706666666666666776e-01,3.745970153071004409e-05,8.582853966952459605e-05,-3.767210804863256260e-05
4.709999999999999742e-01,2.860752501644892769e-05,1.042760997043946453e-04,-7.885402548586779804e-05
4.713333333333333264e-01,3.976655599122957626e-05,8.557989043213458965e-05,-8.366027045479790237e-05
4.716666666666666785e-01,4.473229669785130333e-05,8.394862976370403857e-05,-9.084317956984182230e-05
4.719999999999999751e-01,2.801415886069132168e-05,4.758272743055571197e-05,-1.126874914014579096e-04
4.723333333333333273e-01,7.121383372148199962e-05,1.414536559367734529e-05,-1.279312968615066144e-04
4.726666666666666794e-01,7.480210101334621299e-05,6.318098583595031498e-06,-1.458327792746665877e-04
4.729999999999999760e-01,7.418838741766259554e-05,4.041534250122306175e-06,-1.194387362821398212e-04
4.733333333333333282e-01,4.581291707616063160e-05,6.434669902279801104e-06,-1.239213854683607710e-04
4.736666666666666803e-01,1.054527323252908553e-05,-2.742382620973713933e-05,-1.226200067702804778e-04
4.739999999999999769e-01,5.125351182811221316e-05,-5.286778490305010764e-05,-1.038940924033615110e-04
4.743333333333333290e-01,6.877234488064345097e-05,-6.313858672228924021e-06,-1.213048401284625420e-04
4.746666666666666812e-01,7.603368879049184190e-05,-1.173995843974247176e-05,-7.689613747512757187e-05
4.749999999999999778e-01,8.067699089763113074e-05,2.511321097000902529e-05,-7.693152169284576893e-05
4.753333333333333299e-01,6.470319681257922129e-05,1.390882522466725926e-05,-6.548477080188423261e-05
4.756666666666666821e-01,7.720647770097523155e-05,1.030851111590782900e-05,-3.326802111446600443e-05
4.759999999999999787e-01,1.039836678535543030e-04,2.600539058011833664e-05,-6.765847641618048097e-05
4.763333333333333308e-01,6.620917250247255461e-05,2.219147240888994863e-05,-4.233639525156525124e-05
4.766666666666666829e-01,9.877664716349982292e-05,1.787498118900145882e-05,-7.179700755396072965e-05
4.769999999999999796e-01,9.309302185485090759e-05,-3.562229701951649078e-05,-5.302154367133632309e-05
4.773333333333333317e-01,9.666699903020175785e-05,-1.715495895056357129e-05,-4.071767614314517232e-05
4.776666666666666838e-01,1.082371325909383243e-04,-2.866372320407008223e-05,-4.584133409053997246e-05
4.779999999999999805e-01,1.221866657279480138e-04,-2.917409485582896022e-05,-4.951972526173379865e-05
4.783333333333333326e-01,1.425303257753800126e-04,-2.838110959401420042e-05,7.196676516788873124e-06
4.786666666666666847e-01,1.492981032014099483e-04,-2.601027924109316282e-05,-1.150161842177989281e-05
4.789999999999999813e-01,1.476104825909074531e-04,-6.815777144159826948e-05,-3.944794786197048926e-06
4.793333333333333335e-01,1.714316037413115483e-04,-6.143994471052643350e-05,2.556191658834792687e-06
4.796666666666666856e-01,1.700576042797121400e-04,-9.886275515558750617e-05,1.876719960163916026e-05
4.799999999999999822e-01,2.209423297638122446e-04,-3.098944786047915520e-05,3.494967375771917896e-05
4.803333333333333344e-01,1.841059717239869201e-04,-9.656994642893807163e-05,1.335122273338210032e-05
4.806666666666666865e-01,2.057856692869619206e-04,-1.246852632208108734e-04,1.861262949552808889e-05
4.809999999999999831e-01,1.893493703462312001e-04,-1.202197507271029553e-04,2.416107221904108864e-05
4.813333333333333353e-01,1.691119276063180930e-04,-1.330890638075307372e-04,2.723925242889938556e-05
4.816666666666666874e-01,1.723595503367480097e-04,-7.640941189764981071e-05,-1.642355149548100512e-05
4.819999999999999840e-01,1.466010646556536350e-04,-1.081053230110272910e-04,-5.739208961815803011e-05
4.823333333333333361e-01,1.536160298249879123e-04,-1.313791310899145213e-04,-3.016148128138320379e-05
4.826666666666666883e-01,1.568495391958166327e-04,-9.786245648874114110e-05,-5.188743450123067618e-05
4.829999999999999849e-01,1.368352452591549721e-04,-8.756763379576869917e-05,-9.115273687799765699e-06
4.833333333333333370e-01,1.798632347715020663e-04,-1.438041012411292503e-05,-3.006065512859882761e-05
4.836666666666666892e-01,1.612081471025610948e-04,-3.242316117539349778e-05,-3.807150849464857752e-05
4.839999999999999858e-01,1.497857891187278983e-04,-5.349916757617073756e-05,-1.545141438022977384e-05
4.843333333333333379e-01,1.758056030960989280e-04,-5.509371332727402157e-05,-1.109115859352381940e-05
4.846666666666666901e-01,1.569055575402838413e-04,-9.423812527118539408e-05,-1.145495711744683253e-05
4.849999999999999867e-01,2.088234407726085868e-04,-2.872171115740205556e-05,4.442702733332582897e-05
4.853333333333333388e-01,1.736401133752458212e-04,-1.090472195248750183e-04,3.042764910690861976e-05
4.856666666666666909e-01,2.250754230440195293e-04,-1.341226602444544605e-04,3.506216886499306486e-05
4.859999999999999876e-01,1.818410630383900421e-04,-1.192905326061767909e-04,3.871159084071292591e-05
4.863333333333333397e-01,2.061999602956793558e-04,-1.270523625407971090e-04,4.369882071323034808e-05
4.866666666666666918e-01,1.986822440814374003e-04,-7.744062021462044235e-05,6.531664742692500124e-05
4.869999999999999885e-01,1.974259647233324571e-04,-9.962452658939778560e-05,6.894776772153631591e-05
4.873333333333333406e-01,2.128829215972465820e-04,-9.583396539624696809e-05,9.504155284033293384e-05
4.876666666666666927e-01,2.047939270429234538e-04,-8.727975208370251459e-05,1.057675861416922629e-04
4.879999999999999893e-01,1.915815382130229714e-04,-7.262431296260303201e-05,1.184897218283824632e-04
4.883333333333333415e-01,2.056169072259116549e-04,-7.972058875160351597e-05,1.441337006815833488e-04
4.886666666666666936e-01,1.859933820319654356e-04,-7.355319454630002780e-05,1.459915172480385278e-04
4.889999999999999902e-01,1.950752065651710130e-04,-1.044347567556809704e-04,1.516849801124211747e-04
4.893333333333333424e-01,1.819852422919653674e-04,-1.061007454774127822e-04,1.952894682916040011e-04
4.896666666666666390e-01,1.978948056344776948e-04,-1.179011515993343313e-04,1.979213109922384629e-04
4.899999999999999911e-01,1.983742519603521541e-04,-9.122919768023501842e-05,2.127187934566883247e-04
4.903333333333333433e-01,1.713444761803052609e-04,-7.761135461159040323e-05,1.842044114489423676e-04
4.906666666666666399e-01,1.849326502054448077e-04,-1.051254864747897937e-04,2.032042850011150622e-04
4.909999999999999920e-01,1.511629702047460650e-04,-7.950873856584805865e-05,1.996069524254733810e-04
4.913333333333333441e-01,1.457122221278598240e-04,-7.453610329901659050e-05,2.328918033165566022e-04
4.916666666666666408e-01,1.283716348245501405e-04,-1.318979318230747503e-05,1.780280077131187692e-04
4.919999999999999929e-01,1.195251961115912590e-04,-2.872215124454787849e-05,1.795800512283487777e-04
4.923333333333333450e-01,1.081627587209782145e-04,-6.510411675851873888e-05,2.013233772573056325e-04
4.926666666666666416e-01,1.033328421046611554e-04,-5.417906985711835806e-05,2.105126063496712578e-04
4.929999999999999938e-01,1.121273890672173462e-04,-8.735874125450795557e-05,2.566282854649719835e-04
4.933333333333333459e-01,1.154721329225330149e-04,-6.117683084415238696e-05,2.600229062404208662e-04
4.936666666666666425e-01,1.021186036982776884e-04,-7.992074426864570382e-05,2.638427181734875567e-04
4.939999999999999947e-01,9.849274836920969252e-05,-1.202909671822887820e-04,2.858573328807005815e-04
4.943333333333333468e-01,6.282588884196457129e-05,-1.375605304214468408e-04,3.293153060156400747e-04
4.946666666666666434e-01,7.245576177798862701e-05,-1.834731784902361783e-04,3.208282025592684022e-04
4.949999999999999956e-01,1.458103803839596498e-05,-1.871121814366092739e-04,3.147582562627241460e-04
4.953333333333333477e-01,-1.323385115538153963e-05,-2.468526135582101394e-04,3.236072134172705709e-04
4.956666666666666443e-01,-4.392762436663638333e-05,-2.452454153016644781e-04,3.374500186573285471e-04
4.959999999999999964e-01,-4.329102075082883985e-05,-2.404404402936520101e-04,2.961805550341719434e-04
4.963333333333333486e-01,-4.416672208203830410e-05,-2.359086817407581439e-04,3.479333260944060123e-04
4.966666666666666452e-01,-5.965892156489879821e-05,-2.364243085507877556e-04,3.345204144264616697e-04
4.969999999999999973e-01,-4.314019951636220257e-05,-1.814759076976162956e-04,3.246891461055481458e-04
4.973333333333333495e-01,-7.021439566810189529e-05,-1.973165079742869620e-04,3.058528701342284081e-04
4.976666666666666461e-01,-7.582671315938229926e-05,-1.678021282583636096e-04,2.805685969627041781e-04
4.979999999999999982e-01,-4.639434185751349881e-05,-1.821192115548928893e-04,2.808969822416590369e-04
4.983333333333333504e-01,-9.366066601145766181e-06,-1.063804273304531087e-04,3.389676213404645079e-04
4.986666666666666470e-01,-2.238244221298183953e-05,-8.077657785800585811e-05,2.553733213395999852e-04
4.989999999999999991e-01,-2.198406952387238529e-05,-6.610558683379736745e-05,2.525413647776453795e-04
4.993333333333333512e-01,-5.552740550021536121e-05,-3.458833168601466770e-05,2.902934513852133396e-04
4.996666666666666479e-01,-4.053184535210767970e-05,-2.218806736872694528e-05,2.246425201192211519e-04
5.000000000000000000e-01,-3.521416803670214584e-05,4.240666835243734559e-05,2.926507253283446258e-04
5.003333333333332966e-01,-4.350848613952024515e-05,3.745973935241778488e-05,2.552378511639717251e-04
5.006666666666667043e-01,-4.192512491381740410e-05,2.412506376769832701e-06,2.340656653055015162e-04
5.010000000000000009e-01,-4.827108556567780617e-05,1.531866381192069907e-05,3.064143152032237352e-04
5.013333333333332975e-01,-2.964189958271012476e-05,9.738326443535764325e-06,3.166303397225414757e-04
5.016666666666667052e-01,-3.010509786935199023e-05,7.239948751456826137e-05,2.926960078383039035e-04
5.020000000000000018e-01,-4.586054278115172817e-05,3.417838487446338503e-05,3.008463081132283575e-04
5.023333333333332984e-01,-4.121852556079695352e-05,1.024238155037812627e-05,2.904500243715726166e-04
5.026666666666667060e-01,-5.384290532904665807e-05,-1.312436257871525798e-05,3.702156301008784479e-04
5.030000000000000027e-01,-5.147169095747481174e-05,-2.183147381508425573e-05,3.529280449974166742e-04
5.033333333333332993e-01,-6.427097848864349685e-05,1.865678953168627125e-05,3.190065684599057089e-04
5.036666666666667069e-01,-8.153093064829714171e-05,-3.637877122790241923e-05,3.424309205893516159e-04
5.040000000000000036e-01,-8.038107934633710605e-05,-4.454177295528937314e-05,3.740294624204505160e-04
5.043333333333333002e-01,-9.748261652264428323e-05,-2.783059293393855027e-05,3.103609181641765009e-04
5.046666666666667078e-01,-1.306798420699617469e-04,-2.836415005922553485e-05,3.631235762782528457e-04
5.050000000000000044e-01,-1.057873360899083540e-04,4.696492274025767654e-05,3.696703532101185455e-04
5.053333333333333011e-01,-1.319920309990495113e-04,4.889533911793121743e-05,3.217417481704472619e-04
5.056666666666667087e-01,-1.415458780678191118e-04,1.994143626969264462e-05,3.314037585967629599e-04
5.060000000000000053e-01,-1.268569163805277817e-04,2.982185866804458387e-05,3.275569513212205357e-04
5.063333333333333020e-01,-1.475497121195202188e-04,-4.228091532079855304e-06,3.248332954289185909e-04
5.066666666666667096e-01,-1.279701586066436434e-04,-8.256934027214667335e-06,3.058253232740031275e-04
5.070000000000000062e-01,-1.499836276065072546e-04,-3.725406572972567106e-05,3.019670502347209960e-04
5.073333333333333028e-01,-1.663651862912124879e-04,-1.856787814783777166e-05,3.061614298014510467e-04
5.076666666666667105e-01,-1.907622086547848300e-04,-4.727495035409776011e-05,2.843488157268064917e-04
5.080000000000000071e-01,-1.970728655126138763e-04,-3.140855644037298739e-05,2.824017258530565292e-04
5.083333333333333037e-01,-1.710364907722425950e-04,4.909564348797861060e-05,2.219162662880465255e-04
5.086666666666667114e-01,-2.005273754103770872e-04,2.792817662330768230e-05,2.458670711366443004e-04
5.090000000000000080e-01,-2.199130673806775824e-04,2.506570097386951027e-05,2.227962418846306106e-04
5.093333333333333046e-01,-1.918483118965423086e-04,-2.028053875857110036e-05,2.269620441237613258e-04
5.096666666666667123e-01,-1.763809943482388541e-04,-3.180351200220488182e-05,2.332425105507413736e-04
5.100000000000000089e-01,-1.727715910086867089e-04,-4.326431593561927935e-06,1.834110386526554540e-04
5.103333333333333055e-01,-2.025000369367559432e-04,-1.833566098784841921e-05,2.030401068752626351e-04
5.106666666666667131e-01,-1.471960079416148863e-04,-3.237244760370718553e-05,1.257814105627035929e-04
5.110000000000000098e-01,-1.992597564165231652e-04,-3.957871929168425184e-05,2.170961317800039112e-04
5.113333333333333064e-01,-1.790299550138893503e-04,2.699884200872528094e-05,1.911158577222302657e-04
5.116666666666667140e-01,-1.929204105521830053e-04,1.854665125157426982e-05,1.834108935164055932e-04
5.120000000000000107e-01,-2.146624081283494338e-04,5.349392619829227373e-05,1.763635271451148231e-04
5.123333333333333073e-01,-2.030560597956496756e-04,5.093000437420648402e-05,1.409434172323258193e-04
5.126666666666667149e-01,-1.971781854388864703e-04,7.319512624299754819e-05,1.545425967633527351e-04
5.130000000000000115e-01,-1.618913328777437332e-04,8.558201320542620856e-05,1.531204066508810163e-04
5.133333333333333082e-01,-2.084122565212191930e-04,6.347347175437106177e-05,1.265925915768494883e-04
5.136666666666667158e-01,-1.932642435363788463e-04,8.823386185249951729e-05,1.456048887920110418e-04
5.140000000000000124e-01,-1.857303744597031258e-04,9.929602178730293849e-05,1.364516389759880862e-04
5.143333333333333091e-01,-1.760778698405806014e-04,1.621425048498154563e-04,8.260269408613811232e-05
5.146666666666667167e-01,-1.635428950781668588e-04,1.796046968214481824e-04,1.312676624031474857e-04
5.150000000000000133e-01,-9.496085285031680200e-05,2.919299252859217379e-04,1.732450135714177922e-04
5.153333333333333099e-01,-1.090859191977807877e-04,2.909774731524440261e-04,1.340938860832322649e-04
5.156666666666667176e-01,-1.211879686939303986e-04,2.333383277147522343e-04,1.292344777059749458e-04
5.160000000000000142e-01,-1.248719090636692618e-04,3.041357422753233745e-04,7.487685203076968816e-05
5.163333333333333108e-01,-1.141401811256776902e-04,2.213079242841798331e-04,4.598711139679860380e-05
5.166666666666667185e-01,-1.463064311928013452e-04,2.054829859324046153e-04,-1.610349703726867484e-05
5.170000000000000151e-01,-1.706316358632970474e-04,1.106123126332097975e-04,-6.545899460390740819e-05
5.173333333333333117e-01,-1.705526391202498362e-04,1.342605248514059399e-04,-5.378863229277185891e-05
5.176666666666667194e-01,-1.396250199133868767e-04,8.977988799577581072e-05,-1.239213274138608429e-04
5.180000000000000160e-01,-1.044571451491519950e-04,7.620899834246863040e-05,-5.833369006643671025e-05
5.183333333333333126e-01,-1.358152014288233956e-04,9.993227130650679275e-05,-1.169139460794091335e-04
5.186666666666667203e-01,-1.406381361471103813e-04,1.361032215059253042e-04,-8.642677056806133342e-05
5.190000000000000169e-01,-1.430419485722890505e-04,1.423395928994667260e-04,-9.158674160517349795e-05
5.193333333333333135e-01,-9.686709456778247115e-05,1.053637103665983359e-04,-5.089396235724861416e-05
5.196666666666667211e-01,-1.152683525125277892e-04,1.021132396512890509e-04,-5.150572616407375978e-05
5.200000000000000178e-01,-9.772462392875395996e-05,7.604498821821206039e-05,-6.496676501247482379e-05
5.203333333333333144e-01,-9.047046586721889925e-05,4.346972474065203352e-05,-3.587086559237654386e-05
5.206666666666667220e-01,-7.002400807868390011e-05,1.755304449809233058e-05,-4.951661934598659067e-05
5.210000000000000187e-01,-2.528586484870607056e-05,2.294451329035148226e-05,-5.443286307869281399e-05
5.213333333333333153e-01,-1.629881941130020110e-05,1.189795703361539627e-05,-2.744868158057149819e-05
5.216666666666666119e-01,3.787052878378356657e-05,2.065373673081658822e-05,-8.562943175296205961e-06
5.220000000000000195e-01,6.404415866561368668e-05,-1.314966111773029058e-05,-1.097712504200131322e-05
5.223333333333333162e-01,4.899184595201908678e-05,-2.796355749880522764e-05,3.246145788995561326e-05
5.226666666666666128e-01,1.158623170077698029e-04,-9.558524120335227140e-06,2.131218205591763788e-06
5.230000000000000204e-01,2.966929019107138830e-05,-1.377813144944473751e-05,-1.100516156628518183e-06
5.233333333333333171e-01,1.118212596920524748e-04,-7.514401250040340626e-05,-2.765965163338187448e-05
5.236666666666666137e-01,9.154350957782552063e-05,-1.585930588009646985e-04,-1.722791110588303671e-05
5.240000000000000213e-01,7.864035016739535716e-05,-1.505131235223518390e-04,2.254365933686983478e-05
5.243333333333333179e-01,9.259865316658498350e-05,-1.307901391639283326e-04,-8.135036898362406278e-05
5.246666666666666146e-01,8.614417056900491832e-05,-1.547432799992215274e-04,-6.275496113258782706e-05
5.250000000000000222e-01,7.971527013528773324e-05,-9.907345982038985848e-05,-2.469955427641744278e-05
5.253333333333333188e-01,5.424232164909228928e-05,-1.014194479011161655e-04,-1.031755228302573736e-04
5.256666666666666154e-01,6.874761930797024701e-05,-6.533793247034659852e-05,-8.564477645376420789e-05
5.260000000000000231e-01,9.812636528202869370e-05,-1.880747971125924260e-05,-1.241924419286171474e-04
5.263333333333333197e-01,6.441275121419660779e-05,1.684716413180157083e-05,-1.307475787084753330e-04
5.266666666666666163e-01,9.146984953385680988e-05,2.566056288575662271e-05,-1.110642585556668863e-04
5.270000000000000240e-01,7.078517101613787687e-05,5.798823851257243231e-05,-1.301885719284777703e-04
5.273333333333333206e-01,8.623365035661140513e-05,5.460328234299545853e-05,-1.300095318506386927e-04
5.276666666666666172e-01,8.735897323783870763e-05,1.932077101294676349e-05,-7.823385829017521381e-05
5.280000000000000249e-01,1.046878401982040294e-04,1.643667931840493368e-05,-1.145015784158273946e-04
5.283333333333333215e-01,1.147834336060395307e-04,3.460744395416167068e-05,-8.570123445496345780e-05
5.286666666666666181e-01,1.147061772387427618e-04,3.117568580534063452e-07,-7.388990130432961535e-05
5.290000000000000258e-01,1.465836065114070586e-04,-5.362997377246194803e-05,-5.993034846487661381e-05
5.293333333333333224e-01,1.346297268960417728e-04,-4.907549572066496343e-05,-3.767638956800372025e-05
5.296666666666666190e-01,1.663778244957516707e-04,-8.188764904820379715e-05,2.083880186415218159e-05
5.300000000000000266e-01,1.905240423976633092e-04,-2.090092896085083961e-05,-2.353265882746626014e-05
5.303333333333333233e-01,2.005317196367305992e-04,-6.678680290431266374e-05,2.554638700961188696e-06
5.306666666666666199e-01,2.107968093266360558e-04,-1.092164977511418910e-04,2.592144430733384577e-05
5.310000000000000275e-01,2.187390684505004159e-04,-1.412105484902051163e-04,5.868045205151469092e-05
5.313333333333333242e-01,2.004712959661450911e-04,-1.660331850319883757e-04,9.377375867047244463e-05
5.316666666666666208e-01,2.443851639288360128e-04,-8.869897488215365176e-05,6.376728893231759356e-05
5.320000000000000284e-01,2.426168061995359181e-04,-1.378913594614495231e-04,7.172341867535403370e-05
5.323333333333333250e-01,2.592838952807973232e-04,-1.707824631285750601e-04,8.512609098087006590e-05
5.326666666666666217e-01,2.503236251164113750e-04,-1.498948916886475599e-04,9.633507966729529465e-05
5.330000000000000293e-01,2.151588435981391953e-04,-1.353370418921343423e-04,1.430571525481759778e-04
5.333333333333333259e-01,2.400909499248578087e-04,-6.421893323965405362e-05,4.565548957947167176e-05
5.336666666666666226e-01,2.022871605147579487e-04,-1.313285469556240489e-04,5.879250449322647972e-05
5.340000000000000302e-01,1.983594587664734349e-04,-8.950270344782232899e-05,9.844833603352087738e-05
5.343333333333333268e-01,2.031851672086126652e-04,-1.154995183821405847e-04,9.225680184364839684e-05
5.346666666666666234e-01,1.495346855299850683e-04,-9.651421715816333651e-05,7.950021081123916002e-05
5.350000000000000311e-01,1.889112579444296176e-04,-1.026702338163733313e-04,8.253533635257366368e-05
5.353333333333333277e-01,1.620378712415822362e-04,-1.330118026259596365e-04,1.040203271135752103e-04
5.356666666666666243e-01,1.741979853833743833e-04,-1.598814527515803497e-04,8.939554227284512446e-05
5.360000000000000320e-01,1.562999067791315613e-04,-1.336497607187884520e-04,9.412384907559528057e-05
5.363333333333333286e-01,1.813637377954614217e-04,-1.369694674971273503e-04,1.154837904437092306e-04
5.366666666666666252e-01,1.813721405471315070e-04,-9.968771145417234538e-05,1.040549566227940852e-04
5.370000000000000329e-01,1.897509892440157821e-04,-1.151749411683565121e-04,9.179719888118649182e-05
5.373333333333333295e-01,1.727303319517045491e-04,-1.146898745274824529e-04,1.203253180349826105e-04
5.376666666666666261e-01,1.979118830715288475e-04,-1.081831019421817240e-04,1.173243793373048846e-04
5.380000000000000338e-01,1.745236260023039178e-04,-1.199056449986415581e-04,1.243883638092056776e-04
5.383333333333333304e-01,2.202025612963918425e-04,-6.787159183128726667e-05,1.557938454007280911e-04
5.386666666666666270e-01,1.645163566638031143e-04,-8.751533461598345897e-05,1.288296056233388415e-04
5.390000000000000346e-01,1.784709341711519640e-04,-1.232069716667725948e-04,1.458527379659132572e-04
5.393333333333333313e-01,1.741490917021355116e-04,-1.031248632536178915e-04,1.562273238382134815e-04
5.396666666666666279e-01,1.422314978203556449e-04,-1.083532927020891941e-04,1.878669537416504276e-04
5.400000000000000355e-01,1.672279436630982549e-04,-5.670579137364251349e-05,2.205138001919320918e-04
5.403333333333333321e-01,1.231718543695512250e-04,-8.294645988983525404e-05,1.998543226497510612e-04
5.406666666666666288e-01,1.463234203367166203e-04,-1.268932839813216866e-04,2.110524841719360080e-04
5.410000000000000364e-01,1.316937537951101266e-04,-8.952918633900920772e-05,2.021835417557825269e-04
5.413333333333333330e-01,1.234945037176596858e-04,-1.020011071986285831e-04,2.395480710353238812e-04
5.416666666666666297e-01,1.411695966788776831e-04,-2.982076408539714924e-05,2.638711648784620068e-04
5.420000000000000373e-01,5.420633802078343770e-05,-6.251642375668872438e-05,2.072189133223816795e-04
5.423333333333333339e-01,3.877933464513660277e-05,-7.997621466462877281e-05,2.376612997870197123e-04
5.426666666666666305e-01,4.130517052478639462e-05,-9.346038126272964233e-05,2.982277889203318699e-04
5.430000000000000382e-01,8.271509705467581958e-06,-1.063354413635322877e-04,2.794294225374780805e-04
5.433333333333333348e-01,3.454167605470479890e-05,-6.715191991047077702e-05,3.022460021069702982e-04
5.436666666666666314e-01,-4.472095999201268073e-06,-9.797157221342608436e-05,3.103493072641869328e-04
5.440000000000000391e-01,-3.912510808693368094e-06,-1.321363398555218003e-04,3.110781815110317964e-04
5.443333333333333357e-01,-3.557950417909577025e-05,-1.222643438316384202e-04,3.489726467797218674e-04
5.446666666666666323e-01,-3.895229799670169870e-05,-1.335285943725516916e-04,3.511822591022358280e-04
5.450000000000000400e-01,-4.028551419999300075e-05,-9.810111963104283927e-05,3.538197621166152130e-04
5.453333333333333366e-01,-3.735548285064684633e-05,-1.445004070050655710e-04,3.376382894006592751e-04
5.456666666666666332e-01,-5.364602532227840060e-05,-1.586328219689637543e-04,3.369552201542732315e-04
5.460000000000000409e-01,-5.977248788095762831e-05,-1.428385343925211504e-04,3.359983658861332985e-04
5.463333333333333375e-01,-5.760294634781051485e-05,-1.462521609452745587e-04,3.407717229808429117e-04
5.466666666666666341e-01,-3.349653274284737409e-05,-1.100321475009665388e-04,3.965953626591680161e-04
5.470000000000000417e-01,-3.345002527992259827e-05,-8.916890381958536050e-05,3.540551731139036213e-04
5.473333333333333384e-01,-3.782942931721621724e-05,-1.096614387993085537e-04,3.523620716774253868e-04
5.476666666666666350e-01,-3.411495079173139708e-05,-7.418792964797267043e-05,3.532096673766635885e-04
5.480000000000000426e-01,-3.160858536578962637e-05,-9.323516019398491936e-05,3.499605892325838579e-04
5.483333333333333393e-01,1.211033331948122755e-05,-3.862924421831065306e-05,4.060404814736786705e-04
5.486666666666666359e-01,1.805020006442529758e-05,-6.215292471797848376e-05,3.756073837290322434e-04
5.490000000000000435e-01,1.908700342396311097e-05,-7.568293156981264818e-05,3.939409948125537986e-04
5.493333333333333401e-01,-3.347976424645160847e-06,-8.411116346499548132e-05,4.162039086160436506e-04
5.496666666666666368e-01,-2.361480840037522334e-05,-1.001155214630008718e-04,3.919329477138586712e-04
5.500000000000000444e-01,-5.814374091888791066e-05,-6.971514277261909123e-05,3.738676355018459747e-04
5.503333333333333410e-01,-9.793292515138446648e-05,-1.299020950786157881e-04,3.930896255708190537e-04
5.506666666666666377e-01,-9.623595002122336736e-05,-1.236414412296165820e-04,3.925897182717683347e-04
5.510000000000000453e-01,-7.528535432585456758e-05,-1.497335868059638576e-04,4.128404631070667851e-04
5.513333333333333419e-01,-1.179600883509194918e-04,-1.227043144838051907e-04,4.475302328968872338e-04
5.516666666666666385e-01,-9.710215406757595068e-05,-6.590283609696877948e-05,3.767607234522456108e-04
5.520000000000000462e-01,-1.192788036890714081e-04,-5.687033219122199500e-05,3.952840276143466600e-04
5.523333333333333428e-01,-1.033796893994044937e-04,-4.969205134009323281e-05,3.637048469589803930e-04
5.526666666666666394e-01,-1.286280478336801752e-04,-5.020611842950306825e-05,3.994719050770825460e-04
5.530000000000000471e-01,-1.380121266866687977e-04,-1.043377979093972769e-05,3.812187285032386992e-04
5.533333333333333437e-01,-1.326663994089729974e-04,2.624996253953969295e-05,3.466667510690444459e-04
5.536666666666666403e-01,-1.523920629047730252e-04,2.853475909138722608e-05,3.297195975532766815e-04
5.540000000000000480e-01,-1.275731625819461628e-04,2.463131554533280849e-05,3.487143913367040044e-04
5.543333333333333446e-01,-1.623436946060020166e-04,4.315863490351348714e-05,3.131840504421390609e-04
5.546666666666666412e-01,-1.746084760331603248e-04,5.429201129350274857e-05,3.079400455163523883e-04
5.550000000000000488e-01,-2.039214072508125828e-04,5.807573819215371439e-05,2.623773355130546749e-04
5.553333333333333455e-01,-2.020988803262800822e-04,5.989024338186121839e-05,2.588166208132550617e-04
5.556666666666666421e-01,-1.971365795811025573e-04,7.715464206892565582e-05,2.433503359957813611e-04
5.560000000000000497e-01,-2.109430619894376202e-04,7.033472806376245756e-05,2.180585592801388890e-04
5.563333333333333464e-01,-1.996593086181041156e-04,8.226640959253510191e-05,2.245447853685590017e-04
5.566666666666666430e-01,-2.345947684378850439e-04,7.024021287732716697e-05,2.078818957117857860e-04
5.570000000000000506e-01,-2.286284340449316226e-04,7.109183327945306204e-05,2.413274414587245585e-04
5.573333333333333472e-01,-2.244016052145406418e-04,4.152984648934329612e-05,2.146799760603005996e-04
5.576666666666666439e-01,-2.360615788750507606e-04,2.087146337434273865e-05,2.001541741419815372e-04
5.580000000000000515e-01,-2.357166037692687028e-04,1.365218969995452008e-05,1.950627944965577329e-04
5.583333333333333481e-01,-2.382132815567558875e-04,-3.348735402960331549e-07,2.057748947179295857e-04
5.586666666666666448e-01,-2.566757857715625544e-04,-3.490856303923373121e-05,2.297978467963374865e-04
5.590000000000000524e-01,-2.325294319027953842e-04,-2.801679509971023046e-05,1.986449893613380173e-04
5.593333333333333490e-01,-2.382650849287025084e-04,-2.674502738258897606e-05,1.582528453413929162e-04
5.596666666666666456e-01,-1.963720923393517373e-04,-2.122592684617135615e-05,1.782522577327922211e-04
5.600000000000000533e-01,-1.909735011482363966e-04,3.310642966528536357e-05,2.400168901496524886e-04
5.603333333333333499e-01,-2.027015126232401985e-04,5.488970141248874845e-05,2.498195956565917334e-04
5.606666666666666465e-01,-1.611572478248833790e-04,7.203385275882682938e-05,2.383332515966657525e-04
5.610000000000000542e-01,-1.733199997236722662e-04,1.097912912314581859e-04,2.091647405107577393e-04
5.613333333333333508e-01,-1.614237156682980367e-04,1.235179458469075407e-04,2.019472599409948997e-04
5.616666666666666474e-01,-1.576299412726839060e-04,1.706651030784283544e-04,2.243709992229651884e-04
5.620000000000000551e-01,-1.628704302042204097e-04,1.466208900914289770e-04,2.229922338764544262e-04
5.623333333333333517e-01,-1.567775922489070685e-04,1.604075259961060978e-04,2.359135110115906570e-04
5.626666666666666483e-01,-1.359731405281756108e-04,1.634452404638891076e-04,2.263070297144750755e-04
5.629999999999999449e-01,-1.585805127528760637e-04,1.587758381842693030e-04,2.377901662632788998e-04
5.633333333333333526e-01,-1.615666712201738208e-04,1.702826673487081483e-04,2.228902901745460690e-04
5.636666666666666492e-01,-1.713168000415474668e-04,1.450879371251315522e-04,2.357823513825835389e-04
5.639999999999999458e-01,-1.791746509415155768e-04,1.229845084512116895e-04,2.236566095738572939e-04
5.643333333333333535e-01,-1.837252440482301723e-04,1.226182782834494363e-04,1.847159296479826006e-04
5.646666666666666501e-01,-2.077161878011574256e-04,1.067122409313167581e-04,1.828667777156446313e-04
5.649999999999999467e-01,-2.255914239736757495e-04,9.775646751381816281e-05,1.641623725409563676e-04
5.653333333333333544e-01,-2.434477335599080638e-04,7.941076176572698178e-05,1.361022234544271409e-04
5.656666666666666510e-01,-2.257037869830633831e-04,8.254554133664314473e-05,1.064295670909722649e-04
5.659999999999999476e-01,-2.580249576853471303e-04,1.249789575086024981e-04,3.893643591901083014e-05
5.663333333333333552e-01,-2.310473931778133446e-04,1.337904600047086186e-04,1.404568517538290903e-05
5.666666666666666519e-01,-2.208153978205372740e-04,1.777253952713880186e-04,6.972622776814912514e-05
5.669999999999999485e-01,-2.472308481540508199e-04,1.868015713544879483e-04,2.067687335017272555e-05
5.673333333333333561e-01,-2.390633463373602644e-04,2.004114993263775573e-04,2.396339664671875985e-05
5.676666666666666528e-01,-2.255841905369629981e-04,2.183904571571231663e-04,1.186771255534049519e-05
5.679999999999999494e-01,-2.100643625890643098e-04,2.079228549563266336e-04,-4.743722326685557181e-05
5.683333333333333570e-01,-2.146283076409893084e-04,2.031391594561886716e-04,-3.455649719993291016e-05
5.686666666666666536e-01,-1.958953109638451352e-04,1.681488659909664536e-04,-1.460580704761481445e-05
5.689999999999999503e-01,-1.802528952990249884e-04,1.224997395163480410e-04,-5.412810598121673008e-05
5.693333333333333579e-01,-1.466275305187570756e-04,1.199134767977419697e-04,-5.497986709082615874e-05
5.696666666666666545e-01,-1.371726129340514351e-04,1.130396780046946100e-04,5.287833844070496180e-07
5.699999999999999512e-01,-1.069634221966376890e-04,9.906825080186036647e-05,-7.376810296343908752e-05
5.703333333333333588e-01,-9.057845074385933689e-05,7.568115264227266465e-05,-4.494021214234991083e-05
5.706666666666666554e-01,-6.430787989322699755e-05,6.066694541928053293e-05,-6.412768881110399817e-05
5.709999999999999520e-01,-3.923499348432063933e-05,3.746618533473013737e-05,-2.924781956120441347e-05
5.713333333333333597e-01,-2.662055289320819544e-05,2.635267111313103838e-05,-6.939683133536802911e-05
5.716666666666666563e-01,2.816704339219021789e-05,4.050382214007565814e-05,-9.389566686428228861e-06
5.719999999999999529e-01,6.103653783017478122e-05,9.612118510731429324e-06,-2.149031603292694248e-05
5.723333333333333606e-01,8.297109846544726457e-05,-2.668791313167885221e-05,-1.126806516848981249e-05
5.726666666666666572e-01,1.368921337914973883e-04,2.428782752801793900e-05,-6.357255716897795437e-05
5.729999999999999538e-01,9.159601997742075445e-05,1.708323205431687566e-05,3.514704279414204462e-07
5.733333333333333615e-01,1.027542283527256166e-04,1.753906525934265765e-05,-5.972747701480895897e-05
5.736666666666666581e-01,7.181764893008500846e-05,-3.044087276134096039e-05,-7.345701792546869766e-05
5.739999999999999547e-01,9.810734351894382819e-05,-1.542536469252074228e-05,-2.009999784092657404e-05
5.743333333333333623e-01,1.210469915451223684e-04,4.820662862219734520e-05,-9.658009622743541690e-05
5.746666666666666590e-01,9.068992325566361038e-05,5.841499360662493547e-05,-5.967800006722842924e-05
5.749999999999999556e-01,1.014054371461364508e-04,4.701120955300659417e-05,-6.450962936626070132e-05
5.753333333333333632e-01,9.409288132016287848e-05,4.613154006720427823e-05,-7.396229526576455062e-05
5.756666666666666599e-01,9.910268208631032606e-05,5.323314867691296117e-05,-5.873561588320044932e-05
5.759999999999999565e-01,1.164078568221042461e-04,7.767394490099682899e-05,-9.276013915811883847e-05
5.763333333333333641e-01,1.138632915081089290e-04,7.178635551425970745e-05,-1.051745714814606033e-04
5.766666666666666607e-01,1.149764249607404033e-04,6.930970038244271250e-05,-7.366412735403254377e-05
5.769999999999999574e-01,1.034611540261992700e-04,2.657595062093830941e-05,-9.378166613920067352e-05
5.773333333333333650e-01,1.298166905648353957e-04,3.036603936759433894e-05,-8.478443779178748869e-05
5.776666666666666616e-01,1.357368234202889197e-04,1.051022635356977107e-05,-8.389423008958760781e-05
5.779999999999999583e-01,1.486431236650811929e-04,-7.290030208492520831e-06,-1.002970646138445673e-04
5.783333333333333659e-01,1.117720668837315039e-04,-2.061191467157115297e-05,-1.433714716676288297e-04
5.786666666666666625e-01,1.489897031797581884e-04,-9.049521645530950729e-05,-6.894850545952099070e-05
5.789999999999999591e-01,1.769184374216483031e-04,-1.331265618211027821e-04,-6.306561076180860744e-05
5.793333333333333668e-01,1.773114360207939978e-04,-1.509971546640592472e-04,-8.246150308537536933e-05
5.796666666666666634e-01,1.724984540763298279e-04,-1.705205595018520080e-04,-2.259921503643024985e-05
5.799999999999999600e-01,2.235600724394392474e-04,-1.441908704166769807e-04,-3.279493499439122136e-05
5.803333333333333677e-01,2.049879789390972730e-04,-1.789868006883203982e-04,-6.713356214127728916e-05
5.806666666666666643e-01,2.234281845896014058e-04,-2.093796849534836232e-04,-4.318879496067410534e-05
5.809999999999999609e-01,2.170424468341636097e-04,-2.121523116346061796e-04,3.237348905913494924e-07
5.813333333333333686e-01,1.973770438487224953e-04,-2.241896529095951138e-04,-3.028094292865082785e-05
5.816666666666666652e-01,2.349531431625971048e-04,-1.913941258155506633e-04,-1.031009335122584937e-05
5.819999999999999618e-01,2.390464525408842161e-04,-1.913337821016145837e-04,-1.319965449075367879e-05
5.823333333333333695e-01,2.185341935926285732e-04,-1.902952282124305815e-04,1.446544823725562098e-05
5.826666666666666661e-01,2.295166716055386548e-04,-1.651493606057798970e-04,-1.455799916690778378e-05
5.829999999999999627e-01,1.919932186581147567e-04,-1.503410882795537952e-04,3.062014331511060791e-05
5.833333333333333703e-01,2.001813330500995297e-04,-7.649253659325202191e-05,-1.367397426895235483e-05
5.836666666666666670e-01,2.197475346177657019e-04,-1.064471846673525825e-04,1.104612527207894705e-05
5.839999999999999636e-01,2.129606674452231619e-04,-6.150743336871235462e-05,1.840480889933988017e-05
5.843333333333333712e-01,2.195253375825028145e-04,-9.269844803217457835e-05,1.806697525051852878e-05
5.846666666666666679e-01,2.128921129566785776e-04,-8.354600096358163423e-05,-1.145029444463509053e-06
5.849999999999999645e-01,2.438274278875630094e-04,-9.994170645601014355e-05,1.771076735246369385e-05
5.853333333333333721e-01,2.309454929032768477e-04,-1.093918077600544519e-04,7.025581543029812449e-05
5.856666666666666687e-01,2.801221211684356898e-04,-1.558255060657586682e-04,4.098092673004822103e-05
5.859999999999999654e-01,2.416522301332269787e-04,-1.264442268239676192e-04,2.584681904684185363e-06
5.863333333333333730e-01,3.143743203459432628e-04,-1.415107138111355986e-04,7.842225485620803909e-05
5.866666666666666696e-01,2.698686430479901670e-04,-1.065089521926427987e-04,5.729032253663915642e-05
5.869999999999999662e-01,2.455993751418484032e-04,-1.192734986448855226e-04,5.611726605388101181e-05
5.873333333333333739e-01,2.474040088281966965e-04,-1.035222231150773330e-04,1.081176395563925003e-04
5.876666666666666705e-01,2.615514417233909413e-04,-1.124943185881901282e-04,1.166423768423553747e-04
5.879999999999999671e-01,2.290837259442461921e-04,-1.167002702720395483e-04,1.322558225603843215e-04
5.883333333333333748e-01,2.654619572611399149e-04,-9.836778008206262778e-05,1.845013457025504629e-04
5.886666666666666714e-01,2.159206930828932753e-04,-1.004281580770195948e-04,1.943920037769106333e-04
5.889999999999999680e-01,2.280348232341543270e-04,-1.294691269895634266e-04,2.235064370961172735e-04
5.893333333333333757e-01,2.137628990860616137e-04,-1.286359902475621084e-04,2.253487531110863766e-04
5.896666666666666723e-01,2.089930730215340603e-04,-1.502770167686177829e-04,2.887831635690708072e-04
5.899999999999999689e-01,2.283106727905986921e-04,-7.570854075857767404e-05,2.861555298196825524e-04
5.903333333333333766e-01,2.146307755247368735e-04,-9.988601601645416648e-05,2.889593009219125334e-04
5.906666666666666732e-01,2.137724711526890059e-04,-1.290181153275323314e-04,3.297107152147846806e-04
5.909999999999999698e-01,2.274057317871133234e-04,-1.161113171772720906e-04,3.230459425117750550e-04
5.913333333333333774e-01,1.979006250158932203e-04,-1.517738308139993965e-04,3.854900593096495824e-04
5.916666666666666741e-01,1.873093236462650937e-04,-1.464610081834467241e-04,3.606549247769717088e-04
5.919999999999999707e-01,1.260226986222524632e-04,-1.762775724436755167e-04,3.462932284163801702e-04
5.923333333333333783e-01,1.018583019517600903e-04,-1.957676600957815674e-04,3.681981781731917232e-04
5.926666666666666750e-01,9.204412594310180148e-05,-2.390216511104769096e-04,4.231051953518407240e-04
5.929999999999999716e-01,4.854730911629499428e-05,-2.462068503904127716e-04,4.273346978910392007e-04
5.933333333333333792e-01,6.496097637392723935e-05,-2.129670682663996090e-04,4.312124482150538215e-04
5.936666666666666758e-01,3.726960627003138239e-05,-2.201083106067115215e-04,4.552625117449373392e-04
5.939999999999999725e-01,6.861094920793095203e-06,-2.505998261674973740e-04,4.463109142344831495e-04
5.943333333333333801e-01,-2.834790301888864665e-05,-2.308783044516467893e-04,4.593595919697548492e-04
5.946666666666666767e-01,-3.191822948416924506e-05,-2.445211354095564371e-04,4.377188482422057769e-04
5.949999999999999734e-01,-5.170320852068244037e-05,-2.083364713180497119e-04,4.207419127679648649e-04
5.953333333333333810e-01,-5.692859153457258061e-05,-2.581792140926948893e-04,3.815066207684799575e-04
5.956666666666666776e-01,-8.050963600821513971e-05,-2.399329939270389181e-04,3.748424576377197798e-04
5.959999999999999742e-01,-1.074464716441829790e-04,-2.021238387429035431e-04,3.579467404089058352e-04
5.963333333333333819e-01,-9.931966470734450740e-05,-1.665771715754443643e-04,3.405811590847641988e-04
5.966666666666666785e-01,-1.045987410324727469e-04,-1.507775511782935682e-04,4.521233888237588560e-04
5.969999999999999751e-01,-1.256620940411101489e-04,-6.932569800791466962e-05,3.655727795220514980e-04
5.973333333333333828e-01,-1.312136479446662969e-04,-9.077205715751135364e-05,3.548169062077189849e-04
5.976666666666666794e-01,-1.423810408810603550e-04,-3.554808085268229583e-05,3.647198428088181264e-04
5.979999999999999760e-01,-1.156584414209657212e-04,-5.458009279687980208e-05,3.317470929094543477e-04
5.983333333333333837e-01,-1.074124663336216960e-04,2.489148471095171716e-05,4.139264596103406791e-04
5.986666666666666803e-01,-1.181577297720785695e-04,-1.832278843883309663e-05,3.807081101489476899e-04
5.989999999999999769e-01,-1.043896783954514337e-04,-3.074191825656308178e-05,3.846804893078772393e-04
5.993333333333333846e-01,-1.261376517149172369e-04,-2.241402246569091091e-06,4.165245436192554444e-04
5.996666666666666812e-01,-1.360964624661167724e-04,2.517816642017366158e-06,3.857219289824412138e-04
5.999999999999999778e-01,-1.190250351499607209e-04,7.367304793962177933e-05,3.556750387986976655e-04
6.003333333333333854e-01,-1.196250296899240971e-04,1.817683566794751316e-05,3.657014282939358672e-04
6.006666666666666821e-01,-1.159812811226719074e-04,1.943598323897531471e-05,3.738096100291481388e-04
6.009999999999999787e-01,-1.040664171964931887e-04,1.259886700390627235e-05,4.005517187761120017e-04
6.013333333333333863e-01,-1.307978884939094014e-04,2.035380439719861357e-05,4.298559467692730438e-04
6.016666666666666829e-01,-1.058354683567563919e-04,8.013862707369952287e-05,3.767603751252459341e-04
6.019999999999999796e-01,-1.269278094989870068e-04,5.974329310637508186e-05,3.684092643350020098e-04
6.023333333333333872e-01,-1.190971791634905908e-04,5.500504307591312934e-05,3.772943894430159451e-04
6.026666666666666838e-01,-1.076646984472651977e-04,2.807763798427293016e-05,4.188455625271693145e-04
6.029999999999999805e-01,-1.415930585666786313e-04,2.838791236581774720e-05,4.278004691441205146e-04
6.033333333333333881e-01,-1.234027328032177872e-04,8.071534833456101335e-05,3.789528903975252958e-04
6.036666666666666847e-01,-1.674368770462866438e-04,2.700536565347512582e-05,3.948957591186956712e-04
6.039999999999999813e-01,-1.737268941354503553e-04,2.076438887173029366e-07,4.452579217144296162e-04
6.043333333333332780e-01,-1.965793874072515181e-04,2.464284194543149700e-05,3.761474066875468815e-04
6.046666666666666856e-01,-2.548617703721844994e-04,1.325958666279184046e-05,4.141054996881797295e-04
6.049999999999999822e-01,-2.393834667019563997e-04,3.994906640528656997e-05,4.106047843140762108e-04
6.053333333333332789e-01,-2.657074657284586288e-04,4.897412766077312258e-05,3.432421741716224417e-04
6.056666666666666865e-01,-2.923051932284593570e-04,2.753002719373367338e-05,3.372391647135180269e-04
6.059999999999999831e-01,-2.890113417671584528e-04,2.945359633316779012e-05,3.166425892220304421e-04
6.063333333333332797e-01,-2.836017372607473768e-04,4.180832068582078845e-07,2.966818266139714189e-04
6.066666666666666874e-01,-2.901121294293102361e-04,-2.131779503786191272e-05,3.088712977500154030e-04
6.069999999999999840e-01,-2.931187101183045803e-04,-2.416425928143587471e-05,3.074954641557519968e-04
6.073333333333332806e-01,-3.003220709626237459e-04,-4.384377532640467497e-05,2.976155171366322251e-04
6.076666666666666883e-01,-3.290229337835439186e-04,-4.551268609734736601e-05,2.427891086311607981e-04
6.079999999999999849e-01,-3.150358058109876741e-04,-4.310382056566159254e-05,2.366399614830627044e-04
6.083333333333332815e-01,-3.366754747317026093e-04,-2.045792947362163231e-05,2.055284388520260772e-04
6.086666666666666892e-01,-3.332504696415835395e-04,-4.362654054498268138e-05,2.380251563654426738e-04
6.089999999999999858e-01,-3.417597921330084573e-04,-2.353061792575800320e-05,1.795904284702144478e-04
6.093333333333332824e-01,-3.334894449868155346e-04,2.861006953321828824e-06,1.532501439446393957e-04
6.096666666666666901e-01,-2.894700667442542800e-04,3.396472903703609845e-05,1.749729767351146815e-04
6.099999999999999867e-01,-3.094477584034145256e-04,8.166831821762203037e-05,1.556789410317063575e-04
6.103333333333332833e-01,-3.451431097852302897e-04,1.153416185396198654e-04,1.597433946275531882e-04
6.106666666666666909e-01,-3.140125736432147589e-04,1.700123761787353087e-04,9.299806346941964070e-05
6.109999999999999876e-01,-3.549026747063758233e-04,1.694221675412283055e-04,1.432846245925965074e-04
6.113333333333332842e-01,-2.961824240799812327e-04,2.301097189755986906e-04,4.778360789768389816e-05
6.116666666666666918e-01,-2.878202993063238039e-04,2.474172073717350651e-04,1.062972318583412038e-04
6.119999999999999885e-01,-2.847517721179623654e-04,2.769195105786274283e-04,8.275447031943919743e-05
6.123333333333332851e-01,-2.503094368897194888e-04,2.392652919573009531e-04,3.746312881933505840e-05
6.126666666666666927e-01,-2.788826540266935248e-04,2.783967278022803386e-04,2.947316055964152402e-05
6.129999999999999893e-01,-1.837864291332065006e-04,2.529860701149796521e-04,4.131626403537181567e-05
6.133333333333332860e-01,-2.136176931974070393e-04,2.953419209274876604e-04,4.035999031223132580e-05
6.136666666666666936e-01,-1.957044406920901015e-04,2.804262285064619770e-04,1.775485974517406360e-05
6.139999999999999902e-01,-1.913050155353236638e-04,2.359712396708155775e-04,2.317649692717603326e-05
6.143333333333332869e-01,-1.746261245310046131e-04,2.265907821575977607e-04,-1.353904109744863586e-05
6.146666666666666945e-01,-1.862810674178611437e-04,1.607600875748686612e-04,-4.237723279308761669e-06
6.149999999999999911e-01,-2.091545539721519477e-04,2.318203635988919748e-04,1.840418481346544014e-05
6.153333333333332877e-01,-2.193400486648459946e-04,1.675995595705418318e-04,-1.694729016676026421e-05
6.156666666666666954e-01,-1.758037606598866786e-04,1.430918830440324569e-04,-2.600850908674093892e-05
6.159999999999999920e-01,-1.880299003067110574e-04,1.893678230516986994e-04,-9.058733338857177309e-05
6.163333333333332886e-01,-1.932939386976206722e-04,1.771715844295884928e-04,-6.171256355877474155e-05
6.166666666666666963e-01,-1.741489896416737045e-04,2.332915231524200115e-04,-6.658660167001890400e-05
6.169999999999999929e-01,-1.957220348031921825e-04,2.250771153632790561e-04,-1.025749490282971754e-04
6.173333333333332895e-01,-1.853069192849247579e-04,2.355308677627217218e-04,-7.187851607188747291e-05
6.176666666666666972e-01,-1.513048175414293298e-04,1.894229892698015647e-04,-6.709022445706623822e-05
6.179999999999999938e-01,-1.874144327385914390e-04,1.741513181227633954e-04,-1.222999813393181047e-04
6.183333333333332904e-01,-1.215380833468504589e-04,1.580111220497038959e-04,-1.110146800127114554e-04
6.186666666666666980e-01,-9.274468828241773247e-05,1.009740611305865539e-04,-7.907805780116644524e-05
6.189999999999999947e-01,-7.610472458882916545e-05,5.553366540048408672e-05,-1.094293567553863533e-04
6.193333333333332913e-01,-5.966342886615871941e-05,4.606234283539340266e-05,-1.084529671480139487e-04
6.196666666666666989e-01,-3.871547772612945250e-05,3.257967771108415876e-05,-6.663004094960484937e-05
6.199999999999999956e-01,-1.008097012986606332e-05,1.708837719080112821e-05,-1.543031630350532885e-04
6.203333333333332922e-01,2.996541240567124001e-05,-1.796689384712788938e-05,-1.207662975596965978e-04
6.206666666666666998e-01,2.728195354960827703e-05,-2.169099540938963018e-05,-1.189590319490709767e-04
6.209999999999999964e-01,7.628074736528346492e-05,-5.401898815782522944e-05,-1.213683517514054628e-04
6.213333333333332931e-01,5.950474203442143479e-05,-7.178900814422155741e-05,-1.374272133634715819e-04
6.216666666666667007e-01,1.681736203364923019e-04,-2.540505910160473224e-05,-3.377151327888845987e-05
6.219999999999999973e-01,1.644193579090873355e-04,-3.778266540275235290e-05,-1.047953014333014986e-04
6.223333333333332940e-01,1.759704765050817954e-04,-8.743187338315207909e-05,-1.285440621084558781e-04
6.226666666666667016e-01,2.034788284231279403e-04,-5.587098488923498534e-05,-1.205457485143948264e-04
6.229999999999999982e-01,1.647836131149797094e-04,-7.765773850238620244e-05,-1.253670876533113747e-04
6.233333333333332948e-01,1.921050106067092819e-04,-2.998999324363848598e-06,-1.290306749270184921e-04
6.236666666666667025e-01,1.360622328955641072e-04,-8.554076714259220538e-05,-1.918720586680359736e-04
6.239999999999999991e-01,1.802648264759155582e-04,-8.280079751643762127e-05,-1.162214720040315332e-04
6.243333333333332957e-01,1.733723402500183251e-04,-1.908608076204438748e-05,-2.024636377475161494e-04
6.246666666666667034e-01,1.488242587099822126e-04,-2.884479964896688212e-05,-1.557683134774864040e-04
6.250000000000000000e-01,1.482347336178925533e-04,1.225143761788836699e-05,-2.008665584539516048e-04
6.253333333333332966e-01,1.218661374627853783e-04,-1.440663684744094311e-06,-2.196514561928175320e-04
6.256666666666667043e-01,1.145074480827396610e-04,2.226758806950795790e-05,-1.933025215467502455e-04
6.260000000000000009e-01,1.571099157241047828e-04,1.376681298583204474e-05,-2.172053878920160788e-04
6.263333333333332975e-01,1.397437666519605638e-04,6.638410835186488136e-06,-2.029174207463582680e-04
6.266666666666667052e-01,1.573051369352358817e-04,2.863915035112436409e-05,-2.120237334991734136e-04
6.270000000000000018e-01,9.531948591205432694e-05,1.776453873100925375e-05,-2.608663340723981687e-04
6.273333333333332984e-01,1.312114521652700983e-04,3.345047426340230643e-05,-2.335312131220922507e-04
6.276666666666667060e-01,1.307056146727425311e-04,6.405883025447142433e-06,-1.806157555641532534e-04
6.280000000000000027e-01,1.497284654924478512e-04,1.992259018485975414e-05,-2.101620708220967068e-04
6.283333333333332993e-01,1.690797306549350046e-04,8.287812154642652706e-06,-2.425584846732284491e-04
6.286666666666667069e-01,2.124391529742560686e-04,2.324624856870849085e-06,-1.837943555452962844e-04
6.290000000000000036e-01,2.121515558814962652e-04,-5.357209260498153224e-05,-1.860233580707928286e-04
6.293333333333333002e-01,2.174800697552853811e-04,-7.554856260920121322e-05,-1.190972306861967634e-04
6.296666666666667078e-01,2.493749843655673174e-04,-9.324456382079199235e-05,-8.732571547250335441e-05
6.300000000000000044e-01,2.984901556120388762e-04,-9.761206631837720843e-05,-9.348579138021661085e-05
6.303333333333333011e-01,3.077400351786461065e-04,-1.152521246874901238e-04,-1.360699862364414731e-04
6.306666666666667087e-01,3.143979513854296441e-04,-1.594729224428607505e-04,-1.107141318664815852e-04
6.310000000000000053e-01,3.167675273563926833e-04,-1.722257418670412399e-04,-3.582868519897352079e-06
6.313333333333333020e-01,3.279900140626365894e-04,-1.908310472562096906e-04,-1.610409209589313729e-05
6.316666666666667096e-01,3.263284990883906478e-04,-1.322543349855606913e-04,3.536994479646643079e-05
6.320000000000000062e-01,3.572191353105567957e-04,-1.445263333154503730e-04,3.255138431037478392e-05
6.323333333333333028e-01,3.493395569070793143e-04,-1.760212605124523500e-04,7.784971412091014429e-05
6.326666666666667105e-01,3.674845785142865588e-04,-1.355859758917951868e-04,1.017917672536407632e-04
6.330000000000000071e-01,2.720849571794302997e-04,-1.122731877411536379e-04,1.468620589883810922e-04
6.333333333333333037e-01,2.924413437245373861e-04,-6.266225439870092115e-05,5.406766644684821746e-05
6.336666666666667114e-01,2.373561125932716835e-04,-1.593188919418226821e-04,7.927143979738228961e-05
6.340000000000000080e-01,2.175476724758414334e-04,-1.007910293443600491e-04,1.252903420612699761e-04
6.343333333333333046e-01,2.478921026460811873e-04,-1.476071633797844851e-04,1.276357874000368759e-04
6.346666666666667123e-01,1.795933949500709385e-04,-1.222609914030864007e-04,1.417192140287535176e-04
6.350000000000000089e-01,1.921345426077245130e-04,-2.001078513028465894e-04,9.644201605619918559e-05
6.353333333333333055e-01,1.644314589592270803e-04,-1.890216160124187465e-04,1.674161095586568628e-04
6.356666666666667131e-01,1.542958097157604101e-04,-2.227484451694622088e-04,1.163737514142843156e-04
6.360000000000000098e-01,1.307115428276424440e-04,-2.414436836612535164e-04,1.638068467832759143e-04
6.363333333333333064e-01,1.556175707114755937e-04,-2.372204003101024310e-04,1.796647382301476729e-04
6.366666666666667140e-01,1.964192661251886764e-04,-1.870200220107781099e-04,2.140590686697336684e-04
6.370000000000000107e-01,1.732827380922418923e-04,-1.793916808624776080e-04,1.703804158668675319e-04
6.373333333333333073e-01,1.466755472990981322e-04,-1.808032086077466334e-04,1.938630111733860930e-04
6.376666666666667149e-01,1.546374944236393221e-04,-1.462706187179199364e-04,1.942450533239177177e-04
6.380000000000000115e-01,1.589717642632487357e-04,-1.675002414200685936e-04,1.896852932481410858e-04
6.383333333333333082e-01,2.628507953813192036e-04,-1.191071225232180489e-05,2.979120304951157132e-04
6.386666666666667158e-01,2.408588635313673061e-04,-3.135193352256492258e-06,2.138129321035798862e-04
6.390000000000000124e-01,2.499726674689871429e-04,-3.832498220380215181e-05,2.568405036895312602e-04
6.393333333333333091e-01,2.022434063806571067e-04,1.312827889659179042e-05,2.746387942290339488e-04
6.396666666666667167e-01,1.992886018702383203e-04,-2.406758896236001373e-05,2.605640032071845393e-04
6.400000000000000133e-01,1.839447966134737393e-04,1.759376550282054497e-05,2.485632382232209198e-04
6.403333333333333099e-01,1.718089389587033162e-04,-1.916894011098515310e-05,2.150085645300052473e-04
6.406666666666667176e-01,1.846196001173348292e-04,-1.625593210221483239e-05,2.614801902981110605e-04
6.410000000000000142e-01,1.564945025427273717e-04,-8.547281521671408800e-06,2.041868864399818827e-04
6.413333333333333108e-01,1.498337854187204452e-04,-6.828534117399162496e-06,2.867753486883754463e-04
6.416666666666667185e-01,1.173551650977643345e-04,8.947690470455322830e-06,2.379335899053999868e-04
6.420000000000000151e-01,5.998942988257553862e-05,2.166876537330844241e-05,2.247408934693827275e-04
6.423333333333333117e-01,2.553939893031121001e-05,8.513317985658203679e-06,2.274799338041708378e-04
6.426666666666667194e-01,4.242702965036976407e-05,-4.801012240306491377e-05,3.236555728157271467e-04
6.430000000000000160e-01,6.036931447850797672e-05,-7.468582353477350448e-05,3.179693667638379189e-04
6.433333333333333126e-01,4.305191292323295250e-05,-7.906501422920219702e-05,2.482464638442556833e-04
6.436666666666667203e-01,1.414690776587493350e-05,-1.035717588064615955e-04,3.123379641598995307e-04
6.440000000000000169e-01,1.775851546807192166e-05,-1.028600472854886768e-04,3.200644375579548792e-04
6.443333333333333135e-01,-2.813627740664109453e-05,-1.141720861129425050e-04,3.372052028310485415e-04
6.446666666666667211e-01,-1.926373305742563898e-05,-1.181817200985360968e-04,3.652856419653095483e-04
6.450000000000000178e-01,-2.869829640386249546e-05,-9.488652896185769943e-05,3.535172691446371025e-04
6.453333333333333144e-01,2.659159203830626148e-05,-9.390932839829725567e-05,3.523239298709596721e-04
6.456666666666667220e-01,1.573174593154567339e-05,-1.336052730858415570e-04,3.034501685448879834e-04
6.460000000000000187e-01,-1.420955950798479951e-05,-1.378177354707012530e-04,3.638675446950841532e-04
6.463333333333333153e-01,5.055216079571417289e-05,-1.481140143343767830e-04,3.474250008928628794e-04
6.466666666666666119e-01,4.008080938601074459e-05,-1.661498728443293771e-04,4.294759220126146033e-04
6.470000000000000195e-01,2.251706818069257578e-05,-1.210360735513859134e-04,3.738597691171030536e-04
6.473333333333333162e-01,1.563564115890480596e-05,-1.679372738433500159e-04,3.709144611440002843e-04
6.476666666666666128e-01,1.270528727221770031e-06,-1.205729465491050981e-04,3.807605914169004857e-04
6.480000000000000204e-01,2.269479555627754933e-05,-1.536928567008398580e-04,3.943446477506910072e-04
6.483333333333333171e-01,-2.609414361544301188e-05,-1.763764237828711336e-04,4.087687526987264812e-04
6.486666666666666137e-01,-9.575951837642881042e-06,-2.027957741521378200e-04,4.370686378427902333e-04
6.490000000000000213e-01,-3.390185673744441517e-05,-2.160642203863478940e-04,4.345541813410502222e-04
6.493333333333333179e-01,-5.548127194614320943e-05,-2.166855975487708434e-04,4.501177800140615201e-04
6.496666666666666146e-01,-5.016349265559604713e-05,-2.297769734254850784e-04,4.470898314602830717e-04
6.500000000000000222e-01,-1.304707250461982265e-04,-1.989544864435610974e-04,4.525122378644093422e-04
6.503333333333333188e-01,-1.573388906217943080e-04,-2.322621455379477210e-04,4.619542217359227975e-04
6.506666666666666154e-01,-1.968258409295361566e-04,-2.100595419313426994e-04,4.557001846200439883e-04
6.510000000000000231e-01,-1.585229171928850074e-04,-1.861607389148190546e-04,4.443888458502107163e-04
6.513333333333333197e-01,-2.244636604873921778e-04,-1.411489880647482222e-04,4.455840718951364454e-04
6.516666666666666163e-01,-1.555701249919276454e-04,-6.033293785455756870e-05,4.227520498286581069e-04
6.520000000000000240e-01,-2.062373307005941443e-04,-4.346494766409323763e-05,3.893343992689442647e-04
6.523333333333333206e-01,-2.003578791283071184e-04,2.205363452607026070e-05,3.534769502944233133e-04
6.526666666666666172e-01,-2.204508978743050082e-04,5.323898630346490639e-05,3.568201347829184304e-04
6.530000000000000249e-01,-1.884962122343439425e-04,9.763778636558136201e-05,3.114056088907375306e-04
6.533333333333333215e-01,-2.112958143993544477e-04,1.721090807788320436e-04,3.513948256537947814e-04
6.536666666666666181e-01,-1.905856149028576144e-04,2.114349057048693745e-04,3.289824215129393144e-04
6.540000000000000258e-01,-1.537204318896656717e-04,2.038908283012544093e-04,3.478488567969819354e-04
6.543333333333333224e-01,-2.026896291200692556e-04,2.232747772887795959e-04,3.148748296986193600e-04
6.546666666666666190e-01,-1.940014558269157786e-04,2.184170177107475205e-04,2.963775629797449200e-04
6.550000000000000266e-01,-2.358896895763239437e-04,2.262217302546064063e-04,2.716067528330091767e-04
6.553333333333333233e-01,-2.192626019439515139e-04,1.980959160899317705e-04,2.861876049309037390e-04
6.556666666666666199e-01,-1.876365481937410562e-04,1.883349385204520444e-04,2.656280101558829284e-04
6.560000000000000275e-01,-2.035190813253793878e-04,1.563947078505750776e-04,2.147747064905904362e-04
6.563333333333333242e-01,-2.019790119464686881e-04,1.452219307172950740e-04,2.544821847654009437e-04
6.566666666666666208e-01,-2.662637877144344604e-04,1.232537382345387197e-04,1.965159566847515988e-04
6.570000000000000284e-01,-2.986168834343902326e-04,7.015575497654789416e-05,2.425982689762073118e-04
6.573333333333333250e-01,-2.726421560663040006e-04,4.109476857073890167e-05,2.166408974186631033e-04
6.576666666666666217e-01,-3.047760732151890491e-04,5.480929866713595647e-06,1.853431940062938085e-04
6.580000000000000293e-01,-3.136101661376682666e-04,7.938505926385208558e-06,1.539962458643437978e-04
6.583333333333333259e-01,-3.388296248168067644e-04,-5.740522199268393491e-06,2.147162165818930133e-04
6.586666666666666226e-01,-3.584813223432132233e-04,-2.470441447797530683e-05,2.212376236972815071e-04
6.590000000000000302e-01,-3.040547418533748455e-04,-1.358733425612108175e-05,2.084134136860580505e-04
6.593333333333333268e-01,-3.003753155832386557e-04,3.051683393373663824e-05,1.683574342480607965e-04
6.596666666666666234e-01,-3.272723877123147069e-04,5.689810382115004439e-05,1.433047404768284492e-04
6.600000000000000311e-01,-3.182661063640265190e-04,6.115813444897736869e-05,1.734042425511496789e-04
6.603333333333333277e-01,-2.869684397632267774e-04,6.142034872545039034e-05,2.036699111179465424e-04
6.606666666666666243e-01,-2.573934188349070442e-04,1.021253679352783435e-04,1.642648822742392197e-04
6.610000000000000320e-01,-2.473653193741432214e-04,1.140928842070866090e-04,1.599619117653567864e-04
6.613333333333333286e-01,-2.584926564749061512e-04,1.764126929778354381e-04,9.759554445653738017e-05
6.616666666666666252e-01,-1.912885091590656194e-04,1.853359517215014531e-04,1.636656292121528523e-04
6.620000000000000329e-01,-1.710495979771130791e-04,2.046494608782157979e-04,1.518318870245391374e-04
6.623333333333333295e-01,-1.412282594933642391e-04,1.670911812546787363e-04,1.302860188635298168e-04
6.626666666666666261e-01,-1.697545136784475847e-04,1.934211551021246017e-04,1.407075563126628263e-04
6.630000000000000338e-01,-1.752856181669360826e-04,1.835749300637510184e-04,1.021271045589643579e-04
6.633333333333333304e-01,-1.868201216131880837e-04,2.029795631471299170e-04,1.222499117900027407e-04
6.636666666666666270e-01,-2.110199104561678754e-04,1.356073209550202289e-04,8.288283607563631914e-05
6.640000000000000346e-01,-2.156422396758458134e-04,1.268538840746835639e-04,4.634407400335276432e-05
6.643333333333333313e-01,-2.234956852496956510e-04,1.119523262172825720e-04,3.462231894613840901e-05
6.646666666666666279e-01,-2.221153497326297890e-04,9.442358400858372137e-05,1.163163393130268563e-05
6.650000000000000355e-01,-2.823378437587342315e-04,1.177199012506058312e-04,4.353986749237321447e-05
6.653333333333333321e-01,-3.010592016730473538e-04,1.298647532265714084e-04,1.065018286800075790e-06
6.656666666666666288e-01,-2.592008262451076634e-04,9.213091119119991290e-05,-2.692373827841832202e-05
6.660000000000000364e-01,-2.689686307576966335e-04,1.196182818728113795e-04,-9.452064186903647437e-05
6.663333333333333330e-01,-2.755892376593302245e-04,1.095752343303382488e-04,-1.176364633585097203e-04
6.666666666666666297e-01,-2.015591191033045022e-04,2.013939032732503737e-04,-3.409687972384602313e-05
6.670000000000000373e-01,-2.261721656068999269e-04,1.460376710732967968e-04,-6.419767351079109249e-05
6.673333333333333339e-01,-1.597759605398290121e-04,1.532543754153777873e-04,-4.860115793630941404e-05
6.676666666666666305e-01,-1.719018382274055021e-04,1.888188790559823776e-04,-9.151098048274159714e-05
6.680000000000000382e-01,-1.813315747504720037e-04,1.912115034304263299e-04,-1.366120120752042932e-04
6.683333333333333348e-01,-1.439108583590661397e-04,1.623464464106856868e-04,-1.149827921658948699e-04
6.686666666666666314e-01,-1.073283572368075722e-04,1.315575872641984261e-04,-7.887115156335241508e-05
6.690000000000000391e-01,-8.206102462784646003e-05,8.749042522580858909e-05,-1.299153093972233689e-04
6.693333333333333357e-01,-5.163606128909231625e-05,7.054396361412213574e-05,-1.337441778322819529e-04
6.696666666666666323e-01,4.500197418323402236e-07,5.967194721379341535e-05,-8.203872118950536181e-05
6.700000000000000400e-01,2.978682673931090397e-05,1.015480771498752038e-04,-1.051995058891881999e-04
6.703333333333333366e-01,3.961961321131615829e-05,5.792260080914688473e-05,-7.953407589825656644e-05
6.706666666666666332e-01,8.350312997268748247e-05,8.655556739936122668e-06,-1.126418895917489057e-04
6.710000000000000409e-01,1.048365131563537106e-04,-5.947644155139050415e-07,-1.034855919144786837e-04
6.713333333333333375e-01,1.134487013723093675e-04,-3.825251667774655909e-05,-1.052132357784258602e-04
6.716666666666666341e-01,1.744658944754573569e-04,2.373313651192676059e-05,-4.305236688579672737e-05
6.720000000000000417e-01,1.476642166922022281e-04,-5.583304678851712426e-05,-6.280488800254294829e-05
6.723333333333333384e-01,2.020264848593877264e-04,-1.075166935097494159e-04,-9.377141951995988901e-05
6.726666666666666350e-01,1.914987343980216862e-04,-8.029666282548585468e-05,-1.096704280664196848e-04
6.730000000000000426e-01,1.666021154205893340e-04,-8.633118307209974049e-05,-8.885806399862606893e-05
6.733333333333333393e-01,1.643233925024733589e-04,-2.806830471138089980e-05,-1.048826154012230259e-04
6.736666666666666359e-01,1.589664615558841114e-04,-9.787119351295968329e-05,-1.023158808222800350e-04
6.740000000000000435e-01,1.937328058007904946e-04,-1.059994995463943212e-04,-8.912679827888452357e-05
6.743333333333333401e-01,1.733691314322284495e-04,-6.119662182197483985e-05,-1.678702674548590448e-04
6.746666666666666368e-01,1.682268377637361487e-04,-7.687807234860237439e-05,-1.502446019709511747e-04
6.750000000000000444e-01,1.932867801279986378e-04,-4.583569064677208994e-05,-6.575276488726836740e-05
6.753333333333333410e-01,1.492072229551917942e-04,-7.599743855420111702e-05,-1.198076145748082669e-04
6.756666666666666377e-01,1.897908003393070455e-04,-5.468981040545535283e-05,-1.137594677429944082e-04
6.760000000000000453e-01,1.719045508514929863e-04,-3.305648864538647953e-05,-9.951785711554492350e-05
6.763333333333333419e-01,2.036342657323388929e-04,-5.011733731970306185e-05,-1.599140143460102068e-04
6.766666666666666385e-01,1.901676188826478852e-04,-3.564652770001592430e-05,-6.070707413330348628e-05
6.770000000000000462e-01,1.992528153938699599e-04,-4.900620141080721306e-05,-6.074180523789726911e-05
6.773333333333333428e-01,2.190898357443268820e-04,-5.982988588753289269e-05,-5.741023164939172013e-05
6.776666666666666394e-01,2.083197379597124036e-04,-6.396170230292049657e-05,-4.392261835363953635e-05
6.780000000000000471e-01,2.263992235425672545e-04,-7.238087358039519130e-05,-5.994606672073748765e-05
6.783333333333333437e-01,2.073418915283063583e-04,-6.229219288402208776e-05,-4.026129520543037204e-05
6.786666666666666403e-01,2.348048033232433989e-04,-1.137142401564115649e-04,-1.743730988800389485e-06
6.790000000000000480e-01,2.679101764613258047e-04,-1.718494285261438104e-04,7.023645079694396466e-06
6.793333333333333446e-01,2.636954214877035058e-04,-1.559310234308395389e-04,-3.580343529068715126e-05
6.796666666666666412e-01,2.689811058020091946e-04,-1.954743549568301020e-04,4.360632538118848012e-05
6.800000000000000488e-01,2.680367344104279590e-04,-1.797467405829797035e-04,3.387324173331168444e-05
6.803333333333333455e-01,2.027027296119171594e-04,-2.392044426008684672e-04,1.377805393062345841e-05
6.806666666666666421e-01,2.209077126024011910e-04,-2.517794150431780921e-04,4.569505372118611171e-05
6.810000000000000497e-01,2.152135022740513852e-04,-2.641908562795957619e-04,8.304062820649449187e-05
6.813333333333333464e-01,1.864903136954575884e-04,-2.613070687629341594e-04,6.486398197720687035e-05
6.816666666666666430e-01,1.961443683367328434e-04,-2.188817359563444305e-04,6.648481281806254035e-05
6.820000000000000506e-01,1.852307711328205354e-04,-2.037003085616791284e-04,7.429408644666848525e-05
6.823333333333333472e-01,1.591381333076421264e-04,-2.104477246814377689e-04,1.094824427956658086e-04
6.826666666666666439e-01,1.699441807288515870e-04,-1.764518857846401846e-04,6.450310794871871888e-05
6.830000000000000515e-01,1.065744890917917246e-04,-1.555687540473896853e-04,1.059779901631281441e-04
6.833333333333333481e-01,1.662930083712889340e-04,-7.024507241488791784e-05,8.886693428038275322e-05
6.836666666666666448e-01,1.590272115469228359e-04,-1.155045405530987938e-04,9.525497569576610389e-05
6.840000000000000524e-01,1.553549099400150101e-04,-8.145071370296924293e-05,1.255097009893228158e-04
6.843333333333333490e-01,1.561101786289627444e-04,-7.313799821169517481e-05,8.510921163501023118e-05
6.846666666666666456e-01,1.481962278044141284e-04,-8.243208215067542196e-05,8.151841744742517983e-05
6.850000000000000533e-01,1.797892416087373802e-04,-7.923956055747935902e-05,1.568644139206408397e-04
6.853333333333333499e-01,1.828390325644105210e-04,-8.456485448112027216e-05,1.789870680522567543e-04
6.856666666666666465e-01,2.123107458759191117e-04,-1.098062533577634920e-04,1.528872162382156083e-04
6.860000000000000542e-01,1.900227054080528568e-04,-1.326959624363941196e-04,1.673146738336230455e-04
6.863333333333333508e-01,2.355656194598956495e-04,-1.500180125395613481e-04,1.990026921627664909e-04
6.866666666666666474e-01,2.083414654632217749e-04,-1.555727148317020850e-04,2.060575911054254806e-04
6.870000000000000551e-01,1.867278205986501233e-04,-1.721543959744595937e-04,2.296797784570686033e-04
6.873333333333333517e-01,1.878392408689022453e-04,-1.648785646299633111e-04,2.538077075850071252e-04
6.876666666666666483e-01,1.922285500916192454e-04,-1.719430894257666272e-04,2.571150724470344629e-04
6.879999999999999449e-01,1.691344981043315819e-04,-1.721370772508974873e-04,2.919263503052457178e-04
6.883333333333333526e-01,1.653342244930244029e-04,-1.423939687128024010e-04,3.012195404933928574e-04
6.886666666666666492e-01,1.310355654409914956e-04,-1.442606112855503403e-04,3.060192543310788602e-04
6.889999999999999458e-01,1.262798119460085305e-04,-1.516695560479185123e-04,3.373780310773932031e-04
6.893333333333333535e-01,1.214511122330481994e-04,-1.224479637213632930e-04,3.199861800920251911e-04
6.896666666666666501e-01,8.818181065562863158e-05,-1.271409624382429586e-04,3.485567153148456877e-04
6.899999999999999467e-01,9.034046804199272825e-05,-9.368674785242747031e-05,3.987859911601990791e-04
6.903333333333333544e-01,4.411078200383319881e-05,-8.961713257760611253e-05,3.411534893724997900e-04
6.906666666666666510e-01,3.814251688153164364e-05,-8.928227803459312759e-05,3.656159140155127059e-04
6.909999999999999476e-01,4.068873419282132645e-05,-6.587925260344850451e-05,3.703955990507166725e-04
6.913333333333333552e-01,6.444924170298308191e-06,-6.388525657694312518e-05,3.529615424438865725e-04
6.916666666666666519e-01,5.302354194973503849e-05,-3.735722733420242204e-05,3.955302948031253277e-04
6.919999999999999485e-01,1.480036277383637066e-05,-5.163971525076116377e-05,3.754882558951393276e-04
6.923333333333333561e-01,4.966486867401395906e-06,-1.176233271729241781e-04,3.610586357696088182e-04
6.926666666666666528e-01,-2.726422338633049925e-05,-9.766302582111559402e-05,3.655820101875431757e-04
6.929999999999999494e-01,7.746390413243981824e-06,-1.350760184397029496e-04,3.883317109730955070e-04
6.933333333333333570e-01,-2.172191182977716793e-05,-9.142290074309506755e-05,3.426921658391168172e-04
6.936666666666666536e-01,-8.811165468809943185e-06,-1.234353898391943186e-04,3.644553755343058203e-04
6.939999999999999503e-01,-8.842624800001935484e-06,-1.374452664204599760e-04,3.565448403441658694e-04
6.943333333333333579e-01,-4.788043919313230405e-05,-1.144460791924360916e-04,3.579906876653663611e-04
6.946666666666666545e-01,-1.876770897269397647e-05,-1.334362019594080334e-04,3.576372808969339730e-04
6.949999999999999512e-01,-6.233567385581407648e-05,-5.534724882635662455e-05,3.760307461699017618e-04
6.953333333333333588e-01,-5.578498111128012919e-05,-1.027609500152409932e-04,3.474556246415853498e-04
6.956666666666666554e-01,-6.115512803622424822e-05,-1.013169399554883526e-04,3.593903236046083467e-04
6.959999999999999520e-01,-6.429453474635938041e-05,-9.257928149370341032e-05,3.695486129237279729e-04
6.963333333333333597e-01,-8.091029633966843068e-05,-8.378863783393531806e-05,3.489459126824959049e-04
6.966666666666666563e-01,-7.593170676520167683e-05,-9.455221158403741223e-05,4.012013486305281021e-04
6.969999999999999529e-01,-1.019366595652662351e-04,-7.835107638502099834e-05,3.726053274822305433e-04
6.973333333333333606e-01,-8.899833912600301324e-05,-1.088246907539635634e-04,3.590995286143697099e-04
6.976666666666666572e-01,-1.147142331896111074e-04,-8.150529745279088659e-05,3.672849228345125851e-04
6.979999999999999538e-01,-1.037273022621833051e-04,-7.967824330755763251e-05,3.710577106226215600e-04
6.983333333333333615e-01,-1.157024402954064823e-04,-4.739571544440742855e-05,3.701986201323937005e-04
6.986666666666666581e-01,-1.277957131310333838e-04,-6.029826804808442476e-05,3.643469587556532490e-04
6.989999999999999547e-01,-1.290273552949212064e-04,-5.504932924424380799e-05,3.540562471221526562e-04
6.993333333333333623e-01,-1.542053168897602328e-04,-2.820805826765887780e-05,3.478750393764584053e-04
6.996666666666666590e-01,-1.395770236133943298e-04,-1.663191537775290317e-05,3.388752276037975005e-04
6.999999999999999556e-01,-1.716370019862568724e-04,3.524564797804255272e-05,2.976108727766364087e-04
7.003333333333333632e-01,-1.582137285634713101e-04,1.506884693103541713e-06,3.421471501936066860e-04
7.006666666666666599e-01,-1.683954977643245803e-04,1.878301688009998189e-05,3.516053893251055258e-04
7.009999999999999565e-01,-1.470101684435134678e-04,8.448120369378480727e-06,3.285298866858460420e-04
7.013333333333333641e-01,-1.618757510761031037e-04,1.050613613186153327e-05,3.527559714595713755e-04
7.016666666666666607e-01,-1.288074696962018427e-04,5.716576741198752562e-05,3.429100734046709406e-04
7.019999999999999574e-01,-1.553826538915601991e-04,5.302722672388653763e-05,3.341852657982629293e-04
7.023333333333333650e-01,-1.345278128541793465e-04,3.836523159868824852e-05,2.983247109079947834e-04
7.026666666666666616e-01,-1.581018822281346047e-04,4.587992671344975155e-05,3.386509050159991724e-04
7.029999999999999583e-01,-1.257709491056258077e-04,5.140663169687240483e-05,3.299952403190289734e-04
7.033333333333333659e-01,-1.914093565002366357e-04,6.903565552799079531e-05,3.159208556786791957e-04
7.036666666666666625e-01,-2.256781436341155232e-04,6.612823274285056026e-05,3.045169780359291097e-04
7.039999999999999591e-01,-2.225207757023684721e-04,5.947003782003772876e-05,3.394722891085108995e-04
7.043333333333333668e-01,-2.388172463288999595e-04,1.098478035984776989e-04,2.490414331392911199e-04
7.046666666666666634e-01,-2.783915145512458073e-04,1.094154050339669865e-04,2.812667313518266610e-04
7.049999999999999600e-01,-3.011128541942288315e-04,1.645245153578013412e-04,3.058249459197535003e-04
7.053333333333333677e-01,-3.179081328268583916e-04,1.640965435522280438e-04,2.462378071733110538e-04
7.056666666666666643e-01,-3.088977724729051748e-04,1.826981988068340508e-04,2.625982909398560917e-04
7.059999999999999609e-01,-2.937762458315168056e-04,2.246149720852065341e-04,2.037448449637541906e-04
7.063333333333333686e-01,-3.143639119978343605e-04,2.189008805838403647e-04,1.628497457835111583e-04
7.066666666666666652e-01,-2.700862783099308218e-04,2.021584381954616308e-04,1.791329299833756598e-04
7.069999999999999618e-01,-2.436623436446339204e-04,2.071260124601161318e-04,1.611481248491656020e-04
7.073333333333333695e-01,-2.609084611767401507e-04,1.996955552025609867e-04,1.679970028851347557e-04
7.076666666666666661e-01,-2.484713281635463045e-04,1.787380099064476329e-04,1.720068271965306936e-04
7.079999999999999627e-01,-3.095662671146709281e-04,1.891762557058698281e-04,1.243394674066246384e-04
7.083333333333333703e-01,-2.621208776272598916e-04,1.674776813186280031e-04,9.893579789914524743e-05
7.086666666666666670e-01,-2.596487282605054129e-04,1.143710710582051030e-04,1.112971030982222627e-04
7.089999999999999636e-01,-2.493592461167227548e-04,1.097824894885417272e-04,8.021182835797454811e-05
7.093333333333333712e-01,-2.336753061742319652e-04,1.071313592190152798e-04,7.128898233861950524e-05
7.096666666666666679e-01,-1.880807519106691462e-04,1.070304239377468019e-04,1.008833376952697676e-04
7.099999999999999645e-01,-2.061292914372115129e-04,1.416160119692961943e-04,7.049917263726689900e-05
7.103333333333333721e-01,-2.315192253597796288e-04,1.397236372422571620e-04,9.833753176355796864e-05
7.106666666666666687e-01,-2.076858399990091670e-04,1.623017387341659109e-04,7.235183686685169458e-05
7.109999999999999654e-01,-2.124017959953864408e-04,1.581938617651371093e-04,7.895914287172547811e-05
7.113333333333333730e-01,-2.100071477362686772e-04,1.917509467212887106e-04,5.686970317089221430e-05
7.116666666666666696e-01,-1.737591998603178582e-04,2.196264289624275372e-04,4.914296852758708798e-05
7.119999999999999662e-01,-2.224792514246978564e-04,2.170719560682373784e-04,4.000748338854816130e-05
7.123333333333333739e-01,-1.765207682756958800e-04,1.593644676855471916e-04,-7.167080778550822881e-06
7.126666666666666705e-01,-1.795265331635571696e-04,1.933565917290844293e-04,-4.817570553344181479e-05
7.129999999999999671e-01,-1.127163294165081328e-04,1.652525489343884598e-04,2.838182304237242963e-05
7.133333333333333748e-01,-1.720088713360574213e-04,1.552744789646221457e-04,-2.904642850088542545e-05
7.136666666666666714e-01,-1.786925940520154405e-04,1.361194270678832570e-04,-4.022152407377519247e-06
7.139999999999999680e-01,-1.645042623266859498e-04,1.287706189196178425e-04,-7.145408137254368437e-07
7.143333333333333757e-01,-1.700355571687721596e-04,1.323766412175334103e-04,1.724845034212922734e-05
7.146666666666666723e-01,-1.498021662411530455e-04,1.356742400886645143e-04,-9.902260489092413171e-06
7.149999999999999689e-01,-1.279620821754267744e-04,1.396221324364470349e-04,3.154151177015746980e-05
7.153333333333333766e-01,-1.165646605128928248e-04,1.598095770023284182e-04,2.027513621053381025e-05
7.156666666666666732e-01,-1.745175957869421707e-04,1.344839337966090406e-04,3.525987346456536784e-05
7.159999999999999698e-01,-1.047848796576562782e-04,1.216130674674313297e-04,3.767097844277323792e-05
7.163333333333333774e-01,-1.504974735468239655e-04,9.818566897465186077e-05,2.881869766810476305e-05
7.166666666666666741e-01,-5.392275186494075936e-05,9.669998654531166045e-05,2.113888937357339265e-06
7.169999999999999707e-01,-6.979458440505102029e-05,-3.191848100411415417e-06,1.261943124791484237e-05
7.173333333333333783e-01,-6.666689803786023636e-05,-3.422745375456999245e-05,1.036738108593900880e-05
7.176666666666666750e-01,-6.589205012172007323e-05,-7.080094131128115953e-05,7.793883157752097313e-06
7.179999999999999716e-01,-3.446629594469377116e-05,-1.012100764414908613e-04,2.363197802014164377e-05
7.183333333333333792e-01,-1.881940357115619299e-05,-2.990540319853058563e-05,5.958346077095305805e-05
7.186666666666666758e-01,-3.230694512736660657e-05,-5.049301641736093238e-05,3.009705775695575966e-05
7.189999999999999725e-01,-1.227204541375345346e-05,-7.522387537363070011e-05,-1.273247541604858437e-05
7.193333333333333801e-01,-3.409396052447226192e-06,-6.002442382159604340e-05,-1.494561454943439052e-05
7.196666666666666767e-01,-3.420199677262438041e-05,-6.266225439870092115e-05,-1.306919151574594124e-05
7.199999999999999734e-01,-6.012049806284792630e-06,-3.553716227934190579e-06,3.290198994918466091e-05
7.203333333333333810e-01,-6.602607265118932587e-05,-1.810168995114556464e-05,-6.067800334245461316e-05
7.206666666666666776e-01,-3.391973637894305036e-05,-7.478400450644359974e-06,-3.774630169956587740e-05
7.209999999999999742e-01,-5.390454590298892132e-05,2.958622165387251365e-06,-3.933851512956885514e-06
7.213333333333333819e-01,-5.595702677189077497e-05,9.561061929946167243e-06,-7.509070058125032145e-05
7.216666666666666785e-01,-4.103405932793611225e-05,5.011009613405901917e-05,-6.069222669494183140e-05
7.219999999999999751e-01,-3.756844773642110296e-05,4.383547599004971934e-05,-3.644352969348682304e-05
7.223333333333333828e-01,-2.139835150373682032e-05,2.168589641264658205e-05,-2.680572799364939058e-05
7.226666666666666794e-01,3.065359203288330268e-06,8.041149404784938355e-05,-9.944052852161442313e-05
7.229999999999999760e-01,-2.700675314957874597e-05,9.567146405430449038e-05,-2.055122644177100448e-05
7.233333333333333837e-01,2.036185925370116723e-05,9.770619402927767350e-05,-1.276195441967868216e-04
7.236666666666666803e-01,7.904008674840942107e-07,4.080504884765194312e-05,-1.306801774340359045e-04
7.239999999999999769e-01,1.418980700837180604e-05,2.938161619734655784e-05,-1.479340909275278873e-04
7.243333333333333846e-01,5.750874179729549714e-05,2.376526287357184171e-05,-2.054496419250822809e-04
7.246666666666666812e-01,1.006626570128666575e-04,-5.217070898660860702e-06,-1.628248379461439213e-04
7.249999999999999778e-01,1.190394681169925533e-04,2.880642606269285931e-06,-1.709800438263139356e-04
7.253333333333333854e-01,8.333294025965445927e-05,-1.560145779767807756e-05,-1.814100282051893636e-04
7.256666666666666821e-01,1.170585126124280265e-04,-9.707940178211935795e-06,-1.910115458425594025e-04
7.259999999999999787e-01,1.393649629925293627e-04,-2.351076222923763716e-05,-1.491923641593969501e-04
7.263333333333333863e-01,1.364719146278800131e-04,-1.450538840165687302e-05,-1.688033484052703760e-04
7.266666666666666829e-01,1.626106180237028148e-04,-9.642503102749925737e-06,-7.518724521466353997e-05
7.269999999999999796e-01,1.713105116598006401e-04,6.205513936701834423e-06,-8.535136901102791422e-05
7.273333333333333872e-01,2.071819401194926915e-04,-3.423436894744222287e-05,-1.060201352732006048e-04
7.276666666666666838e-01,1.867419339582513196e-04,-4.545311900778625775e-05,-4.219353764081865257e-05
7.279999999999999805e-01,2.137733957273064208e-04,-5.070674991722572150e-05,-7.182684756693391375e-05
7.283333333333333881e-01,2.246268955810864099e-04,8.816440951083396311e-06,4.178263414626856828e-06
7.286666666666666847e-01,2.222351298193053055e-04,-6.576303076573247774e-05,9.240049778702267804e-06
7.289999999999999813e-01,2.658842703143320389e-04,-1.216892923131831193e-04,4.784504407225367953e-05
7.293333333333332780e-01,2.493883635041488377e-04,-8.138017032224172651e-05,4.653071922068500543e-05
7.296666666666666856e-01,2.684583404359714700e-04,-1.196118997725442766e-04,9.802115650927983577e-05
7.299999999999999822e-01,2.516454676922398560e-04,-1.213474222633161259e-04,8.396151045510429707e-05
7.303333333333332789e-01,2.308147743683963129e-04,-1.574764023871366670e-04,1.038354017608039307e-04
7.306666666666666865e-01,2.272547269973917332e-04,-1.894659487048250019e-04,1.233803344993617229e-04
7.309999999999999831e-01,2.006358430546747421e-04,-2.094936934117309424e-04,1.712844550536799675e-04
7.313333333333332797e-01,1.843060333551739495e-04,-2.080601742529103698e-04,1.760189736879245125e-04
7.316666666666666874e-01,1.624144178512120667e-04,-2.141292089811223877e-04,1.122594290029823189e-04
7.319999999999999840e-01,1.569643768019744116e-04,-2.471182967568914140e-04,1.659719167907049305e-04
7.323333333333332806e-01,1.271489936664966017e-04,-2.897938320496211461e-04,1.514839083518519061e-04
7.326666666666666883e-01,1.114791058985220963e-04,-2.630162119124357639e-04,7.811965303204251941e-05
7.329999999999999849e-01,1.478718380805552253e-04,-2.837700486349914084e-04,1.597627558032857942e-04
7.333333333333332815e-01,1.230088029164320973e-04,-2.143772110315332559e-04,1.150683524420826291e-04
7.336666666666666892e-01,1.122600179364176905e-04,-2.069194942584162472e-04,1.079312410706850415e-04
7.339999999999999858e-01,1.027652824580780006e-04,-2.180420755695932505e-04,9.260972240564369442e-05
7.343333333333332824e-01,7.134388601877055653e-05,-2.015316367695007540e-04,7.500878088190110374e-05
7.346666666666666901e-01,1.038567563906278557e-04,-2.061261465718931569e-04,5.170245355084909328e-05
7.349999999999999867e-01,1.000483111713049519e-04,-1.558858627234343337e-04,1.197365147828868300e-04
7.353333333333332833e-01,7.750375563384685523e-05,-1.542532300186080037e-04,1.150149858430055984e-04
7.356666666666666909e-01,9.875396789200193304e-05,-1.654674530060328658e-04,6.927262618961933251e-05
7.359999999999999876e-01,6.553552471688324011e-05,-1.648158263242043876e-04,9.624854217831057949e-05
7.363333333333332842e-01,1.199230623241639607e-04,-1.712689147495844843e-04,8.331308523156210353e-05
7.366666666666666918e-01,9.211316991232619685e-05,-1.285768632451468163e-04,1.257282181271264141e-04
7.369999999999999885e-01,7.854708370286311392e-05,-1.294945226066253373e-04,1.216997728348722307e-04
7.373333333333332851e-01,8.638071210752338962e-05,-1.339666105200414343e-04,1.382836793444664272e-04
7.376666666666666927e-01,7.716534092884281203e-05,-9.010110547248539718e-05,1.129766923498376279e-04
7.379999999999999893e-01,7.797004036810863668e-05,-7.734393047993521589e-05,1.660461684961382005e-04
7.383333333333332860e-01,1.953210890266625431e-04,7.545836499656954368e-05,2.156127522245872069e-04
7.386666666666666936e-01,1.990588450778094651e-04,9.076805190676307661e-05,1.774372741488997507e-04
7.389999999999999902e-01,1.900328485354733845e-04,5.368210228435036074e-05,1.974211424479380269e-04
7.393333333333332869e-01,1.560108140509612075e-04,8.880499141786113589e-05,2.357249499957601261e-04
7.396666666666666945e-01,1.773138018440797558e-04,1.512958166409179586e-05,1.767518101543908413e-04
7.399999999999999911e-01,1.731845428291976623e-04,2.683514900608848704e-05,2.484553439350678907e-04
7.403333333333332877e-01,1.559778012984450917e-04,-8.687235705912922632e-06,1.365530601873969282e-04
7.406666666666666954e-01,1.713685423137293001e-04,-8.102997744782284857e-05,1.305713131898983935e-04
7.409999999999999920e-01,1.956307943301271144e-04,-1.022697868730233295e-04,1.581295230698787687e-04
7.413333333333332886e-01,1.683724854593509073e-04,-1.377412897447238545e-04,2.194097922800493730e-04
7.416666666666666963e-01,2.105059762227152868e-04,-2.897422410105760036e-05,2.262775525421265705e-04
7.419999999999999929e-01,1.634467054115615000e-04,-9.843041483790491736e-05,2.017865070306393933e-04
7.423333333333332895e-01,2.049181191687398501e-04,-1.147951847927299881e-04,2.537064895643481263e-04
7.426666666666666972e-01,1.836531477084199157e-04,-9.675659515372536776e-05,2.937697548420888311e-04
7.429999999999999938e-01,1.271697965953885582e-04,-1.140361380161019418e-04,2.930301985672535193e-04
7.433333333333332904e-01,1.698664076875039169e-04,-2.932431989742961028e-05,3.416465172133066630e-04
7.436666666666666980e-01,1.719722895389045431e-04,-7.881032673729670957e-05,3.423887730223895373e-04
7.439999999999999947e-01,1.738678034714710447e-04,-1.144941134100287150e-04,3.707627937628866490e-04
7.443333333333332913e-01,1.353545390093568339e-04,-1.317919069452173583e-04,4.402306922914481311e-04
7.446666666666666989e-01,8.750339043341116602e-05,-1.484809952390348355e-04,3.989099955720876319e-04
7.449999999999999956e-01,7.581739271675776376e-05,-1.556750998118038715e-04,4.221835221106691178e-04
7.453333333333332922e-01,3.478534225645161387e-05,-2.408455275676425419e-04,4.204253415797493901e-04
7.456666666666666998e-01,-1.981587707782527357e-06,-2.455587314620112909e-04,4.513818586959253399e-04
7.459999999999999964e-01,5.866896775427127746e-06,-2.508047773400550969e-04,4.194116519561605122e-04
7.463333333333332931e-01,-2.729505726998717930e-05,-2.585348045065198760e-04,4.458151868594287140e-04
7.466666666666667007e-01,-7.218010928816455407e-05,-3.024329795527834984e-04,4.565619456172694056e-04
7.469999999999999973e-01,-8.923222931083917237e-05,-2.754674422043316886e-04,4.601559836000390516e-04
7.473333333333332940e-01,-1.021647439653724273e-04,-2.598307058260937094e-04,4.509240409093367985e-04
7.476666666666667016e-01,-1.217525846580919010e-04,-2.672001721827336096e-04,4.385892593599234829e-04
7.479999999999999982e-01,-1.221523000198994596e-04,-2.525155255132650422e-04,4.135160142957095843e-04
7.483333333333332948e-01,-1.715317092533553956e-04,-2.558525769026452189e-04,4.228574187460633848e-04
7.486666666666667025e-01,-1.599781976407040605e-04,-2.108547017414073984e-04,4.159391800962815734e-04
7.489999999999999991e-01,-1.701575194381582754e-04,-2.024460084211251586e-04,3.816819163310724151e-04
7.493333333333332957e-01,-1.830841603245338112e-04,-1.494567978787203282e-04,3.763680137873486216e-04
7.496666666666667034e-01,-2.054870927853000252e-04,-8.271582833794482276e-05,3.806789087354739312e-04
7.500000000000000000e-01,-1.531281330737237407e-04,-1.072929830935989035e-05,3.256396434059438292e-04
7.503333333333332966e-01,-1.756172141341366471e-04,-1.288311068849694933e-05,3.258355773432677167e-04
7.506666666666667043e-01,-2.052185582456817359e-04,3.931277805486397121e-05,3.211011748180230278e-04
7.510000000000000009e-01,-1.756007349512496928e-04,6.784093542073751980e-05,3.386480313182517444e-04
7.513333333333332975e-01,-1.808325763907762192e-04,7.901212047404882280e-05,2.892530276643984991e-04
7.516666666666667052e-01,-1.341886843231839042e-04,1.294353834971231194e-04,3.607250546129086503e-04
7.520000000000000018e-01,-1.423684503502407992e-04,1.242527619430361602e-04,3.080761252642300963e-04
7.523333333333332984e-01,-1.219058736909859247e-04,1.278846458326385999e-04,3.027117733600516122e-04
7.526666666666667060e-01,-1.156768241398297261e-04,8.459617916756387009e-05,3.688187227231339753e-04
7.530000000000000027e-01,-1.292096052680373529e-04,9.157760515524411983e-05,3.426658671506404370e-04
7.533333333333332993e-01,-1.323022257831939208e-04,1.118257882191188749e-04,3.065540233573481798e-04
7.536666666666667069e-01,-1.541523985895985123e-04,7.125550686648047692e-05,3.692367731772582201e-04
7.540000000000000036e-01,-1.266915806842361933e-04,5.904259670778732254e-05,3.768180522709440932e-04
7.543333333333333002e-01,-1.764062841833624075e-04,8.359367359311860410e-05,3.036415742312159106e-04
7.546666666666667078e-01,-1.770886474443894652e-04,9.273889158315442465e-05,3.697877103817630729e-04
7.550000000000000044e-01,-2.278595142836914130e-04,1.296929898023045896e-04,3.353715514501966481e-04
7.553333333333333011e-01,-2.383342376714112911e-04,1.564866601765729196e-04,3.036838959616779089e-04
7.556666666666667087e-01,-2.230682054559944073e-04,1.544409797979125003e-04,3.084161504704244737e-04
7.560000000000000053e-01,-2.105242568811174439e-04,1.517384305228924586e-04,2.481175828543714934e-04
7.563333333333333020e-01,-2.305432824643506475e-04,1.342410574670730697e-04,2.518265397197878212e-04
7.566666666666667096e-01,-1.851354106933933647e-04,1.385393886203265619e-04,2.883312673414769873e-04
7.570000000000000062e-01,-2.069956994338473667e-04,1.239573858057514200e-04,2.711090225777065322e-04
7.573333333333333028e-01,-1.827244464116152144e-04,9.546618928825722540e-05,2.817444908591472787e-04
7.576666666666667105e-01,-2.152005377490589860e-04,9.720842957987267251e-05,2.750077015489523586e-04
7.580000000000000071e-01,-2.196122815029339704e-04,9.157801935491077750e-05,2.512537159688026924e-04
7.583333333333333037e-01,-1.856238036383599276e-04,1.152904131058293997e-04,2.039870918784114650e-04
7.586666666666667114e-01,-1.749244901987202598e-04,6.270131296954538889e-05,2.450770655013543523e-04
7.590000000000000080e-01,-1.898337453852974675e-04,2.439480753567168072e-05,2.472818012458727300e-04
7.593333333333333046e-01,-1.880961977454542711e-04,1.738564687900199174e-06,2.333382714484053195e-04
7.596666666666667123e-01,-1.820586983003306427e-04,-3.027532880394379633e-05,2.538357479084819433e-04
7.600000000000000089e-01,-2.222566192954973381e-04,-2.464540396921627194e-05,1.657677246007634652e-04
7.603333333333333055e-01,-2.080875948636492535e-04,-7.105903300669698342e-05,2.115829716788342175e-04
7.606666666666667131e-01,-1.860610458522862754e-04,-4.074121595924556466e-05,1.466345143758356051e-04
7.610000000000000098e-01,-2.041093678318598402e-04,-5.310432527206019368e-05,1.734200769160104292e-04
7.613333333333333064e-01,-1.902720209473256446e-04,-7.489049383384201110e-07,1.487991780017649624e-04
7.616666666666667140e-01,-2.112203799879214185e-04,9.660838746521954037e-06,1.513163340377525359e-04
7.620000000000000107e-01,-2.101752299630414201e-04,5.751546842430225689e-05,1.107762090974404506e-04
7.623333333333333073e-01,-1.920947110320847398e-04,7.865642651030714798e-05,8.375375517022853791e-05
7.626666666666667149e-01,-1.845636972593745883e-04,6.040572781075539743e-05,1.337227146378158749e-04
7.630000000000000115e-01,-2.105016048029906576e-04,1.003692778423090565e-04,6.641313728106447564e-05
7.633333333333333082e-01,-1.854097646144271794e-04,9.971259015830359759e-05,7.179208989197981197e-05
7.636666666666667158e-01,-2.380599109437485665e-04,1.000629124701183222e-04,3.319149322679945126e-05
7.640000000000000124e-01,-2.052537736612569880e-04,1.236675754764873661e-04,1.589991687646630586e-05
7.643333333333333091e-01,-2.207934255766880107e-04,1.502408398531358737e-04,3.600590281614482604e-05
7.646666666666667167e-01,-2.306323407547050620e-04,2.007245824994118759e-04,2.093267599056780501e-05
7.650000000000000133e-01,-2.164188823544786126e-04,2.477685004640184699e-04,5.426696408754750992e-06
7.653333333333333099e-01,-2.387666394652817627e-04,2.810777645821134073e-04,-3.185356676411233475e-05
7.656666666666667176e-01,-2.261859254526768167e-04,2.530426083694783100e-04,-9.824222558819147716e-05
7.660000000000000142e-01,-2.232216304557439084e-04,2.741664807192335752e-04,-4.559750519075913004e-05
7.663333333333333108e-01,-2.079926899985082235e-04,2.712020795924488525e-04,-1.131692856965248688e-04
7.666666666666667185e-01,-2.167333464978858171e-04,2.838689008108397126e-04,-1.377628554549199141e-04
7.670000000000000151e-01,-2.403418154862833271e-04,2.364041818723887670e-04,-1.599927362479394548e-04
7.673333333333333117e-01,-2.151624942228892549e-04,2.099793304137992974e-04,-1.661448586891598573e-04
7.676666666666667194e-01,-1.505094386301082329e-04,2.182194962447104908e-04,-2.350523861569750201e-04
7.680000000000000160e-01,-1.423035125800525770e-04,2.000680760277605806e-04,-1.498637934785434481e-04
7.683333333333333126e-01,-1.434810671288213452e-04,1.858690525799681220e-04,-2.368924525600711454e-04
7.686666666666667203e-01,-6.713025268638592397e-05,1.793828152375158793e-04,-1.383220654256672928e-04
7.690000000000000169e-01,-3.640381003892511383e-05,1.588955936628915129e-04,-1.703045506921710916e-04
7.693333333333333135e-01,-8.457209752221914067e-06,1.184593770929843462e-04,-1.666440693342111686e-04
7.696666666666667211e-01,2.071575038603283201e-05,1.094200388927377100e-04,-1.558482545239145477e-04
7.700000000000000178e-01,7.748877208637043774e-05,1.337377789846056994e-04,-9.217651727014340539e-05
7.703333333333333144e-01,4.825512994050473129e-05,8.747595412495476948e-05,-1.029293427232286386e-04
7.706666666666667220e-01,1.061206045347518008e-04,4.543401488481436804e-05,-7.452327589876033128e-05
7.710000000000000187e-01,1.426207981210316530e-04,8.314847367016027534e-05,-1.136204562428693576e-04
7.713333333333333153e-01,1.121049205443454857e-04,5.737410984431597869e-05,-6.820044420044335943e-05
7.716666666666666119e-01,2.013348214654442586e-04,7.853566141999747277e-05,-1.773420439992797620e-05
7.720000000000000195e-01,1.739874543043136098e-04,2.618831797977551345e-05,-1.751777722412250276e-05
7.723333333333333162e-01,1.702709906627384554e-04,-1.224337930334526455e-05,-2.742842056008970914e-05
7.726666666666666128e-01,1.829383699490409678e-04,-1.534073205125710229e-05,6.713488913723168023e-06
7.730000000000000204e-01,1.521714363720113781e-04,-2.278894164765037352e-05,-1.003851440046994769e-05
7.733333333333333171e-01,1.833492345929997526e-04,-1.608977978905726784e-05,-3.613939668188518255e-05
7.736666666666666137e-01,1.543790486246993262e-04,-7.391722427833317315e-05,-4.772929545609305268e-05
7.740000000000000213e-01,1.197782712197388783e-04,-1.137514922389315161e-04,-4.949201875163370236e-05
7.743333333333333179e-01,1.277552154884420172e-04,-1.515782509088998086e-04,-4.721017211755964936e-05
7.746666666666666146e-01,1.203384954544676398e-04,-1.932648327225276904e-04,-3.672445541873432286e-05
7.750000000000000222e-01,1.641003524727063269e-04,-1.180421865858310336e-04,-3.149452870918504157e-05
7.753333333333333188e-01,1.396552386323425955e-04,-1.713245210548331929e-04,-5.009147500446989928e-05
7.756666666666666154e-01,1.684001683111313087e-04,-1.958209883028636520e-04,-6.434317260128531886e-05
7.760000000000000231e-01,1.139545932515791555e-04,-1.425054143106122852e-04,-1.073535890825020846e-04
7.763333333333333197e-01,1.864175986211345966e-04,-1.775201196686880935e-04,-8.106517625263039411e-05
7.766666666666666163e-01,1.431853868918220654e-04,-9.384637004896539698e-05,-1.069217216573902467e-04
7.770000000000000240e-01,1.723630582816199845e-04,-8.114860682110131885e-05,-1.396516876379722200e-04
7.773333333333333206e-01,1.929066983801257153e-04,-3.955848822671597601e-05,-1.359582313240419410e-04
7.776666666666666172e-01,1.758958578947817937e-04,-4.495004115328241648e-05,-1.942351090339120392e-04
7.780000000000000249e-01,2.096485420385426268e-04,-6.357414732419519978e-05,-2.129803265220636297e-04
7.783333333333333215e-01,1.557088316648891715e-04,-2.971841146464433798e-05,-1.460473196792237455e-04
7.786666666666666181e-01,1.275407685639427823e-04,-2.599426459929405627e-05,-1.914982457428719492e-04
7.790000000000000258e-01,1.564567581436397399e-04,-1.576309921759095871e-05,-1.629310486537984676e-04
7.793333333333333224e-01,1.780992551749491270e-04,7.378129901684282208e-07,-1.598615040508074062e-04
7.796666666666666190e-01,1.691284067892050472e-04,6.594188548901065042e-06,-1.404812574149765945e-04
7.800000000000000266e-01,1.816151948980285582e-04,-1.353754616181495627e-05,-1.568466177595172152e-04
7.803333333333333233e-01,1.535421998224498208e-04,-2.428637375659707711e-05,-9.504789283756257673e-05
7.806666666666666199e-01,1.643298373314242000e-04,-7.133142106248226990e-05,-8.328921511838140916e-05
7.810000000000000275e-01,1.782817498884051925e-04,-1.091531252021433747e-04,-5.455728838570598073e-05
7.813333333333333242e-01,1.734943297127755581e-04,-1.244951067425965798e-04,-1.374152067964164419e-05
7.816666666666666208e-01,2.107605877563300915e-04,-9.739786037201763811e-05,-2.026228919553070578e-05
7.820000000000000284e-01,1.945961137531208602e-04,-1.294504880045638717e-04,-9.823378937288313899e-06
7.823333333333333250e-01,2.155415902963799750e-04,-1.946155637229752340e-04,-3.332835425353678009e-05
7.826666666666666217e-01,2.109161882257676388e-04,-1.642215404087287106e-04,-2.304889067940107630e-05
7.830000000000000293e-01,2.320082642326300442e-04,-1.705120425212063875e-04,4.456955113069772614e-05
7.833333333333333259e-01,2.937055907403748108e-04,-4.852865508263089510e-05,7.779848482389711321e-06
7.836666666666666226e-01,2.727327032790463038e-04,-1.225481223782567725e-04,1.068910461102483984e-05
7.840000000000000302e-01,2.708722416018284596e-04,-1.046995856675497576e-04,7.643316255174585877e-05
7.843333333333333268e-01,2.560796459772727977e-04,-1.073927830907210569e-04,5.678237468934570496e-05
7.846666666666666234e-01,2.292939035094826320e-04,-1.338777646915435045e-04,2.098618772589471007e-05
7.850000000000000311e-01,2.653854351148628491e-04,-1.041720700327131540e-04,9.149510503389552557e-05
7.853333333333333277e-01,2.534591295777935231e-04,-1.533656519079204473e-04,6.491464904203632499e-05
7.856666666666666243e-01,2.705200602527047405e-04,-1.821004949074558183e-04,7.954206084888904298e-05
7.860000000000000320e-01,2.473458965941547662e-04,-1.557935868039469227e-04,1.105337299647833962e-04
7.863333333333333286e-01,2.512019710029603247e-04,-1.589497623763938387e-04,1.318407473993824127e-04
7.866666666666666252e-01,2.545369116479942679e-04,-1.590080480357362294e-04,1.357012990777874996e-04
7.870000000000000329e-01,2.556013417729845823e-04,-1.440983226786583175e-04,1.229509053632476764e-04
7.873333333333333295e-01,2.096693177740634932e-04,-1.647992971687568386e-04,1.484270196298494702e-04
7.876666666666666261e-01,2.097349081851580940e-04,-1.657976736902751409e-04,1.707637497300229827e-04
7.880000000000000338e-01,1.990637670779786658e-04,-1.841569703649284821e-04,1.847300078642199377e-04
7.883333333333333304e-01,2.252295006846754633e-04,-7.702932641749987903e-05,1.944682293353421347e-04
7.886666666666666270e-01,1.624352207801040232e-04,-9.553034409684783238e-05,1.445633184948222089e-04
7.890000000000000346e-01,1.470892400536513960e-04,-1.063495629834173661e-04,1.829667765918047617e-04
7.893333333333333313e-01,1.345091786819528558e-04,-7.070786287993959158e-05,2.478196761878892441e-04
7.896666666666666279e-01,1.061714765337382343e-04,-7.401157119615388617e-05,2.206998793778898243e-04
7.900000000000000355e-01,1.530698509664326083e-04,-2.481037840207178338e-05,2.775620414921564682e-04
7.903333333333333321e-01,1.555192394815758862e-04,-8.836729426227130449e-06,2.012202724653983077e-04
7.906666666666666288e-01,1.278326622093364979e-04,-5.057654884076002180e-05,2.225085237828891907e-04
7.910000000000000364e-01,1.050395388649907099e-04,-7.418149660939989717e-05,2.694293027034663085e-04
7.913333333333333330e-01,8.610342810075346750e-05,-9.427230321555438457e-05,2.575375930976547129e-04
7.916666666666666297e-01,1.261420775213840462e-04,-3.946852923661391311e-05,2.665656483845401975e-04
7.920000000000000373e-01,5.695789247725366382e-05,-6.410720935144312424e-05,2.122453880368638289e-04
7.923333333333333339e-01,6.816377083209784965e-05,-1.321338805450010263e-04,2.236513121007370497e-04
7.926666666666666305e-01,3.124391554630815847e-05,-9.853613283094931718e-05,2.476012171045856281e-04
7.930000000000000382e-01,7.048010218244593844e-05,-1.351713361379923970e-04,2.864953808623771185e-04
7.933333333333333348e-01,2.925267414912483024e-05,-7.652613206933977716e-05,2.471338203255057323e-04
7.936666666666666314e-01,3.547316458672711124e-05,-1.068545112082909667e-04,2.558069303997102069e-04
7.940000000000000391e-01,4.348576616328589882e-05,-9.618855914212408895e-05,2.808973305686587136e-04
7.943333333333333357e-01,1.022097358671194195e-05,-1.071288408250137085e-04,3.360722402373168870e-04
7.946666666666666323e-01,-1.728589799219489750e-05,-9.718206234568936715e-05,3.195566929014112437e-04
7.950000000000000400e-01,-3.922351409860393353e-06,-6.371356434324401588e-05,3.242405299572013316e-04
7.953333333333333366e-01,-3.971255288613413644e-06,-8.713093143784662550e-05,3.236528442542295795e-04
7.956666666666666332e-01,-1.327920290003454517e-05,-1.007194698800752608e-04,3.109960924481056099e-04
7.960000000000000409e-01,-2.006122625334980908e-05,-7.916276535053324648e-05,3.069313485797590577e-04
7.963333333333333375e-01,2.038279557445542023e-07,-6.911048244986762036e-05,3.616387743875873755e-04
7.966666666666666341e-01,1.540544247419555412e-05,-7.639448129404078237e-05,3.234913366353747645e-04
7.970000000000000417e-01,2.244146041151877957e-05,-3.537033418479322295e-05,3.109720578851272099e-04
7.973333333333333384e-01,-3.019613069434172718e-06,-4.255828077345561399e-05,3.020579055271393272e-04
7.976666666666666350e-01,-2.183512084889943357e-06,-6.399446937967493646e-05,3.677093012291311291e-04
7.980000000000000426e-01,3.120535534608752631e-05,-9.552346449925944996e-05,3.345579176334279861e-04
7.983333333333333393e-01,2.388254761920903215e-05,-4.759990617226462887e-05,3.551886291708848675e-04
7.986666666666666359e-01,2.377012002556503934e-05,-7.637733083909326709e-05,3.347798599867284780e-04
7.990000000000000435e-01,2.039854990965863515e-05,-8.935198007224774263e-05,3.433835949334953738e-04
7.993333333333333401e-01,4.479035492909192688e-06,-8.061242535261386902e-05,3.431259490627269586e-04
7.996666666666666368e-01,-2.371796985281669231e-05,-6.686747476126390748e-05,3.555140826975923432e-04
8.000000000000000444e-01,-2.075594210319930657e-05,-4.643026456045347449e-05,3.667933753834543790e-04
8.003333333333333410e-01,-4.890017021437603051e-05,-7.581119108534090610e-05,3.742326531702678768e-04
8.006666666666666377e-01,-4.352739912912070294e-05,-9.946674240388063968e-05,3.827844873940814199e-04
8.010000000000000453e-01,-4.191285390510826500e-05,-1.091621081574139970e-04,3.913755084053597080e-04
8.013333333333333419e-01,-6.473476823110680181e-05,-1.312494607067717263e-04,3.947916674002891900e-04
8.016666666666666385e-01,-8.120667689129372957e-05,-9.345925515738591634e-05,3.990695873924441977e-04
8.020000000000000462e-01,-1.121705856518904326e-04,-1.415269323168331375e-04,4.297197509123954796e-04
8.023333333333333428e-01,-9.986820938918555574e-05,-1.513001417202188307e-04,4.056581635642722995e-04
8.026666666666666394e-01,-1.118920439517071067e-04,-1.296982311801830737e-04,3.982297709961990116e-04
8.030000000000000471e-01,-1.251334549069147188e-04,-9.837238805335419276e-05,4.149274352984409493e-04
8.033333333333333437e-01,-1.649496353585713738e-04,-1.169511070014190901e-04,3.680726062898045979e-04
8.036666666666666403e-01,-1.981117066753985652e-04,-1.165454243154077506e-04,3.682529235666425534e-04
8.040000000000000480e-01,-1.876004897836616595e-04,-8.022509688933127331e-05,3.883484306690804786e-04
8.043333333333333446e-01,-1.910173912491927432e-04,-5.359005851552277685e-05,3.110616359785466902e-04
8.046666666666666412e-01,-2.201328713992836217e-04,-2.701368116950455720e-05,3.230241720742946352e-04
8.050000000000000488e-01,-2.212843203117958362e-04,4.366280650401209613e-05,3.511228403215392309e-04
8.053333333333333455e-01,-2.326634680289501819e-04,6.632795464461671141e-05,3.236369953757438269e-04
8.056666666666666421e-01,-2.130199285138739164e-04,9.494350814015487428e-05,3.282606299150880587e-04
8.060000000000000497e-01,-2.106920943675502948e-04,1.477452350865693137e-04,2.742093650929199023e-04
8.063333333333333464e-01,-2.334848438030434452e-04,1.614247744899364491e-04,2.655456888749569214e-04
8.066666666666666430e-01,-2.164576601016680467e-04,1.811679122508907220e-04,2.445503079960778146e-04
8.070000000000000506e-01,-1.908495265693888293e-04,1.618913963019046759e-04,2.503945093695749769e-04
8.073333333333333472e-01,-2.034021770230179502e-04,1.553154588441420160e-04,2.319871690711196939e-04
8.076666666666666439e-01,-1.956523925798035616e-04,1.137676080313650677e-04,2.144386289903925217e-04
8.080000000000000515e-01,-2.575629151169770131e-04,1.054101783917014171e-04,1.896419845911800125e-04
8.083333333333333481e-01,-2.178892551232585113e-04,8.200428592223915527e-05,1.586427393630424868e-04
8.086666666666666448e-01,-2.699298348459891299e-04,1.975553828180116468e-05,1.577809928794420176e-04
8.090000000000000524e-01,-2.356078302848663413e-04,2.802567534171685525e-05,1.042949321551408918e-04
8.093333333333333490e-01,-2.731228804806202083e-04,-1.886395971892979731e-05,1.189925245956180325e-04
8.096666666666666456e-01,-1.897412879235554656e-04,-6.012923198793263441e-06,9.753275125803131636e-05
8.100000000000000533e-01,-2.029196578462091199e-04,1.930128421300451085e-05,1.944552831818537606e-04
8.103333333333333499e-01,-2.222047343434374199e-04,1.016370006408106225e-04,1.669646197125626748e-04
8.106666666666666465e-01,-1.730327561447367692e-04,7.175780162473954034e-05,1.469452801140562687e-04
8.110000000000000542e-01,-1.991349932299136876e-04,1.167761731976071026e-04,1.533894457172641813e-04
8.113333333333333508e-01,-1.713362161085132604e-04,1.120107801452395403e-04,1.535987902440760300e-04
8.116666666666666474e-01,-1.598250173812944513e-04,2.096799676047229855e-04,1.529164176516893670e-04
8.120000000000000551e-01,-1.532151790546167308e-04,1.489347388667706170e-04,1.773628192527166648e-04
8.123333333333333517e-01,-1.469097705174101016e-04,1.635153437574708214e-04,1.807396172966815634e-04
8.126666666666666483e-01,-1.420266568688774997e-04,1.331508321694736135e-04,2.138994478221271250e-04
8.129999999999999449e-01,-1.499276092620400460e-04,1.223896659549339493e-04,2.007490295756968841e-04
8.133333333333333526e-01,-1.739876241775628119e-04,1.247810736178571142e-04,2.024833787343880277e-04
8.136666666666666492e-01,-1.622993422177369761e-04,1.062687236945042321e-04,2.131921408220128654e-04
8.139999999999999458e-01,-1.472112634228022994e-04,8.270085326789993060e-05,1.971413923263144632e-04
8.143333333333333535e-01,-1.528145119248206809e-04,6.795795977030770344e-05,2.341076387089637836e-04
8.146666666666666501e-01,-1.692082804331500735e-04,9.301735025280415722e-05,2.263796268666598132e-04
8.149999999999999467e-01,-1.658218083498805458e-04,6.243895631193696171e-05,1.684186527182557867e-04
8.153333333333333544e-01,-2.222238512833211413e-04,7.411881738712174377e-05,1.403342078234983889e-04
8.156666666666666510e-01,-2.262190469786773200e-04,6.474195823350801301e-05,1.247767048729816509e-04
8.159999999999999476e-01,-2.326907429801640696e-04,1.045200115330972672e-04,1.112454636205186811e-04
8.163333333333333552e-01,-2.279299179214708271e-04,1.291253032716720519e-04,1.055911585163508287e-04
8.166666666666666519e-01,-2.617590970181376360e-04,8.705832436730830094e-05,1.157228771873102571e-05
8.169999999999999485e-01,-2.966605379306717634e-04,1.091933681251596919e-04,8.456139865906854122e-06
8.173333333333333561e-01,-3.357049433171226398e-04,1.233144443731831264e-04,-2.998469081541710408e-05
8.176666666666666528e-01,-2.828272972451737139e-04,1.131283426208383762e-04,-2.077477980744507245e-05
8.179999999999999494e-01,-2.698217955826065256e-04,1.289143979789061434e-04,-2.042716397538251344e-05
8.183333333333333570e-01,-2.740544437944130319e-04,1.920541667647607611e-04,-4.981298756822021120e-05
8.186666666666666536e-01,-2.656930804351464504e-04,1.789367480840054771e-04,-2.668318945788452934e-05
8.189999999999999503e-01,-2.420855904081085084e-04,1.547803128748212172e-04,-9.955895970150798542e-05
8.193333333333333579e-01,-2.191744954215856043e-04,1.672444610188209783e-04,-7.996423071561994402e-05
8.196666666666666545e-01,-1.754917167265074393e-04,1.735604364107980549e-04,-6.126925939717318742e-05
8.199999999999999512e-01,-1.767468267696550757e-04,1.517239335345594534e-04,-1.143252088449859155e-04
8.203333333333333588e-01,-1.568355685160935213e-04,1.467335524007596758e-04,-9.680174830823618719e-05
8.206666666666666554e-01,-1.112105236851841666e-04,1.079211214896738565e-04,-1.481830866778040951e-04
8.209999999999999520e-01,-9.133313477532840419e-05,1.148580145413187009e-04,-1.578131090746485120e-04
8.213333333333333597e-01,-3.499234491029186894e-05,9.233367487176808689e-05,-1.489322799996307164e-04
8.216666666666666563e-01,4.123394768670256684e-05,1.643232660947643788e-04,-7.777392151433860728e-05
8.219999999999999529e-01,5.852934980475721729e-05,1.313277323366829525e-04,-1.177471442626602447e-04
8.223333333333333606e-01,8.370750175319395547e-05,1.050604903231262718e-04,-1.099403814911770487e-04
8.226666666666666572e-01,1.070261777841152576e-04,1.151260535006040886e-04,-1.250762055813228052e-04
8.229999999999999538e-01,7.375822907690794954e-05,7.516868410470132285e-05,-1.663766122529515513e-04
8.233333333333333615e-01,5.788596824120285732e-05,7.714560733869670300e-05,-1.629268977570521887e-04
8.236666666666666581e-01,6.964514331948792501e-05,-2.665209780425261004e-05,-1.763499109079874551e-04
8.239999999999999547e-01,1.124795568196555067e-04,-1.841175076098726322e-05,-1.374146445642328892e-04
8.243333333333333623e-01,1.280221456191653958e-04,-1.751344876205517527e-05,-2.078791356661486233e-04
8.246666666666666590e-01,6.870676126789160916e-05,-4.453636194314156705e-06,-1.782152019913108986e-04
8.249999999999999556e-01,1.185213528174130474e-04,1.187439295570448846e-05,-1.521981068669453420e-04
8.253333333333333632e-01,9.618754590598451251e-05,-7.164896606073577065e-06,-1.661964981668634389e-04
8.256666666666666599e-01,1.223133324505345555e-04,9.631915960423673528e-06,-1.469250456639348257e-04
8.259999999999999565e-01,1.351003489729940880e-04,3.108679209066599335e-05,-1.765085448290948692e-04
8.263333333333333641e-01,1.217081031866343072e-04,3.327517072635953862e-05,-1.889494790316628031e-04
8.266666666666666607e-01,1.417618818981340419e-04,3.786332515261667074e-05,-1.159416493142830391e-04
8.269999999999999574e-01,1.290321074218412321e-04,3.497539563928847117e-05,-1.345463168580609842e-04
8.273333333333333650e-01,1.703608375608548072e-04,3.425031323532628000e-05,-1.239569728768287840e-04
8.276666666666666616e-01,1.403313746113876140e-04,3.837827888818793828e-05,-1.312619415780130164e-04
8.279999999999999583e-01,2.023926707946282545e-04,1.798930676886857115e-05,-1.510045934297681003e-04
8.283333333333333659e-01,1.754973390413026727e-04,2.176687891934781226e-05,-1.327600089219165328e-04
8.286666666666666625e-01,2.255355892697836725e-04,-2.943237747140364059e-05,-6.536134693499517717e-05
8.289999999999999591e-01,2.544800503090229146e-04,-7.182072677806977386e-05,-5.818901825256674325e-05
8.293333333333333668e-01,2.474596192720974184e-04,-8.539856721953303258e-05,-9.452090311428624548e-05
8.296666666666666634e-01,2.743999832479655635e-04,-1.321769831978125156e-04,-3.949332125287064203e-05
8.299999999999999600e-01,2.787514121047394815e-04,-9.344483583149042726e-05,-2.162054678993488989e-05
8.303333333333333677e-01,2.321019997828137674e-04,-1.638887568640490006e-04,-6.118682200724728359e-05
8.306666666666666643e-01,2.931452985222183106e-04,-1.917075714132933362e-04,-5.333776653255210078e-05
8.309999999999999609e-01,2.804607874121224382e-04,-2.129863544383783292e-04,2.395505131235126285e-05
8.313333333333333686e-01,2.629914938833936714e-04,-2.018679151238678756e-04,1.076399491595752846e-05
8.316666666666666652e-01,2.351326737986031868e-04,-1.916979153835643901e-04,-4.388824629047950215e-06
8.319999999999999618e-01,2.160300648214598352e-04,-1.773988886037534301e-04,2.142808406587252778e-05
8.323333333333333695e-01,2.158410708923107484e-04,-2.177875757619117197e-04,2.173616478347062102e-05
8.326666666666666661e-01,2.286234509449976344e-04,-1.643030859681018072e-04,2.556075169915804062e-05
8.329999999999999627e-01,1.585684321830848015e-04,-1.172219418084544069e-04,1.066275329357943254e-04
8.333333333333333703e-01,2.152723487291130456e-04,-1.038186245147219368e-05,7.931926044193957050e-07
8.336666666666666670e-01,1.936018969123122480e-04,-8.025067371874734768e-05,4.274946998920863678e-05
8.339999999999999636e-01,1.749576322050692999e-04,-4.847608408431441630e-05,8.708998763235489208e-05
8.343333333333333712e-01,1.831163777562654093e-04,-5.473671851770425698e-05,3.917531567267112545e-05
8.346666666666666679e-01,1.668025849523428500e-04,-8.509139286361834835e-05,1.006584601321003303e-05
8.349999999999999645e-01,2.000268747022481721e-04,-9.956044860659199393e-05,6.070354252250881506e-05
8.353333333333333721e-01,1.925696909320761391e-04,-1.405508837460955646e-04,6.697088863250065039e-05
8.356666666666666687e-01,2.093626581281621485e-04,-1.687240461101649274e-04,3.583847363829531664e-05
8.359999999999999654e-01,1.863614171164407933e-04,-1.843628017117778374e-04,4.209995624379242631e-05
8.363333333333333730e-01,2.298521018380644105e-04,-1.958649452424876287e-04,7.270292145528614743e-05
8.366666666666666696e-01,2.084865692914145152e-04,-1.500816180758723722e-04,8.932520198934585222e-05
8.369999999999999662e-01,1.825577171403749369e-04,-1.653770280413058215e-04,8.873901118974772862e-05
8.373333333333333739e-01,1.874890446358688605e-04,-1.716086879136390444e-04,1.228782501565629836e-04
8.376666666666666705e-01,2.055510448811060449e-04,-1.452053489502365478e-04,8.533531939868200427e-05
8.379999999999999671e-01,1.811445048376484907e-04,-1.622483708592124081e-04,1.252193414078337885e-04
8.383333333333333748e-01,2.344714941736635093e-04,-8.893777393372097600e-05,1.429151077004286498e-04
8.386666666666666714e-01,1.835629472964792844e-04,-9.772059957478091644e-05,1.272750512509860841e-04
8.389999999999999680e-01,1.989803378154420650e-04,-1.172481787685892055e-04,1.364253112602617556e-04
8.393333333333333757e-01,1.649246651308784565e-04,-6.806721703947539209e-05,1.169260238722879337e-04
8.396666666666666723e-01,1.544177719851465530e-04,-5.832245797569319813e-05,1.531047754767700549e-04
8.399999999999999689e-01,1.668546058712582728e-04,-7.303605331873923160e-05,1.198632187290229453e-04
8.403333333333333766e-01,1.169905563780476542e-04,-5.894671512017336551e-05,8.786418067322153923e-05
8.406666666666666732e-01,8.659923803768770760e-05,-6.554855300084166882e-05,1.051231811922714491e-04
8.409999999999999698e-01,1.045060729074249214e-04,-5.845710522670566469e-05,8.659639376017353764e-05
8.413333333333333774e-01,1.567388349820661442e-04,-1.075854571262842616e-04,1.247999411865857624e-04
8.416666666666666741e-01,1.624220048017491246e-04,-4.928501603329547300e-05,1.613904733591977844e-04
8.419999999999999707e-01,1.639337658813441343e-04,-3.550916226369101757e-05,1.363196230431067244e-04
8.423333333333333783e-01,1.315881483384410055e-04,-7.917048629119451673e-05,1.386000618555570613e-04
8.426666666666666750e-01,1.444207001608084845e-04,-9.488872939758682089e-05,1.813800164856059591e-04
8.429999999999999716e-01,1.729420595390937195e-04,-1.525765756554597668e-04,2.122426449617412865e-04
8.433333333333333792e-01,1.777402482896791702e-04,-9.258933230748963509e-05,1.853616843645271956e-04
8.436666666666666758e-01,1.644419556004719145e-04,-1.257312079852968109e-04,1.920599545140067195e-04
8.439999999999999725e-01,1.674336887088453052e-04,-1.376198256924767241e-04,2.078494432463149450e-04
8.443333333333333801e-01,1.288422704981880278e-04,-1.717617346904687923e-04,2.743938913210040376e-04
8.446666666666666767e-01,1.371963460339996777e-04,-1.904261153070941639e-04,2.743515695905420935e-04
8.449999999999999734e-01,1.254806259627333324e-04,-1.396558500414081972e-04,2.929440166620810092e-04
8.453333333333333810e-01,1.313603222753602774e-04,-1.692726017936937500e-04,3.006498516854049278e-04
8.456666666666666776e-01,1.059164706962424608e-04,-1.823204090429715075e-04,3.130650096899960507e-04
8.459999999999999742e-01,1.040167349928126125e-04,-1.719119856195486110e-04,3.268531566183531024e-04
8.463333333333333819e-01,9.526591497098616012e-05,-1.753971263334982295e-04,3.564927654577127055e-04
8.466666666666666785e-01,8.545874805372904830e-05,-1.992400253387627686e-04,3.281183963902158628e-04
8.469999999999999751e-01,9.923363856318798029e-05,-1.974085897376806370e-04,3.380455997722932250e-04
8.473333333333333828e-01,6.594237833860469415e-05,-1.778715680858465305e-04,3.403741657652002901e-04
8.476666666666666794e-01,7.861510792067123851e-05,-1.929994860610755709e-04,3.658222687355772162e-04
8.479999999999999760e-01,6.709920474025203065e-05,-1.902160125261824258e-04,3.608428181660528096e-04
8.483333333333333837e-01,6.685511024291037761e-05,-1.751534604358476741e-04,4.183145380161465876e-04
8.486666666666666803e-01,3.170078797499775611e-05,-1.532647942890894856e-04,3.761825877145152626e-04
8.489999999999999769e-01,3.063556584307413158e-05,-1.644288085106717615e-04,3.781318836592631959e-04
8.493333333333333846e-01,3.107879438175487101e-06,-1.206949542384147327e-04,3.724729632223495318e-04
8.496666666666666812e-01,-3.764449701393441394e-06,-1.032473757487712725e-04,3.588390961276037724e-04
8.499999999999999778e-01,-3.780347625973122596e-06,-7.151522216456130635e-05,3.565557545901560841e-04
8.503333333333333854e-01,-1.653813467367092716e-05,-8.921387684276659556e-05,3.603842746982149643e-04
8.506666666666666821e-01,-3.894039409850241789e-05,-7.753954274438375530e-05,3.613216226543724575e-04
8.509999999999999787e-01,-2.787411291420310126e-05,-5.199835715119286957e-05,3.404101015006679798e-04
8.513333333333333863e-01,-4.617443586376581750e-05,-4.924124677789545971e-05,3.624615227608479133e-04
8.516666666666666829e-01,-2.082908207394572315e-05,2.982259646120081405e-05,3.597438464820405910e-04
8.519999999999999796e-01,-3.463592819361923779e-05,8.270629340346179168e-06,3.611403765055353821e-04
8.523333333333333872e-01,-2.746454675371436883e-05,6.840770552894783068e-07,3.412512531504119178e-04
8.526666666666666838e-01,-4.316612159736384410e-05,-4.092641769213236101e-06,3.768370360924270450e-04
8.529999999999999805e-01,-9.949789307676826203e-06,-1.553477165134630654e-05,3.627584715280809838e-04
8.533333333333333881e-01,-7.337962928243981311e-05,-2.379794821530122241e-05,3.506101610325000574e-04
8.536666666666666847e-01,-9.746193596392228626e-05,-5.620612419451880167e-05,3.708812249427802113e-04
8.539999999999999813e-01,-9.062200092767692201e-05,-4.639266623289967182e-05,3.983158077651216609e-04
8.543333333333332780e-01,-1.001646579242386205e-04,-5.599444874924771492e-05,3.596664017791101667e-04
8.546666666666666856e-01,-1.301080742492007904e-04,-4.778432533790874178e-05,3.908843673358011338e-04
8.549999999999999822e-01,-1.159766582495848060e-04,2.400604231729536916e-05,4.083126765471363777e-04
8.553333333333332789e-01,-1.579900086994267823e-04,1.217508896995786363e-05,3.933840779945543776e-04
8.556666666666666865e-01,-1.520362920306640340e-04,-7.070562631992452603e-06,4.114419302033237849e-04
8.559999999999999831e-01,-1.506620478287247337e-04,1.452362049551223690e-05,3.825488441787931911e-04
8.563333333333332797e-01,-1.748405986488749380e-04,-2.399872450284129899e-06,3.928126475515679558e-04
8.566666666666666874e-01,-1.673409116396726943e-04,3.983229175170546582e-06,3.478202649557576246e-04
8.569999999999999840e-01,-1.669414138248339512e-04,-2.637576190789449638e-05,3.590284118519336391e-04
8.573333333333332806e-01,-1.698028091055222037e-04,-1.914254782597535616e-05,3.415650377226298702e-04
8.576666666666666883e-01,-1.777909706398043347e-04,-6.600253525110707728e-05,3.054927290438020889e-04
8.579999999999999849e-01,-2.057336278876979610e-04,-5.682792850034798802e-05,3.194824411959779737e-04
8.583333333333332815e-01,-1.755170337550020828e-04,3.127817175227088774e-05,2.372640618711267628e-04
8.586666666666666892e-01,-2.257132230828352978e-04,-1.516595920753723581e-05,2.657389523052831968e-04
8.589999999999999858e-01,-2.001108001584871914e-04,-1.185439027645904891e-06,2.295615940087998368e-04
8.593333333333332824e-01,-2.158246528091885546e-04,-1.249537449741748726e-05,2.280992011551142391e-04
8.596666666666666901e-01,-1.852416551942833464e-04,7.064512270390050748e-06,2.442414870836053507e-04
8.599999999999999867e-01,-2.079038764484937010e-04,4.548949175266723004e-05,2.137612490850013518e-04
8.603333333333332833e-01,-2.112466215910334768e-04,7.248822979314951650e-05,2.201342543848982137e-04
8.606666666666666909e-01,-1.739064791581986446e-04,7.494184506850872722e-05,1.826849365081830833e-04
8.609999999999999876e-01,-2.020292381028914613e-04,7.057083481749651366e-05,2.483009479924566882e-04
8.613333333333332842e-01,-1.985129176726166335e-04,1.031018824806408910e-04,1.940651424285794212e-04
8.616666666666666918e-01,-1.695916797722972589e-04,1.336553014759826264e-04,2.280268652481792454e-04
8.619999999999999885e-01,-1.979154521161656099e-04,1.190502846924288452e-04,1.896936240688835941e-04
8.623333333333332851e-01,-1.900862902227086135e-04,1.151238789523541391e-04,2.026515335934868953e-04
8.626666666666666927e-01,-1.680413856858527341e-04,1.129111466706351271e-04,2.435526123872245501e-04
8.629999999999999893e-01,-2.076578852135177835e-04,1.209548006471967426e-04,2.249060875489842343e-04
8.633333333333332860e-01,-1.849496255820341534e-04,1.137330482466783710e-04,2.063575151657809142e-04
8.636666666666666936e-01,-2.114159547128768239e-04,9.272036909181110328e-05,1.830487060048561121e-04
8.639999999999999902e-01,-2.239842413548888086e-04,7.857152852238205901e-05,1.830523344111028487e-04
8.643333333333332869e-01,-2.006239118777841722e-04,9.720762706801851563e-05,1.752572986486091312e-04
8.646666666666666945e-01,-2.252243950439311311e-04,9.670913776919686032e-05,2.048539616716323129e-04
8.649999999999999911e-01,-2.177977222361339243e-04,1.391548375500204979e-04,1.726963114651609691e-04
8.653333333333332877e-01,-2.473010342448614049e-04,1.558460227296504220e-04,1.345498896666973837e-04
8.656666666666666954e-01,-2.381398866481553999e-04,1.516866296770811716e-04,1.227615751252928615e-04
8.659999999999999920e-01,-2.386818777275612332e-04,1.869017041239022829e-04,1.076216581929007949e-04
8.663333333333332886e-01,-2.455092086363014695e-04,1.891192514767461820e-04,8.674391024454094828e-05
8.666666666666666963e-01,-2.284134160596392794e-04,2.519208780097337524e-04,3.550818707446717708e-05
8.669999999999999929e-01,-2.212179140995681808e-04,2.208127226952122672e-04,4.621805219759103400e-05
8.673333333333332895e-01,-2.379366977792918194e-04,2.237533591161225649e-04,1.659902367846293944e-05
8.676666666666666972e-01,-2.269102208919409767e-04,2.258756146581561886e-04,-1.850901426985656899e-05
8.679999999999999938e-01,-1.978155708641131448e-04,2.245576313188537329e-04,-5.275432952251056779e-06
8.683333333333332904e-01,-2.182123667586756931e-04,2.598043402652157785e-04,-1.083035348651482618e-04
8.686666666666666980e-01,-2.289046371152002942e-04,2.278197643435273358e-04,-8.702748950627140596e-05
8.689999999999999947e-01,-2.056181648340048664e-04,1.914219168610880781e-04,-1.323034393070768918e-04
8.693333333333332913e-01,-1.522641724804869694e-04,1.618036377475317276e-04,-1.683442824469329885e-04
8.696666666666666989e-01,-1.173918556684016136e-04,1.381626222485437302e-04,-8.422003194329477378e-05
8.699999999999999956e-01,-9.613412444313721664e-05,1.537474283435745622e-04,-1.573718368205451309e-04
8.703333333333332922e-01,-1.219898740143156340e-04,1.037289937196991178e-04,-1.181586926127903384e-04
8.706666666666666998e-01,-6.857433626365432955e-05,4.992525953281334530e-05,-1.508232021446811370e-04
8.709999999999999964e-01,-3.047906110872727781e-05,3.006634002128885839e-05,-1.041820427231026974e-04
8.713333333333332931e-01,-4.699063130066441599e-05,2.258149317000581586e-05,-1.224077014639712955e-04
8.716666666666667007e-01,7.464693563784625594e-05,4.604752225357082836e-05,-6.609566379121015927e-05
8.719999999999999973e-01,7.662607598488982918e-05,-2.288750445963815633e-06,-8.498286807260913630e-05
8.723333333333332940e-01,8.361041462002207967e-05,-3.888499309686195674e-05,-9.831636118462483680e-05
8.726666666666667016e-01,1.331633243594425699e-04,-4.050178266443867466e-05,-9.863513844383832300e-05
8.729999999999999982e-01,7.419851694839756464e-05,-5.065259331081032153e-05,-1.137064349572920789e-04
8.733333333333332948e-01,1.277242966255006502e-04,-3.541225895730266249e-05,-7.679091369397215484e-05
8.736666666666667025e-01,1.073031898571741706e-04,-1.052941692890358317e-04,-1.133796461770857972e-04
8.739999999999999991e-01,1.483532151357778116e-04,-1.123738123726721191e-04,-7.796779451691435766e-05
8.743333333333332957e-01,1.577627741774876994e-04,-6.083244970880628897e-05,-1.173021274933102302e-04
8.746666666666667034e-01,1.361613119431690899e-04,-7.059563418588491596e-05,-1.002328853641522435e-04
8.750000000000000000e-01,1.262336104085086061e-04,-4.869683956290300016e-05,-6.592999076198406304e-05
8.753333333333332966e-01,1.039974005059600892e-04,-5.003369811045242166e-05,-1.174839251598968254e-04
8.756666666666667043e-01,9.991421386006517445e-05,-2.217237308448252151e-05,-9.756049159530422600e-05
8.760000000000000009e-01,1.176202188858817662e-04,3.045798251478959682e-06,-1.011331364948430929e-04
8.763333333333332975e-01,9.273623802766841815e-05,1.743055141854832528e-05,-1.180089120029249612e-04
8.766666666666667052e-01,8.957103840504437647e-05,3.566027478810576326e-05,-1.276434045962653832e-04
8.770000000000000018e-01,7.884423246722201909e-05,3.757253109914430994e-05,-1.513782902459322145e-04
8.773333333333332984e-01,7.717037850083919973e-05,7.208366026874233050e-05,-1.141894193696079562e-04
8.776666666666667060e-01,8.603823879188258084e-05,4.358588185967015053e-05,-1.332398583912352381e-04
8.780000000000000027e-01,1.212247546120069045e-04,1.843587225635290623e-05,-1.562635764165412524e-04
8.783333333333332993e-01,6.841957887404107844e-05,1.721947138529805979e-05,-2.083877801674414553e-04
8.786666666666667069e-01,1.196945156367490746e-04,-5.127176627256716029e-06,-1.708935426213916721e-04
8.790000000000000036e-01,1.374586804850070449e-04,-4.086794164163322514e-05,-1.610415778712467362e-04
8.793333333333333002e-01,1.578440823570784342e-04,-6.454701173499533071e-05,-1.493054833525452659e-04
8.796666666666667078e-01,1.577989413610514835e-04,-7.701468057616167530e-05,-9.031784439981399625e-05
8.800000000000000044e-01,2.184708330379641988e-04,-3.271515899664707356e-05,-7.455932774322793135e-05
8.803333333333333011e-01,1.719127904429364499e-04,-6.211995701326050127e-05,-1.116251521069127478e-04
8.806666666666667087e-01,1.860193245079953947e-04,-1.444425226016502655e-04,-8.436136562341774604e-05
8.810000000000000053e-01,1.840386137437707598e-04,-1.711400986532541767e-04,-2.714855432946625545e-05
8.813333333333333020e-01,1.604167656167917837e-04,-2.072114014734927480e-04,-2.222074323764542699e-05
8.816666666666667096e-01,2.352890356824315814e-04,-1.061870737485618007e-04,1.192593050435410100e-06
8.820000000000000062e-01,2.508342622389382105e-04,-1.819786684305003336e-04,3.377874352102162099e-05
8.823333333333333028e-01,2.696126446524492264e-04,-2.167516365081234694e-04,5.723867580212307367e-05
8.826666666666667105e-01,2.452681870752143525e-04,-2.098800899257635753e-04,5.852645523359060559e-05
8.830000000000000071e-01,2.271852207408586440e-04,-2.167247135297907610e-04,1.098274606888556928e-04
8.833333333333333037e-01,2.722091764986177861e-04,-9.789746283244343339e-05,-1.878658734773208189e-05
8.836666666666667114e-01,2.886180101345369071e-04,-1.773007232827557365e-04,2.505280385186458916e-05
8.840000000000000080e-01,2.605826506845613870e-04,-1.327147438025290936e-04,5.911006986475354427e-05
8.843333333333333046e-01,2.609925635605316670e-04,-1.804068842454538293e-04,4.003198238752614163e-05
8.846666666666667123e-01,2.453817193995592658e-04,-1.729903932829087712e-04,4.223845976704293693e-05
8.850000000000000089e-01,2.479521184161001817e-04,-1.709051180048638601e-04,-4.771331215579149252e-06
8.853333333333333055e-01,2.449791215404150888e-04,-1.683128882223099631e-04,4.378014435322318278e-06
8.856666666666667131e-01,2.633789178414637326e-04,-1.774336684320130348e-04,-1.068843452738579176e-05
8.860000000000000098e-01,2.443692286133711039e-04,-1.910532653773711488e-04,2.418147837577274526e-05
8.863333333333333064e-01,2.362472756932740942e-04,-1.787389798502637072e-04,2.043449581289057576e-05
8.866666666666667140e-01,2.516826410305343523e-04,-1.923811377337150447e-04,4.080515221783120785e-05
8.870000000000000107e-01,2.217518764214767451e-04,-1.885786553564082837e-04,1.778173897864990390e-05
8.873333333333333073e-01,2.226023762960187529e-04,-1.969491646449205823e-04,1.542114141539663549e-05
8.876666666666667149e-01,2.093224663256754885e-04,-1.767283511183941449e-04,1.686327324860043065e-05
8.880000000000000115e-01,2.071282875983112410e-04,-1.666945195185041170e-04,2.647407960596213282e-05
8.883333333333333082e-01,2.447846889370458730e-04,-9.247778315976307628e-05,3.632810529085522616e-05
8.886666666666667158e-01,2.030715804975255175e-04,-7.559312143271580415e-05,1.591543574076828870e-06
8.890000000000000124e-01,2.052520265724839654e-04,-1.028307685465518553e-04,2.503390711213157355e-05
8.893333333333333091e-01,1.929738116200019836e-04,-3.208010677335465483e-05,4.240244921577054362e-05
8.896666666666667167e-01,2.002516823011367365e-04,-4.301985129105157668e-05,4.878426428603449631e-05
8.900000000000000133e-01,2.207148028278136428e-04,-1.531281887684629733e-05,1.280029385713318726e-04
8.903333333333333099e-01,2.023573737989396780e-04,-6.024481958240910219e-06,6.405008691518841008e-05
8.906666666666667176e-01,1.849680559746177716e-04,-5.335280624083562251e-05,9.973845941542380745e-05
8.910000000000000142e-01,2.328097344590776758e-04,-5.129760897764677974e-05,1.391918984552750922e-04
8.913333333333333108e-01,1.917234604167969262e-04,-9.259041310974481002e-05,1.636335105600567128e-04
8.916666666666667185e-01,2.478178647429765550e-04,-9.682473370582323936e-06,2.801600964738213372e-04
8.920000000000000151e-01,1.490793325309057113e-04,-7.418343169846755949e-05,2.176085643374183430e-04
8.923333333333333117e-01,1.721994085743366583e-04,-1.055512254852850182e-04,2.589967348993432012e-04
8.926666666666667194e-01,1.657226546058252034e-04,-1.097661665962748536e-04,3.222875765789567112e-04
8.930000000000000160e-01,1.115812985871181121e-04,-1.192529051552089264e-04,3.366680825975313361e-04
8.933333333333333126e-01,1.443979665025684010e-04,-9.830658208131406084e-05,3.115950987785672086e-04
8.936666666666667203e-01,1.057980435650994098e-04,-1.399228276140477754e-04,3.624647738128449685e-04
8.940000000000000169e-01,1.012092029819318265e-04,-1.531583190872794664e-04,3.664030169258052213e-04
8.943333333333333135e-01,6.243926708834196537e-05,-1.696547268736639730e-04,4.202728324083864864e-04
8.946666666666667211e-01,5.067515641320213165e-05,-1.665685639886216687e-04,4.336785453183372567e-04
8.950000000000000178e-01,3.570192882111081282e-05,-1.322638874653729764e-04,4.265887556212096345e-04
8.953333333333333144e-01,2.612998456387378196e-05,-1.615599710132285393e-04,4.181019424373376837e-04
8.956666666666667220e-01,-9.939040743808449466e-07,-1.699522516717195042e-04,4.167490403705536922e-04
8.960000000000000187e-01,-1.030673289591453251e-05,-1.395486370464419648e-04,3.996915252503851568e-04
8.963333333333333153e-01,-1.305281770168127954e-06,-1.349322005491959177e-04,4.162522680145001723e-04
8.966666666666666119e-01,-1.965859780166311508e-05,-1.628217526352614922e-04,4.258443808228786951e-04
8.970000000000000195e-01,-3.332152300478676509e-05,-1.282498008333628247e-04,4.011265163800953890e-04
8.973333333333333162e-01,-4.569165834993152995e-05,-1.324841381381178208e-04,3.932927582661364593e-04
8.976666666666666128e-01,-5.096974891535738158e-05,-1.041482017769220544e-04,3.859490962407370195e-04
8.980000000000000204e-01,-2.878648450634170233e-05,-1.169282483573154559e-04,3.973777051004648590e-04
8.983333333333333171e-01,-4.644224977904995552e-05,-7.513710701533585180e-05,4.281562271198007886e-04
8.986666666666666137e-01,-5.520238353047835633e-05,-9.608717082997020895e-05,4.191349642094091901e-04
8.990000000000000213e-01,-6.489789446599645434e-05,-9.490252095211253723e-05,4.286759890578336241e-04
8.993333333333333179e-01,-8.024078874482917908e-05,-5.907793875206613016e-05,4.138933975726203631e-04
8.996666666666666146e-01,-8.821100945252769517e-05,-6.134097040580479003e-05,3.957778972454028014e-04
9.000000000000000222e-01,-9.566507958170872208e-05,-3.869470394531693356e-05,4.132246677877214548e-04
9.003333333333333188e-01,-1.008996811484019616e-04,-7.771922126540559399e-05,4.187459990597587937e-04
9.006666666666666154e-01,-1.279590909046057008e-04,-8.327380059202029079e-05,4.150052573556210008e-04
9.010000000000000231e-01,-1.074546296555131588e-04,-1.029689882696892495e-04,4.353705437193164515e-04
9.013333333333333197e-01,-1.397005359049332033e-04,-1.063469548198913935e-04,4.292657647228034909e-04
9.016666666666666163e-01,-1.052700909782040693e-04,-7.563098834286595569e-05,4.480832600633901470e-04
9.020000000000000240e-01,-1.562317669041760710e-04,-8.911274740540438169e-05,4.395789724750339160e-04
9.023333333333333206e-01,-1.438212018145474996e-04,-1.159797311206709988e-04,4.084160135570434960e-04
9.026666666666666172e-01,-1.577504622934017059e-04,-7.865733173542529221e-05,4.050342808805830323e-04
9.030000000000000249e-01,-1.343572560306364582e-04,-7.984710086228805461e-05,4.333135566771653051e-04
9.033333333333333215e-01,-1.852448368187021319e-04,-4.577568023413026901e-05,3.998896072042071141e-04
9.036666666666666181e-01,-1.991635462695692967e-04,-6.522683635350545544e-05,4.030815597203381783e-04
9.040000000000000258e-01,-1.966889766927868799e-04,-3.611050898910922702e-05,4.372191151066549776e-04
9.043333333333333224e-01,-2.065507886892706366e-04,-9.325342651746936653e-06,3.500742889707316981e-04
9.046666666666666190e-01,-2.308305804300283517e-04,-4.739867579583495114e-06,3.637130616707229909e-04
9.050000000000000266e-01,-2.441847283034762213e-04,5.887655441641620864e-05,3.732485713416523894e-04
9.053333333333333233e-01,-2.325610849867564543e-04,7.647837050693107963e-05,3.547396937227883813e-04
9.056666666666666199e-01,-2.233129457958996935e-04,1.048112456737154441e-04,3.564698339302332908e-04
9.060000000000000275e-01,-2.309059876480902909e-04,1.425975616293565233e-04,2.872749076604264886e-04
9.063333333333333242e-01,-2.388570030374490157e-04,1.561836731204133361e-04,2.987995967175679189e-04
9.066666666666666208e-01,-2.107538777066908216e-04,2.154223023458593390e-04,2.885404377047889705e-04
9.070000000000000284e-01,-2.030517632430157635e-04,1.978197484621882344e-04,2.762976435105429763e-04
9.073333333333333250e-01,-2.128865178352544343e-04,2.015011550994353642e-04,2.962718457353399112e-04
9.076666666666666217e-01,-1.992539370351076398e-04,1.768453504171377895e-04,2.594083993584731917e-04
9.080000000000000293e-01,-2.534893481261089117e-04,1.507071510153541174e-04,2.337712419090161428e-04
9.083333333333333259e-01,-2.318021179993390605e-04,1.225497800135760362e-04,1.979032270155047077e-04
9.086666666666666226e-01,-2.864010772685840933e-04,4.675304666702305396e-05,2.105670324433723346e-04
9.090000000000000302e-01,-2.672853066998280504e-04,2.416283630673440500e-05,1.560030738185400295e-04
9.093333333333333268e-01,-2.837847486482543164e-04,-3.250805269144880051e-05,1.779020004209820344e-04
9.096666666666666234e-01,-2.392857881129630709e-04,-1.713470199811612682e-05,1.994935429598253165e-04
9.100000000000000311e-01,-2.601982247103349797e-04,-7.616341883380712326e-06,1.669789156331748302e-04
9.103333333333333277e-01,-2.959852177527597453e-04,4.496358761340871283e-05,1.943955741286574419e-04
9.106666666666666243e-01,-2.620966211402381675e-04,6.293264348337331601e-05,1.461870883447377633e-04
9.110000000000000320e-01,-3.025707723990446246e-04,9.084220659083426508e-05,1.691052487755136590e-04
9.113333333333333286e-01,-2.668995143440239899e-04,1.256390105648995219e-04,1.241919364086322254e-04
9.116666666666666252e-01,-2.728761006378823263e-04,1.443409021388365244e-04,1.685568224281315823e-04
9.120000000000000329e-01,-2.397482657752707919e-04,1.785991753556800520e-04,1.253718215519467418e-04
9.123333333333333295e-01,-2.321896235375224462e-04,1.667157869192916972e-04,1.012718746929830557e-04
9.126666666666666261e-01,-2.250451091482649410e-04,1.590824236000329590e-04,1.751046153137463619e-04
9.130000000000000338e-01,-2.059368711433037487e-04,1.646618225472981244e-04,1.245762426846618032e-04
9.133333333333333304e-01,-2.101495322273513530e-04,1.120091233465729096e-04,9.989252880147282319e-05
9.136666666666666270e-01,-2.032311307187952508e-04,1.134828716480175669e-04,1.184596641110344744e-04
9.140000000000000346e-01,-2.132187120566192244e-04,9.796650557603199787e-05,9.362005938186058205e-05
9.143333333333333313e-01,-2.006869733053664475e-04,1.351533063454058825e-04,8.488244350140155626e-05
9.146666666666666279e-01,-1.814091030514797817e-04,1.554590825785553119e-04,1.501920360781380641e-04
9.150000000000000355e-01,-1.834358521929777192e-04,1.952853124768725950e-04,7.360558910453731188e-05
9.153333333333333321e-01,-2.171241152406012584e-04,1.998793821921191816e-04,4.535682820449011383e-05
9.156666666666666288e-01,-2.209676263119583783e-04,1.847591010232441295e-04,1.329705788493078273e-05
9.160000000000000364e-01,-2.153477626601975651e-04,2.200653252842089394e-04,-1.278857057662316705e-05
9.163333333333333330e-01,-1.682247233938128901e-04,1.839556831073254489e-04,-4.083230475329214604e-05
9.166666666666666297e-01,-2.108854664294465640e-04,1.922609818358184369e-04,-8.354555476290100946e-05
9.170000000000000373e-01,-2.318530783767815638e-04,1.539971907425687222e-04,-1.069583250196073530e-04
9.173333333333333339e-01,-2.210045005231707754e-04,1.820902054711399530e-04,-1.215865205622093708e-04
9.176666666666666305e-01,-2.034029928241509776e-04,1.854148308705204265e-04,-1.613549270347151062e-04
9.180000000000000382e-01,-1.846032364209548426e-04,2.046753483573818689e-04,-1.442330585013544358e-04
9.183333333333333348e-01,-2.163312381194214241e-04,1.996815241888529697e-04,-1.901475787743359331e-04
9.186666666666666314e-01,-2.123776482818491313e-04,2.232346775835513579e-04,-1.899168992187932740e-04
9.190000000000000391e-01,-1.880865712920846717e-04,1.777137976807216307e-04,-2.299525305545588197e-04
9.193333333333333357e-01,-1.278027290207773333e-04,1.839378984091383543e-04,-2.255305192935333763e-04
9.196666666666666323e-01,-7.798190339093108339e-05,1.634255659797229153e-04,-1.630353435629547105e-04
9.200000000000000400e-01,-5.322898098473701124e-05,1.511361065451357353e-04,-1.985947117074935743e-04
9.203333333333333366e-01,-5.366924846119830878e-05,1.301728142286475180e-04,-1.751983128197724985e-04
9.206666666666666332e-01,-2.370278915339979047e-05,8.350264027263115251e-05,-2.142393834896819788e-04
9.210000000000000409e-01,1.343678177253987189e-05,7.300333885359579591e-05,-1.685605644864885842e-04
9.213333333333333375e-01,4.235957989252614768e-05,3.871582572903420490e-05,-1.786124399072038481e-04
9.216666666666666341e-01,9.766591352586798276e-05,1.107705886808310901e-04,-1.126522813472395645e-04
9.220000000000000417e-01,1.456426614845845004e-04,2.217732490152569814e-05,-1.080031028279182883e-04
9.223333333333333384e-01,1.748285180790837029e-04,-3.436581856577558827e-06,-1.045330692570371951e-04
9.226666666666666350e-01,2.178755157578301312e-04,6.201630814826925465e-06,-1.046907162516455070e-04
9.230000000000000426e-01,1.502211006033061190e-04,3.610272027762107878e-07,-1.196758018326767481e-04
9.233333333333333393e-01,2.101202926403956408e-04,3.642731161699354591e-06,-1.425449787791216992e-04
9.236666666666666359e-01,2.034933768766667404e-04,-8.400329681118029056e-05,-1.669254594954582352e-04
9.240000000000000435e-01,2.075544349168285561e-04,-8.668189369610193715e-05,-1.016326083851441618e-04
9.243333333333333401e-01,2.309656703846334886e-04,-4.673286654036045530e-05,-1.783856500031576967e-04
9.246666666666666368e-01,1.669246016084712002e-04,-4.538006454157963678e-05,-1.553160689228928802e-04
9.250000000000000444e-01,2.380916117014292635e-04,-3.642299675012273798e-05,-1.418577005814894215e-04
9.253333333333333410e-01,2.149600600553938873e-04,-6.071332847342365846e-05,-1.786327589821856058e-04
9.256666666666666377e-01,2.325822347164501370e-04,-7.115083000781983384e-05,-1.773064458763776890e-04
9.260000000000000453e-01,2.391309967316359436e-04,-2.906379801490706395e-05,-2.041937489277110814e-04
9.263333333333333419e-01,2.632361798365567503e-04,-5.221789268232574914e-05,-1.866257896167513751e-04
9.266666666666666385e-01,2.496887142879548188e-04,-2.689107159630430485e-05,-1.514914674935804854e-04
9.270000000000000462e-01,2.301735546778444744e-04,-6.822900084052368217e-05,-1.494604598401559658e-04
9.273333333333333428e-01,2.643355262500402176e-04,-4.613772633807230447e-05,-1.422179287536656463e-04
9.276666666666666394e-01,2.445440004094345528e-04,-5.999266635652908246e-05,-1.410668241287002815e-04
9.280000000000000471e-01,2.779804800340377933e-04,-6.874583141833449527e-05,-1.795501652176110228e-04
9.283333333333333437e-01,2.425467288822097205e-04,-7.560372235543429912e-05,-1.232222641527391587e-04
9.286666666666666403e-01,2.723362239283997244e-04,-1.079305889985261724e-04,-8.914871385261483136e-05
9.290000000000000480e-01,2.921429508634506493e-04,-1.506213590727451500e-04,-8.658404020841997748e-05
9.293333333333333446e-01,3.089718948895027310e-04,-1.533745054257952501e-04,-8.263703086596759341e-05
9.296666666666666412e-01,3.187394818551229263e-04,-1.789807689056747237e-04,-2.514606594914111287e-05
9.300000000000000488e-01,3.030690842114402788e-04,-1.934059712589410401e-04,-7.606000753962910465e-05
9.303333333333333455e-01,2.499525987611149165e-04,-2.321416910973880560e-04,-4.916231273280503985e-05
9.306666666666666421e-01,2.706800932416317316e-04,-2.610367517054821207e-04,-3.972490065316249089e-05
9.310000000000000497e-01,2.466286986247478259e-04,-2.766378410249084488e-04,-8.157733480094479911e-07
9.313333333333333464e-01,2.412096036318227092e-04,-2.560940035333478812e-04,1.339776792871526383e-05
9.316666666666666430e-01,2.598880775999101700e-04,-2.133460609613907206e-04,4.883893711136035547e-05
9.320000000000000506e-01,2.255679765747644727e-04,-2.008765799966827673e-04,5.204044684954530441e-05
9.323333333333333472e-01,2.279439429879361457e-04,-2.103713566178978865e-04,7.632265581109518634e-05
9.326666666666666439e-01,2.222697197873452419e-04,-1.806977041864053486e-04,6.344315614548392158e-05
9.330000000000000515e-01,1.971007863917116165e-04,-1.715491078803383501e-04,8.172933670254810214e-05
9.333333333333333481e-01,2.446766496736632146e-04,-9.352398032717085979e-05,9.058105144584208536e-05
9.336666666666666448e-01,2.610967141718468728e-04,-1.337509160436298108e-04,1.116624400663938910e-04
9.340000000000000524e-01,2.464914264874320626e-04,-1.369202942304514285e-04,1.199990299748383810e-04
9.343333333333333490e-01,2.332259833905143552e-04,-1.424218236403850858e-04,1.333374214352871679e-04
9.346666666666666456e-01,2.462873402373221845e-04,-1.526955545097069783e-04,1.362089131117062495e-04
9.350000000000000533e-01,2.665988305267421579e-04,-1.734947978707198539e-04,1.756384264407665570e-04
9.353333333333333499e-01,2.478677373855750488e-04,-1.537055027344124965e-04,1.704902694943937901e-04
9.356666666666666465e-01,2.564878728642348425e-04,-1.889603144617534914e-04,1.769704434011943228e-04
9.360000000000000542e-01,2.328810626714745047e-04,-1.833873356093215269e-04,2.093672491202007218e-04
9.363333333333333508e-01,2.813544159732299182e-04,-2.264374368381049556e-04,2.452247271219716238e-04
9.366666666666666474e-01,2.237888774638795977e-04,-2.051525961428951161e-04,2.437926677445087747e-04
9.370000000000000551e-01,2.361150615229830362e-04,-2.102237979866513630e-04,2.594012006004796735e-04
9.373333333333333517e-01,2.014381290822554011e-04,-2.148325717900642499e-04,2.939989830351328009e-04
9.376666666666666483e-01,2.020265120527588165e-04,-2.196662301249927181e-04,3.023099201114128509e-04
9.379999999999999449e-01,1.759020579833927157e-04,-2.265809311351224455e-04,3.376067077526876802e-04
9.383333333333333526e-01,1.574195394474560568e-04,-1.855002457713762147e-04,3.068125110183658635e-04
9.386666666666666492e-01,1.438413725828815602e-04,-2.000034470993698721e-04,3.084735663708728618e-04
9.389999999999999458e-01,1.126043132079222254e-04,-2.175348363028134534e-04,3.377806390345313814e-04
9.393333333333333535e-01,1.197829892696248357e-04,-1.859589460147196150e-04,3.120229604431826284e-04
9.396666666666666501e-01,8.760215675724849084e-05,-1.937793722584323205e-04,3.535133504658906443e-04
9.399999999999999467e-01,1.406303793233241214e-04,-1.489721842687316848e-04,4.399653251721866555e-04
9.403333333333333544e-01,9.943304075512581787e-05,-1.249076107793681647e-04,3.669375827613247792e-04
9.406666666666666510e-01,1.040812444674059763e-04,-1.361665932182711740e-04,3.960122632616921252e-04
9.409999999999999476e-01,6.360966978051126595e-05,-1.091074338014152783e-04,3.960739171406366978e-04
9.413333333333333552e-01,6.422825778796467644e-05,-1.332471198115791082e-04,3.547485760612803822e-04
9.416666666666666519e-01,5.579120168023958131e-05,-7.428979687849111108e-05,4.228462722820734037e-04
9.419999999999999485e-01,3.386429597893192168e-05,-1.047523378782204000e-04,3.878160999318089504e-04
9.423333333333333561e-01,2.682497574660567147e-05,-1.364469416739000178e-04,3.830623362308316826e-04
9.426666666666666528e-01,3.318719841832508834e-06,-1.030793271777647867e-04,4.014788781675286927e-04
9.429999999999999494e-01,1.683824930038568089e-05,-1.029032017132584966e-04,4.267823673785356409e-04
9.433333333333333570e-01,1.914890573410221443e-05,-3.531145311343002451e-05,3.654373964281731435e-04
9.436666666666666536e-01,2.131181548387217137e-05,-4.082380996152488469e-05,3.637124230712235925e-04
9.439999999999999503e-01,3.622041501431242571e-06,-5.286079204774037468e-05,3.819736982478101270e-04
9.443333333333333579e-01,-1.654643545019938069e-05,-4.895604118398807429e-05,4.063452095439047565e-04
9.446666666666666545e-01,-1.643126812441700248e-05,-7.397035185745171515e-05,4.096848527079030426e-04
9.449999999999999512e-01,-5.788659360341797397e-05,-3.894876690178754477e-05,3.826557225131971404e-04
9.453333333333333588e-01,-5.514487634894339025e-05,-1.004519745578523639e-04,3.935072696434436666e-04
9.456666666666666554e-01,-6.312551211777342962e-05,-1.119892279821811220e-04,4.001449889494776034e-04
9.459999999999999520e-01,-8.458149661504666132e-05,-1.060939888453504398e-04,3.775816721360077555e-04
9.463333333333333597e-01,-7.542026063988458643e-05,-1.114610716322351596e-04,4.019440398483605588e-04
9.466666666666666563e-01,-1.056926215783650087e-04,-1.070792533586711155e-04,4.276986996057120230e-04
9.469999999999999529e-01,-1.116042293119784879e-04,-1.044133348666710453e-04,4.296302889279758554e-04
9.473333333333333606e-01,-1.072284623880695621e-04,-1.233617658484460484e-04,4.202726001903866657e-04
9.476666666666666572e-01,-1.156157750217089023e-04,-1.004718885012008568e-04,3.892934418192310771e-04
9.479999999999999538e-01,-1.017939487537303564e-04,-1.133736644805028614e-04,4.021593059341670748e-04
9.483333333333333615e-01,-1.259007702592599906e-04,-1.257311044353801499e-04,4.359881855442613251e-04
9.486666666666666581e-01,-1.298080769792190887e-04,-1.560400097181286491e-04,4.585922856439444951e-04
9.489999999999999547e-01,-1.296045889832733819e-04,-1.517236867668547403e-04,4.401535378610174827e-04
9.493333333333333623e-01,-1.600362826813749278e-04,-1.252567681546204188e-04,3.979919797644127129e-04
9.496666666666666590e-01,-1.575444181205725564e-04,-1.034073862574966848e-04,3.804811751086516506e-04
9.499999999999999556e-01,-1.495992764993715372e-04,-5.940322139965747132e-05,4.023358496685084328e-04
9.503333333333333632e-01,-1.645147861613018741e-04,-7.936350333585666958e-05,4.191852974608639704e-04
9.506666666666666599e-01,-1.645657465387443774e-04,-4.965636221412792042e-05,4.164357782888352278e-04
9.509999999999999565e-01,-1.407475078856769413e-04,-2.621628532842687853e-05,3.782188493001850736e-04
9.513333333333333641e-01,-1.511958265100581665e-04,-1.898098406849997079e-05,3.760081339421720735e-04
9.516666666666666607e-01,-1.234778952809398073e-04,2.750700675288525463e-05,3.847401112793236524e-04
9.519999999999999574e-01,-1.405814379683656499e-04,1.423096901540971633e-05,3.779079674529644455e-04
9.523333333333333650e-01,-1.214878843837987758e-04,5.053236351541320548e-06,3.480109449608362478e-04
9.526666666666666616e-01,-1.363756296138354004e-04,1.455795752969321577e-06,3.962929567689398654e-04
9.529999999999999583e-01,-1.255294991636236672e-04,1.583169540216389370e-05,3.726042825012314589e-04
9.533333333333333659e-01,-1.888749887004040264e-04,-1.521439091611994204e-06,3.399061884411208969e-04
9.536666666666666625e-01,-2.251403403338592146e-04,-2.087070209298956942e-05,3.699336884218818616e-04
9.539999999999999591e-01,-2.002256649580160604e-04,-2.991188801206168263e-05,3.851512532479541007e-04
9.543333333333333668e-01,-2.504161980646603717e-04,2.249000681863295870e-05,2.627356769139826010e-04
9.546666666666666634e-01,-2.419447015524363830e-04,2.754800604801450062e-05,3.129687843563325449e-04
9.549999999999999600e-01,-3.295673178796066000e-04,7.300174677362708173e-05,3.081536280216604215e-04
9.553333333333333677e-01,-3.203257050978139506e-04,1.023730075609808845e-04,2.686665246286518605e-04
9.556666666666666643e-01,-2.928366876666203562e-04,1.342616639004892655e-04,2.661102108324495466e-04
9.559999999999999609e-01,-2.955885752418865712e-04,1.830215593090973088e-04,1.768870626256442832e-04
9.563333333333333686e-01,-3.005935151929498114e-04,1.935138581650182430e-04,1.540934726381314082e-04
9.566666666666666652e-01,-2.845377330940296171e-04,2.009041121674285161e-04,2.081946353030046811e-04
9.569999999999999618e-01,-2.687080910691819159e-04,2.139425222617689936e-04,1.847287887197210420e-04
9.573333333333333695e-01,-2.661059030018244525e-04,1.752872865960492920e-04,1.739353831711722891e-04
9.576666666666666661e-01,-2.694771739906487744e-04,1.914805778888783820e-04,1.457598072251217866e-04
9.579999999999999627e-01,-3.110172782032271863e-04,1.801955526459343238e-04,9.314304006941433840e-05
9.583333333333333703e-01,-2.628149340378601803e-04,1.856021008948077159e-04,1.000806689221787199e-04
9.586666666666666670e-01,-2.755635399236401302e-04,1.198255629184940164e-04,8.898310133477833536e-05
9.589999999999999636e-01,-2.553003994480370102e-04,1.191376031596559637e-04,7.208160042640709671e-05
9.593333333333333712e-01,-2.493310465908913981e-04,8.822645803345802314e-05,8.177383547675810718e-05
9.596666666666666679e-01,-2.286142662985882190e-04,9.288572536498432091e-05,6.842312920550787045e-05
9.599999999999999645e-01,-2.376465988963907263e-04,1.064073770329176493e-04,1.085111910115387716e-04
9.603333333333333721e-01,-2.450594846650399803e-04,1.014897397155744825e-04,1.538602677118410249e-04
9.606666666666666687e-01,-1.848892562981908254e-04,1.004047307450269715e-04,8.988844674783959948e-05
9.609999999999999654e-01,-2.230640176768449096e-04,1.088310210792723493e-04,1.384038086184834475e-04
9.613333333333333730e-01,-1.853754465800982521e-04,1.557099322516744533e-04,1.340554394906417991e-04
9.616666666666666696e-01,-1.828959278097755446e-04,1.655131322996740092e-04,1.453253708883872717e-04
9.619999999999999662e-01,-2.033840118511227608e-04,1.760435116374482506e-04,1.561331449256731375e-04
9.623333333333333739e-01,-1.821850115090928508e-04,1.487419030344626413e-04,1.169016192118723670e-04
9.626666666666666705e-01,-1.586487681143385216e-04,1.324478835601983955e-04,1.350054578414129202e-04
9.629999999999999671e-01,-1.296632994714795649e-04,1.000126648730569913e-04,1.444087483887111409e-04
9.633333333333333748e-01,-1.694807580115779413e-04,9.065722760845317213e-05,9.704780750634219640e-05
9.636666666666666714e-01,-1.747316076175038017e-04,3.935881893656080873e-05,1.321586538410966663e-04
9.639999999999999680e-01,-1.384481723922667215e-04,3.193563606065132472e-05,1.173991898173001484e-04
9.643333333333333757e-01,-1.627412073047504253e-04,6.255080316567391760e-05,1.030830807527926250e-04
9.646666666666666723e-01,-1.659304730607984927e-04,1.008743296170993181e-04,1.313973851832808898e-04
9.649999999999999689e-01,-1.444195647522448481e-04,1.255313445390478873e-04,1.041754922783107509e-04
9.653333333333333766e-01,-1.742568113580875340e-04,1.517437115686423338e-04,7.203281287601343962e-05
9.656666666666666732e-01,-1.965673407438539534e-04,1.466546991392198474e-04,7.552934106930822783e-05
9.659999999999999698e-01,-1.651361818843214053e-04,1.856413980881817835e-04,5.066984541708971317e-05
9.663333333333333774e-01,-1.696464200283227461e-04,1.637625691835066912e-04,1.275999570591350026e-05
9.666666666666666741e-01,-1.673461871536662015e-04,1.352519376410285642e-04,-4.585731359165061064e-05
9.669999999999999707e-01,-1.707646114479789256e-04,9.355463193915614746e-05,-5.482108803346887028e-05
9.673333333333333783e-01,-1.928616456772346151e-04,1.069961230278517714e-04,-7.745238666637761695e-05
9.676666666666666750e-01,-1.441803990534151682e-04,7.777314572116117355e-05,-8.940003178288893383e-05
9.679999999999999716e-01,-1.309330123549082086e-04,8.979047597475471967e-05,-4.956628497069194756e-05
9.683333333333333792e-01,-1.291379507351873076e-04,1.068131891563248084e-04,-9.146116972178635913e-05
9.686666666666666758e-01,-1.434849285875176264e-04,1.166555116572141020e-04,-8.216577346264116745e-05
9.689999999999999725e-01,-1.231219612466042215e-04,1.028152304238351070e-04,-1.046072338807205323e-04
9.693333333333333801e-01,-1.015766601219511111e-04,1.136770277417630182e-04,-9.551328673639427702e-05
9.696666666666666767e-01,-6.393243461512673515e-05,9.791304793155408020e-05,-7.771572187814091944e-05
9.699999999999999734e-01,-6.475483693897904174e-05,1.256728713876487363e-04,-8.653361987521530517e-05
9.703333333333333810e-01,-3.889035149733455692e-05,8.899003511894013182e-05,-6.791359691620118557e-05
9.706666666666666776e-01,-3.396128105164197684e-05,5.994871025355776593e-05,-6.626969666842874129e-05
9.709999999999999742e-01,1.660640371713914949e-05,6.468842292659260633e-05,-9.454270257901664296e-05
9.713333333333333819e-01,3.096811736137547932e-06,2.979022416850365620e-05,-8.001244497782660490e-05
9.716666666666666785e-01,9.871933033556256189e-05,1.043910530556315405e-04,-3.566340783681300745e-05
9.719999999999999751e-01,8.997056341325420964e-05,1.995307916344758018e-05,-7.625071657195769189e-05
9.723333333333333828e-01,1.203030352985524822e-04,-8.760965953510662515e-07,-5.177174639645965633e-05
9.726666666666666794e-01,1.551468262643533190e-04,1.239829458026462895e-06,-9.431161664197435196e-05
9.729999999999999760e-01,9.148133193480402514e-05,-2.147568277329571290e-05,-9.931472442022750433e-05
9.733333333333333837e-01,1.297574226125216765e-04,-3.732725286926302159e-05,-1.362091428728163980e-04
9.736666666666666803e-01,9.939377352725657275e-05,-9.882924381380703293e-05,-1.491320165067011789e-04
9.739999999999999769e-01,1.218490600257342120e-04,-8.497787626747517573e-05,-1.073930371152166278e-04
9.743333333333333846e-01,1.367234261171893569e-04,-7.346616731321352692e-05,-1.483190793439318703e-04
9.746666666666666812e-01,8.768077279310029196e-05,-3.962085763589680645e-05,-1.268972591356860283e-04
9.749999999999999778e-01,1.389821891009174930e-04,-2.959556566819669503e-05,-1.265600495727391237e-04
9.753333333333333854e-01,1.444469689572916600e-04,-2.566084033950499080e-05,-1.223507499995224945e-04
9.756666666666666821e-01,1.396282220181541448e-04,-6.359355916863275874e-06,-1.185624616599274302e-04
9.759999999999999787e-01,1.625601743203112127e-04,-7.716636449539821218e-06,-1.148260740432857321e-04
9.763333333333333863e-01,1.686392524298476641e-04,-9.691954659826892702e-06,-1.337734953547555948e-04
9.766666666666666829e-01,1.815116425408775237e-04,-9.556627862486312709e-06,-6.557080757080690906e-05
9.769999999999999796e-01,1.608952601746777109e-04,-1.412031214906172420e-05,-7.293354049943920629e-05
9.773333333333333872e-01,1.832537042803233799e-04,-2.480424954137921715e-05,-8.445497850458360851e-05
9.776666666666666838e-01,1.656430324152426766e-04,-3.921681880481251841e-05,-5.574781201613592473e-05
9.779999999999999805e-01,2.063429974276684644e-04,-4.478498905798940249e-05,-6.997682481709672554e-05
9.783333333333333881e-01,1.819475522796199429e-04,-4.005545663613662669e-05,-5.471108926969274450e-05
9.786666666666666847e-01,1.977786899398781674e-04,-8.258692810730721963e-05,-1.127250633773582141e-05
9.789999999999999813e-01,2.279157706554759332e-04,-1.368805051749732006e-04,2.695845557650203738e-07
9.793333333333332780e-01,2.158344085163911054e-04,-1.203022411794656008e-04,-1.682721894724318552e-05
9.796666666666666856e-01,2.623331695624195629e-04,-1.635496826619319498e-04,5.135481594834905787e-05
9.799999999999999822e-01,2.647199045505470522e-04,-1.144151436548326395e-04,7.519951168466718094e-05
9.803333333333332789e-01,2.393051702735352212e-04,-1.379558451720521795e-04,4.234969218894296076e-05
9.806666666666666865e-01,2.500514466650655522e-04,-1.948333033102409603e-04,6.983542828255098268e-05
9.809999999999999831e-01,2.310686516809914146e-04,-1.887199492176966386e-04,9.921498924620680371e-05
9.813333333333332797e-01,2.119860570249780822e-04,-2.148342027012517085e-04,9.571287330729204973e-05
9.816666666666666874e-01,2.403986157254898656e-04,-1.580861819588932286e-04,1.051699731192293983e-04
9.819999999999999840e-01,2.155950252705926236e-04,-1.937975711562860593e-04,8.891275379446656195e-05
9.823333333333332806e-01,2.114117058339625658e-04,-2.104648621926456982e-04,1.338448903329560570e-04
9.826666666666666883e-01,1.971112014528431263e-04,-1.963603798187676887e-04,1.224202001519747029e-04
9.829999999999999849e-01,1.648054765853445853e-04,-2.056030123929053900e-04,1.621243402930381682e-04
9.833333333333332815e-01,1.801504239636953831e-04,-1.008007047896983607e-04,1.000396026202781367e-04
9.836666666666666892e-01,1.922813596182966055e-04,-1.406698626003427760e-04,1.210952295564781067e-04
9.839999999999999858e-01,1.595421996088257637e-04,-1.403629406473499649e-04,1.341854670568999272e-04
9.843333333333332824e-01,1.625449188391237996e-04,-1.589024400644782837e-04,1.260776481623123346e-04
9.846666666666666901e-01,1.474664664975587495e-04,-1.682558322182279729e-04,1.415503334884053190e-04
9.849999999999999867e-01,1.687815825341881597e-04,-1.406904949212381439e-04,1.292591218412027937e-04
9.853333333333332833e-01,1.384868618463202779e-04,-1.424585061983634014e-04,1.254245640651493359e-04
9.856666666666666909e-01,1.669587564825735328e-04,-1.589561048087895234e-04,1.103142476709181722e-04
9.859999999999999876e-01,1.392977953659109143e-04,-1.708445024723965284e-04,1.497807489732577279e-04
9.863333333333332842e-01,1.655088875156034915e-04,-1.712074060990859342e-04,1.720077270412798630e-04
9.866666666666666918e-01,1.621887128710772046e-04,-1.211343941972586121e-04,1.779223194959637651e-04
9.869999999999999885e-01,1.535714598897540699e-04,-1.296353504932887040e-04,1.970112631646814272e-04
9.873333333333332851e-01,1.376353014303053506e-04,-1.372944718543176530e-04,2.188623528591664255e-04
9.876666666666666927e-01,1.431956931794691878e-04,-1.174123183302416221e-04,1.905683602468473631e-04
9.879999999999999893e-01,1.401633059813004161e-04,-1.281605537489378369e-04,2.431954465899205668e-04
9.883333333333332860e-01,1.638014973243108691e-04,-7.478913399225546078e-05,2.255809711108776577e-04
9.886666666666666936e-01,1.583875418785237008e-04,-7.555263988716987348e-05,2.249817761032912183e-04
9.889999999999999902e-01,1.455741613827821234e-04,-1.063245297910637825e-04,2.432672454927310430e-04
9.893333333333332869e-01,1.349050053916930295e-04,-8.163243086297540497e-05,2.186369272358690307e-04
9.896666666666666945e-01,1.301714824775847647e-04,-1.123171058495588565e-04,2.570482517175945317e-04
9.899999999999999911e-01,1.501714998944186344e-04,-8.388497808765181692e-05,2.644657010124276545e-04
9.903333333333332877e-01,8.732504270904794944e-05,-1.171205664400401129e-04,2.228611468155722655e-04
9.906666666666666954e-01,9.361614753305569760e-05,-1.328170252327141919e-04,2.458665486461447582e-04
9.909999999999999920e-01,7.128807162458660482e-05,-1.024294220133008422e-04,1.966743583878592465e-04
9.913333333333332886e-01,9.552523775614414972e-05,-1.349603272953098275e-04,2.076156432614000892e-04
9.916666666666666963e-01,9.815627119189656246e-05,-8.387231911033960602e-05,1.925068435409800439e-04
9.919999999999999929e-01,1.146739259006174526e-04,-1.207236634528099050e-04,1.889004689769714987e-04
9.923333333333332895e-01,8.664187724357343644e-05,-1.091400520251645197e-04,2.132447091717156211e-04
9.926666666666666972e-01,1.056660197484060500e-04,-1.047041159764038200e-04,2.063671667263972261e-04
9.929999999999999938e-01,7.913549386673764650e-05,-1.177022710406410816e-04,2.234311839505598990e-04
9.933333333333332904e-01,1.196065178878675660e-04,-5.356612877696865046e-05,2.882820080982712962e-04
9.936666666666666980e-01,1.125793632899374470e-04,-6.635010701826039663e-05,2.549872008604470120e-04
9.939999999999999947e-01,1.151858954983282302e-04,-1.033726064292370936e-04,2.799274720925303971e-04
9.943333333333332913e-01,1.138016985225661005e-04,-8.272573677059562845e-05,2.984390202183920173e-04
9.946666666666666989e-01,9.779287937553663725e-05,-1.210237640550424572e-04,3.065270570421223966e-04
9.949999999999999956e-01,1.059649156868581701e-04,-9.797042669247297934e-05,3.386767102412259608e-04
9.953333333333332922e-01,8.857753539022716329e-05,-1.633190511100415050e-04,3.461103857687944634e-04
9.956666666666666998e-01,4.895687867595511296e-05,-1.473295848844263984e-04,3.865955330976559657e-04
9.959999999999999964e-01,5.969403509065262760e-05,-1.831736085813265172e-04,3.728959483089693146e-04
9.963333333333332931e-01,1.786312496752449609e-05,-1.984159751019487202e-04,3.611450208655311985e-04
9.966666666666667007e-01,4.596019977321280425e-05,-1.781910195787557059e-04,4.498963020967605610e-04
9.969999999999999973e-01,9.392345680463292669e-06,-1.744290381626042411e-04,4.139652109890558417e-04
9.973333333333332940e-01,3.325990669430528567e-06,-1.938024638898484353e-04,4.280798273978694488e-04
9.976666666666667016e-01,-3.373943753020337561e-05,-1.949041832281976454e-04,4.257696066269458829e-04
9.979999999999999982e-01,-3.979496618036672278e-05,-2.113677139160412310e-04,3.965708636601900290e-04
9.983333333333332948e-01,-7.102730070709732094e-05,-1.542870908413571909e-04,2.673492389975858866e-04
9.986666666666667025e-01,-3.729367911647798165e-05,-2.017181301694130451e-04,3.221898128010445834e-04
9.989999999999999991e-01,-5.246025157709448635e-05,-1.656775557869446039e-04,3.443819871963479918e-04
9.993333333333332957e-01,-7.058107788236499334e-05,-1.594986545971518164e-04,2.445812800717999617e-04
9.996666666666667034e-01,-7.979165622938908875e-05,-1.225390747042882336e-04,2.660624029517425176e-04
